Protein	AT3G01460	AT3G01460	WT	AT3G01460	AT3G01460	WT
AT5G52040	352	211	352	81	52	79
AT3G44310	129	103	111	54	47	77
AT1G19480	92	63	85	32	19	32
AT3G08590	134	101	125	55	27	36
AT4G29270	26	15	20	20	28	35
AT4G38680	12	17	12	24	10	30
ATCG00490	72	45	61	44	27	38
AT4G35630	85	71	80	31	17	17
AT4G21280	5	8	3	20	30	17
AT5G38420	19	16	20	16	8	12
AT5G38410	19	16	20	16	8	12
AT1G67090	21	17	22	13	8	9
AT3G47070	5	5	3	9	6	5
AT2G21660	16	14	15	8	8	10
AT1G29250	20	15	15	6	4	3
AT2G17630	45	46	40	22	14	14
AT5G38430	12	13	16	10	6	9
AT3G52930	16	15	17	23	19	19
AT3G44300	21	17	25	15	14	21
AT4G39260	8	7	8	10	8	10
AT1G71080	28	21	33	15	10	15
AT4G37800	12	12	12	22	12	16
AT5G09650	8	12	10	25	11	16
AT3G15730	42	29	38	35	30	52
AT5G26000	28	23	25	30	19	28
AT3G44320	25	20	24	9	10	19
AT2G40660	33	33	26	10	9	12
AT5G58420	17	16	19	9	8	7
AT2G17360	17	16	19	9	8	7
AT5G07090	17	16	19	9	8	7
AT5G47210	17	17	14	13	12	11
AT3G26650	20	8	14	16	13	13
AT2G21060	5	4	4	12	3	10
AT3G16640	7	7	7	5	4	6
AT2G47110	11	5	9	7	3	3
AT3G62250	11	5	9	7	3	3
AT5G66190	10	10	12	15	10	11
AT1G74050	17	11	16	4	6	3
AT1G74060	17	11	16	4	6	3
AT1G18540	0	0	14	0	0	3
AT5G20290	14	13	15	6	3	4
AT1G42970	18	8	11	17	15	11
AT5G56740	6	2	5	25	11	22
AT1G20620	16	14	12	14	12	18
AT5G02500	41	39	48	13	7	10
AT1G12900	13	6	11	14	12	10
AT2G28000	30	24	28	12	12	11
AT4G16720	11	6	8	5	4	5
AT4G17390	11	6	8	5	4	5
AT3G13470	33	22	29	12	9	15
AT5G11710	25	21	23	13	11	10
AT2G32080	13	7	9	8	7	6
AT2G29560	22	13	24	8	8	13
AT5G62700	50	28	42	0	2	0
AT1G20010	30	18	23	7	2	6
AT5G23860	41	23	35	0	2	0
AT1G75780	25	16	20	0	2	0
AT5G62690	50	28	42	0	2	0
AT4G20890	31	23	25	0	2	0
AT5G44340	33	19	28	0	2	0
AT5G12250	28	18	25	0	2	0
AT2G29550	45	21	38	0	2	0
AT5G28540	32	29	26	16	10	10
AT5G42020	0	29	28	0	10	10
AT2G46280	20	13	22	5	3	6
AT5G19510	10	11	12	4	2	4
AT1G07930	24	9	22	17	2	10
AT1G07940	24	9	22	17	2	10
AT5G60390	24	9	22	17	2	10
AT1G07920	24	9	22	17	2	10
AT5G26710	42	21	36	15	8	14
AT3G26060	4	3	7	7	6	3
AT5G58290	23	16	20	7	4	7
ATCG00750	6	2	4	3	3	3
AT4G35090	11	6	10	15	9	15
AT2G18020	12	8	9	5	4	5
AT5G35360	21	17	24	8	10	11
AT1G70600	5	4	4	4	3	2
AT1G23290	5	4	4	4	3	2
AT1G09100	0	0	0	0	4	9
AT3G05530	23	16	21	5	4	9
AT2G47610	20	10	17	3	2	2
AT3G60820	7	5	10	2	5	5
AT3G04120	14	8	13	8	5	6
AT1G13440	14	8	13	8	5	6
AT1G04820	0	20	34	3	3	3
AT4G14960	33	20	34	3	3	3
AT1G50010	0	20	34	3	3	3
AT1G53750	23	21	27	4	3	5
AT3G03960	26	16	26	6	8	10
AT2G05840	7	7	9	0	3	0
AT5G35590	10	9	14	5	3	4
AT1G43170	21	12	21	6	4	5
AT3G23990	27	21	26	7	6	10
AT3G52580	0	5	5	0	0	2
AT2G36160	6	5	0	0	0	2
AT3G11510	6	5	6	3	2	2
AT4G10320	46	37	47	22	12	23
AT3G53020	7	4	6	3	3	2
AT2G36620	6	0	5	0	0	2
AT5G19990	31	16	25	4	2	4
AT5G20000	26	15	24	0	2	4
AT3G11830	17	12	15	10	9	10
AT2G04520	3	2	2	4	2	0
AT5G35680	3	2	2	4	2	4
AT1G64880	16	17	29	11	2	7
AT4G20850	35	24	36	23	24	28
AT3G09200	21	9	22	3	2	2
AT3G23600	6	7	7	4	4	3
AT2G37190	0	4	0	2	2	0
AT3G53430	5	4	6	2	2	0
AT5G60670	4	4	4	2	2	4
AT3G01500	9	7	8	7	4	8
AT5G35200	17	16	21	9	5	9
AT4G16143	26	20	18	7	6	4
AT5G66570	5	3	5	12	4	7
AT2G39730	17	10	16	11	3	9
AT3G49010	6	5	7	3	3	3
AT1G47250	0	0	0	2	3	4
AT5G42790	12	11	8	2	3	4
AT5G02870	17	11	19	4	6	3
AT3G09630	17	9	21	5	5	3
AT4G33680	21	9	17	6	5	7
AT1G47128	11	8	12	10	5	9
AT3G25920	6	5	4	5	4	6
AT5G43960	9	6	9	10	6	9
AT3G04840	6	4	14	3	4	3
AT4G38970	10	5	10	11	5	5
AT2G41840	12	4	12	5	3	3
AT3G44690	45	45	33	18	8	12
ATCG00830	6	5	4	5	4	5
ATCG01310	6	5	4	5	4	5
AT1G45000	17	0	0	4	4	4
AT5G43010	17	11	15	4	4	4
AT3G20050	14	12	23	5	6	9
AT2G43030	6	5	6	3	5	4
AT3G12780	12	7	10	11	5	8
AT4G16830	3	3	3	7	7	7
AT2G01250	10	4	9	5	2	2
AT1G57720	22	14	20	6	2	6
AT1G09640	13	8	10	6	2	4
AT1G33140	3	2	5	5	2	3
AT1G33120	3	2	5	5	2	3
AT3G46520	20	8	16	3	2	4
AT2G37620	21	9	17	3	0	0
AT5G59370	20	8	16	3	2	4
AT3G53750	21	9	17	3	0	0
AT4G17520	6	5	8	4	6	6
AT2G28190	4	6	6	4	2	2
AT1G53850	10	7	0	2	2	2
AT3G14290	0	0	7	2	2	2
ATCG00120	9	9	9	10	7	5
AT2G20580	32	24	39	9	4	9
AT1G20020	7	4	7	10	4	4
AT5G37780	0	3	0	2	2	2
AT3G43810	0	3	0	2	2	2
AT3G56800	5	3	3	2	2	2
AT5G21274	0	3	0	2	2	2
AT1G66410	0	3	0	2	2	2
AT2G41110	5	3	3	2	2	2
AT2G27030	5	3	3	2	2	2
AT1G04410	11	5	12	4	3	4
AT1G10840	13	9	13	2	2	4
AT2G27020	7	5	9	2	3	2
AT5G26360	25	14	21	3	4	4
AT1G56070	43	23	35	5	4	4
AT2G23390	12	5	8	10	3	7
AT4G20360	15	6	10	7	4	6
AT4G31300	6	4	7	3	2	2
AT5G25780	24	17	22	2	0	6
AT5G27640	25	16	26	2	6	6
AT3G11630	6	3	6	4	3	2
AT1G23310	4	3	5	9	4	10
AT1G78900	15	10	15	6	4	8
AT4G24280	24	14	20	8	2	7
AT2G38040	13	9	13	10	7	10
AT2G36530	15	8	12	6	2	2
AT4G38630	10	8	12	3	2	3
AT3G18190	23	10	23	2	2	2
AT2G16780	9	3	7	4	5	4
ATCG00500	9	3	8	6	2	10
AT5G05780	7	5	9	2	2	3
AT2G13360	3	2	3	4	5	7
AT4G01310	5	2	6	4	2	2
AT4G25130	6	5	4	2	2	2
AT3G20820	7	2	4	7	3	3
AT1G74970	3	2	4	2	2	2
AT1G35680	2	4	3	2	2	2
AT3G06720	14	10	9	4	2	5
ATCG00480	8	3	6	7	6	2
AT5G56030	22	9	20	6	3	3
AT5G56010	23	9	21	6	0	0
AT1G32060	4	4	6	6	2	4
AT3G02110	5	3	4	6	4	5
AT1G24510	16	11	13	2	2	2
AT5G35630	5	4	6	5	2	5
AT3G56150	24	14	27	3	3	5
AT4G11420	32	12	38	2	2	5
AT2G32730	24	18	26	5	3	5
AT3G60750	9	7	8	9	4	7
AT1G18080	7	4	5	2	2	2
AT5G65780	15	20	21	8	2	7
AT5G65770	15	20	21	8	2	7
AT2G34040	6	3	7	4	4	5
AT5G36880	10	5	11	9	2	5
AT3G15020	0	0	4	2	2	2
AT1G53240	6	2	4	2	2	2
AT3G03780	0	4	0	0	0	0
AT5G17920	8	4	8	5	4	5
AT2G05920	10	7	8	2	2	4
AT1G48410	7	3	10	5	3	10
AT2G16940	4	5	5	4	2	2
AT5G55660	2	2	5	5	3	3
AT3G55220	9	4	10	3	2	2
AT3G55200	9	4	10	3	2	2
AT2G34160	19	15	15	7	4	0
AT4G00100	13	7	13	3	2	0
AT3G60770	14	0	14	3	2	0
AT5G59690	3	3	3	4	3	0
AT3G53730	3	3	3	4	3	0
AT1G07660	3	3	3	4	3	0
AT1G07820	3	3	3	4	3	0
AT2G28740	3	3	3	4	3	0
AT3G46320	3	3	3	4	3	0
AT5G59970	3	3	3	4	3	0
AT3G45930	3	3	3	4	3	0
AT3G05590	8	0	0	2	0	0
AT5G27850	10	8	9	2	5	0
AT5G09810	27	12	20	5	3	0
AT1G15930	6	5	5	2	2	0
AT4G05180	4	2	3	6	6	0
AT3G57290	19	14	17	3	2	0
AT3G15190	9	6	2	2	2	0
AT4G09320	3	2	5	3	2	0
AT3G53870	9	0	0	0	2	0
AT5G35530	6	0	0	0	2	0
AT2G31610	9	4	11	2	2	0
AT5G59950	5	6	7	2	2	0
AT3G16470	9	6	12	2	2	0
AT5G27120	2	0	2	0	0	0
AT3G05060	4	2	2	2	2	0
ATCG01060	3	3	2	4	0	3
AT1G55490	36	23	31	12	0	15
AT1G30230	20	13	18	3	0	3
AT3G49910	9	6	8	3	0	2
AT1G26630	7	6	10	2	0	2
AT4G38740	6	6	6	4	0	3
AT3G22110	8	8	10	6	0	4
AT3G18780	23	9	20	6	0	3
AT1G49240	23	9	20	6	0	3
AT3G17390	18	19	16	5	0	2
AT5G15200	7	4	13	3	0	2
ATCG01240	5	4	6	2	0	3
ATCG00900	5	4	6	2	0	3
AT1G20200	22	19	21	3	0	5
AT5G62300	3	2	2	3	0	3
AT3G45030	3	2	2	3	0	3
AT3G47370	3	2	2	3	0	0
AT5G65730	6	6	7	7	0	5
AT2G19520	13	7	12	6	0	10
AT4G13940	15	9	14	7	0	5
AT1G59359	11	3	12	3	0	3
AT1G58380	11	3	12	3	0	3
AT1G58983	11	3	12	3	0	3
AT1G58684	11	3	12	3	0	3
AT5G16070	17	12	16	4	0	0
AT3G02530	16	14	19	4	0	5
AT1G48120	47	27	61	5	0	8
AT2G44120	7	2	6	4	0	2
AT5G25980	20	7	15	4	0	2
AT5G26742	24	8	26	6	0	2
AT1G72370	7	5	5	3	0	2
AT1G26910	4	0	0	2	0	2
AT1G14320	4	2	6	2	0	2
AT1G66580	0	0	0	2	0	2
AT1G20630	5	4	5	7	0	7
AT1G13060	7	4	4	2	0	3
AT3G26340	5	0	2	2	0	0
AT3G57560	8	2	9	2	0	2
AT1G20220	5	3	7	2	0	2
AT3G25520	4	3	2	4	0	2
AT5G39740	4	0	2	0	0	0
AT5G09900	7	8	6	2	0	2
AT5G08690	6	6	6	5	0	3
AT5G08670	6	6	6	5	0	3
AT5G08680	6	6	6	5	0	3
AT1G11860	5	2	5	5	0	2
AT2G33150	5	2	3	4	0	4
AT3G58510	8	4	9	3	0	4
AT5G48300	6	4	6	4	0	2
AT1G26110	5	7	10	2	0	2
AT4G34110	6	5	5	5	0	2
AT4G26630	9	5	12	3	0	2
AT4G37930	4	2	3	5	0	2
AT1G15750	7	4	9	11	0	4
AT3G06850	4	3	5	2	0	2
AT3G58610	3	3	4	2	0	2
AT5G06850	2	2	2	3	0	3
AT1G65440	4	3	8	4	0	6
AT2G33210	19	18	20	0	7	9
AT3G27830	5	5	4	0	2	2
AT3G27850	5	5	4	0	2	2
AT5G15650	13	7	8	0	3	2
AT1G32990	3	2	3	0	2	3
AT5G01600	2	3	2	0	2	4
AT3G12580	27	22	0	11	7	13
AT2G05380	2	0	2	8	3	4
AT4G10480	3	0	2	7	5	7
AT2G24940	3	0	3	2	2	2
AT1G77940	3	0	2	2	2	2
AT3G18740	3	0	0	2	2	2
AT1G36240	0	0	0	2	2	2
AT5G22650	7	0	5	4	4	5
AT3G05900	6	0	9	9	8	14
AT1G09340	3	0	2	9	3	7
AT1G17100	4	0	4	4	2	3
AT5G06290	3	0	4	4	2	3
AT1G04170	3	0	4	4	4	8
AT1G02780	3	0	3	2	2	2
AT3G14310	3	0	3	5	2	6
AT3G25860	5	0	5	4	2	2
AT5G28840	2	0	2	3	2	2
AT5G04140	3	0	2	9	2	4
AT2G36460	0	5	8	21	22	21
AT5G64040	0	2	2	6	5	5
AT1G22840	0	2	2	2	2	2
AT4G10040	0	2	2	2	2	2
AT1G68560	0	3	2	6	6	10
AT1G60200	0	2	5	4	2	4
AT3G04920	7	5	8	3	0	0
AT3G09440	34	29	37	10	0	0
AT5G28060	7	4	6	3	0	0
AT1G07890	17	8	13	3	0	0
AT5G03300	17	14	18	2	0	0
AT3G09820	20	15	21	2	0	0
AT1G02500	17	14	13	2	0	0
AT1G27090	15	16	15	2	0	0
AT2G38540	3	3	2	3	0	0
AT3G55440	8	6	7	4	0	0
AT4G31700	8	7	7	3	0	0
AT2G39460	5	3	4	2	0	0
AT3G55280	5	3	4	2	0	0
AT1G56190	11	7	10	9	0	0
AT1G04480	2	4	2	2	0	0
AT2G33370	2	4	2	2	0	0
AT3G04400	2	4	2	2	0	0
AT4G09000	15	5	7	2	0	0
AT5G49910	20	12	19	7	0	0
AT3G06050	3	2	5	4	0	0
AT2G39800	16	10	21	5	0	0
ATCG00380	3	2	4	3	0	0
AT1G18450	10	7	12	2	0	0
AT4G34670	6	2	8	2	0	0
AT5G22330	6	10	6	3	0	0
AT1G09270	8	8	9	3	0	0
AT2G05990	6	3	7	3	0	0
AT2G01140	7	3	6	2	0	0
AT3G14990	5	2	4	4	0	0
AT1G11910	5	4	6	3	0	0
AT3G15000	5	3	4	2	0	0
AT3G23450	3	5	3	2	0	0
AT3G42170	7	5	4	3	0	0
AT5G16730	5	2	7	2	0	0
AT1G49760	2	2	3	3	0	0
AT3G13460	3	2	4	2	0	0
AT2G17930	37	19	4	3	0	0
AT5G50920	5	3	4	2	0	0
AT3G48870	5	0	0	2	0	0
AT1G61850	3	2	13	2	0	0
AT3G11130	5	3	13	2	0	0
AT3G08530	5	3	12	2	0	0
AT1G64520	19	8	14	0	2	0
AT2G39990	16	9	18	0	2	0
AT5G23540	15	14	13	0	2	0
AT2G32060	3	4	3	0	2	0
AT3G24830	6	3	8	0	2	0
AT2G27530	7	4	4	0	2	0
AT1G08360	8	6	3	0	2	0
AT5G22440	7	5	3	0	2	0
AT4G24820	13	8	9	0	3	0
AT1G56450	6	4	7	0	2	0
AT4G18730	2	2	3	0	2	0
AT2G42740	2	2	3	0	2	0
AT5G45775	2	2	3	0	2	0
AT3G58700	2	2	3	0	2	0
AT1G20960	20	9	31	0	2	0
AT3G01460	412	325	0	128	69	0
AT3G06400	123	102	0	34	17	0
AT5G18620	123	108	0	28	16	0
AT3G18380	19	22	0	5	2	0
AT4G08390	5	4	0	4	2	0
ATCG00470	2	0	2	4	2	0
AT3G07110	0	2	4	2	2	0
AT1G07320	0	3	3	2	2	0
AT5G19780	27	18	26	0	0	3
AT5G19770	27	18	26	0	0	3
AT5G20890	24	21	24	0	0	4
AT1G75350	2	3	3	0	0	5
AT4G33250	7	7	10	0	0	3
AT4G29040	19	13	18	0	0	2
AT2G20140	0	0	0	0	0	2
AT4G14800	7	4	6	0	0	3
AT3G56130	8	6	11	0	0	2
AT5G02530	8	8	9	0	0	2
AT1G79210	0	0	0	0	0	2
AT1G16470	5	4	8	0	0	2
AT3G02200	11	4	12	0	0	4
AT5G25757	14	10	11	0	0	2
AT5G25754	14	10	11	0	0	2
AT3G51260	5	3	3	0	0	3
AT3G52150	3	2	4	0	0	2
AT5G58230	7	3	6	0	0	2
AT2G42520	3	5	7	0	0	5
AT5G64370	7	2	5	0	0	2
AT2G21390	21	8	18	0	0	2
AT5G58330	3	3	4	0	0	3
AT1G48920	7	3	5	0	0	2
AT3G14067	6	4	7	0	0	2
AT4G05420	6	2	6	0	0	6
AT3G48500	3	2	3	0	0	2
AT5G64140	2	3	0	2	0	2
AT1G78630	4	4	0	2	0	2
AT4G18100	3	0	5	2	0	2
AT2G09990	0	0	2	2	0	2
AT5G18380	6	0	2	2	0	2
AT2G16600	4	0	3	2	0	2
AT1G57660	3	0	2	2	0	2
AT1G09690	3	0	2	2	0	2
AT1G09590	3	0	2	2	0	2
AT1G57860	3	0	2	2	0	2
AT5G20720	4	0	4	2	0	3
AT4G00660	8	0	8	4	0	2
AT5G63110	5	0	6	3	0	2
AT4G36690	3	0	5	2	0	2
AT1G29370	2	0	3	4	0	4
AT1G29350	2	0	3	4	0	0
AT1G13020	0	3	2	3	0	4
AT3G55610	9	0	10	0	2	3
AT1G21500	2	0	0	5	2	2
AT4G26530	2	0	0	9	3	7
AT1G76030	7	0	0	6	4	6
AT1G20260	7	0	0	6	4	6
AT4G19410	2	0	0	6	3	4
AT2G25080	2	0	0	3	2	2
AT1G68010	3	0	0	6	2	3
AT5G07350	3	0	0	4	0	0
AT5G61780	3	0	0	5	3	8
AT3G05560	0	2	0	4	4	2
AT5G27770	0	0	0	0	0	2
AT1G06680	0	3	0	5	4	4
AT2G21330	0	6	0	7	2	3
AT5G14740	0	0	6	10	5	9
AT4G03280	0	0	3	6	2	2
AT4G35100	0	0	2	2	2	2
AT3G53460	0	0	2	3	2	2
AT4G25500	262	153	268	0	0	0
AT2G27710	9	7	14	0	0	0
AT3G28500	9	7	10	0	0	0
AT5G24780	29	14	14	0	0	0
AT3G48930	11	8	13	0	0	0
AT2G36880	27	14	24	0	0	0
AT2G27720	8	5	8	0	0	0
AT5G57290	9	4	6	0	0	0
AT4G23920	15	16	16	0	0	0
AT3G03540	27	19	26	0	0	0
AT5G02490	30	24	33	0	0	0
AT3G04620	9	7	5	0	0	0
AT5G10360	12	9	11	0	0	0
AT4G15000	6	5	5	0	0	0
AT5G56500	25	20	23	0	0	0
AT5G11170	15	15	19	0	0	0
AT5G11200	0	15	0	0	0	0
AT3G12110	21	8	16	0	0	0
AT1G01100	6	3	4	0	0	0
AT1G52400	22	16	21	0	0	0
AT2G40590	0	3	4	0	0	0
AT2G40510	0	3	4	0	0	0
AT3G56340	7	3	4	0	0	0
AT2G34480	10	2	8	0	0	0
AT4G01850	14	12	12	0	0	0
AT3G09840	33	18	31	0	0	0
AT1G29150	17	11	13	0	0	0
AT1G52570	26	24	27	0	0	0
AT1G24020	5	4	6	0	0	0
AT1G64740	16	10	17	0	0	0
AT1G75990	16	11	16	0	0	0
AT5G64350	4	2	4	0	0	0
AT5G20010	8	5	6	0	0	0
AT3G13920	16	7	14	0	0	0
AT3G47650	4	4	3	0	0	0
AT3G63095	8	6	7	0	0	0
AT3G02230	14	8	8	0	0	0
AT3G07590	3	3	3	0	0	0
AT1G12310	5	3	4	0	0	0
ATCG00790	4	2	5	0	0	0
AT4G02840	3	4	2	0	0	0
AT3G62530	8	4	5	0	0	0
AT3G11400	10	5	10	0	0	0
AT3G56490	4	3	4	0	0	0
AT2G18110	10	2	7	0	0	0
AT2G28790	8	5	5	0	0	0
AT4G36130	8	4	7	0	0	0
AT4G18040	6	4	7	0	0	0
AT4G29350	3	3	3	0	0	0
AT4G28470	21	14	29	0	0	0
AT5G67630	11	10	11	0	0	0
AT4G23670	5	2	4	0	0	0
AT5G23740	5	3	3	0	0	0
AT1G22300	8	4	6	0	0	0
AT5G45620	12	6	9	0	0	0
AT5G36160	14	5	11	0	0	0
AT1G20580	4	2	3	0	0	0
AT3G29410	15	12	12	0	0	0
AT1G69830	25	12	23	0	0	0
AT4G30220	2	2	2	0	0	0
AT1G41880	3	2	2	0	0	0
ATCG00330	2	2	2	0	0	0
AT4G34360	6	3	7	0	0	0
AT2G42100	13	4	8	0	0	0
AT5G24420	8	3	5	0	0	0
AT4G37910	14	10	17	0	0	0
AT5G24770	6	5	4	0	0	0
AT3G12145	7	4	8	0	0	0
AT5G09590	14	8	18	0	0	0
AT1G02840	8	5	4	0	0	0
AT3G45140	28	5	23	0	0	0
AT5G02450	2	0	2	0	0	0
AT3G53740	2	2	2	0	0	0
AT1G08830	2	3	3	0	0	0
AT2G43770	10	3	7	0	0	0
AT5G60100	13	8	7	0	0	0
AT1G76010	8	3	9	0	0	0
AT3G09880	12	7	8	0	0	0
AT2G30050	6	4	6	0	0	0
AT5G40370	2	2	3	0	0	0
AT5G40270	11	6	8	0	0	0
AT3G01340	6	3	7	0	0	0
AT2G04030	19	5	19	0	0	0
AT3G55870	12	5	9	0	0	0
AT3G60830	10	4	5	0	0	0
AT1G35160	8	4	3	0	0	0
AT1G75950	3	2	3	0	0	0
AT1G19570	4	2	5	0	0	0
AT1G75940	10	6	11	0	0	0
AT1G78570	14	6	14	0	0	0
AT1G04810	17	11	21	0	0	0
AT5G16050	6	3	4	0	0	0
AT1G60710	7	3	7	0	0	0
AT1G52030	14	5	13	0	0	0
AT5G05010	7	7	10	0	0	0
AT4G34450	19	7	17	0	0	0
AT1G78300	6	3	3	0	0	0
AT2G47580	5	2	5	0	0	0
AT2G05220	2	2	2	0	0	0
AT5G04800	2	2	2	0	0	0
AT3G10610	2	2	2	0	0	0
AT2G04390	2	2	2	0	0	0
AT3G02520	7	2	3	0	0	0
AT4G19006	8	3	6	0	0	0
AT4G31480	18	8	14	0	0	0
AT5G08640	7	3	4	0	0	0
AT1G67430	3	2	2	0	0	0
AT1G27400	3	2	2	0	0	0
AT5G14240	3	3	4	0	0	0
AT2G29320	3	2	6	0	0	0
AT5G02790	4	3	2	0	0	0
AT5G43330	7	2	5	0	0	0
AT1G70490	2	2	3	0	0	0
AT3G62290	2	2	3	0	0	0
AT1G23490	2	2	3	0	0	0
AT1G10630	2	2	3	0	0	0
AT5G14670	2	2	3	0	0	0
AT2G47170	2	2	3	0	0	0
AT3G13860	7	4	12	0	0	0
AT1G07440	4	3	3	0	0	0
AT2G42500	4	3	0	0	0	0
AT3G58500	4	3	5	0	0	0
AT3G47520	8	3	5	0	0	0
AT5G44500	5	2	3	0	0	0
AT4G20440	5	2	3	0	0	0
AT3G11270	3	4	4	0	0	0
AT1G52360	14	8	15	0	0	0
AT2G19070	6	4	7	0	0	0
AT2G43090	3	3	3	0	0	0
AT1G06220	14	6	18	0	0	0
AT1G65010	22	8	22	0	0	0
AT1G13880	5	4	6	0	0	0
AT2G17870	4	2	5	0	0	0
AT2G45810	6	4	8	0	0	0
AT5G51750	12	2	15	0	0	0
AT5G66420	8	5	13	0	0	0
AT1G62390	10	5	11	0	0	0
AT5G64760	4	5	5	0	0	0
AT1G30630	4	2	4	0	0	0
AT3G54930	6	3	8	0	0	0
AT5G43990	10	5	10	0	0	0
AT1G62020	19	8	14	0	0	0
AT3G55620	4	2	2	0	0	0
AT3G19760	6	2	6	0	0	0
AT3G29360	8	3	6	0	0	0
AT5G15490	7	3	5	0	0	0
AT5G50850	5	4	2	0	0	0
AT5G01410	5	2	3	0	0	0
AT3G06650	9	3	8	0	0	0
AT5G49460	0	3	0	0	0	0
AT1G01300	6	2	8	0	0	0
AT1G52040	6	4	4	0	0	0
AT3G01780	12	5	21	0	0	0
AT5G06060	3	2	3	0	0	0
AT4G03120	2	2	2	0	0	0
AT4G17190	4	3	3	0	0	0
AT2G44530	5	2	5	0	0	0
AT5G47770	5	3	3	0	0	0
AT5G42970	6	2	4	0	0	0
AT3G55760	5	5	6	0	0	0
AT4G27000	6	3	3	0	0	0
AT4G20980	6	2	10	0	0	0
AT5G60790	6	4	7	0	0	0
AT1G52410	11	2	10	0	0	0
AT2G23350	7	5	6	0	0	0
AT5G30510	3	3	5	0	0	0
AT1G36160	24	4	38	0	0	0
AT5G44320	5	3	8	0	0	0
AT1G69740	7	2	3	0	0	0
AT1G52670	2	2	3	0	0	0
AT4G26110	4	2	4	0	0	0
AT5G53620	6	4	8	0	0	0
AT2G34730	9	6	6	0	0	0
AT3G63460	12	6	11	0	0	0
AT1G12910	4	2	3	0	0	0
AT2G15400	0	2	0	0	0	0
AT2G15430	3	2	3	0	0	0
AT1G06000	5	2	4	0	0	0
AT3G14210	2	3	4	0	0	0
AT1G70180	3	4	3	0	0	0
AT5G48880	6	2	3	0	0	0
AT3G17170	2	2	3	0	0	0
AT1G71220	15	7	16	0	0	0
AT1G79920	10	3	7	0	0	0
AT1G65960	4	3	4	0	0	0
AT1G11650	2	4	2	0	0	0
AT5G58470	3	3	3	0	0	0
AT5G46290	4	2	5	0	0	0
AT4G34200	6	3	4	0	0	0
AT5G62270	3	2	4	0	0	0
AT4G38130	5	2	4	0	0	0
AT5G24710	11	3	17	0	0	0
AT5G25610	4	2	2	0	0	0
AT4G24190	7	3	7	0	0	0
AT5G59810	8	3	5	0	0	0
AT2G05120	12	3	11	0	0	0
AT5G14170	3	2	5	0	0	0
AT5G16780	4	5	5	0	0	0
AT1G29900	8	4	9	0	0	0
AT1G80070	15	5	23	0	0	0
AT5G46070	9	2	9	0	0	0
AT5G06600	9	3	7	0	0	0
AT3G11910	8	3	10	0	0	0
AT2G37690	4	2	5	0	0	0
AT3G43300	16	3	12	0	0	0
AT2G24270	4	2	2	0	0	0
AT1G79280	12	3	21	0	0	0
AT5G08450	5	2	8	0	0	0
AT3G07770	4	3	5	0	0	0
AT3G14240	6	2	4	0	0	0
AT2G27170	6	2	11	0	0	0
AT1G04510	2	2	3	0	0	0
AT5G61790	3	2	2	0	0	0
AT5G26860	4	2	7	0	0	0
AT1G61010	3	2	4	0	0	0
AT5G57870	4	2	4	0	0	0
AT4G36080	31	12	3	0	0	0
AT1G55860	0	3	20	0	0	0
AT1G70320	14	3	35	0	0	0
AT3G60240	9	3	7	0	0	0
AT1G80410	2	3	4	0	0	0
AT3G14120	2	4	4	0	0	0
AT2G32240	6	3	4	0	0	0
AT1G05460	3	2	3	0	0	0
AT1G64790	8	2	12	0	0	0
AT2G28290	6	4	16	0	0	0
AT3G52140	4	2	4	0	0	0
AT3G62870	17	0	17	4	0	0
AT5G42980	2	0	3	3	0	0
AT4G39200	2	0	3	2	0	0
AT2G16360	0	0	3	2	0	0
AT4G34555	2	0	3	2	0	0
AT3G13580	6	0	5	4	0	0
AT4G21860	4	0	4	2	0	0
AT3G55800	9	0	10	2	0	0
AT3G52960	3	0	2	3	0	0
AT5G16390	3	0	4	2	0	0
AT3G63490	5	0	3	2	0	0
AT5G37720	2	0	3	2	0	0
AT3G29075	2	0	3	2	0	0
AT1G03475	4	0	4	2	0	0
AT4G13430	4	0	2	3	0	0
AT4G33010	13	0	9	2	0	0
AT5G66140	5	0	3	0	4	0
AT3G09980	0	2	2	0	2	0
AT2G20760	2	0	0	2	2	0
AT4G11175	0	0	2	2	2	0
AT1G60830	0	0	0	2	2	0
AT1G60900	0	0	3	2	2	0
AT2G40300	4	0	2	0	0	2
AT1G35580	6	0	5	0	0	3
ATCG00740	2	0	3	0	0	2
AT5G43940	3	0	2	0	0	2
AT5G60980	2	0	3	0	0	2
AT1G66240	0	3	2	0	0	2
AT1G65930	4	0	0	4	0	2
AT4G29060	3	0	0	3	0	3
AT1G03090	0	2	0	2	0	7
AT5G09440	0	0	4	3	0	3
AT3G57410	0	0	2	2	0	3
AT4G27090	2	0	0	0	2	3
AT5G26280	0	0	0	16	16	16
AT3G54660	0	0	0	28	17	25
AT4G28520	0	0	0	18	19	24
AT3G22060	0	0	0	5	10	9
AT4G27150	0	0	0	6	5	6
AT4G27160	0	0	0	6	5	5
AT3G09260	0	0	0	18	13	13
AT5G44120	0	0	0	13	11	13
AT3G12390	0	0	0	3	5	7
AT1G17860	0	0	0	4	5	5
AT3G16420	0	0	0	8	5	8
AT3G15356	0	0	0	7	6	5
AT1G48610	0	0	0	5	3	5
AT4G20260	0	0	0	7	2	5
AT3G49470	0	0	0	6	2	5
AT1G05190	0	0	0	5	2	6
AT1G73230	0	0	0	3	2	4
AT1G03880	0	0	0	12	6	7
AT1G03230	0	0	0	6	8	8
AT3G16530	0	0	0	7	4	3
AT2G34860	0	0	0	3	3	3
AT2G05520	0	0	0	3	2	2
AT5G24490	0	0	0	5	5	4
AT1G62080	0	0	0	3	2	2
AT5G13850	0	0	0	2	3	4
AT3G60370	0	0	0	3	3	5
AT1G73260	0	0	0	5	2	3
AT5G16970	0	0	0	11	2	4
AT2G24060	0	0	0	6	3	5
AT5G44020	0	0	0	5	3	4
AT1G17880	0	0	0	2	2	3
AT1G03130	0	0	0	4	2	3
AT4G02770	0	0	0	4	2	0
AT3G62120	0	0	0	10	3	11
AT1G79850	0	0	0	2	2	2
AT3G27610	0	0	0	3	5	7
AT4G25740	0	0	0	2	2	3
AT5G52650	0	0	0	2	2	3
AT3G16400	0	0	0	4	7	8
AT3G16410	0	0	0	4	0	0
AT5G20920	0	0	0	3	3	4
AT5G49360	0	0	0	12	4	14
AT2G06850	0	0	0	4	2	5
AT1G22530	0	0	0	11	6	8
AT1G78850	0	0	0	7	4	5
AT3G15950	0	0	0	15	7	6
AT2G35410	0	0	0	3	2	6
AT3G16450	0	0	0	3	2	5
AT3G16460	0	0	0	8	6	8
AT4G27520	0	0	0	5	3	3
AT1G33590	0	0	0	4	3	8
AT2G45960	0	0	0	3	3	3
AT3G46780	0	0	0	7	5	3
AT1G78830	0	0	0	7	2	5
AT5G07440	0	0	0	5	2	4
AT3G62730	0	0	0	4	2	2
AT3G47800	0	0	0	4	2	3
AT1G15340	0	0	0	3	2	4
AT3G20370	0	0	0	4	2	3
AT5G26260	0	0	0	2	2	4
AT1G52100	0	0	0	2	2	6
AT5G40450	0	0	0	14	17	25
AT1G72150	0	0	0	3	3	5
AT3G18070	0	0	0	0	2	0
AT3G18080	0	0	0	4	2	4
AT4G18465	0	0	0	7	2	5
AT3G52500	0	0	0	5	2	2
AT3G11710	0	0	0	6	2	4
AT1G17220	0	0	0	11	2	7
AT5G44070	0	0	0	3	3	2
AT1G13270	0	0	0	2	2	2
AT5G23210	0	0	0	3	3	2
AT4G36700	0	0	0	2	2	2
AT5G20950	0	0	0	2	2	2
AT1G31340	8	5	0	0	0	0
AT2G35635	8	5	0	0	0	0
AT3G22230	3	4	0	0	0	0
AT2G43530	2	2	0	0	0	0
AT5G12140	3	2	0	0	0	0
AT1G62820	5	2	0	0	0	0
AT2G19760	3	2	0	0	0	0
AT5G02960	3	2	0	0	0	0
AT3G10850	4	3	0	0	0	0
AT3G12490	4	2	0	0	0	0
AT4G11150	2	2	0	0	0	0
AT5G02240	2	2	0	0	0	0
AT4G22240	3	2	0	0	0	0
AT1G09210	3	2	0	0	0	0
AT3G58570	2	4	0	0	0	0
AT5G67360	2	3	0	0	0	0
AT3G12810	10	5	0	0	0	0
AT4G24680	3	2	0	0	0	0
AT4G23680	6	0	6	0	0	0
AT5G47930	0	0	2	0	0	0
AT3G61110	4	0	2	0	0	0
AT2G45710	4	0	2	0	0	0
AT3G22630	7	0	6	0	0	0
AT4G30800	5	0	5	0	0	0
AT5G47700	3	0	3	0	0	0
AT2G21580	2	0	3	0	0	0
AT1G50370	8	0	6	0	0	0
AT3G13490	13	0	14	0	0	0
AT4G00810	3	0	2	0	0	0
AT5G48760	6	0	3	0	0	0
AT3G51240	7	0	8	0	0	0
AT5G14320	3	0	4	0	0	0
AT5G54750	3	0	5	0	0	0
AT1G76300	2	0	3	0	0	0
AT3G14600	5	0	2	0	0	0
AT5G15610	8	0	9	0	0	0
AT2G03440	5	0	2	0	0	0
AT2G35370	3	0	3	0	0	0
AT5G19550	8	0	6	0	0	0
AT4G31490	18	0	14	0	0	0
AT3G45980	3	0	2	0	0	0
AT3G44110	6	0	7	0	0	0
AT1G65980	3	0	2	0	0	0
AT3G25530	7	0	2	0	0	0
AT2G46140	2	0	3	0	0	0
AT5G54160	6	0	5	0	0	0
AT5G52840	3	0	2	0	0	0
AT4G34870	2	0	3	0	0	0
AT1G21720	4	0	2	0	0	0
AT2G40840	8	0	19	0	0	0
AT3G05000	3	0	2	0	0	0
AT3G59970	10	0	7	0	0	0
AT3G15980	11	0	14	0	0	0
AT3G49430	3	0	5	0	0	0
AT5G59910	2	0	2	0	0	0
AT4G31990	6	0	6	0	0	0
AT5G65910	5	0	6	0	0	0
ATCG00160	3	0	3	0	0	0
AT2G41530	2	0	5	0	0	0
AT5G16440	3	0	4	0	0	0
AT5G42190	2	0	2	0	0	0
AT2G33340	3	0	9	0	0	0
AT3G56090	3	0	3	0	0	0
AT3G54670	12	0	16	0	0	0
AT2G38230	4	0	3	0	0	0
AT1G63660	6	0	6	0	0	0
AT3G61240	5	0	6	0	0	0
AT3G27430	3	0	3	0	0	0
AT5G41950	4	0	8	0	0	0
AT5G67320	5	0	8	0	0	0
AT1G04690	4	0	3	0	0	0
AT1G53500	7	0	7	0	0	0
AT3G14790	7	0	7	0	0	0
AT2G42910	5	0	2	0	0	0
AT4G14710	2	0	2	0	0	0
AT4G14716	2	0	2	0	0	0
AT5G57460	5	0	8	0	0	0
AT1G22920	3	0	4	0	0	0
AT2G40060	2	0	3	0	0	0
AT1G71840	5	0	3	0	0	0
AT5G52470	3	0	3	0	0	0
AT4G25630	3	0	3	0	0	0
AT3G50670	3	0	5	0	0	0
AT5G02050	3	0	2	0	0	0
AT3G18130	3	0	0	0	0	0
AT1G48630	3	0	3	0	0	0
AT1G80480	3	0	5	0	0	0
AT5G48230	3	0	4	0	0	0
AT5G09390	2	0	4	0	0	0
AT5G43060	4	0	4	0	0	0
AT1G06260	4	0	2	0	0	0
AT1G62640	4	0	3	0	0	0
AT3G07030	4	0	3	0	0	0
AT4G13400	2	0	4	0	0	0
AT3G22960	4	0	6	0	0	0
AT1G56340	2	0	5	0	0	0
AT1G02690	5	0	4	0	0	0
AT1G17370	5	0	2	0	0	0
AT5G20830	5	0	8	0	0	0
AT5G03470	4	0	4	0	0	0
AT3G27740	5	0	2	0	0	0
AT3G06580	6	0	2	0	0	0
AT5G11520	3	0	4	0	0	0
AT2G43790	2	0	4	0	0	0
AT5G63840	5	0	9	0	0	0
AT1G02050	3	0	3	0	0	0
AT2G36580	4	0	4	0	0	0
AT3G52990	4	0	4	0	0	0
AT3G53030	4	0	4	0	0	0
AT2G07360	8	0	10	0	0	0
AT5G13930	4	0	2	0	0	0
AT4G31810	3	0	3	0	0	0
AT1G75910	3	0	2	0	0	0
AT4G09510	5	0	3	0	0	0
AT1G79990	7	0	9	0	0	0
AT2G47510	4	0	3	0	0	0
AT5G45930	4	0	2	0	0	0
AT4G18480	4	0	2	0	0	0
AT4G24510	4	0	2	0	0	0
AT3G18000	5	0	2	0	0	0
AT5G13420	2	0	4	0	0	0
AT1G14810	2	0	3	0	0	0
AT3G61140	4	0	2	0	0	0
AT2G24200	4	0	3	0	0	0
AT5G04740	2	0	2	0	0	0
AT5G64200	2	0	2	0	0	0
AT2G17420	3	0	2	0	0	0
AT4G35460	0	0	2	0	0	0
AT5G65720	4	0	2	0	0	0
AT4G02930	4	0	2	0	0	0
AT2G27040	6	0	6	0	0	0
AT3G13300	4	0	13	0	0	0
AT1G04530	2	0	2	0	0	0
AT1G21700	3	0	7	0	0	0
AT2G44350	4	0	2	0	0	0
AT5G56290	4	0	5	0	0	0
AT2G37660	2	0	2	0	0	0
AT5G48180	2	0	2	0	0	0
AT1G48600	4	0	2	0	0	0
AT1G21750	3	0	3	0	0	0
AT2G20420	3	0	2	0	0	0
AT1G78580	5	0	6	0	0	0
AT3G22330	3	0	4	0	0	0
AT3G22310	3	0	0	0	0	0
AT4G02150	2	0	4	0	0	0
AT5G13520	4	0	3	0	0	0
AT3G12050	2	0	2	0	0	0
AT3G50590	10	0	8	0	0	0
AT2G18510	2	0	2	0	0	0
AT4G11820	2	0	3	0	0	0
AT5G03290	2	0	2	0	0	0
AT4G01370	2	0	2	0	0	0
AT1G74470	3	0	2	0	0	0
AT3G03250	3	0	2	0	0	0
AT5G17310	0	0	2	0	0	0
AT3G02650	2	0	4	0	0	0
AT3G52180	2	0	2	0	0	0
AT4G13930	3	0	2	0	0	0
AT4G20050	2	0	3	0	0	0
AT3G54470	3	0	2	0	0	0
AT1G21630	7	0	6	0	0	0
AT3G54960	3	0	3	0	0	0
AT5G54900	2	0	2	0	0	0
AT3G21140	2	0	2	0	0	0
AT5G35430	3	0	5	0	0	0
AT4G29510	2	0	2	0	0	0
AT1G13320	3	0	3	0	0	0
AT3G25800	3	0	3	0	0	0
AT3G58110	4	0	4	0	0	0
AT5G62790	2	0	3	0	0	0
AT5G53480	7	0	2	0	0	0
AT1G20760	2	0	8	0	0	0
AT3G53110	3	0	2	0	0	0
AT4G24270	2	0	6	0	0	0
AT3G04600	2	0	2	0	0	0
AT5G53850	3	0	2	0	0	0
AT5G55230	3	0	3	0	0	0
AT1G56110	3	0	2	0	0	0
AT5G64270	6	0	6	0	0	0
AT3G17810	2	0	2	0	0	0
AT3G58140	2	0	2	0	0	0
AT1G06410	5	0	3	0	0	0
ATCG00190	6	0	4	0	0	0
AT1G76850	4	0	6	0	0	0
AT2G04842	4	0	2	0	0	0
AT5G54440	6	0	5	0	0	0
AT3G59770	6	0	8	0	0	0
AT4G16130	6	0	3	0	0	0
AT1G50500	2	0	5	0	0	0
AT2G38580	2	0	2	0	0	0
AT2G37040	4	0	2	0	0	0
AT4G34430	5	0	3	0	0	0
AT1G74920	2	0	2	0	0	0
AT1G17720	2	0	2	0	0	0
AT1G16350	2	0	2	0	0	0
AT1G63680	2	0	4	0	0	0
AT3G04470	3	0	2	0	0	0
AT2G34640	2	0	2	0	0	0
AT3G13290	4	0	6	0	0	0
AT3G19170	5	0	3	0	0	0
AT3G16830	3	0	5	0	0	0
AT1G79830	4	0	3	0	0	0
AT5G22780	2	0	5	0	0	0
AT5G22770	2	0	5	0	0	0
AT1G29880	2	0	3	0	0	0
AT4G31160	2	0	10	0	0	0
AT2G30110	3	0	4	0	0	0
AT1G71820	2	0	3	0	0	0
AT4G02030	2	0	3	0	0	0
AT2G42600	3	0	3	0	0	0
ATCG00180	2	0	2	0	0	0
AT4G24800	2	0	2	0	0	0
AT1G47550	2	0	3	0	0	0
AT3G04260	2	0	3	0	0	0
AT4G24580	2	0	3	0	0	0
ATCG00170	3	0	4	0	0	0
AT1G02080	5	0	7	0	0	0
AT5G03650	2	0	2	0	0	0
AT5G16270	2	0	3	0	0	0
AT4G02480	4	0	2	0	0	0
AT1G74850	2	0	2	0	0	0
AT2G46020	4	0	6	0	0	0
AT5G42220	2	0	2	0	0	0
AT1G01960	3	0	4	0	0	0
AT5G47010	2	0	3	0	0	0
AT3G06480	2	0	2	0	0	0
AT4G01400	2	0	2	0	0	0
AT5G47690	2	0	3	0	0	0
AT4G35800	2	0	3	0	0	0
AT4G38600	2	0	3	0	0	0
AT5G24350	2	0	4	0	0	0
AT3G02260	2	0	7	0	0	0
AT1G54270	0	6	13	0	0	0
AT5G23900	0	3	5	0	0	0
AT2G47640	0	2	2	0	0	0
AT3G62840	0	2	2	0	0	0
AT1G26880	0	2	2	0	0	0
AT1G69620	0	2	2	0	0	0
AT4G24130	0	2	3	0	0	0
AT3G25220	0	2	2	0	0	0
AT4G38510	0	4	9	0	0	0
AT3G26420	0	2	2	0	0	0
AT5G15530	0	2	2	0	0	0
AT2G47470	0	2	4	0	0	0
AT5G07410	0	3	2	0	0	0
AT1G69940	0	0	2	0	0	0
AT1G08200	0	2	4	0	0	0
AT2G27860	0	2	4	0	0	0
AT1G01090	0	2	3	0	0	0
AT3G25230	0	2	3	0	0	0
AT4G04950	0	2	2	0	0	0
AT4G04460	0	2	2	0	0	0
AT1G62940	0	2	2	0	0	0
AT1G67230	0	4	4	0	0	0
AT4G34980	0	2	3	0	0	0
AT3G02730	2	0	0	2	0	0
AT2G30860	2	0	0	2	0	0
AT2G47730	2	0	0	2	0	0
AT2G07698	3	0	0	3	0	0
ATMG01190	3	0	0	3	0	0
AT3G16950	0	0	0	2	0	0
AT4G16155	3	0	0	2	0	0
AT5G64260	0	0	4	2	0	0
AT2G04280	0	0	2	4	0	0
AT4G12700	0	0	2	0	0	0
AT3G63140	0	0	2	2	0	0
AT1G79550	0	0	3	0	2	0
AT1G51400	0	0	0	4	4	0
AT2G19730	0	0	0	2	2	0
AT5G65220	0	0	0	3	2	0
AT4G02520	0	0	0	2	2	0
AT2G44920	0	0	0	2	2	0
AT1G20440	0	0	0	2	2	0
AT2G20890	0	0	0	2	2	0
AT1G54010	0	0	0	2	2	0
AT2G01970	0	0	0	3	2	0
ATCG00660	2	0	0	0	0	2
AT3G62030	4	0	0	0	0	2
AT4G09010	2	0	0	0	0	2
AT5G63420	0	0	3	0	0	4
AT5G58040	0	0	2	0	0	2
AT2G33830	0	0	0	2	0	4
AT3G27660	0	0	0	2	0	5
AT4G13670	0	0	0	7	0	6
AT1G62000	0	0	0	3	0	2
AT5G10160	0	0	0	3	0	3
AT5G20230	0	0	0	2	0	3
AT3G10060	0	0	0	4	0	2
AT5G16990	0	0	0	6	0	2
AT2G33845	0	0	0	2	0	2
AT3G14420	0	0	0	5	0	3
AT4G39680	0	0	0	7	0	6
AT5G11420	0	0	0	3	0	4
AT5G25460	0	0	0	3	0	4
AT2G33430	0	0	0	2	0	2
AT4G04640	0	0	0	5	0	2
AT4G09040	0	0	0	2	0	3
AT1G77122	0	0	0	2	0	3
AT1G09070	0	0	0	2	0	3
AT5G23120	0	0	0	4	0	2
AT3G13750	0	0	0	5	0	7
AT3G61430	0	0	0	2	0	2
AT3G53420	0	0	0	2	0	2
AT1G33600	0	0	0	2	0	4
AT3G13790	0	0	0	2	0	5
AT3G26400	0	0	0	3	0	3
AT5G22640	0	0	0	6	0	2
AT4G12420	0	0	0	2	0	2
AT1G14410	0	0	0	0	2	5
AT5G62350	0	0	0	0	2	3
AT2G02740	0	0	0	0	3	3
AT1G03220	0	0	0	0	4	4
AT5G64100	0	0	0	0	3	3
AT5G57655	0	0	0	0	2	5
AT5G07030	0	0	0	0	2	2
AT3G52590	8	0	0	0	0	0
AT2G36170	8	0	0	0	0	0
AT2G23930	3	0	0	0	0	0
AT3G11500	3	0	0	0	0	0
AT2G18740	3	0	0	0	0	0
AT5G15960	2	0	0	0	0	0
AT3G01390	3	0	0	0	0	0
AT5G38480	6	0	0	0	0	0
ATCG00820	2	0	0	0	0	0
AT3G16080	2	0	0	0	0	0
AT1G52300	2	0	0	0	0	0
AT3G23390	2	0	0	0	0	0
AT5G15230	2	0	0	0	0	0
AT1G05720	3	0	0	0	0	0
AT5G22580	2	0	0	0	0	0
AT3G44590	2	0	0	0	0	0
AT1G09310	3	0	0	0	0	0
AT4G01897	2	0	0	0	0	0
AT3G46460	3	0	0	0	0	0
AT5G59300	3	0	0	0	0	0
AT1G27970	2	0	0	0	0	0
AT4G08240	2	0	0	0	0	0
AT3G23830	2	0	0	0	0	0
AT4G15790	2	0	0	0	0	0
AT1G04270	2	0	0	0	0	0
AT5G09510	2	0	0	0	0	0
AT5G39320	6	0	0	0	0	0
AT2G47710	2	0	0	0	0	0
AT2G25700	2	0	0	0	0	0
AT1G20140	2	0	0	0	0	0
AT5G43830	3	0	0	0	0	0
AT3G14100	5	0	0	0	0	0
AT4G28730	2	0	0	0	0	0
AT2G24020	2	0	0	0	0	0
AT5G40580	3	0	0	0	0	0
AT3G13120	2	0	0	0	0	0
AT3G25050	3	0	0	0	0	0
AT5G50870	2	0	0	0	0	0
ATCG00800	2	0	0	0	0	0
AT5G58590	2	0	0	0	0	0
AT5G51110	2	0	0	0	0	0
AT1G10370	2	0	0	0	0	0
AT1G07140	2	0	0	0	0	0
AT5G23140	2	0	0	0	0	0
AT2G19480	3	0	0	0	0	0
AT1G13280	2	0	0	0	0	0
AT3G12800	2	0	0	0	0	0
AT5G19370	2	0	0	0	0	0
AT2G19570	2	0	0	0	0	0
AT1G59830	2	0	0	0	0	0
AT1G69960	2	0	0	0	0	0
AT1G10430	2	0	0	0	0	0
AT5G63570	3	0	0	0	0	0
AT3G48730	3	0	0	0	0	0
AT3G56190	2	0	0	0	0	0
AT3G56450	2	0	0	0	0	0
AT5G54770	2	0	0	0	0	0
AT1G02150	3	0	0	0	0	0
AT3G48000	3	0	0	0	0	0
AT3G08030	2	0	0	0	0	0
AT1G21540	3	0	0	0	0	0
AT4G39090	2	0	0	0	0	0
AT1G30580	2	0	0	0	0	0
AT1G32380	2	0	0	0	0	0
AT3G49680	2	0	0	0	0	0
AT1G12050	2	0	0	0	0	0
AT1G79530	2	0	0	0	0	0
AT1G16300	2	0	0	0	0	0
AT2G35840	2	0	0	0	0	0
AT1G43190	2	0	0	0	0	0
AT4G08580	2	0	0	0	0	0
AT5G17900	2	0	0	0	0	0
AT1G67650	3	0	0	0	0	0
AT1G67680	3	0	0	0	0	0
AT5G46630	2	0	0	0	0	0
AT2G22360	2	0	0	0	0	0
AT1G10670	2	0	0	0	0	0
AT1G32200	2	0	0	0	0	0
AT3G18035	2	0	0	0	0	0
AT1G07360	2	0	0	0	0	0
AT2G29580	2	0	0	0	0	0
AT3G57610	2	0	0	0	0	0
AT4G15210	2	0	0	0	0	0
AT4G14160	3	0	0	0	0	0
AT1G72810	2	0	0	0	0	0
AT5G10920	2	0	0	0	0	0
AT3G19770	2	0	0	0	0	0
AT4G29840	2	0	0	0	0	0
AT1G31970	2	0	0	0	0	0
AT1G74960	2	0	0	0	0	0
AT1G12000	2	0	0	0	0	0
AT4G26760	2	0	0	0	0	0
AT1G15280	2	0	0	0	0	0
AT1G25490	2	0	0	0	0	0
AT5G40200	2	0	0	0	0	0
AT4G24620	2	0	0	0	0	0
AT2G13560	2	0	0	0	0	0
AT3G49240	2	0	0	0	0	0
AT1G50920	2	0	0	0	0	0
AT1G06290	2	0	0	0	0	0
AT5G13650	2	0	0	0	0	0
AT1G75660	3	0	0	0	0	0
AT5G27030	3	0	0	0	0	0
AT4G09020	2	0	0	0	0	0
AT5G12370	2	0	0	0	0	0
AT1G09770	2	0	0	0	0	0
AT3G42850	2	0	0	0	0	0
AT2G46520	2	0	0	0	0	0
AT1G12470	2	0	0	0	0	0
AT4G01290	2	0	0	0	0	0
AT1G50200	2	0	0	0	0	0
AT3G07100	2	0	0	0	0	0
AT5G53440	2	0	0	0	0	0
AT4G21710	2	0	0	0	0	0
AT5G13680	2	0	0	0	0	0
AT1G09780	0	43	0	0	0	0
AT1G66850	0	2	0	0	0	0
AT5G59880	0	2	0	0	0	0
AT1G47200	0	2	0	0	0	0
AT5G12110	0	2	0	0	0	0
AT2G28950	0	2	0	0	0	0
AT4G04020	0	2	0	0	0	0
AT5G55670	0	3	0	0	0	0
AT1G79470	0	2	0	0	0	0
AT4G25890	0	0	3	0	0	0
AT2G19770	0	0	3	0	0	0
AT3G55750	0	0	2	0	0	0
AT1G74270	0	0	2	0	0	0
AT1G07770	0	0	2	0	0	0
AT5G59850	0	0	2	0	0	0
AT2G24590	0	0	3	0	0	0
AT4G31580	0	0	3	0	0	0
AT3G03530	0	0	8	0	0	0
AT5G07470	0	0	3	0	0	0
AT5G02280	0	0	2	0	0	0
AT3G02780	0	0	4	0	0	0
AT5G02610	0	0	2	0	0	0
AT5G13510	0	0	3	0	0	0
AT2G01520	0	0	2	0	0	0
AT3G55120	0	0	3	0	0	0
AT4G39330	0	0	4	0	0	0
AT2G42590	0	0	3	0	0	0
AT4G34490	0	0	5	0	0	0
AT5G39570	0	0	4	0	0	0
AT2G38730	0	0	2	0	0	0
AT2G37270	0	0	2	0	0	0
AT3G11940	0	0	2	0	0	0
AT5G22060	0	0	4	0	0	0
AT5G20630	0	0	2	0	0	0
AT4G23600	0	0	4	0	0	0
AT3G18580	0	0	2	0	0	0
AT1G66200	0	0	3	0	0	0
AT4G18905	0	0	4	0	0	0
AT1G07210	0	0	2	0	0	0
AT2G41500	0	0	4	0	0	0
AT1G80490	0	0	8	0	0	0
AT3G53500	0	0	2	0	0	0
AT2G37220	0	0	2	0	0	0
AT5G52920	0	0	4	0	0	0
AT2G01690	0	0	5	0	0	0
AT2G26080	0	0	7	0	0	0
AT2G47940	0	0	4	0	0	0
AT1G34430	0	0	3	0	0	0
AT4G08950	0	0	2	0	0	0
AT5G34850	0	0	3	0	0	0
AT1G11840	0	0	2	0	0	0
AT2G38400	0	0	3	0	0	0
AT5G04430	0	0	2	0	0	0
AT5G06160	0	0	3	0	0	0
AT5G63680	0	0	3	0	0	0
AT2G40290	0	0	2	0	0	0
AT2G34810	0	0	3	0	0	0
AT1G09620	0	0	6	0	0	0
AT5G12410	0	0	2	0	0	0
AT5G10240	0	0	3	0	0	0
AT1G51560	0	0	2	0	0	0
AT2G43750	0	0	2	0	0	0
AT3G54760	0	0	4	0	0	0
AT5G08370	0	0	2	0	0	0
AT2G44160	0	0	3	0	0	0
AT3G03570	0	0	3	0	0	0
AT3G55410	0	0	5	0	0	0
AT3G21110	0	0	2	0	0	0
AT2G38700	0	0	2	0	0	0
AT3G07010	0	0	2	0	0	0
AT5G05730	0	0	3	0	0	0
AT3G10380	0	0	5	0	0	0
AT3G49080	0	0	2	0	0	0
AT1G54080	0	0	2	0	0	0
AT2G42700	0	0	4	0	0	0
AT1G73380	0	0	2	0	0	0
AT4G21100	0	0	5	0	0	0
AT4G22670	0	0	2	0	0	0
AT5G18420	0	0	2	0	0	0
AT5G06390	0	0	2	0	0	0
AT5G55070	0	0	2	0	0	0
AT5G63890	0	0	2	0	0	0
AT3G54090	0	0	2	0	0	0
AT1G74030	0	0	2	0	0	0
AT3G12860	0	0	2	0	0	0
AT4G13340	0	0	3	0	0	0
AT1G08520	0	0	3	0	0	0
AT2G47620	0	0	2	0	0	0
AT4G02290	0	0	2	0	0	0
AT4G18240	0	0	4	0	0	0
AT1G22410	0	0	2	0	0	0
AT2G14120	0	0	3	0	0	0
AT4G22010	0	0	2	0	0	0
AT5G49830	0	0	3	0	0	0
AT1G17290	0	0	2	0	0	0
AT5G51430	0	0	3	0	0	0
AT3G15880	0	0	4	0	0	0
AT4G34860	0	0	2	0	0	0
AT1G12570	0	0	2	0	0	0
AT3G25150	0	0	2	0	0	0
AT4G21660	0	0	2	0	0	0
AT1G43690	0	0	2	0	0	0
AT1G53310	0	0	3	0	0	0
AT3G48560	0	0	2	0	0	0
AT1G71270	0	0	2	0	0	0
AT4G30200	0	0	2	0	0	0
AT2G26780	0	0	5	0	0	0
AT1G14610	0	0	3	0	0	0
AT5G23880	0	0	2	0	0	0
AT4G24840	0	0	2	0	0	0
AT4G14570	0	0	2	0	0	0
AT3G57520	0	0	2	0	0	0
AT2G17410	0	0	2	0	0	0
AT5G11040	0	0	3	0	0	0
AT1G19870	0	0	2	0	0	0
AT4G13780	0	0	2	0	0	0
AT3G17900	0	0	2	0	0	0
AT2G36390	0	0	2	0	0	0
AT4G23460	0	0	2	0	0	0
AT4G11380	0	0	2	0	0	0
AT5G51660	0	0	3	0	0	0
AT1G09730	0	0	2	0	0	0
AT2G41740	0	0	2	0	0	0
AT5G65750	0	0	2	0	0	0
AT2G47980	0	0	2	0	0	0
AT3G23780	0	0	2	0	0	0
AT3G18090	0	0	2	0	0	0
AT5G19820	0	0	2	0	0	0
AT1G29940	0	0	2	0	0	0
AT5G48600	0	0	2	0	0	0
AT2G03150	0	0	2	0	0	0
AT5G39500	0	0	2	0	0	0
AT2G38770	0	0	2	0	0	0
AT1G06670	0	0	2	0	0	0
AT3G60860	0	0	2	0	0	0
AT4G16340	0	0	2	0	0	0
AT1G67140	0	0	2	0	0	0
AT1G67120	0	0	2	0	0	0
AT3G50820	0	0	0	9	0	0
AT4G27170	0	0	0	3	0	0
AT1G54290	0	0	0	2	0	0
AT4G27130	0	0	0	2	0	0
AT5G54760	0	0	0	2	0	0
AT4G10340	0	0	0	4	0	0
AT3G58680	0	0	0	2	0	0
AT2G42680	0	0	0	2	0	0
AT2G20260	0	0	0	2	0	0
AT1G53580	0	0	0	4	0	0
AT1G62060	0	0	0	2	0	0
AT2G45640	0	0	0	2	0	0
AT1G15820	0	0	0	3	0	0
AT5G01530	0	0	0	3	0	0
AT5G54600	0	0	0	2	0	0
AT1G31330	0	0	0	2	0	0
AT1G43670	0	0	0	3	0	0
ATCG00020	0	0	0	3	0	0
AT3G14415	0	0	0	3	0	0
AT3G47470	0	0	0	2	0	0
AT3G26520	0	0	0	2	0	0
AT5G48540	0	0	0	2	0	0
AT2G05070	0	0	0	2	0	0
AT3G27690	0	0	0	2	0	0
AT2G05100	0	0	0	2	0	0
AT2G34790	0	0	0	4	0	0
AT1G29920	0	0	0	2	0	0
AT1G29910	0	0	0	2	0	0
AT2G34420	0	0	0	2	0	0
AT1G29930	0	0	0	2	0	0
AT4G30270	0	0	0	2	0	0
AT3G04790	0	0	0	2	0	0
AT5G61410	0	0	0	2	0	0
AT1G54780	0	0	0	2	0	0
ATCG00540	0	0	0	2	0	0
AT2G03750	0	0	0	2	0	0
ATCG00270	0	0	0	2	0	0
AT4G20860	0	0	0	3	0	0
AT5G09660	0	0	0	2	0	0
AT1G23740	0	0	0	2	0	0
AT4G38710	0	0	0	2	0	0
AT3G52880	0	0	0	2	0	0
AT2G16430	0	0	0	2	0	0
ATCG00280	0	0	0	2	0	0
AT1G63940	0	0	0	2	0	0
AT3G49990	0	0	0	2	0	0
ATCG00680	0	0	0	2	0	0
AT2G28490	0	0	0	2	0	0
AT1G19900	0	0	0	2	0	0
AT3G49601	0	0	0	2	0	0
AT1G16720	0	0	0	2	0	0
AT4G10840	0	0	0	2	0	0
AT4G12290	0	0	0	2	0	0
AT1G15690	0	0	0	2	0	0
AT1G01320	0	0	0	2	0	0
AT4G28080	0	0	0	2	0	0
AT4G15802	0	0	0	0	2	0
AT3G01290	0	0	0	0	4	0
AT4G27140	0	0	0	0	2	0
AT2G10940	0	0	0	0	3	0
AT1G67700	0	0	0	0	2	0
AT2G23550	0	0	0	0	2	0
AT3G07390	0	0	0	0	2	0
AT3G63190	0	0	0	0	2	0
AT2G41850	0	0	0	0	2	0
AT3G01570	0	0	0	0	0	6
AT1G75750	0	0	0	0	0	2
AT1G34030	0	0	0	0	0	3
AT4G09800	0	0	0	0	0	3
AT1G22780	0	0	0	0	0	3
AT2G45180	0	0	0	0	0	2
AT1G33040	0	0	0	0	0	3
AT5G50600	0	0	0	0	0	5
AT5G50700	0	0	0	0	0	5
AT2G41430	0	0	0	0	0	2
AT4G39730	0	0	0	0	0	2
AT2G22170	0	0	0	0	0	2
AT1G76180	0	0	0	0	0	2
AT3G15360	0	0	0	0	0	2
AT5G40420	0	0	0	0	0	2
AT2G44790	0	0	0	0	0	2
AT5G58710	0	0	0	0	0	2
AT3G55330	0	0	0	0	0	2
AT3G54400	0	0	0	0	0	3
AT5G50250	0	0	0	0	0	2
AT1G03890	0	0	0	0	0	3
AT3G01920	0	0	0	0	0	2
AT1G74000	0	0	0	0	0	2
AT1G66280	0	0	0	0	0	3
AT3G23700	0	0	0	0	0	2
AT1G58270	0	0	0	0	0	2
AT3G19390	0	0	0	0	0	2
AT5G60160	0	0	0	0	0	2
AT4G03020	0	0	0	0	0	2
AT5G64570	0	0	0	0	0	3
AT1G65590	0	0	0	0	0	2
AT5G44380	0	0	0	0	0	2
AT4G34030	0	0	0	0	0	2
AT1G30460	0	0	0	0	0	2
AT1G62660	0	0	0	0	0	2
AT1G21670	0	0	0	0	0	2
AT4G31880	0	0	0	0	0	2
AT1G76810	0	0	0	0	0	2
