Protein,AT3G44530,AT2G28240,AT2G282401,WT
AT3G44530,56,0,0,0
AT4G32820,48,0,0,0
AT5G62300,10,9,9,0
AT3G01390,6,4,3,0
AT3G02720,6,0,0,0
AT1G62940,5,2,2,0
AT5G25070,5,0,2,0
AT1G67140,5,0,0,0
AT1G30620,4,0,6,0
AT3G56800,4,0,6,0
AT4G20460,4,0,5,0
AT2G45710,4,2,4,0
AT3G61110,4,2,4,0
AT5G47930,4,2,4,0
AT5G66880,4,3,3,0
AT2G20420,4,2,2,0
AT1G53280,4,0,2,0
AT4G38220,4,3,0,0
AT1G11430,4,0,0,0
AT3G27310,4,0,0,0
AT3G44600,4,0,0,0
AT5G16290,4,0,0,0
AT5G52240,4,0,0,0
AT2G47710,3,3,5,0
AT3G17760,3,0,5,0
AT5G44480,3,0,4,0
AT1G32470,3,4,3,0
AT1G27540,3,2,3,0
AT1G27580,3,2,3,0
AT1G43190,3,2,2,0
AT2G35390,3,2,2,0
AT5G23900,3,2,2,0
AT1G69510,3,0,2,0
AT2G22780,3,0,2,0
AT3G25110,3,0,2,0
AT5G15970,3,0,2,0
AT2G47240,3,4,0,0
AT4G31840,3,4,0,0
AT4G39200,3,3,0,0
AT2G03820,3,2,0,0
AT2G44310,3,2,0,0
AT3G18165,3,2,0,0
AT3G49240,3,2,0,0
AT3G62240,3,2,0,0
AT5G17990,3,2,0,0
AT1G70290,3,0,0,0
AT2G04700,3,0,0,0
AT2G25840,3,0,0,0
AT2G34560,3,0,0,0
AT2G37080,3,0,0,0
AT3G10270,3,0,0,0
AT3G26740,3,0,0,0
AT3G58560,3,0,0,0
AT4G34360,3,0,0,0
AT5G04130,3,0,0,0
AT5G05590,3,0,0,0
AT5G38050,3,0,0,0
AT5G53440,3,0,0,0
AT5G67320,2,8,11,0
AT1G09270,2,5,7,0
AT5G05920,2,0,5,0
AT1G02150,2,4,4,0
AT3G12700,2,2,4,0
AT2G46020,2,0,4,0
AT3G50000,2,3,3,0
AT1G16520,2,2,3,0
AT2G03150,2,2,3,0
AT2G27530,2,2,3,0
AT1G74850,2,0,3,0
AT5G56680,2,0,3,0
AT5G12410,2,4,2,0
AT1G32380,2,2,2,0
AT2G23080,2,2,2,0
AT2G25110,2,2,2,0
AT2G29580,2,2,2,0
AT2G44180,2,2,2,0
AT3G13120,2,2,2,0
AT5G58030,2,2,2,0
AT1G04990,2,0,2,0
AT1G08190,2,0,2,0
AT1G08360,2,0,2,0
AT1G52510,2,0,2,0
AT3G09740,2,0,2,0
AT4G02030,2,0,2,0
AT4G27270,2,0,2,0
AT5G17070,2,0,2,0
AT5G18820,2,0,2,0
AT5G22040,2,0,2,0
AT5G37510,2,4,0,0
AT3G18090,2,3,0,0
AT3G23780,2,3,0,0
ATCG00160,2,3,0,0
AT2G35860,2,2,0,0
AT2G43910,2,2,0,0
AT3G02730,2,2,0,0
AT3G24830,2,2,0,0
AT4G04460,2,2,0,0
AT4G09650,2,2,0,0
AT4G29730,2,2,0,0
AT5G05270,2,2,0,0
AT1G14510,2,0,0,0
AT1G14710,2,0,0,0
AT1G15290,2,0,0,0
AT1G21880,2,0,0,0
AT1G22430,2,0,0,0
AT1G24100,2,0,0,0
AT1G45150,2,0,0,0
AT1G53050,2,0,0,0
AT1G55500,2,0,0,0
AT1G59890,2,0,0,0
AT1G61570,2,0,0,0
AT1G65480,2,0,0,0
AT1G68660,2,0,0,0
AT1G71800,2,0,0,0
AT1G71820,2,0,0,0
AT1G80380,2,0,0,0
AT2G20490,2,0,0,0
AT2G29960,2,0,0,0
AT2G31670,2,0,0,0
AT2G42690,2,0,0,0
AT2G43460,2,0,0,0
AT2G47850,2,0,0,0
AT3G11780,2,0,0,0
AT3G13940,2,0,0,0
AT3G19130,2,0,0,0
AT3G54360,2,0,0,0
AT3G59540,2,0,0,0
AT3G63130,2,0,0,0
AT4G22220,2,0,0,0
AT4G27690,2,0,0,0
AT4G29700,2,0,0,0
AT4G29840,2,0,0,0
AT4G30310,2,0,0,0
AT4G39120,2,0,0,0
AT5G03430,2,0,0,0
AT5G06160,2,0,0,0
AT5G14200,2,0,0,0
AT5G20080,2,0,0,0
AT5G22440,2,0,0,0
AT5G42390,2,0,0,0
AT5G44240,2,0,0,0
AT5G48370,2,0,0,0
AT5G48960,2,0,0,0
AT5G63870,2,0,0,0
AT5G64300,2,0,0,0
AT5G67380,2,0,0,0
AT2G28240,0,99,84,0
AT3G59770,0,29,31,0
AT1G08060,0,0,21,0
AT3G53030,0,18,14,0
AT5G41580,0,0,11,0
AT4G11560,0,0,10,0
AT5G58040,0,10,9,0
AT1G65440,0,5,8,0
AT4G26110,0,5,7,0
AT4G13460,0,2,6,0
AT2G47580,0,8,5,0
AT2G19480,0,7,5,0
AT3G44850,0,2,5,0
AT4G31160,0,2,5,0
AT3G06820,0,0,5,0
AT5G39210,0,0,5,0
AT1G27650,0,4,4,0
AT3G16110,0,4,4,0
AT3G54230,0,4,4,0
AT1G29260,0,2,4,0
AT1G02840,0,0,4,0
AT1G21350,0,0,4,0
AT1G67230,0,0,4,0
AT2G47790,0,0,4,0
AT4G08350,0,0,4,0
AT5G04420,0,0,4,0
AT5G17510,0,0,4,0
AT5G44200,0,0,4,0
AT1G44910,0,4,3,0
AT2G01970,0,4,3,0
AT1G14670,0,3,3,0
AT3G55605,0,3,3,0
AT4G30330,0,3,3,0
AT1G30460,0,2,3,0
AT1G35720,0,2,3,0
AT1G47420,0,2,3,0
AT2G23070,0,2,3,0
AT2G24590,0,2,3,0
AT5G19050,0,2,3,0
AT5G55660,0,2,3,0
AT1G09750,0,0,3,0
AT1G23860,0,0,3,0
AT1G53720,0,0,3,0
AT1G59600,0,0,3,0
AT1G69200,0,0,3,0
AT1G78150,0,0,3,0
AT1G80210,0,0,3,0
AT2G44060,0,0,3,0
AT2G44760,0,0,3,0
AT3G54860,0,0,3,0
AT3G61820,0,0,3,0
AT4G08580,0,0,3,0
AT4G16265,0,0,3,0
AT5G17050,0,0,3,0
AT5G17530,0,0,3,0
AT5G17900,0,0,3,0
AT5G59890,0,0,3,0
ATCG00770,0,0,3,0
AT5G42820,0,4,2,0
AT3G29075,0,3,2,0
AT2G43640,0,2,2,0
AT4G11060,0,2,2,0
AT4G16390,0,2,2,0
AT4G18100,0,2,2,0
AT4G25550,0,2,2,0
AT5G46430,0,2,2,0
AT5G60340,0,2,2,0
AT1G04870,0,0,2,0
AT1G10590,0,0,2,0
AT1G10940,0,0,2,0
AT1G18250,0,0,2,0
AT1G20110,0,0,2,0
AT1G22270,0,0,2,0
AT1G30170,0,0,2,0
AT1G31440,0,0,2,0
AT1G52760,0,0,2,0
AT1G60650,0,0,2,0
AT1G60940,0,0,2,0
AT1G71310,0,0,2,0
AT1G73060,0,0,2,0
AT1G73180,0,0,2,0
AT1G76300,0,0,2,0
AT1G76850,0,0,2,0
AT1G79790,0,0,2,0
AT2G06990,0,0,2,0
AT2G18170,0,0,2,0
AT2G21385,0,0,2,0
AT2G44100,0,0,2,0
AT2G45440,0,0,2,0
AT3G09200,0,0,2,0
AT3G19390,0,0,2,0
AT3G20550,0,0,2,0
AT3G46010,0,0,2,0
AT3G52630,0,0,2,0
AT3G59600,0,0,2,0
AT3G60880,0,0,2,0
AT4G01037,0,0,2,0
AT4G02150,0,0,2,0
AT4G12770,0,0,2,0
AT4G12780,0,0,2,0
AT4G15530,0,0,2,0
AT4G17050,0,0,2,0
AT4G22140,0,0,2,0
AT4G27740,0,0,2,0
AT4G31580,0,0,2,0
AT4G32590,0,0,2,0
AT4G34730,0,0,2,0
AT4G35050,0,0,2,0
AT4G37510,0,0,2,0
AT5G08560,0,0,2,0
AT5G08590,0,0,2,0
AT5G09550,0,0,2,0
AT5G10770,0,0,2,0
AT5G14540,0,0,2,0
AT5G14720,0,0,2,0
AT5G15870,0,0,2,0
AT5G16270,0,0,2,0
AT5G16470,0,0,2,0
AT5G19960,0,0,2,0
AT5G40490,0,0,2,0
AT5G44070,0,0,2,0
AT5G44710,0,0,2,0
AT5G56950,0,0,2,0
AT5G63650,0,0,2,0
AT5G67290,0,0,2,0
ATCG00810,0,0,2,0
AT2G46610,0,11,0,0
ATCG00680,0,6,0,0
AT1G49430,0,5,0,0
AT1G03380,0,4,0,0
AT3G03150,0,4,0,0
AT4G10340,0,4,0,0
AT4G28750,0,4,0,0
AT4G39040,0,4,0,0
AT1G14980,0,3,0,0
AT1G15690,0,3,0,0
AT1G31330,0,3,0,0
AT1G44575,0,3,0,0
AT2G22240,0,3,0,0
AT2G37340,0,3,0,0
AT3G02090,0,3,0,0
AT3G04550,0,3,0,0
AT3G08580,0,3,0,0
AT4G38600,0,3,0,0
AT5G07030,0,3,0,0
ATCG00270,0,3,0,0
ATCG00280,0,3,0,0
AT1G09795,0,2,0,0
AT1G15820,0,2,0,0
AT1G20560,0,2,0,0
AT1G79050,0,2,0,0
AT2G04280,0,2,0,0
AT2G18230,0,2,0,0
AT2G18960,0,2,0,0
AT2G20260,0,2,0,0
AT2G21620,0,2,0,0
AT2G33040,0,2,0,0
AT2G38020,0,2,0,0
AT3G04290,0,2,0,0
AT3G07110,0,2,0,0
AT3G07480,0,2,0,0
AT3G09100,0,2,0,0
AT3G20440,0,2,0,0
AT3G22330,0,2,0,0
AT3G42050,0,2,0,0
AT3G48670,0,2,0,0
AT3G52370,0,2,0,0
AT3G53710,0,2,0,0
AT4G12700,0,2,0,0
AT4G13170,0,2,0,0
AT4G13560,0,2,0,0
AT4G30190,0,2,0,0
AT5G06390,0,2,0,0
AT5G15270,0,2,0,0
AT5G17020,0,2,0,0
AT5G38600,0,2,0,0
AT5G45390,0,2,0,0
AT5G47110,0,2,0,0
AT5G48580,0,2,0,0
AT5G48760,0,2,0,0
AT5G53560,0,2,0,0
AT5G63400,0,2,0,0
AT5G63550,0,2,0,0
AT5G65840,0,2,0,0
ATCG00670,0,2,0,0
ATCG01120,0,2,0,0
AT1G61010,7,2,3,2
AT3G48500,6,2,4,2
AT4G17830,6,2,4,2
AT5G56740,6,2,4,2
AT5G18420,6,2,2,2
AT1G75280,6,5,0,2
AT1G50300,6,0,0,2
AT2G34730,6,0,0,2
AT4G36690,5,2,6,2
AT4G23460,5,3,4,2
AT5G60640,5,4,3,2
AT4G02480,5,2,3,2
AT1G62640,5,2,2,2
AT4G04800,5,2,0,2
AT5G66040,5,0,0,2
AT3G48110,4,5,4,2
AT4G09320,4,3,4,2
AT2G37270,4,3,3,2
AT3G11940,4,3,3,2
AT3G26618,4,2,3,2
AT3G59510,4,0,2,2
AT5G51120,4,4,0,2
AT3G22220,4,2,0,2
AT5G62530,4,2,0,2
AT5G64270,4,0,0,2
AT5G62270,3,4,9,2
AT5G52840,3,5,5,2
AT3G46820,3,4,5,2
ATCG00540,3,5,4,2
AT4G26760,3,0,4,2
AT5G42950,3,0,4,2
AT1G48350,3,5,3,2
AT5G13530,3,5,3,2
AT1G02140,3,3,3,2
AT2G34860,3,3,3,2
AT2G38540,3,2,3,2
AT3G17900,3,2,3,2
AT3G42850,3,2,3,2
AT1G26480,3,0,3,2
AT1G26910,3,0,3,2
AT3G22230,3,0,3,2
AT4G26840,3,0,3,2
AT5G53120,3,0,3,2
AT5G42220,3,4,2,2
AT1G48830,3,2,2,2
AT4G15000,3,2,2,2
AT5G64460,3,2,2,2
AT2G38400,3,0,2,2
AT4G29670,3,0,2,2
AT5G63310,3,4,0,2
AT1G07660,3,3,0,2
AT1G07820,3,3,0,2
AT2G28740,3,3,0,2
AT2G31750,3,3,0,2
AT3G45930,3,3,0,2
AT3G46320,3,3,0,2
AT3G53730,3,3,0,2
AT5G54600,3,3,0,2
AT5G59690,3,3,0,2
AT5G59970,3,3,0,2
AT1G15730,3,2,0,2
AT1G60830,3,2,0,2
AT2G24020,3,2,0,2
AT3G62460,3,2,0,2
AT4G32330,3,2,0,2
AT1G07370,3,0,0,2
AT1G35680,3,0,0,2
AT1G56560,3,0,0,2
AT1G74920,3,0,0,2
AT2G25650,3,0,0,2
AT2G29570,3,0,0,2
AT2G29700,3,0,0,2
AT3G25940,3,0,0,2
AT4G35100,3,0,0,2
AT3G54960,2,7,7,2
AT5G50320,2,0,5,2
AT1G64510,2,4,4,2
AT2G26990,2,2,4,2
AT1G65980,2,0,4,2
AT2G18740,2,3,3,2
AT4G02580,2,3,3,2
AT1G66680,2,2,3,2
AT2G47970,2,2,3,2
AT4G02840,2,2,3,2
AT4G39820,2,2,3,2
AT5G13510,2,2,3,2
AT5G61790,2,2,3,2
AT1G63180,2,0,3,2
AT2G39930,2,0,3,2
AT5G07340,2,0,3,2
AT5G47200,2,0,3,2
AT1G05190,2,3,2,2
AT2G43530,2,3,2,2
AT1G20600,2,2,2,2
AT1G44900,2,2,2,2
AT2G39460,2,2,2,2
AT3G12270,2,2,2,2
AT3G25660,2,2,2,2
AT3G45310,2,2,2,2
AT3G46940,2,2,2,2
AT3G55280,2,2,2,2
AT4G04020,2,2,2,2
AT5G14910,2,2,2,2
AT5G16390,2,2,2,2
ATCG00330,2,2,2,2
AT1G54290,2,0,2,2
AT1G56050,2,0,2,2
AT1G80500,2,0,2,2
AT2G19750,2,0,2,2
AT2G26780,2,0,2,2
AT2G32240,2,0,2,2
AT3G01120,2,0,2,2
AT3G04910,2,0,2,2
AT3G14390,2,0,2,2
AT3G25220,2,0,2,2
AT3G55330,2,0,2,2
AT4G11010,2,0,2,2
AT4G27130,2,0,2,2
AT4G29390,2,0,2,2
AT4G34620,2,0,2,2
AT5G10300,2,0,2,2
AT5G15020,2,0,2,2
AT5G51720,2,0,2,2
AT5G54760,2,0,2,2
AT5G56670,2,0,2,2
AT5G59880,2,0,2,2
AT1G03475,2,5,0,2
AT1G34430,2,4,0,2
AT1G78630,2,3,0,2
AT2G41040,2,3,0,2
AT3G15690,2,3,0,2
AT1G26550,2,2,0,2
AT1G27400,2,2,0,2
AT1G67430,2,2,0,2
AT2G17340,2,2,0,2
AT2G19730,2,2,0,2
AT2G35840,2,2,0,2
AT3G18680,2,2,0,2
AT4G24680,2,2,0,2
AT4G38890,2,2,0,2
AT5G22580,2,2,0,2
AT1G02930,2,0,0,2
AT1G12430,2,0,0,2
AT1G13020,2,0,0,2
AT1G20510,2,0,0,2
AT1G21065,2,0,0,2
AT1G30820,2,0,0,2
AT1G31180,2,0,0,2
AT1G31812,2,0,0,2
AT1G31860,2,0,0,2
AT1G49820,2,0,0,2
AT1G54220,2,0,0,2
AT1G80560,2,0,0,2
AT2G04270,2,0,0,2
AT2G24580,2,0,0,2
AT2G26210,2,0,0,2
AT2G32920,2,0,0,2
AT2G37500,2,0,0,2
AT2G44920,2,0,0,2
AT3G13330,2,0,0,2
AT3G13990,2,0,0,2
AT3G27925,2,0,0,2
AT3G54930,2,0,0,2
AT4G10260,2,0,0,2
AT4G10300,2,0,0,2
AT4G14930,2,0,0,2
AT4G15020,2,0,0,2
AT4G27070,2,0,0,2
AT4G31770,2,0,0,2
AT5G02050,2,0,0,2
AT5G05470,2,0,0,2
AT5G12040,2,0,0,2
AT5G12370,2,0,0,2
AT5G13050,2,0,0,2
AT5G28740,2,0,0,2
AT5G37850,2,0,0,2
AT5G42060,2,0,0,2
AT5G53530,2,0,0,2
AT5G54810,2,0,0,2
AT1G70830,0,3,7,2
AT3G57520,0,0,5,2
AT1G01050,0,4,4,2
AT4G01480,0,4,4,2
AT3G45190,0,3,4,2
AT5G07470,0,2,4,2
AT5G52200,0,2,4,2
AT1G76810,0,0,4,2
AT3G63540,0,0,4,2
AT4G39090,0,0,4,2
AT4G03120,0,4,3,2
AT1G74960,0,3,3,2
AT2G25060,0,0,3,2
AT3G44620,0,0,3,2
AT3G56860,0,0,3,2
AT5G24840,0,0,3,2
AT5G42470,0,0,3,2
AT5G63420,0,0,3,2
AT1G79850,0,4,2,2
AT3G18740,0,3,2,2
AT4G16830,0,3,2,2
AT5G47910,0,2,2,2
ATCG00660,0,2,2,2
ATMG00510,0,2,2,2
AT1G02690,0,0,2,2
AT1G20140,0,0,2,2
AT1G20440,0,0,2,2
AT1G28400,0,0,2,2
AT1G32550,0,0,2,2
AT1G48520,0,0,2,2
AT1G49040,0,0,2,2
AT1G51390,0,0,2,2
AT1G78060,0,0,2,2
AT2G01520,0,0,2,2
AT2G04630,0,0,2,2
AT2G18510,0,0,2,2
AT3G09680,0,0,2,2
AT3G12600,0,0,2,2
AT3G15680,0,0,2,2
AT3G48750,0,0,2,2
AT3G52750,0,0,2,2
AT5G08170,0,0,2,2
AT5G11040,0,0,2,2
AT5G15230,0,0,2,2
AT5G49980,0,0,2,2
AT5G59300,0,0,2,2
AT5G67030,0,0,2,2
AT3G05060,0,3,0,2
AT4G05410,0,3,0,2
AT5G10170,0,3,0,2
ATCG00470,0,3,0,2
AT1G03600,0,2,0,2
AT2G23930,0,2,0,2
AT2G34040,0,2,0,2
AT3G11500,0,2,0,2
AT3G54660,0,2,0,2
AT3G61440,0,2,0,2
AT4G27640,0,2,0,2
AT5G19485,0,2,0,2
AT5G47690,0,2,0,2
AT5G53480,0,2,0,2
AT5G55070,0,2,0,2
AT1G02800,0,0,0,2
AT1G02890,0,0,0,2
AT1G05560,0,0,0,2
AT1G05620,0,0,0,2
AT1G09760,0,0,0,2
AT1G11360,0,0,0,2
AT1G12240,0,0,0,2
AT1G14840,0,0,0,2
AT1G15810,0,0,0,2
AT1G15870,0,0,0,2
AT1G16080,0,0,0,2
AT1G16890,0,0,0,2
AT1G17890,0,0,0,2
AT1G20910,0,0,0,2
AT1G24764,0,0,0,2
AT1G27150,0,0,0,2
AT1G28060,0,0,0,2
AT1G30480,0,0,0,2
AT1G31730,0,0,0,2
AT1G35250,0,0,0,2
AT1G44970,0,0,0,2
AT1G47200,0,0,0,2
AT1G49970,0,0,0,2
AT1G49975,0,0,0,2
AT1G50500,0,0,0,2
AT1G51680,0,0,0,2
AT1G52380,0,0,0,2
AT1G55150,0,0,0,2
AT1G55810,0,0,0,2
AT1G56330,0,0,0,2
AT1G60000,0,0,0,2
AT1G60780,0,0,0,2
AT1G63460,0,0,0,2
AT1G67930,0,0,0,2
AT1G68060,0,0,0,2
AT1G68260,0,0,0,2
AT1G70410,0,0,0,2
AT1G72340,0,0,0,2
AT1G73630,0,0,0,2
AT1G74310,0,0,0,2
AT1G77122,0,0,0,2
AT1G78670,0,0,0,2
AT1G78820,0,0,0,2
AT1G79260,0,0,0,2
AT2G03550,0,0,0,2
AT2G05830,0,0,0,2
AT2G16950,0,0,0,2
AT2G17200,0,0,0,2
AT2G17265,0,0,0,2
AT2G20280,0,0,0,2
AT2G21790,0,0,0,2
AT2G23090,0,0,0,2
AT2G23120,0,0,0,2
AT2G23600,0,0,0,2
AT2G23820,0,0,0,2
AT2G25870,0,0,0,2
AT2G26670,0,0,0,2
AT2G26890,0,0,0,2
AT2G26930,0,0,0,2
AT2G29340,0,0,0,2
AT2G29360,0,0,0,2
AT2G30410,0,0,0,2
AT2G35240,0,0,0,2
AT2G35500,0,0,0,2
AT2G35780,0,0,0,2
AT2G36130,0,0,0,2
AT2G38710,0,0,0,2
AT2G38730,0,0,0,2
AT2G39390,0,0,0,2
AT2G40030,0,0,0,2
AT2G42130,0,0,0,2
AT2G43760,0,0,0,2
AT2G44200,0,0,0,2
AT3G01480,0,0,0,2
AT3G01540,0,0,0,2
AT3G04820,0,0,0,2
AT3G07880,0,0,0,2
AT3G08770,0,0,0,2
AT3G08943,0,0,0,2
AT3G08947,0,0,0,2
AT3G09500,0,0,0,2
AT3G09890,0,0,0,2
AT3G13060,0,0,0,2
AT3G15090,0,0,0,2
AT3G17880,0,0,0,2
AT3G21060,0,0,0,2
AT3G23920,0,0,0,2
AT3G27060,0,0,0,2
AT3G27440,0,0,0,2
AT3G29090,0,0,0,2
AT3G52200,0,0,0,2
AT3G53020,0,0,0,2
AT3G53560,0,0,0,2
AT3G55140,0,0,0,2
AT3G57050,0,0,0,2
AT3G57810,0,0,0,2
AT3G59400,0,0,0,2
AT3G59920,0,0,0,2
AT3G62410,0,0,0,2
AT3G62560,0,0,0,2
AT4G01400,0,0,0,2
AT4G02080,0,0,0,2
AT4G04210,0,0,0,2
AT4G04770,0,0,0,2
AT4G05530,0,0,0,2
AT4G12290,0,0,0,2
AT4G12960,0,0,0,2
AT4G15410,0,0,0,2
AT4G15900,0,0,0,2
AT4G19710,0,0,0,2
AT4G20760,0,0,0,2
AT4G21110,0,0,0,2
AT4G21670,0,0,0,2
AT4G24550,0,0,0,2
AT4G25720,0,0,0,2
AT4G26510,0,0,0,2
AT4G27060,0,0,0,2
AT4G27500,0,0,0,2
AT4G28706,0,0,0,2
AT4G32915,0,0,0,2
AT4G34230,0,0,0,2
AT4G36360,0,0,0,2
AT4G37040,0,0,0,2
AT4G37980,0,0,0,2
AT5G02280,0,0,0,2
AT5G07460,0,0,0,2
AT5G08320,0,0,0,2
AT5G08380,0,0,0,2
AT5G08410,0,0,0,2
AT5G09700,0,0,0,2
AT5G11450,0,0,0,2
AT5G11490,0,0,0,2
AT5G11680,0,0,0,2
AT5G11720,0,0,0,2
AT5G14530,0,0,0,2
AT5G14610,0,0,0,2
AT5G16400,0,0,0,2
AT5G16970,0,0,0,2
AT5G17710,0,0,0,2
AT5G22300,0,0,0,2
AT5G22620,0,0,0,2
AT5G22800,0,0,0,2
AT5G23120,0,0,0,2
AT5G23310,0,0,0,2
AT5G27380,0,0,0,2
AT5G40950,0,0,0,2
AT5G42100,0,0,0,2
AT5G43070,0,0,0,2
AT5G46630,0,0,0,2
AT5G47590,0,0,0,2
AT5G49970,0,0,0,2
AT5G50580,0,0,0,2
AT5G50680,0,0,0,2
AT5G52560,0,0,0,2
AT5G52960,0,0,0,2
AT5G54500,0,0,0,2
AT5G54940,0,0,0,2
AT5G56130,0,0,0,2
AT5G56900,0,0,0,2
AT5G57020,0,0,0,2
AT5G57950,0,0,0,2
AT5G60540,0,0,0,2
AT5G63620,0,0,0,2
AT5G65460,0,0,0,2
AT5G66090,0,0,0,2
AT2G17390,9,4,2,3
AT4G02520,9,0,0,3
AT3G06720,7,8,13,3
AT1G04530,7,5,9,3
AT1G07140,6,6,6,3
AT3G56130,6,3,3,3
AT5G59810,6,2,0,3
AT3G57560,5,3,6,3
AT2G39840,5,5,5,3
AT5G20920,5,4,5,3
AT2G45540,5,4,4,3
AT2G45300,5,6,3,3
AT1G34760,5,4,3,3
AT1G13690,5,2,3,3
AT4G08900,5,2,3,3
AT2G29630,5,3,2,3
AT1G66430,5,2,0,3
AT3G22200,5,0,0,3
AT3G50670,4,17,14,3
AT5G64760,4,2,8,3
AT1G69960,4,5,5,3
AT1G09020,4,2,5,3
AT3G18580,4,2,5,3
AT5G38640,4,0,5,3
AT1G35780,4,4,4,3
AT5G28850,4,3,4,3
AT5G28900,4,3,4,3
AT1G01080,4,2,4,3
AT3G17020,4,0,4,3
AT3G19770,4,0,4,3
AT3G22320,4,0,4,3
ATCG00800,4,4,3,3
AT2G43550,4,3,3,3
AT1G60810,4,2,3,3
AT5G13930,4,2,3,3
AT1G12470,4,0,3,3
AT1G14320,4,0,3,3
AT3G47070,4,0,3,3
AT5G13480,4,0,3,3
AT5G51110,4,4,2,3
ATCG00780,4,3,2,3
AT1G56700,4,2,2,3
AT5G12140,4,2,2,3
AT1G48900,4,0,2,3
AT2G19760,4,0,2,3
AT5G21060,4,0,2,3
AT1G70820,4,5,0,3
AT4G08870,4,4,0,3
AT3G58730,4,2,0,3
AT1G66240,4,0,0,3
AT4G27090,4,0,0,3
AT4G29510,3,4,9,3
AT1G73720,3,0,7,3
AT4G02290,3,0,7,3
AT3G04470,3,5,5,3
AT4G26720,3,4,5,3
AT2G44530,3,3,5,3
AT4G02770,3,7,4,3
AT1G03130,3,6,4,3
AT5G55260,3,4,4,3
AT2G41430,3,3,4,3
AT1G51510,3,2,4,3
AT2G47450,3,2,4,3
AT1G69940,3,0,4,3
AT3G15290,3,0,4,3
AT3G56460,3,3,3,3
AT3G59890,3,3,3,3
AT1G32990,3,2,3,3
AT2G47960,3,2,3,3
AT3G07300,3,2,3,3
AT4G33400,3,2,3,3
AT5G03470,3,0,3,3
AT1G21600,3,4,2,3
AT2G35370,3,4,2,3
AT1G20580,3,3,2,3
AT4G27440,3,3,2,3
AT5G41520,3,3,2,3
AT1G60900,3,2,2,3
AT1G63940,3,2,2,3
AT1G80600,3,2,2,3
AT2G03680,3,2,2,3
AT5G60360,3,2,2,3
AT1G50110,3,0,2,3
AT1G80360,3,0,2,3
AT2G33410,3,0,2,3
AT3G26380,3,0,2,3
AT4G11600,3,0,2,3
AT5G11880,3,0,2,3
AT5G51980,3,0,2,3
AT5G16570,3,3,0,3
AT3G42660,3,2,0,3
AT5G42740,3,2,0,3
AT1G26230,3,0,0,3
AT1G49670,3,0,0,3
AT1G51710,3,0,0,3
AT1G66850,3,0,0,3
AT1G68300,3,0,0,3
AT2G22230,3,0,0,3
AT2G35010,3,0,0,3
AT3G06730,3,0,0,3
AT3G27530,3,0,0,3
AT5G61060,3,0,0,3
AT4G04640,2,3,9,3
AT1G49540,2,2,6,3
AT5G05990,2,3,5,3
AT5G47010,2,4,4,3
ATCG00820,2,4,4,3
AT1G48920,2,3,4,3
AT3G17170,2,3,4,3
AT4G00660,2,3,4,3
AT2G33430,2,0,4,3
AT2G34640,2,3,3,3
AT4G15802,2,3,3,3
AT2G39795,2,2,3,3
AT4G16500,2,2,3,3
AT3G20970,2,0,3,3
AT3G28500,2,0,3,3
AT4G17530,2,0,3,3
AT4G24490,2,0,3,3
AT4G32930,2,0,3,3
AT5G37720,2,0,3,3
AT1G05720,2,4,2,3
AT3G15660,2,4,2,3
AT3G17820,2,4,2,3
AT2G43030,2,3,2,3
AT1G07360,2,2,2,3
AT3G24430,2,2,2,3
AT4G00270,2,2,2,3
AT4G03520,2,2,2,3
AT4G08520,2,2,2,3
AT4G14110,2,2,2,3
AT4G30220,2,2,2,3
AT4G35650,2,2,2,3
AT5G11900,2,2,2,3
AT5G13680,2,2,2,3
AT1G01300,2,0,2,3
AT1G15340,2,0,2,3
AT1G30530,2,0,2,3
AT1G47550,2,0,2,3
AT1G56340,2,0,2,3
AT1G56580,2,0,2,3
AT2G45600,2,0,2,3
AT3G19590,2,0,2,3
AT3G56190,2,0,2,3
AT3G59290,2,0,2,3
AT4G23900,2,0,2,3
AT4G39520,2,0,2,3
AT4G02570,2,5,0,3
AT1G03310,2,2,0,3
AT1G33680,2,2,0,3
AT2G22400,2,2,0,3
AT2G37020,2,2,0,3
AT3G53460,2,2,0,3
AT3G54090,2,2,0,3
AT4G09040,2,2,0,3
AT1G05180,2,0,0,3
AT1G06550,2,0,0,3
AT1G09130,2,0,0,3
AT1G11750,2,0,0,3
AT1G16970,2,0,0,3
AT1G43710,2,0,0,3
AT1G56110,2,0,0,3
AT2G03440,2,0,0,3
AT2G16485,2,0,0,3
AT2G20270,2,0,0,3
AT2G22480,2,0,0,3
AT2G28680,2,0,0,3
AT3G04880,2,0,0,3
AT3G10740,2,0,0,3
AT3G18890,2,0,0,3
AT3G19450,2,0,0,3
AT4G01610,2,0,0,3
AT4G01897,2,0,0,3
AT4G02620,2,0,0,3
AT4G32180,2,0,0,3
AT4G38710,2,0,0,3
AT5G04590,2,0,0,3
AT5G08370,2,0,0,3
AT5G37830,2,0,0,3
AT5G40870,2,0,0,3
AT5G50870,2,0,0,3
AT2G38660,0,0,5,3
AT2G29400,0,4,4,3
AT3G45640,0,2,4,3
ATCG00740,0,2,4,3
AT5G55280,0,0,4,3
AT3G10090,0,4,3,3
AT4G17100,0,4,3,3
AT5G03850,0,4,3,3
AT3G07590,0,3,3,3
AT1G17210,0,2,3,3
AT4G15545,0,2,3,3
ATCG00750,0,2,3,3
AT1G11660,0,0,3,3
AT1G20370,0,0,3,3
AT2G25950,0,0,3,3
AT3G01980,0,0,3,3
AT3G23830,0,0,3,3
AT3G25800,0,0,3,3
AT3G26420,0,0,3,3
AT4G28730,0,3,2,3
AT3G14120,0,2,2,3
AT3G55590,0,2,2,3
AT1G06130,0,0,2,3
AT1G09210,0,0,2,3
AT1G29990,0,0,2,3
AT1G43670,0,0,2,3
AT1G76450,0,0,2,3
AT2G33730,0,0,2,3
AT2G47400,0,0,2,3
AT3G21200,0,0,2,3
AT3G46460,0,0,2,3
AT3G53740,0,0,2,3
AT3G54250,0,0,2,3
AT5G02960,0,0,2,3
AT5G19140,0,0,2,3
AT5G40200,0,0,2,3
AT4G02060,0,3,0,3
AT1G52670,0,2,0,3
AT1G68890,0,2,0,3
AT2G10940,0,2,0,3
AT2G27100,0,2,0,3
AT3G07630,0,2,0,3
AT4G03210,0,2,0,3
AT4G17870,0,2,0,3
AT5G46790,0,2,0,3
AT5G60600,0,2,0,3
AT1G02305,0,0,0,3
AT1G03900,0,0,0,3
AT1G04130,0,0,0,3
AT1G06570,0,0,0,3
AT1G09590,0,0,0,3
AT1G09690,0,0,0,3
AT1G15140,0,0,0,3
AT1G29670,0,0,0,3
AT1G30330,0,0,0,3
AT1G45145,0,0,0,3
AT1G49660,0,0,0,3
AT1G57660,0,0,0,3
AT1G57860,0,0,0,3
AT1G63770,0,0,0,3
AT1G76860,0,0,0,3
AT2G14880,0,0,0,3
AT2G20340,0,0,0,3
AT2G27710,0,0,0,3
AT2G27720,0,0,0,3
AT2G32700,0,0,0,3
AT2G34590,0,0,0,3
AT2G36360,0,0,0,3
AT2G37760,0,0,0,3
AT2G42885,0,0,0,3
AT2G46580,0,0,0,3
AT3G02560,0,0,0,3
AT3G05600,0,0,0,3
AT3G12670,0,0,0,3
AT3G14600,0,0,0,3
AT3G15360,0,0,0,3
AT3G22990,0,0,0,3
AT3G48860,0,0,0,3
AT3G53970,0,0,0,3
AT3G63190,0,0,0,3
AT4G03080,0,0,0,3
AT4G11260,0,0,0,3
AT4G14080,0,0,0,3
AT4G30530,0,0,0,3
AT4G32605,0,0,0,3
AT4G34260,0,0,0,3
AT4G39800,0,0,0,3
AT5G06460,0,0,0,3
AT5G11810,0,0,0,3
AT5G13980,0,0,0,3
AT5G16280,0,0,0,3
AT5G19350,0,0,0,3
AT5G20500,0,0,0,3
AT5G23420,0,0,0,3
AT5G24260,0,0,0,3
AT5G27450,0,0,0,3
AT5G51430,0,0,0,3
AT5G53350,0,0,0,3
AT5G55530,0,0,0,3
AT5G61410,0,0,0,3
AT5G66720,0,0,0,3
AT1G24800,10,3,5,4
AT1G24881,10,3,5,4
AT1G25055,10,3,5,4
AT1G25150,10,3,5,4
AT1G25211,10,3,5,4
AT4G25130,8,8,10,4
AT5G42190,8,8,9,4
AT3G12800,7,8,6,4
AT5G39500,7,4,3,4
AT1G12570,7,3,3,4
AT2G43160,7,0,3,4
AT1G04190,7,0,0,4
AT5G63680,7,0,0,4
AT4G11380,6,3,5,4
AT2G30060,6,0,5,4
AT2G21060,6,6,3,4
AT1G17100,6,3,3,4
AT3G24503,6,2,3,4
AT3G18790,6,0,2,4
AT5G54960,5,4,8,4
AT1G06680,5,6,6,4
AT1G75950,5,5,6,4
AT1G09770,5,2,6,4
AT4G03280,5,6,5,4
AT1G07320,5,5,5,4
AT3G12490,5,5,5,4
AT3G02930,5,0,5,4
AT5G18380,5,6,4,4
AT1G79230,5,4,4,4
AT1G24360,5,3,4,4
AT4G30920,5,0,4,4
AT4G37210,5,0,4,4
AT3G19760,5,4,3,4
AT1G78370,5,2,3,4
AT1G48850,5,0,3,4
AT5G56260,5,0,3,4
AT1G02090,5,2,2,4
AT1G02780,5,2,2,4
AT1G27970,5,2,2,4
AT1G12230,5,0,2,4
AT5G57460,5,0,2,4
AT1G53580,5,3,0,4
AT1G59830,4,6,6,4
AT1G17370,4,4,6,4
AT1G26570,4,4,6,4
AT3G13580,4,5,5,4
AT1G14650,4,4,5,4
AT4G29590,4,3,5,4
AT3G10220,4,0,5,4
ATCG01060,4,8,4,4
AT3G15000,4,6,4,4
AT1G04510,4,4,4,4
AT2G04520,4,4,4,4
AT2G14120,4,4,4,4
AT5G35680,4,4,4,4
AT4G25740,4,2,4,4
AT4G36940,4,2,4,4
AT5G15520,4,2,4,4
AT3G52560,4,0,4,4
AT2G33800,4,5,3,4
AT5G55670,4,5,3,4
AT2G43360,4,4,3,4
AT5G04740,4,4,3,4
AT2G29310,4,3,3,4
AT4G10480,4,3,3,4
AT4G13850,4,3,3,4
AT1G10670,4,2,3,4
AT2G42740,4,4,2,4
AT3G58700,4,4,2,4
AT4G18730,4,4,2,4
AT5G45775,4,4,2,4
AT4G39960,4,2,2,4
AT5G35430,4,2,2,4
AT5G51100,4,2,2,4
AT1G08830,4,0,2,4
AT4G14040,4,0,2,4
AT4G16155,4,5,0,4
AT4G27520,4,4,0,4
AT2G30870,4,3,0,4
AT1G60420,3,6,8,4
AT5G11670,3,4,7,4
AT1G44835,3,4,6,4
AT5G60210,3,0,6,4
AT1G54080,3,4,5,4
AT1G48160,3,3,5,4
AT4G03020,3,3,5,4
AT5G15530,3,2,5,4
AT2G03750,3,4,4,4
AT3G25050,3,4,4,4
AT3G50500,3,4,4,4
AT5G40760,3,4,4,4
AT1G07770,3,3,4,4
AT3G18490,3,3,4,4
AT5G59850,3,3,4,4
AT5G56280,3,2,4,4
AT3G63250,3,0,4,4
AT5G07410,3,0,4,4
AT5G54430,3,0,4,4
AT1G63660,3,4,3,4
AT5G24770,3,4,3,4
AT2G43520,3,3,3,4
AT5G04280,3,3,3,4
AT5G16510,3,3,3,4
AT2G21580,3,2,3,4
AT3G05590,3,2,3,4
AT3G08780,3,0,3,4
AT3G11770,3,0,3,4
AT4G34555,3,0,3,4
AT5G27410,3,0,3,4
AT4G14890,3,5,2,4
AT1G72150,3,4,2,4
AT5G23940,3,3,2,4
AT1G06030,3,2,2,4
AT1G23290,3,2,2,4
AT1G70600,3,2,2,4
AT1G75350,3,2,2,4
AT3G60370,3,2,2,4
AT1G02560,3,0,2,4
AT1G48050,3,0,2,4
AT3G03630,3,0,2,4
AT3G29185,3,0,2,4
AT4G24220,3,0,2,4
AT5G10160,3,0,2,4
AT3G49660,3,2,0,4
AT1G60850,3,0,0,4
AT2G06050,3,0,0,4
AT3G02630,3,0,0,4
AT3G54440,3,0,0,4
AT5G21150,3,0,0,4
AT2G43790,2,4,11,4
AT3G03950,2,3,5,4
AT3G28760,2,2,5,4
AT5G20070,2,2,5,4
AT4G29010,2,2,4,4
AT4G27320,2,0,4,4
AT5G27770,2,0,4,4
AT2G47640,2,4,3,4
AT3G62840,2,4,3,4
AT5G28500,2,3,3,4
ATCG00790,2,3,3,4
AT1G13320,2,2,3,4
AT1G71730,2,2,3,4
AT1G77510,2,2,3,4
AT3G20390,2,2,3,4
AT5G52650,2,2,3,4
AT3G05560,2,0,3,4
AT4G18240,2,0,3,4
AT5G07440,2,0,3,4
AT5G10010,2,0,3,4
AT5G58240,2,0,3,4
AT5G64130,2,0,3,4
AT5G66030,2,0,3,4
AT5G04230,2,2,2,4
AT5G38470,2,2,2,4
AT1G14000,2,0,2,4
AT1G25490,2,0,2,4
AT2G36250,2,0,2,4
AT3G56240,2,0,2,4
AT3G02360,2,2,0,4
AT3G10380,2,2,0,4
AT1G09010,2,0,0,4
AT1G29940,2,0,0,4
AT1G35310,2,0,0,4
AT1G75660,2,0,0,4
AT2G30170,2,0,0,4
AT2G42810,2,0,0,4
AT3G61540,2,0,0,4
AT4G13780,2,0,0,4
AT4G18060,2,0,0,4
AT4G29340,2,0,0,4
AT4G39280,2,0,0,4
AT5G19820,2,0,0,4
AT5G63980,2,0,0,4
AT1G79340,0,3,5,4
AT1G32580,0,0,4,4
AT5G04360,0,0,4,4
AT5G64050,0,2,3,4
AT1G08980,0,0,3,4
AT1G20540,0,0,3,4
AT2G07690,0,0,3,4
AT3G25150,0,0,3,4
AT3G55290,0,0,3,4
AT4G29720,0,0,3,4
AT5G16780,0,0,3,4
AT5G47870,0,0,3,4
AT4G02510,0,3,2,4
AT1G47900,0,0,2,4
AT3G01640,0,0,2,4
AT3G48690,0,0,2,4
AT2G16440,0,2,0,4
AT2G27820,0,2,0,4
AT5G20630,0,2,0,4
AT1G03230,0,0,0,4
AT1G08420,0,0,0,4
AT1G25350,0,0,0,4
AT1G64190,0,0,0,4
AT1G72970,0,0,0,4
AT2G20330,0,0,0,4
AT3G26450,0,0,0,4
AT3G55010,0,0,0,4
AT3G55430,0,0,0,4
AT4G16760,0,0,0,4
AT5G17380,0,0,0,4
AT5G44720,0,0,0,4
AT5G47880,0,0,0,4
AT3G26340,12,9,8,5
AT3G03710,10,6,7,5
AT5G55220,10,4,5,5
AT2G40300,9,7,7,5
AT1G26110,8,8,9,5
AT4G34850,8,5,8,5
AT5G39740,8,7,4,5
AT4G16720,8,6,4,5
AT4G17390,8,6,4,5
AT3G60300,7,5,6,5
AT4G24510,7,3,6,5
AT3G25860,7,9,5,5
AT1G65150,7,2,4,5
AT4G23100,7,2,3,5
AT5G43830,7,3,2,5
AT2G16940,6,7,12,5
AT5G59950,6,5,8,5
AT4G20440,6,9,6,5
AT5G44500,6,9,6,5
AT3G47650,6,6,5,5
AT3G58140,6,6,5,5
AT3G16170,6,5,5,5
AT4G11150,6,5,5,5
AT3G27830,6,4,5,5
AT3G27850,6,4,5,5
AT3G49910,6,4,5,5
AT1G31160,6,3,5,5
AT2G44040,6,3,5,5
AT4G17330,6,0,5,5
AT5G41950,6,4,4,5
AT1G49600,6,2,4,5
AT3G55620,6,2,3,5
AT5G09660,6,0,3,5
AT5G58590,6,0,3,5
AT5G66530,6,0,3,5
AT2G27600,6,8,2,5
AT5G14170,6,4,2,5
AT4G34430,6,0,2,5
AT3G58570,5,8,8,5
AT3G63095,5,8,8,5
AT4G16060,5,5,8,5
AT2G04842,5,9,7,5
AT5G28060,5,4,7,5
AT4G17520,5,8,6,5
AT2G44120,5,6,6,5
AT3G49010,5,4,6,5
AT4G35460,5,4,6,5
AT2G19570,5,3,6,5
AT4G34870,5,6,5,5
AT3G16520,5,5,5,5
AT3G25920,5,3,5,5
ATCG00380,5,5,4,5
AT3G04920,5,4,4,5
AT3G10610,5,4,4,5
AT2G18040,5,2,4,5
AT2G34470,5,2,4,5
AT3G07030,5,5,3,5
AT1G74970,5,4,3,5
AT5G16130,5,3,3,5
AT1G76080,5,2,3,5
AT5G27850,5,2,3,5
AT1G18540,5,0,3,5
AT5G13780,5,0,3,5
AT2G34480,5,3,2,5
AT1G06260,5,0,2,5
AT2G14170,5,0,2,5
ATCG00170,5,3,0,5
AT1G09830,5,0,0,5
AT1G74040,4,8,10,5
AT5G59160,4,5,10,5
AT2G32060,4,5,6,5
AT5G02530,4,5,6,5
AT3G10340,4,3,6,5
AT5G61170,4,3,6,5
AT5G24780,4,7,5,5
AT3G02080,4,2,5,5
AT5G19370,4,5,4,5
AT2G04690,4,3,4,5
AT3G04790,4,3,4,5
AT1G24050,4,2,4,5
AT2G23420,4,2,4,5
AT3G51240,4,2,4,5
AT2G29690,4,0,4,5
AT1G22410,4,6,3,5
AT1G04480,4,5,3,5
AT2G33370,4,5,3,5
AT3G04400,4,5,3,5
AT3G04610,4,4,3,5
AT5G60980,4,4,3,5
AT1G06020,4,2,3,5
AT4G35260,4,2,3,5
AT4G10840,4,0,3,5
AT4G24620,4,0,3,5
AT4G24830,4,4,2,5
AT1G32440,4,0,2,5
AT5G08100,4,0,2,5
AT4G25630,4,3,0,5
AT5G52470,4,3,0,5
AT1G31230,4,0,0,5
AT5G13420,4,0,0,5
AT5G14260,4,0,0,5
AT3G23700,3,5,6,5
AT3G63490,3,5,6,5
AT2G31570,3,3,6,5
AT4G39660,3,2,6,5
AT5G35980,3,2,6,5
AT5G04710,3,4,5,5
AT1G10200,3,3,5,5
AT4G36020,3,3,5,5
AT4G28980,3,0,5,5
AT1G79550,3,5,4,5
AT3G56340,3,4,4,5
AT4G22240,3,3,4,5
AT1G21440,3,2,4,5
AT5G23740,3,2,4,5
AT1G43690,3,0,4,5
AT3G14930,3,0,4,5
AT2G20890,3,4,3,5
AT4G34200,3,3,3,5
AT1G63680,3,2,3,5
AT3G12290,3,2,3,5
AT5G48480,3,2,3,5
AT1G04710,3,0,3,5
AT1G32500,3,0,3,5
AT1G78380,3,0,3,5
AT2G36060,3,0,3,5
AT5G58330,3,5,2,5
AT1G30680,3,3,2,5
AT2G01690,3,3,2,5
AT2G21260,3,3,2,5
AT4G12880,3,2,2,5
AT1G53670,3,0,2,5
AT2G36390,3,0,2,5
AT3G05000,3,0,2,5
AT3G17940,3,0,2,5
AT3G59480,3,0,2,5
AT4G20130,3,2,0,5
AT1G07750,3,0,0,5
AT1G17650,3,0,0,5
AT3G04940,3,0,0,5
AT5G57850,3,0,0,5
AT2G13540,2,8,11,5
AT3G54470,2,2,6,5
AT1G06410,2,3,5,5
AT5G36700,2,5,4,5
AT5G36790,2,5,4,5
AT2G40510,2,4,4,5
AT2G17280,2,0,4,5
AT3G02770,2,0,4,5
AT5G16450,2,0,4,5
AT5G65010,2,0,4,5
AT5G26570,2,4,3,5
AT1G73600,2,3,3,5
AT2G25280,2,2,3,5
AT5G51970,2,2,3,5
AT1G16340,2,0,3,5
AT1G71860,2,0,3,5
AT2G16570,2,0,3,5
AT2G44050,2,0,3,5
AT3G59760,2,0,3,5
AT5G64350,2,5,2,5
AT3G54400,2,3,2,5
AT1G35670,2,0,2,5
AT1G50670,2,0,2,5
AT3G50590,2,0,2,5
AT4G19410,2,0,2,5
AT5G10470,2,0,2,5
AT5G17560,2,2,0,5
AT1G47710,2,0,0,5
AT5G19220,2,0,0,5
AT5G38830,2,0,0,5
AT5G52820,2,0,0,5
AT2G40590,0,4,4,5
AT2G39770,0,2,4,5
AT5G65950,0,2,4,5
AT5G46280,0,0,3,5
AT2G27460,0,0,2,5
AT3G13750,0,0,2,5
AT4G00620,0,0,2,5
AT5G65690,0,0,2,5
AT3G11710,0,2,0,5
AT5G10540,0,0,0,5
AT1G65010,14,6,7,6
AT3G04840,11,9,5,6
AT3G45030,10,9,9,6
AT4G38740,10,10,5,6
AT4G29350,10,0,3,6
AT5G24710,9,2,5,6
AT2G21130,9,5,3,6
AT2G17420,8,8,10,6
AT5G35530,8,6,8,6
AT2G34970,8,5,8,6
AT2G05120,8,8,7,6
AT5G14250,8,6,7,6
AT2G01250,8,7,5,6
AT3G27430,8,5,5,6
AT3G25520,8,9,3,6
AT4G34670,8,6,3,6
AT2G03640,8,2,3,6
AT4G13400,7,7,10,6
AT1G74470,7,8,8,6
ATCG00900,7,7,6,6
ATCG01240,7,7,6,6
AT1G09310,7,3,6,6
AT1G14410,7,6,5,6
AT1G79830,7,3,5,6
AT5G16710,7,3,5,6
AT5G23140,7,2,5,6
AT3G15610,7,2,3,6
AT1G15470,7,0,2,6
AT2G47390,7,3,0,6
AT2G13560,6,11,10,6
AT1G15930,6,7,8,6
AT5G22330,6,6,8,6
AT5G55230,6,3,7,6
AT3G14100,6,8,6,6
AT5G40580,6,5,6,6
AT3G07100,6,4,6,6
AT5G54900,6,4,6,6
AT5G56350,6,4,6,6
AT1G29350,6,6,5,6
AT1G29370,6,6,5,6
AT1G61150,6,5,5,6
AT1G18070,6,3,5,6
AT5G10920,6,2,5,6
AT3G57610,6,6,4,6
AT2G18790,6,5,4,6
AT5G54770,6,5,4,6
AT2G21170,6,4,4,6
AT1G12780,5,3,8,6
AT4G20980,5,9,7,6
AT4G17190,5,6,5,6
AT5G64040,5,6,5,6
AT4G36130,5,4,5,6
AT3G16410,5,0,5,6
AT5G15610,5,5,4,6
AT5G54750,5,5,4,6
AT2G04390,5,4,4,6
AT2G05220,5,4,4,6
AT5G04800,5,4,4,6
AT1G67280,5,3,4,6
AT4G14680,5,3,4,6
AT3G55020,5,2,4,6
AT2G30970,5,5,3,6
AT3G08030,5,2,3,6
AT3G51840,5,2,3,6
AT5G43780,5,2,3,6
AT3G63140,5,6,2,6
AT2G07360,5,2,2,6
AT3G24170,5,0,2,6
AT4G32640,5,0,0,6
AT1G16350,4,6,9,6
AT5G62930,4,5,6,6
AT3G06050,4,4,6,6
AT1G79470,4,3,6,6
AT3G20820,4,3,6,6
AT4G09670,4,0,6,6
AT3G48730,4,6,5,6
AT5G63570,4,4,5,6
AT1G73380,4,2,5,6
AT3G59990,4,2,5,6
AT1G69250,4,0,5,6
AT3G06580,4,0,5,6
AT4G34030,4,0,5,6
AT5G10240,4,4,4,6
AT1G10370,4,3,4,6
AT2G25970,4,0,4,6
AT1G48030,4,3,3,6
AT4G22670,4,3,3,6
AT1G12920,4,2,3,6
AT1G63000,4,2,3,6
AT3G23660,4,2,3,6
AT1G03630,4,8,2,6
AT2G37190,4,5,2,6
AT3G53430,4,5,2,6
ATCG00180,4,3,2,6
AT5G18100,4,0,2,6
AT4G09570,4,0,0,6
AT3G29410,3,7,11,6
AT1G02050,3,3,8,6
AT1G48420,3,2,8,6
AT1G21720,3,3,6,6
AT2G24490,3,3,5,6
ATCG00830,3,6,4,6
ATCG01310,3,6,4,6
AT5G46420,3,3,4,6
AT1G62380,3,2,3,6
AT1G79870,3,0,3,6
AT5G61580,3,0,3,6
ATCG00190,3,4,2,6
AT1G12270,3,3,2,6
AT3G04260,3,2,2,6
AT3G18860,3,0,0,6
AT3G61220,3,0,0,6
AT4G33510,3,0,0,6
AT5G63860,3,0,0,6
AT4G18905,2,7,6,6
AT3G49250,2,3,5,6
AT4G29220,2,0,5,6
AT4G34740,2,2,4,6
AT1G79500,2,0,4,6
AT3G53900,2,0,4,6
AT3G62030,2,0,4,6
AT5G44635,2,5,2,6
AT3G55400,2,0,0,6
AT5G19440,0,0,3,6
AT1G13930,0,0,0,6
AT3G06350,0,0,0,6
AT2G42100,16,9,5,7
AT4G03190,15,7,9,7
AT5G12110,14,14,8,7
AT3G04620,14,13,5,7
AT4G18040,12,12,11,7
AT1G13060,12,8,9,7
AT4G16340,12,9,7,7
AT2G17870,11,2,7,7
AT4G00570,10,15,20,7
AT3G54760,10,13,10,7
AT5G65720,10,6,10,7
AT5G06290,10,8,9,7
AT5G24520,9,9,13,7
AT1G20760,9,11,11,7
AT4G35450,9,5,6,7
AT5G49020,9,5,6,7
AT1G78680,9,0,4,7
AT3G11400,8,10,15,7
AT5G39570,8,6,10,7
AT5G22060,8,8,8,7
AT5G43060,8,7,8,7
AT2G45240,8,4,7,7
AT3G13930,8,6,6,7
AT5G53850,8,2,6,7
AT3G52880,8,8,5,7
AT4G19210,8,2,5,7
AT5G48375,8,4,3,7
AT3G13300,8,0,2,7
AT3G61240,7,3,10,7
AT2G28760,7,5,7,7
AT1G79530,7,5,6,7
AT2G28190,7,8,5,7
AT4G31700,7,6,5,7
AT2G47730,7,5,5,7
AT1G17290,7,0,5,7
AT5G13650,7,9,4,7
AT3G60770,7,5,4,7
AT4G32720,7,4,4,7
AT4G32840,7,3,4,7
AT2G24940,7,5,3,7
AT4G24130,7,3,3,7
AT1G62740,7,4,0,7
AT1G22780,6,7,7,7
AT1G34030,6,7,7,7
AT4G09800,6,7,7,7
AT3G52960,6,4,7,7
AT4G19006,6,4,7,7
AT5G04430,6,3,7,7
AT1G24020,6,6,6,7
AT2G16780,6,6,6,7
AT3G51800,6,5,5,7
AT5G22510,6,3,5,7
AT5G40370,6,3,5,7
AT2G05710,6,5,4,7
AT2G35020,6,4,3,7
AT2G37220,6,3,3,7
AT3G54670,6,0,2,7
AT2G20610,6,0,0,7
AT1G20220,5,4,9,7
AT3G53110,5,5,8,7
AT1G79440,5,5,7,7
AT5G67360,5,5,7,7
AT1G58380,5,4,7,7
AT1G58684,5,4,7,7
AT1G58983,5,4,7,7
AT1G59359,5,4,7,7
AT3G21110,5,4,6,7
AT5G09390,5,4,6,7
AT2G07698,5,6,5,7
ATMG01190,5,6,5,7
AT4G21650,5,4,5,7
AT4G26900,5,2,5,7
AT3G02780,5,5,4,7
AT1G50480,5,2,4,7
AT2G43710,5,2,3,7
AT3G16050,5,2,3,7
AT4G34215,5,0,3,7
AT1G74050,5,3,2,7
AT3G46000,5,3,2,7
AT1G07450,5,0,2,7
AT3G06860,5,0,2,7
AT1G74060,5,3,0,7
AT3G57660,5,0,0,7
AT1G11650,4,4,9,7
AT4G29830,4,2,5,7
AT1G66200,4,4,4,7
AT3G52580,4,4,4,7
AT5G46290,4,3,4,7
AT5G28050,4,2,3,7
AT5G59420,4,0,2,7
AT5G64570,4,0,2,7
AT4G33580,4,3,0,7
AT5G14320,3,4,7,7
AT4G23680,3,3,6,7
AT3G10690,3,5,4,7
AT3G12050,3,5,4,7
AT2G25080,3,4,4,7
AT5G26667,3,0,4,7
AT5G24400,3,3,3,7
AT5G37600,3,3,3,7
AT1G12840,3,0,3,7
AT2G28470,3,0,3,7
AT3G01310,3,0,3,7
AT5G03290,2,5,6,7
AT1G04690,2,0,5,7
AT1G52340,2,0,3,7
AT2G02160,2,3,2,7
AT1G01960,2,0,2,7
AT2G41500,2,0,0,7
AT5G24300,2,0,0,7
AT3G52180,0,5,7,7
AT5G23880,0,0,5,7
AT5G60100,11,15,20,8
AT3G44110,11,11,10,8
AT3G52150,11,9,8,8
AT1G18210,11,8,8,8
AT1G23740,11,6,7,8
AT2G19070,10,9,10,8
AT3G14240,10,13,8,8
AT3G47370,10,7,8,8
AT4G21580,10,0,4,8
AT3G07770,10,5,3,8
AT5G20280,9,9,12,8
AT2G42520,9,8,11,8
AT1G12520,9,7,10,8
AT2G47470,9,7,8,8
AT5G48230,9,4,8,8
AT3G16640,9,9,7,8
AT1G53240,9,9,6,8
AT4G21860,9,6,5,8
AT5G08640,9,6,5,8
AT4G04910,9,5,4,8
AT1G18270,9,2,4,8
AT1G21630,8,8,14,8
AT5G63110,8,11,11,8
AT5G05010,8,8,10,8
AT2G18020,8,9,9,8
AT3G58110,8,6,8,8
AT2G38270,8,7,7,8
AT1G23820,8,3,7,8
AT2G43750,8,5,6,8
AT5G20990,8,3,6,8
AT5G54160,8,4,5,8
AT3G14415,8,4,3,8
AT4G33250,7,13,11,8
AT5G06850,7,9,9,8
AT4G14160,7,3,9,8
AT2G42590,7,6,8,8
AT5G45620,7,6,7,8
AT3G06930,7,5,7,8
AT3G46440,7,5,7,8
AT5G48180,7,2,7,8
AT5G58470,7,7,6,8
AT1G80460,7,3,6,8
AT3G14310,7,3,6,8
AT1G12050,7,2,6,8
AT4G34490,7,0,6,8
AT1G11910,7,5,5,8
AT1G12000,7,5,5,8
AT5G50950,7,4,5,8
AT4G00100,7,5,4,8
AT1G60200,7,3,4,8
AT1G48860,7,6,3,8
AT2G02740,7,6,3,8
AT2G21250,7,4,2,8
AT5G50850,6,7,10,8
AT5G60790,6,4,10,8
AT1G52040,6,7,9,8
AT1G80480,6,7,8,8
AT1G13270,6,5,8,8
AT2G39990,6,10,7,8
AT5G02870,6,6,6,8
AT3G53580,6,5,6,8
AT5G44320,6,7,5,8
AT2G26060,6,5,5,8
AT3G16400,6,0,5,8
AT3G11510,6,5,4,8
AT2G36160,6,4,4,8
AT1G11840,6,3,4,8
AT2G47610,6,3,4,8
AT2G22250,6,0,2,8
AT1G13280,5,5,9,8
AT5G63890,5,5,8,8
AT3G50820,5,7,7,8
AT2G45810,5,3,7,8
AT1G17745,5,3,6,8
AT5G54440,5,3,6,8
AT5G05780,5,6,5,8
AT4G22930,5,0,5,8
AT3G62870,5,3,4,8
AT4G35830,5,2,4,8
AT5G27470,5,4,3,8
AT1G64980,5,0,2,8
AT1G10630,4,4,9,8
AT1G23490,4,4,9,8
AT1G70490,4,4,9,8
AT2G47170,4,4,9,8
AT3G62290,4,4,9,8
AT5G14670,4,4,9,8
AT3G54050,4,7,8,8
AT5G16715,4,6,6,8
AT2G38700,4,3,4,8
AT1G31070,4,4,3,8
AT3G48930,3,3,7,8
AT4G39860,3,3,6,8
AT3G57890,3,3,3,8
AT1G76680,3,0,3,8
AT3G44340,2,0,4,8
AT2G17410,2,5,3,8
AT4G11820,2,3,3,8
AT3G11630,17,14,12,9
AT1G76010,17,7,11,9
AT4G13930,13,6,9,9
AT3G49680,13,5,8,9
AT5G65430,12,8,8,9
AT4G16143,11,19,23,9
AT3G62530,11,7,11,9
AT3G02200,11,11,9,9
AT2G33340,11,9,9,9
AT1G62390,11,4,8,9
AT5G24420,10,4,11,9
AT1G30630,10,8,9,9
AT3G14210,10,8,9,9
AT3G22630,10,7,7,9
AT2G43090,10,6,7,9
AT3G53870,10,6,7,9
AT3G61140,10,6,7,9
AT3G02760,10,2,5,9
AT5G56630,9,2,14,9
AT3G03570,9,7,12,9
ATCG00120,9,16,9,9
AT1G33120,9,5,5,9
AT1G33140,9,5,5,9
AT1G72550,9,4,5,9
AT1G52410,9,0,5,9
AT2G22125,9,6,4,9
AT5G58230,8,8,13,9
AT5G48880,8,10,12,9
AT5G66760,8,9,12,9
AT2G06850,8,9,10,9
AT1G21750,8,8,10,9
AT5G09900,8,4,10,9
AT1G71840,8,8,9,9
AT5G22770,8,7,9,9
AT5G51660,8,5,9,9
AT4G09020,8,5,7,9
AT2G15430,8,7,6,9
AT5G57870,8,4,6,9
AT3G21750,8,4,5,9
AT1G21540,8,4,4,9
AT4G26270,7,2,14,9
AT4G14716,7,2,10,9
AT5G35790,7,6,9,9
AT3G15190,7,9,8,9
AT5G26742,7,7,7,9
AT2G32080,7,6,7,9
AT5G13030,7,6,7,9
AT2G41840,7,5,7,9
AT5G16440,7,4,7,9
AT2G13360,7,5,6,9
AT3G55120,7,5,6,9
AT4G14030,7,5,6,9
AT4G39330,7,4,4,9
AT3G19980,6,8,13,9
AT2G30110,6,7,8,9
AT1G70310,6,6,8,9
AT2G27880,6,0,6,9
AT4G17090,6,4,5,9
AT1G01320,6,6,4,9
AT2G27680,6,3,3,9
AT2G30200,6,3,3,9
AT5G03650,6,0,3,9
AT4G01370,5,6,10,9
AT5G66570,5,8,8,9
AT4G21100,5,7,7,9
AT1G51690,5,4,7,9
AT5G47770,5,6,5,9
AT2G31390,5,2,5,9
AT1G75270,5,3,4,9
AT3G48420,5,2,4,9
AT2G38770,5,5,3,9
AT1G24180,4,2,8,9
AT3G07720,4,3,7,9
AT5G26830,4,5,6,9
AT2G41110,4,4,6,9
AT2G36580,4,0,6,9
AT5G61020,4,7,4,9
AT4G37000,4,2,4,9
AT5G26860,3,5,8,9
AT4G14570,3,0,4,9
AT5G57330,2,3,4,9
AT5G03630,2,0,2,9
AT2G41220,0,0,3,9
AT2G47940,14,11,11,10
AT4G08390,13,9,9,10
AT2G28790,13,3,7,10
AT3G15880,12,15,17,10
AT1G18500,12,11,13,10
AT3G48000,12,8,11,10
AT1G12310,12,10,10,10
AT1G07440,12,8,9,10
AT5G56360,12,13,8,10
AT3G47520,12,10,8,10
AT4G33090,12,2,6,10
AT5G10450,11,13,13,10
AT4G34860,11,10,12,10
AT3G52140,11,13,8,10
AT2G31610,11,8,8,10
AT2G43770,10,8,13,10
AT1G10840,10,8,9,10
AT1G08520,10,5,9,10
AT5G46070,10,6,8,10
AT3G14420,10,7,7,10
AT4G26530,9,11,15,10
AT5G64370,9,5,11,10
AT1G62820,9,8,10,10
AT5G36160,9,10,9,10
AT5G39320,9,7,9,10
AT1G52730,9,6,8,10
AT4G39980,9,5,8,10
AT3G10850,9,2,8,10
AT1G04170,9,3,7,10
AT1G50370,8,10,13,10
AT5G22780,8,7,10,10
AT2G24200,8,2,9,10
AT3G18000,8,8,7,10
AT2G40490,8,7,7,10
AT4G30160,8,2,7,10
AT2G30860,8,7,6,10
AT4G04950,7,4,9,10
AT4G26870,7,0,9,10
AT5G47210,7,9,8,10
AT5G05730,7,4,8,10
AT4G23670,7,8,7,10
AT2G41530,7,5,7,10
AT2G41680,7,7,6,10
AT3G58610,7,10,5,10
AT1G01090,7,8,4,10
AT1G65450,6,2,10,10
AT4G14710,6,2,9,10
AT1G02080,6,8,8,10
AT4G14880,6,5,8,10
AT4G31120,6,4,8,10
AT1G70580,6,5,7,10
AT2G44350,6,4,6,10
AT1G75940,6,3,6,10
AT3G62310,6,2,5,10
AT3G17810,6,0,2,10
AT3G60830,5,5,7,10
AT5G34850,5,0,6,10
AT3G52990,5,0,4,10
AT3G05910,5,0,0,10
AT2G27030,4,5,6,10
AT1G76550,4,2,5,10
AT2G34810,3,0,2,10
AT1G79690,2,0,3,10
AT3G43810,0,5,0,10
AT5G21274,0,5,0,10
AT5G35590,18,15,16,11
AT3G60820,16,13,14,11
AT1G47250,15,13,12,11
AT4G25500,14,556,412,11
AT3G03530,14,13,15,11
AT2G29320,14,8,10,11
AT5G01600,13,11,12,11
AT1G30580,13,7,12,11
AT5G38480,12,10,14,11
AT3G09880,12,12,13,11
AT3G58500,12,11,13,11
AT1G35160,12,14,11,11
AT3G26060,12,10,11,11
AT5G48300,12,12,10,11
AT1G06000,12,10,9,11
AT2G38230,12,7,9,11
AT1G55090,12,5,9,11
AT4G09010,12,9,8,11
AT5G06060,12,5,8,11
AT2G42500,11,11,13,11
AT3G56090,11,10,13,11
AT4G01310,11,12,12,11
AT5G27030,11,8,12,11
AT4G39260,11,11,11,11
AT4G38630,11,11,10,11
AT4G14800,11,8,9,11
AT1G31340,11,7,9,11
AT2G35635,11,7,9,11
AT4G23600,11,7,9,11
AT5G01410,11,11,8,11
AT5G67630,11,10,7,11
AT1G13880,10,8,13,11
AT4G16130,10,9,9,11
AT5G28840,10,8,8,11
AT2G40290,10,5,7,11
AT2G37660,10,5,5,11
AT3G27740,9,7,11,11
AT1G59900,9,4,10,11
AT3G01340,9,7,9,11
AT3G55700,9,4,9,11
AT3G18130,9,8,8,11
AT3G25530,9,7,7,11
AT3G56490,9,5,7,11
AT3G01780,9,0,5,11
AT4G34350,9,5,4,11
AT1G64740,8,10,10,11
AT2G42910,8,7,9,11
AT1G32200,8,2,7,11
AT3G09630,8,5,5,11
AT1G17720,7,9,14,11
AT1G60710,7,5,10,11
AT4G05180,7,8,9,11
AT4G35800,7,8,8,11
AT2G27170,7,3,0,11
AT4G31300,6,6,7,11
AT5G42980,6,6,6,11
AT1G19920,6,2,4,11
AT5G61970,5,7,7,11
AT5G36210,5,0,3,11
AT3G05420,3,2,5,11
AT2G14260,2,0,4,11
AT3G62120,18,10,15,12
AT2G19520,18,13,13,12
AT2G05840,16,13,15,12
AT2G21660,15,14,15,12
AT5G23540,14,7,13,12
AT4G21710,14,12,11,12
AT1G22920,14,8,9,12
AT1G79990,13,10,14,12
AT1G47128,13,12,9,12
AT3G14790,12,13,12,12
AT2G01140,12,10,10,12
AT3G55440,11,8,12,12
AT5G16050,11,12,11,12
AT3G55800,11,12,9,12
AT3G23600,11,11,9,12
AT2G16600,11,10,8,12
AT5G15490,11,8,7,12
AT1G14610,11,0,0,12
AT4G29060,10,13,11,12
AT5G59290,10,5,10,12
AT4G27000,10,13,9,12
AT3G22890,10,6,8,12
AT2G39080,10,5,8,12
AT5G10360,10,6,7,12
AT1G74030,10,4,7,12
AT5G49650,10,0,2,12
AT5G36880,9,16,12,12
AT3G22110,9,10,12,12
AT5G14240,9,9,12,12
AT4G13430,9,9,7,12
AT4G38130,8,13,13,12
AT5G11580,8,8,9,12
AT1G65930,8,5,7,12
AT4G28080,8,7,5,12
AT4G38680,7,9,14,12
AT3G03380,7,6,9,12
AT1G67680,7,7,7,12
AT1G79280,7,0,0,12
AT1G48600,6,10,10,12
AT4G34050,6,5,7,12
AT5G45930,5,7,8,12
AT3G14990,4,0,6,12
AT2G30050,4,5,5,12
AT1G65960,18,13,15,13
AT3G56150,16,20,23,13
AT5G19510,16,17,15,13
AT5G16730,16,6,14,13
AT1G26630,15,13,13,13
AT1G78580,14,4,10,13
AT1G45000,13,13,14,13
AT5G30510,13,15,13,13
AT2G18110,13,12,12,13
AT5G09650,13,18,9,13
AT1G43170,13,8,9,13
AT5G43010,12,12,14,13
AT3G55760,12,6,13,13
AT2G47510,12,9,12,13
AT1G05520,12,6,6,13
AT2G33150,11,11,16,13
AT4G01290,11,14,13,13
AT1G53500,11,12,12,13
AT1G09340,11,10,11,13
AT1G20020,11,13,10,13
AT5G08280,11,7,3,13
AT4G05420,10,12,13,13
AT2G23350,10,9,13,13
AT1G68560,10,10,12,13
AT4G37930,10,10,11,13
AT3G55610,10,10,10,13
AT3G04600,10,7,10,13
AT5G15200,10,6,8,13
AT1G56190,9,9,10,13
AT1G48630,9,7,9,13
AT5G42970,9,6,9,13
AT5G15650,8,4,9,13
AT1G49760,8,9,8,13
AT3G53260,8,5,5,13
AT3G02230,7,4,12,13
AT2G17360,18,14,13,14
AT5G07090,18,14,13,14
AT5G58420,18,14,13,14
AT5G11200,17,18,17,14
AT3G16830,15,18,19,14
AT1G56450,15,13,11,14
AT5G14740,15,11,11,14
AT5G20720,14,14,14,14
AT3G13920,14,12,13,14
AT5G62790,14,7,8,14
AT4G34450,13,12,15,14
AT5G66140,13,14,13,14
AT3G29360,13,10,9,14
AT1G29150,12,15,19,14
AT5G65770,12,10,16,14
AT5G65780,12,10,16,14
AT3G51260,12,13,12,14
AT3G53180,12,10,11,14
AT4G34110,12,9,11,14
AT1G27090,11,12,17,14
AT3G42170,11,11,11,14
AT4G20050,11,8,7,14
AT1G18450,10,7,14,14
AT4G20360,10,10,13,14
AT5G60160,10,5,12,14
AT1G05460,10,9,9,14
AT5G57655,10,5,9,14
AT2G40840,10,11,7,14
AT1G14810,10,6,7,14
AT1G74260,10,5,6,14
AT4G00490,9,6,13,14
AT2G41790,8,3,11,14
AT1G20950,5,6,5,14
AT5G40450,5,0,5,14
AT5G53460,4,0,2,14
AT5G20010,21,19,16,15
AT4G09000,18,19,20,15
AT3G15980,18,22,18,15
AT5G43990,18,18,16,15
AT4G31990,18,10,10,15
AT5G11170,17,18,17,15
AT4G38510,17,13,17,15
AT3G43300,16,12,18,15
AT1G22300,15,15,19,15
AT1G78300,15,17,15,15
AT3G14290,15,14,14,15
AT3G58510,15,14,14,15
AT3G13460,15,9,10,15
AT4G09510,14,13,14,15
AT1G54270,14,12,12,15
AT1G64520,14,10,12,15
AT3G55870,13,7,16,15
AT1G04810,13,10,14,15
AT3G60750,13,12,9,15
AT1G68010,13,2,7,15
AT1G23310,12,11,13,15
AT1G03090,12,4,11,15
AT3G02520,11,13,13,15
AT4G21280,11,12,11,15
AT5G13520,11,5,8,15
AT4G37870,10,3,12,15
AT5G17310,10,2,8,15
AT4G02930,9,7,8,15
AT5G08450,8,9,13,15
AT5G50920,6,8,6,15
AT3G48870,4,5,5,15
AT1G49240,25,17,16,16
AT3G18780,25,17,16,16
AT1G52400,23,18,21,16
AT2G27020,20,14,14,16
AT3G12915,18,14,16,16
AT1G12910,17,11,17,16
AT1G16030,17,15,14,16
AT5G43960,15,13,19,16
AT5G06600,14,22,24,16
AT5G56290,14,14,12,16
AT3G48560,14,9,9,16
AT1G08200,13,9,15,16
AT4G24820,13,5,15,16
AT2G27860,13,10,14,16
AT3G03250,13,7,14,16
AT3G14067,13,18,8,16
AT3G22960,12,12,13,16
AT3G12780,12,13,10,16
AT1G06290,11,5,9,16
AT5G25754,10,16,13,16
AT5G25757,10,16,13,16
AT5G02240,10,10,10,16
AT2G05990,8,6,9,16
AT5G42790,22,23,17,17
AT5G52040,19,687,468,17
AT1G72370,19,18,16,17
AT4G29040,19,13,13,17
AT2G20140,19,13,12,17
AT5G58290,18,17,17,17
AT2G21330,18,14,13,17
AT1G79210,16,19,12,17
AT1G16470,16,18,12,17
AT3G25230,15,9,13,17
AT1G29880,15,10,9,17
AT3G12145,14,14,17,17
AT4G23920,14,14,17,17
AT1G53850,14,13,14,17
AT4G18480,11,14,13,17
AT5G53620,11,9,10,17
AT5G07350,8,5,5,17
AT4G15210,7,7,6,17
AT1G52360,25,20,22,18
AT1G64880,22,37,36,18
AT4G11420,22,20,23,18
AT1G35580,22,18,20,18
AT5G35200,21,19,21,18
AT1G75990,20,14,17,18
AT3G18060,19,12,19,18
AT2G23390,19,11,19,18
AT2G37040,19,11,16,18
ATCG00480,17,23,23,18
AT1G18080,17,15,14,18
AT5G43330,17,12,12,18
AT5G52920,17,8,10,18
AT3G60240,16,13,15,18
AT5G49460,16,15,13,18
AT1G69740,16,9,13,18
AT3G06650,15,13,14,18
AT5G11520,15,8,11,18
AT2G24270,14,10,17,18
AT2G37690,14,8,15,18
AT3G16470,14,17,14,18
AT5G08670,14,13,11,18
AT5G08680,14,13,11,18
AT5G08690,14,13,11,18
AT2G47110,12,9,10,18
AT3G62250,12,9,10,18
AT1G62750,12,10,9,18
AT4G31180,12,3,8,18
AT2G37620,34,16,13,19
AT3G53750,34,16,13,19
AT3G13860,21,18,19,19
AT5G16070,20,12,19,19
AT5G19770,20,17,18,19
AT5G19780,20,17,18,19
AT3G02110,19,14,13,19
AT5G63840,18,13,25,19
AT1G24510,17,10,19,19
AT5G66190,17,20,14,19
AT3G57290,16,26,20,19
AT1G11860,13,9,14,19
AT1G50200,7,9,12,19
AT3G46520,32,16,12,20
AT5G59370,32,16,12,20
AT3G18190,24,23,21,20
AT5G66420,22,15,26,20
AT1G12900,21,22,18,20
AT3G23810,21,14,18,20
AT1G80490,18,20,22,20
AT5G20000,17,17,19,20
AT1G20260,17,15,18,20
AT1G76030,17,15,18,20
AT1G06220,17,14,18,20
AT3G20050,17,13,17,20
AT3G55200,16,7,16,20
AT3G55220,16,7,16,20
AT2G39800,15,13,15,20
AT1G19570,15,12,11,20
AT4G24190,14,13,15,20
AT2G44160,14,12,14,20
AT1G09620,13,11,15,20
AT3G19170,13,11,14,20
AT1G42970,30,23,24,21
AT1G07890,25,19,16,21
AT5G09590,23,21,25,21
AT1G04820,23,23,24,21
AT1G50010,23,23,24,21
AT4G14960,22,23,24,21
AT2G05920,22,24,23,21
AT3G57410,22,13,16,21
AT1G78570,21,22,22,21
AT3G03960,21,20,22,21
AT3G63460,18,20,23,21
AT5G65730,18,27,17,21
AT4G31490,16,18,24,21
AT5G19990,16,18,22,21
AT1G64790,15,10,8,21
AT1G48410,14,16,22,21
AT1G29250,35,32,21,22
AT2G34160,32,31,21,22
AT3G11830,26,23,21,22
AT1G13440,24,21,23,22
AT3G26650,24,23,22,22
AT1G02500,24,21,22,22
AT3G01500,23,19,19,22
AT1G04410,22,19,20,22
AT2G36460,21,23,24,22
AT5G40270,20,12,13,22
AT5G20830,15,5,21,22
AT3G12110,36,19,13,23
AT1G30230,30,25,22,23
AT3G04120,25,22,25,23
AT1G75780,25,23,24,23
AT1G20200,25,20,23,23
AT2G28290,25,13,22,23
AT1G20960,24,20,26,23
AT1G79920,24,21,23,23
AT1G55860,24,17,17,23
AT3G05530,23,23,23,23
AT1G53750,23,19,20,23
AT3G02530,22,14,18,23
AT4G01850,21,17,21,23
AT2G04030,20,15,17,23
AT5G61780,19,10,17,23
AT4G31480,17,19,25,23
AT5G20290,16,13,17,23
AT1G80070,28,21,32,24
AT1G29900,28,22,19,24
AT3G17390,26,22,25,24
AT4G37910,25,23,24,24
AT4G28470,24,20,28,24
AT5G56010,22,21,25,24
AT5G56030,21,20,25,24
AT2G32730,20,19,25,24
ATCG00500,16,14,15,24
AT1G32060,13,14,21,24
AT3G03540,28,31,28,25
AT5G49910,24,30,30,25
AT5G43940,22,16,11,25
AT3G14940,21,23,18,25
AT1G20630,18,11,22,25
AT4G13940,30,22,27,26
AT2G38040,30,18,27,26
AT2G46280,29,34,31,26
AT5G35360,27,24,23,26
AT2G39730,27,23,21,26
AT5G02790,27,25,20,26
AT5G19550,24,13,19,26
AT2G27040,23,18,16,26
AT4G33680,23,18,16,26
AT4G37800,22,20,29,26
AT1G52030,22,16,22,26
AT5G26360,21,25,16,26
AT1G80410,19,16,15,26
AT5G09810,41,22,22,27
AT3G59970,31,14,24,27
AT1G20010,30,29,27,27
AT2G40660,28,37,40,27
AT5G35630,26,22,22,27
AT1G09640,25,21,26,27
AT2G36530,22,12,17,27
AT3G11910,20,28,34,27
AT2G29560,20,19,25,27
AT2G41740,18,15,23,27
AT3G05900,39,18,22,28
AT1G71080,32,29,27,28
AT5G20890,29,23,28,28
AT5G11710,29,25,25,28
AT4G24280,25,30,31,28
AT1G07920,25,20,23,28
AT1G07930,25,20,23,28
AT1G07940,25,20,23,28
AT5G60390,25,20,23,28
AT1G79930,24,19,23,28
AT5G12250,32,30,31,29
AT5G25780,30,29,28,29
AT4G38970,23,20,20,29
AT1G15750,21,25,29,29
AT5G04140,21,13,15,29
AT2G26080,20,19,19,29
AT4G35090,35,23,26,30
AT3G03780,32,13,19,30
AT4G33010,24,23,27,30
AT5G27640,33,33,36,32
AT2G36880,31,23,31,32
AT4G20890,34,33,32,33
AT1G20620,38,32,33,34
AT5G44340,37,37,34,34
AT5G03300,33,21,23,34
AT3G45140,21,27,31,34
AT2G33210,36,31,35,35
AT5G26000,46,38,37,36
AT2G28000,40,39,34,36
AT1G70320,37,26,29,36
AT1G78900,32,35,31,36
AT1G62020,36,29,39,37
AT1G53310,30,31,34,37
AT3G13490,43,32,29,38
AT2G20580,39,34,45,38
AT1G71220,38,34,32,38
AT3G09820,38,27,26,38
AT1G57720,36,32,32,38
AT2G21390,35,32,42,38
AT1G52570,40,28,39,39
AT5G56500,40,30,32,39
AT4G29270,27,40,29,39
AT5G28540,47,48,42,40
AT5G23860,44,43,38,40
AT3G52930,39,41,38,40
AT5G26710,52,53,56,41
AT5G42020,46,44,39,41
AT5G03340,44,36,34,41
AT5G17920,37,18,28,41
AT2G17630,68,62,42,42
AT3G23990,46,34,39,43
AT2G29550,44,45,40,43
AT1G69830,43,40,41,43
AT1G09780,68,57,52,44
AT4G10320,66,74,68,44
AT2G42600,49,41,28,44
AT5G62690,47,47,43,44
AT5G62700,47,47,43,44
AT5G38430,61,56,36,45
AT1G55490,51,48,41,46
AT3G13470,44,45,41,46
AT5G02490,46,30,37,47
AT1G19480,55,56,47,48
AT3G12580,44,37,35,48
AT1G67090,72,68,41,49
AT5G25980,53,28,34,50
AT1G56070,56,53,62,53
AT3G09840,58,49,45,54
AT5G38420,83,78,45,55
AT3G44690,72,65,71,55
AT3G44320,123,66,37,60
AT4G35630,99,92,61,60
AT4G20850,56,46,67,60
AT3G09440,61,50,50,61
AT1G48120,56,33,47,61
AT3G44300,79,44,37,62
AT3G15730,91,72,65,73
AT5G02500,77,61,63,74
AT1G36160,71,66,79,80
AT3G08590,224,219,129,129
ATCG00490,208,175,116,168
