Protein,AT1G66740,AT1G66740,AT1G66740,AT1G66740,WT,WT,WT,WT
AT3G44310,747,869,440,346,721,684,508,445
ATCG00490,308,389,258,263,253,228,384,214
AT4G10320,224,219,143,155,133,171,175,145
AT3G08590,196,221,188,187,222,240,235,220
AT5G38420,114,112,96,103,98,99,108,94
AT1G67090,102,103,91,102,67,59,104,91
AT5G52040,100,28,606,537,4,5,753,764
AT1G66740,84,97,92,84,0,0,4,0
AT5G38430,84,87,75,86,52,51,84,76
AT1G19480,80,85,83,77,45,60,97,81
AT5G26710,80,94,65,74,96,100,74,61
AT1G09780,77,79,61,75,15,51,82,81
AT3G09840,71,67,108,109,15,26,110,123
AT4G37210,71,60,33,63,0,0,0,0
AT5G02500,69,68,97,91,24,27,75,66
AT5G38410,68,69,55,59,98,99,64,48
AT3G57560,67,66,68,108,19,68,151,69
AT3G44530,62,64,153,126,0,0,0,0
AT5G56740,61,47,15,34,21,40,31,7
AT2G40660,60,68,38,46,53,63,61,47
AT3G44690,60,50,83,111,31,37,145,96
AT3G44320,59,62,42,25,125,155,51,50
AT5G40450,56,62,40,5,18,21,20,37
AT3G44300,55,64,48,28,23,43,48,55
AT3G09440,52,60,76,68,21,26,56,53
AT5G03340,52,46,91,89,14,21,90,92
AT2G39730,49,53,47,29,22,36,32,46
AT3G13470,49,35,121,88,23,30,112,120
AT4G20850,49,48,79,73,20,26,72,82
AT1G55490,47,35,119,84,22,32,107,116
AT4G37800,47,44,16,20,19,31,25,16
AT4G25500,45,17,479,418,0,3,620,630
AT3G12580,44,45,53,42,18,18,41,39
ATCG00480,42,33,24,32,11,27,31,24
AT5G65730,41,60,27,33,24,29,29,25
AT1G42970,39,37,33,34,20,27,31,37
ATCG00120,39,41,25,21,25,27,16,24
AT1G48120,38,37,31,39,7,15,38,22
AT1G71080,38,38,31,45,22,24,55,43
AT4G35630,38,35,81,58,22,32,69,81
AT5G04140,38,32,5,10,6,15,11,8
AT5G26000,38,37,42,54,10,19,59,34
AT5G35200,38,44,37,42,24,29,45,27
AT2G17630,37,30,41,36,20,30,47,52
AT5G02490,37,37,58,51,18,18,41,38
AT5G62690,37,41,76,56,5,8,59,79
AT5G62700,37,41,76,56,5,8,59,79
AT1G49240,36,31,46,29,15,14,33,55
AT3G18780,36,31,46,29,15,14,33,55
AT5G42020,36,38,55,40,23,24,51,51
AT1G07920,35,33,51,33,10,13,35,58
AT1G07930,35,33,51,33,10,13,35,58
AT1G07940,35,33,51,33,10,13,35,58
AT2G21390,35,42,74,63,10,15,83,61
AT3G05900,35,38,38,55,17,15,46,36
AT3G26650,35,28,27,33,9,16,35,31
AT5G60390,35,33,51,33,10,13,35,58
AT2G28000,34,27,76,64,24,24,62,87
AT4G21280,34,37,21,26,33,32,29,16
AT5G28540,34,36,53,41,21,22,51,49
AT3G53230,33,30,56,55,11,17,56,49
AT4G32820,33,41,127,116,0,0,0,0
AT1G56410,32,30,37,34,17,17,30,27
AT3G23990,32,31,58,58,18,29,59,58
AT3G45140,32,31,31,24,7,10,20,44
AT4G34450,32,33,62,64,9,10,70,68
AT5G09810,32,28,50,23,11,13,19,58
AT5G20290,32,25,32,27,13,14,23,28
AT2G29550,31,31,70,53,4,10,59,77
AT4G18480,31,30,27,23,8,19,26,26
AT5G23860,31,35,68,46,5,8,53,75
AT5G56500,31,26,74,50,14,22,63,71
AT4G38970,30,15,14,17,4,8,11,13
AT1G10050,29,37,0,7,10,10,8,0
AT1G12900,29,27,23,28,10,16,33,30
AT3G12780,29,16,20,14,7,8,11,17
AT4G20890,29,29,58,39,3,7,49,60
AT5G17920,28,13,18,29,5,6,13,26
AT5G35630,28,24,32,29,8,15,30,34
AT1G15750,27,26,34,38,4,9,29,32
AT1G62020,27,28,65,54,10,16,72,60
AT2G33210,27,23,45,42,13,20,45,47
AT3G18190,27,24,38,28,10,14,38,35
AT3G50820,27,17,8,12,8,9,10,9
AT4G16180,27,34,7,24,16,21,22,4
AT5G26742,27,25,25,31,5,9,31,21
AT5G44340,27,31,58,35,3,8,47,65
AT5G66570,27,20,9,15,13,10,10,10
AT1G06950,26,26,0,3,5,9,2,0
AT1G07660,26,25,19,25,0,0,7,8
AT1G07820,26,25,19,25,0,0,7,8
AT1G20620,26,24,24,19,5,9,12,29
AT1G76010,26,24,20,19,3,9,18,22
AT1G78900,26,31,50,55,9,15,48,51
AT2G28740,26,25,19,25,0,0,7,8
AT2G42600,26,24,28,34,7,4,41,29
AT3G04520,26,22,0,4,6,10,8,0
AT3G12110,26,22,37,20,5,8,20,39
AT3G45930,26,25,19,25,0,0,7,8
AT3G46320,26,25,19,25,0,0,7,8
AT3G53730,26,25,19,25,0,0,7,8
AT5G59690,26,25,19,25,0,0,7,8
AT5G59970,26,25,19,25,0,0,7,8
AT1G13440,25,23,14,17,17,24,18,16
AT3G02530,25,22,42,31,4,12,36,44
AT3G04120,25,24,16,17,17,24,19,17
AT5G20890,25,25,41,38,12,10,37,47
AT5G26360,25,26,50,35,4,11,43,51
AT3G20050,24,23,38,34,8,14,34,38
AT3G52930,24,19,21,29,22,19,26,20
AT3G60750,24,18,17,18,5,12,10,13
AT4G10340,24,22,32,16,6,8,18,30
AT4G20360,24,21,26,11,10,12,15,32
AT4G31480,24,24,43,40,6,8,42,37
AT5G12250,24,21,48,32,4,12,37,52
AT5G25980,24,21,27,29,0,6,24,27
AT5G49910,24,26,32,24,13,18,33,32
AT1G56070,23,21,31,29,2,0,24,42
AT3G03780,23,10,15,18,4,5,11,13
AT4G24280,23,27,32,31,13,22,36,35
AT5G16070,23,20,38,27,4,9,30,43
AT5G50920,23,7,8,11,2,3,10,15
AT1G04820,22,19,56,45,4,12,28,63
AT1G50010,22,19,56,45,4,12,28,63
AT1G80490,22,19,30,34,3,7,28,26
AT2G23390,22,27,20,18,7,13,15,16
AT2G37620,22,21,30,17,6,8,18,39
AT2G43030,22,15,9,11,3,4,4,6
AT3G01500,22,20,18,13,6,7,13,14
AT3G53750,22,21,30,17,6,8,18,39
AT4G13940,22,23,17,20,5,8,11,25
AT4G14960,22,19,55,42,4,12,29,62
AT4G31490,22,24,40,39,6,8,44,36
AT1G20260,21,19,37,29,9,12,30,33
AT1G32060,21,13,22,20,2,0,21,27
AT1G76030,21,19,37,29,9,12,30,33
AT2G04030,21,18,35,15,0,4,23,36
AT3G23810,21,15,14,14,4,6,7,15
AT3G46520,21,21,32,18,6,9,19,37
AT4G38510,21,18,38,29,7,12,32,31
AT5G35360,21,22,27,17,9,10,22,26
AT5G45930,21,19,19,16,2,16,20,17
AT5G59370,21,21,32,18,6,9,19,37
AT5G66190,21,17,22,19,5,14,19,21
AT1G09340,20,22,8,7,14,14,13,11
AT1G20020,20,18,12,15,5,9,14,12
AT1G33120,20,17,24,26,2,3,23,17
AT1G33140,20,17,24,26,2,3,23,17
AT1G52410,20,19,40,66,8,9,54,46
AT1G56190,20,12,14,11,4,6,8,12
AT4G35090,20,12,12,11,4,3,6,16
AT5G11710,20,24,45,41,4,8,53,44
ATMG00280,20,19,13,19,3,13,15,14
AT1G30230,19,16,45,30,2,5,41,41
AT1G69830,19,22,31,37,5,7,44,28
AT2G17360,19,18,36,26,7,10,27,27
AT2G20580,19,24,41,37,9,16,43,42
AT3G03960,19,20,35,30,10,12,30,36
AT3G13860,19,18,33,28,7,12,28,28
AT3G15190,19,20,15,17,7,8,13,14
AT3G17390,19,10,21,12,4,5,4,24
AT3G23600,19,20,13,19,8,10,22,16
AT4G05180,19,16,12,7,11,14,11,9
AT5G07090,19,18,36,26,7,10,27,27
AT5G19770,19,13,41,27,4,10,20,45
AT5G19780,19,13,41,27,4,10,20,45
AT5G58420,19,18,36,25,7,10,27,27
ATCG00830,19,21,10,9,3,4,4,7
ATCG01310,19,21,10,9,3,4,4,7
AT1G20010,18,18,52,28,4,10,35,50
AT1G71220,18,19,65,41,3,6,52,66
AT2G29560,18,15,30,29,3,6,37,41
AT2G39800,18,17,23,47,12,13,44,24
AT5G08670,18,14,12,21,8,9,14,14
AT5G08680,18,14,12,21,8,9,14,14
AT5G08690,18,14,12,21,8,9,14,14
AT5G20930,18,14,47,71,0,0,0,0
AT1G52400,17,14,17,30,0,3,28,23
AT1G57720,17,14,39,40,6,11,47,44
AT2G36460,17,14,15,15,13,12,17,14
AT3G11830,17,19,32,29,8,10,29,30
AT3G15730,17,15,64,43,2,4,63,82
AT3G48870,17,4,8,10,0,2,9,11
AT4G04640,17,18,15,14,5,10,14,13
AT4G37930,17,11,3,12,6,6,7,11
AT1G06680,16,8,5,6,4,4,5,3
AT1G16470,16,14,25,23,0,6,23,22
AT1G23310,16,15,18,6,2,2,8,24
AT1G36160,16,16,72,78,3,4,87,68
AT1G43170,16,15,21,20,0,2,11,17
AT1G52360,16,15,35,38,4,7,34,38
AT1G78580,16,23,20,17,3,5,18,21
AT2G05920,16,19,20,30,4,5,35,19
AT2G21330,16,6,9,12,3,7,5,8
AT2G42100,16,15,23,12,2,5,11,23
AT3G05530,16,16,26,22,8,6,28,24
AT3G46780,16,15,7,8,4,8,5,5
AT4G29270,16,12,38,17,7,10,19,45
AT4G33010,16,7,5,9,0,0,4,13
AT5G14740,16,19,19,13,9,11,16,12
AT5G42790,16,17,22,24,7,14,26,22
AT1G11860,15,11,6,8,4,6,10,9
AT1G24510,15,15,37,27,3,7,32,51
AT1G53750,15,19,25,21,4,11,27,33
AT1G79210,15,15,23,24,0,6,24,22
AT2G30950,15,13,8,6,3,5,4,13
AT2G38040,15,15,28,33,6,6,30,33
AT3G14210,15,14,12,15,4,8,13,14
AT3G14290,15,13,21,20,7,9,23,19
AT3G15880,15,17,21,21,0,3,18,15
AT3G15980,15,11,30,35,3,6,36,35
AT3G51260,15,14,21,15,4,5,22,21
AT3G54960,15,17,12,15,9,13,13,11
AT5G10470,15,13,28,14,2,6,17,21
AT5G20720,15,8,3,9,5,8,5,9
AT5G58290,15,18,28,24,5,8,26,28
AT1G02500,14,6,16,2,3,3,2,16
AT1G16030,14,14,19,15,12,10,18,12
AT1G29250,14,18,18,8,4,13,11,16
AT1G56450,14,15,20,25,2,3,22,18
AT1G62750,14,13,3,6,0,0,4,6
AT1G68010,14,4,2,2,0,0,2,4
AT2G07698,14,16,12,8,7,8,10,13
AT2G41840,14,14,18,20,2,3,15,17
AT3G04840,14,13,20,16,4,4,18,22
AT3G14420,14,13,6,3,2,4,5,5
AT3G25920,14,17,12,12,6,7,6,12
AT3G60770,14,14,15,14,4,2,15,16
AT4G29060,14,2,5,13,0,0,10,6
AT4G37910,14,9,24,20,3,3,21,21
AT5G05010,14,14,19,20,4,5,22,20
AT5G67030,14,10,8,3,0,0,0,7
ATCG00280,14,6,3,9,0,2,7,4
ATCG00380,14,16,14,15,2,6,8,8
ATCG00900,14,15,11,11,8,8,11,9
ATCG01240,14,15,11,11,8,8,11,9
ATMG01190,14,16,12,8,7,8,10,13
AT1G07890,13,6,14,10,2,4,10,15
AT1G08520,13,11,22,16,0,3,8,21
AT1G09100,13,13,22,20,8,6,23,19
AT1G20200,13,13,25,24,3,3,25,24
AT1G75780,13,13,42,23,3,7,30,45
AT2G18960,13,7,5,16,4,6,15,3
AT2G23350,13,16,10,16,3,6,16,8
AT2G33800,13,10,5,7,3,4,3,4
AT2G47110,13,13,19,13,0,5,10,14
AT3G11630,13,6,17,8,0,4,7,13
AT3G14310,13,11,5,5,2,4,5,0
AT3G14415,13,11,4,2,2,2,4,3
AT3G62250,13,13,19,13,0,5,10,14
AT4G00100,13,14,14,13,4,3,15,14
AT4G24190,13,14,22,38,2,7,31,25
AT4G31700,13,9,12,12,7,8,12,10
AT5G09590,13,12,19,20,5,3,19,14
AT5G10360,13,12,15,15,6,7,12,12
AT5G14320,13,12,15,12,2,4,12,14
AT5G35970,13,14,2,7,0,0,6,0
AT5G42270,13,12,6,6,2,5,2,3
AT5G56010,13,10,30,26,2,3,25,41
AT5G56030,13,10,30,25,0,2,24,39
AT5G66140,13,12,16,13,4,6,18,22
AT1G09640,12,12,30,33,5,4,40,29
AT1G13060,12,11,13,19,3,5,21,16
AT1G53240,12,4,2,8,2,0,6,7
AT1G53310,12,12,33,40,3,5,41,30
AT1G53850,12,15,23,20,8,9,22,20
AT1G72150,12,7,0,5,4,2,5,0
AT1G72370,12,8,13,12,2,2,9,16
AT1G74970,12,13,17,14,0,3,10,11
AT1G78630,12,17,11,15,0,0,0,6
AT1G79990,12,7,24,25,2,3,24,20
AT2G18020,12,11,16,12,0,0,11,11
AT2G34160,12,16,17,6,3,12,10,13
AT2G36530,12,4,8,12,0,0,6,10
AT3G20820,12,7,5,11,0,2,15,5
AT3G54050,12,7,0,2,0,2,2,2
AT3G60820,12,14,21,19,2,4,23,20
AT4G34110,12,7,9,17,7,6,20,6
AT4G34670,12,10,16,14,3,2,11,16
AT5G23120,12,2,0,0,0,0,0,0
AT5G35590,12,10,17,22,5,9,18,21
AT5G56290,12,13,22,17,0,2,20,22
AT1G13930,11,2,2,3,2,4,0,3
AT1G17220,11,6,0,2,3,2,2,0
AT1G35580,11,9,24,23,4,7,21,22
AT1G47250,11,13,15,16,7,12,18,11
AT1G58380,11,13,16,16,2,2,14,11
AT1G58684,11,13,16,16,2,2,14,11
AT1G58983,11,13,16,16,2,2,14,11
AT1G59359,11,13,16,16,2,2,14,11
AT1G61520,11,9,13,7,3,4,4,11
AT2G04390,11,12,9,11,0,3,7,6
AT2G05220,11,12,9,11,0,3,7,6
AT2G31610,11,12,20,20,3,5,24,18
AT2G32080,11,10,9,11,9,10,14,10
AT2G34480,11,9,9,11,0,0,2,9
AT2G37660,11,5,3,5,0,0,0,8
AT3G09630,11,7,16,20,0,0,9,11
AT3G13920,11,9,19,8,2,3,9,28
AT3G19170,11,7,12,5,0,3,3,9
AT3G22110,11,9,20,14,5,10,15,13
AT3G26060,11,10,10,10,7,7,11,11
AT3G47520,11,3,8,10,0,0,8,7
AT3G48930,11,14,20,14,3,5,11,18
AT3G53870,11,12,20,19,4,5,24,20
AT3G55800,11,2,0,0,0,0,0,0
AT4G27440,11,11,21,8,0,2,6,30
AT5G04800,11,12,9,11,0,3,7,6
AT5G06850,11,18,9,12,4,12,13,15
AT5G12950,11,13,0,11,5,6,10,3
AT5G20000,11,13,29,30,2,4,28,27
AT5G36700,11,2,0,0,0,0,0,0
AT5G36790,11,2,0,0,0,0,0,0
AT5G43960,11,7,12,12,3,6,17,3
AT5G46290,11,12,7,6,4,6,7,9
AT5G56000,11,10,25,23,2,2,21,36
AT5G64040,11,11,10,5,5,5,9,12
AT5G64370,11,9,13,15,3,6,17,15
ATCG00680,11,8,0,8,0,2,5,2
AT1G04410,10,5,7,7,0,0,8,9
AT1G06430,10,7,6,3,2,2,3,8
AT1G29670,10,0,0,4,0,0,0,0
AT1G45000,10,10,24,15,3,6,18,23
AT1G48030,10,5,0,2,0,0,0,0
AT1G50250,10,7,5,5,2,3,2,3
AT1G63940,10,0,0,0,0,2,0,0
AT1G64740,10,7,22,16,0,5,10,28
AT1G71500,10,8,12,7,5,5,8,10
AT2G05840,10,12,14,21,7,10,18,21
AT2G15620,10,4,0,0,0,0,0,0
AT2G16600,10,4,3,8,0,0,8,7
AT2G21170,10,0,0,3,0,0,0,0
AT2G27020,10,13,14,16,7,8,19,16
AT2G33150,10,7,10,8,0,2,5,17
AT2G36880,10,7,16,5,2,2,0,19
AT3G10610,10,10,9,9,0,3,7,6
AT3G15020,10,4,2,7,2,0,4,5
AT3G16470,10,10,6,16,4,5,16,7
AT3G16530,10,9,0,0,2,4,0,0
AT3G16830,10,12,27,24,5,4,27,20
AT3G22890,10,9,10,0,0,0,0,11
AT3G45030,10,8,8,7,0,2,5,6
AT3G47070,10,11,5,6,9,7,4,4
AT3G49910,10,8,7,8,0,4,5,7
AT3G52880,10,0,0,6,0,0,3,0
AT3G58610,10,8,6,6,2,2,5,7
AT3G63460,10,16,21,26,4,0,34,27
AT4G01850,10,5,14,2,3,3,2,14
AT4G26530,10,9,7,6,6,6,5,5
AT4G27500,10,3,0,21,0,2,10,0
AT4G28750,10,5,3,5,5,5,2,0
AT4G30190,10,3,5,13,4,5,11,2
AT4G32260,10,7,2,6,4,4,6,2
AT5G19510,10,10,23,20,4,8,17,25
AT5G19990,10,12,31,31,2,4,29,28
AT5G23740,10,13,12,9,0,2,8,9
AT5G24780,10,7,20,34,0,0,22,22
AT5G30510,10,11,11,7,3,4,5,7
AT5G43010,10,10,24,16,2,5,18,23
AT5G46070,10,15,26,30,0,0,41,17
AT5G53620,10,6,11,21,4,5,23,7
AT5G62300,10,8,8,7,0,2,5,6
ATCG00130,10,8,4,5,0,2,5,3
ATCG00470,10,10,6,7,5,7,5,5
AT1G23410,9,10,13,11,0,3,6,10
AT1G23740,9,3,0,0,2,3,0,2
AT1G29150,9,9,23,16,0,0,19,21
AT1G29910,9,7,8,5,4,6,8,8
AT1G29920,9,7,8,5,4,6,8,8
AT1G29930,9,7,8,5,4,6,8,8
AT1G30630,9,9,15,13,0,3,14,14
AT1G31340,9,10,12,10,0,3,6,9
AT1G35680,9,7,8,5,0,0,0,4
AT1G35720,9,5,2,4,2,3,3,2
AT1G49760,9,10,8,17,4,8,16,10
AT1G54270,9,8,19,8,2,3,8,27
AT1G62480,9,0,0,5,2,0,0,0
AT1G65930,9,2,0,7,0,0,0,4
AT1G70580,9,9,8,3,2,2,8,12
AT2G05120,9,14,40,33,0,6,42,48
AT2G06850,9,10,5,7,2,3,8,4
AT2G13360,9,6,8,3,2,0,4,9
AT2G19940,9,5,4,0,0,0,0,0
AT2G21660,9,10,6,7,7,7,5,7
AT2G24200,9,0,0,7,0,0,4,4
AT2G26080,9,3,0,2,0,0,0,8
AT2G32240,9,5,9,4,0,3,5,11
AT2G35635,9,10,12,10,0,3,6,9
AT2G36250,9,7,12,2,0,5,2,9
AT2G44120,9,7,7,7,0,0,5,9
AT3G01120,9,8,0,4,3,9,5,0
AT3G08580,9,9,4,6,5,5,5,5
AT3G15950,9,4,0,0,0,2,0,0
AT3G25860,9,7,7,9,2,3,7,14
AT3G26340,9,10,9,14,0,4,11,10
AT3G47370,9,7,6,6,0,0,4,6
AT3G55610,9,8,13,24,10,8,20,14
AT3G59970,9,3,19,7,0,0,4,22
AT3G63140,9,6,3,0,2,3,0,0
AT4G02520,9,6,4,0,3,3,2,7
AT4G03280,9,7,9,5,3,7,8,7
AT4G09650,9,10,6,4,0,4,6,4
AT4G10480,9,9,3,10,2,3,8,2
AT4G10840,9,3,5,3,0,3,6,5
AT4G14800,9,8,12,9,4,4,14,10
AT4G16143,9,4,19,7,0,0,9,28
AT4G17520,9,8,3,9,2,5,4,4
AT4G28470,9,15,31,29,6,10,25,29
AT4G39260,9,11,6,10,9,7,8,7
AT5G02870,9,9,12,20,0,0,8,11
AT5G09650,9,8,7,23,2,8,17,9
AT5G27850,9,4,7,9,0,0,4,7
AT5G37510,9,12,5,3,2,2,4,7
AT5G38660,9,8,7,3,0,0,0,9
AT5G46800,9,8,4,0,2,2,3,3
AT5G50850,9,10,4,5,2,3,6,4
ATCG00020,9,5,0,7,2,2,2,0
ATCG00350,9,3,0,6,2,0,0,0
ATCG00800,9,9,10,9,3,4,9,9
ATCG01110,9,6,10,4,0,2,0,6
AT1G01300,8,6,11,10,0,0,7,5
AT1G04480,8,8,9,11,2,3,7,8
AT1G18080,8,8,8,9,0,2,7,9
AT1G20220,8,11,10,5,2,5,14,9
AT1G31330,8,7,4,3,2,3,2,4
AT1G47128,8,4,12,8,5,3,10,10
AT1G50300,8,9,0,0,0,3,0,0
AT1G55060,8,9,12,10,0,3,6,9
AT1G65350,8,9,12,10,0,3,6,9
AT1G72730,8,6,13,6,0,3,5,14
AT1G74050,8,10,10,12,0,2,8,9
AT1G74060,8,10,10,12,0,2,8,9
AT1G74470,8,8,8,9,0,3,6,11
AT1G75990,8,7,22,19,3,2,17,19
AT1G79550,8,2,2,6,0,2,0,2
AT1G79920,8,0,3,3,0,0,0,3
AT1G79930,8,0,3,3,0,0,0,3
AT2G01250,8,6,7,8,0,0,2,6
AT2G05070,8,7,9,5,3,6,8,7
AT2G05100,8,7,9,5,3,6,8,7
AT2G18110,8,7,23,21,0,4,25,27
AT2G20140,8,9,21,21,5,4,20,22
AT2G27710,8,8,7,9,0,0,4,12
AT2G33370,8,8,9,11,2,3,7,8
AT2G34420,8,6,6,5,4,6,8,7
AT2G35840,8,5,2,0,0,0,0,2
AT2G36170,8,9,12,10,0,3,6,9
AT2G38230,8,8,6,8,2,5,10,7
AT2G40840,8,5,14,7,0,0,6,8
AT2G42590,8,4,2,3,0,2,3,5
AT2G46280,8,4,29,21,0,2,28,28
AT2G47610,8,8,11,12,0,0,6,9
AT3G03250,8,0,0,3,0,0,0,0
AT3G04400,8,8,9,11,2,3,7,8
AT3G04790,8,6,2,5,2,3,4,4
AT3G09820,8,4,7,10,2,2,3,10
AT3G12800,8,8,10,8,0,2,8,9
AT3G13580,8,5,5,5,0,0,2,7
AT3G27690,8,7,9,5,3,6,8,7
AT3G52590,8,9,12,10,0,3,6,9
AT3G53180,8,15,18,18,2,2,15,19
AT3G61440,8,4,0,0,0,0,0,0
AT3G63540,8,3,0,3,0,3,2,0
AT4G02770,8,8,2,5,0,4,5,4
AT4G02890,8,9,12,10,0,3,6,9
AT4G03020,8,10,5,8,0,2,20,6
AT4G05050,8,9,12,10,0,3,6,9
AT4G05320,8,9,12,10,0,3,6,9
AT4G09010,8,3,2,0,2,0,0,5
AT4G13930,8,2,7,7,0,0,4,9
AT4G22890,8,7,7,6,0,0,3,5
AT4G23670,8,0,8,0,0,0,0,11
AT4G25080,8,5,10,2,0,0,4,12
AT4G29040,8,9,21,21,5,4,20,23
AT4G31990,8,4,21,3,2,0,3,22
AT4G33680,8,7,32,19,3,2,20,26
AT4G35250,8,8,14,5,0,4,6,10
AT5G01410,8,8,6,10,0,3,12,10
AT5G02960,8,4,6,9,0,0,4,9
AT5G03240,8,9,12,10,0,3,6,9
AT5G06290,8,4,12,7,0,3,5,9
AT5G15200,8,12,15,12,3,6,14,13
AT5G20620,8,9,12,10,0,3,6,9
AT5G23060,8,9,0,3,0,0,0,0
AT5G23540,8,5,14,11,2,4,13,13
AT5G24770,8,5,9,16,0,0,11,11
AT5G28060,8,9,8,8,0,2,7,9
AT5G37640,8,9,12,10,0,3,6,9
AT5G47210,8,9,2,10,4,5,10,3
AT5G48300,8,6,11,4,2,4,7,23
ATCG00650,8,7,4,7,0,3,0,3
ATCG00750,8,9,7,7,0,4,4,4
AT1G03090,7,10,20,16,0,3,16,17
AT1G03130,7,7,2,5,0,4,5,4
AT1G03600,7,3,2,7,0,5,5,0
AT1G03630,7,4,15,3,0,0,0,16
AT1G10630,7,5,8,5,0,3,8,10
AT1G12310,7,4,7,10,2,3,8,7
AT1G21610,7,10,20,30,0,0,0,0
AT1G23490,7,5,7,5,0,3,8,10
AT1G27400,7,6,9,9,0,0,9,9
AT1G29965,7,5,6,6,0,0,0,5
AT1G29970,7,5,6,6,0,0,0,5
AT1G55480,7,3,0,0,0,0,0,2
AT1G67430,7,6,9,8,0,0,9,9
AT1G70490,7,5,7,5,0,3,8,10
AT1G70730,7,6,2,0,0,2,0,2
AT1G80380,7,0,0,0,0,0,0,0
AT1G80480,7,4,18,6,0,0,4,18
AT2G16780,7,9,3,5,3,4,11,0
AT2G30860,7,5,5,5,0,0,4,4
AT2G33040,7,6,6,3,0,3,5,4
AT2G37190,7,4,7,6,2,0,4,6
AT2G40290,7,5,4,4,0,2,5,6
AT2G47170,7,5,8,5,0,3,8,10
AT3G01480,7,0,0,0,0,0,0,0
AT3G02930,7,8,4,10,0,2,11,4
AT3G04920,7,8,7,8,0,2,6,7
AT3G09500,7,3,2,2,0,0,0,2
AT3G09680,7,3,6,8,0,0,4,8
AT3G09880,7,9,29,17,3,3,23,23
AT3G11130,7,2,8,11,0,0,5,4
AT3G12915,7,9,10,6,0,0,7,11
AT3G14940,7,9,19,22,3,3,24,16
AT3G18890,7,5,7,8,0,0,18,5
AT3G22630,7,7,6,8,4,3,12,7
AT3G46970,7,2,0,0,0,2,0,3
AT3G47470,7,7,9,6,2,2,4,6
AT3G51800,7,6,0,0,0,6,0,0
AT3G52960,7,0,4,0,0,0,0,4
AT3G53430,7,4,8,6,2,0,4,6
AT3G54540,7,4,0,3,0,6,7,0
AT3G56940,7,5,17,5,2,0,5,14
AT3G61820,7,3,6,9,0,0,3,5
AT3G62290,7,5,7,5,0,3,8,10
AT3G62870,7,7,11,12,0,2,6,10
AT4G01050,7,5,7,6,0,0,5,5
AT4G01310,7,6,11,7,0,3,5,8
AT4G12800,7,2,0,0,0,0,0,0
AT4G13430,7,4,8,5,0,0,3,9
AT4G17090,7,8,0,0,4,3,0,0
AT4G18100,7,6,7,5,0,0,5,6
AT4G24820,7,7,17,13,3,3,17,17
AT4G38630,7,6,8,7,3,2,8,8
AT5G08280,7,2,0,3,0,0,0,4
AT5G09660,7,5,5,2,0,6,3,5
AT5G12960,7,9,0,8,4,5,6,2
AT5G14040,7,9,7,9,2,2,7,8
AT5G14670,7,5,7,5,0,3,8,10
AT5G20990,7,10,14,8,7,0,14,17
AT5G24490,7,7,6,5,0,2,5,0
AT5G28840,7,4,7,4,0,2,6,8
AT5G60790,7,6,11,6,0,2,9,19
AT5G62350,7,9,0,5,0,0,5,0
AT5G63840,7,11,24,36,4,5,41,20
ATCG00790,7,8,6,3,0,2,3,4
ATCG00820,7,6,10,7,0,3,8,10
AT1G01320,6,5,4,4,0,0,9,4
AT1G03475,6,5,6,3,0,0,3,5
AT1G05190,6,7,5,5,2,3,3,4
AT1G07320,6,5,7,5,2,3,3,5
AT1G20630,6,5,7,4,0,0,4,9
AT1G21720,6,5,12,10,0,0,10,12
AT1G23190,6,3,9,0,0,0,0,9
AT1G23290,6,6,8,6,0,0,4,6
AT1G26110,6,6,0,10,2,3,12,0
AT1G26630,6,5,5,2,0,3,2,4
AT1G29900,6,5,2,2,0,0,4,8
AT1G44575,6,3,0,4,3,2,0,0
AT1G50480,6,6,0,3,0,0,0,0
AT1G56500,6,5,0,0,0,0,0,0
AT1G64520,6,6,18,9,0,0,15,19
AT1G64880,6,3,45,54,0,0,71,41
AT1G66410,6,3,4,3,2,2,2,3
AT1G66970,6,0,0,0,0,0,0,0
AT1G69740,6,0,11,4,0,0,4,13
AT1G70600,6,6,8,6,0,0,4,6
AT1G78370,6,3,0,0,0,0,0,0
AT1G80410,6,3,2,2,0,0,0,4
AT1G80600,6,0,0,2,0,0,0,0
AT2G02930,6,3,3,0,3,2,2,4
AT2G20260,6,5,0,5,3,4,3,0
AT2G27030,6,3,4,3,2,2,2,3
AT2G29320,6,4,8,8,0,4,8,9
AT2G31810,6,6,3,7,0,2,7,0
AT2G33340,6,0,13,16,0,0,10,13
AT2G33730,6,4,0,0,0,3,4,0
AT2G34430,6,6,5,3,3,5,6,5
AT2G36160,6,8,11,14,3,4,7,11
AT2G37220,6,5,2,5,3,6,2,2
AT2G40490,6,0,0,0,0,0,0,0
AT2G40510,6,4,8,7,2,3,7,8
AT2G40590,6,4,8,8,2,3,7,8
AT2G41110,6,3,4,3,2,2,2,3
AT2G41220,6,5,0,0,2,2,3,2
AT2G43750,6,2,4,3,0,0,3,4
AT2G44050,6,6,8,6,0,2,8,8
AT2G45290,6,4,5,5,3,2,4,3
AT2G46820,6,3,3,0,0,0,0,2
AT3G03710,6,8,10,18,0,0,18,8
AT3G06810,6,4,0,3,0,2,0,0
AT3G08530,6,0,9,10,0,0,4,3
AT3G08940,6,5,3,3,0,2,2,0
AT3G11510,6,7,11,14,3,4,7,11
AT3G11710,6,7,2,5,0,0,4,0
AT3G16640,6,5,2,6,0,2,4,5
AT3G19820,6,4,0,4,0,3,0,0
AT3G25520,6,3,6,7,0,0,0,6
AT3G26560,6,8,0,0,0,2,0,0
AT3G29410,6,9,22,16,3,3,29,19
AT3G43810,6,3,4,3,2,2,2,3
AT3G44110,6,6,16,8,0,3,9,12
AT3G48000,6,0,0,0,0,0,0,0
AT3G48730,6,3,4,4,0,0,2,2
AT3G49010,6,5,7,9,0,0,4,7
AT3G49470,6,0,0,3,0,0,0,0
AT3G52150,6,4,3,3,0,0,0,0
AT3G54890,6,4,6,5,2,0,5,4
AT3G55330,6,5,2,3,2,3,5,2
AT3G56340,6,6,12,9,2,3,9,13
AT3G56800,6,3,4,3,2,2,2,3
AT3G57490,6,6,8,7,0,2,7,6
AT3G63190,6,4,3,4,6,6,4,0
AT3G63490,6,6,5,4,0,3,0,4
AT4G09000,6,5,10,6,0,4,7,11
AT4G14040,6,0,0,0,0,0,0,0
AT4G14880,6,2,4,5,0,0,0,3
AT4G14940,6,6,6,8,0,0,0,0
AT4G16155,6,5,7,7,2,0,5,8
AT4G19410,6,4,2,7,2,2,12,3
AT4G27090,6,4,4,9,0,0,5,4
AT4G27520,6,0,0,2,0,0,6,2
AT4G30800,6,9,8,6,0,0,6,5
AT4G36130,6,9,12,10,0,0,5,9
AT4G38460,6,7,0,0,0,2,0,0
AT4G38740,6,0,4,7,0,0,10,3
AT5G03300,6,3,6,8,2,2,3,7
AT5G18380,6,6,8,8,0,2,6,7
AT5G20010,6,3,8,0,0,3,3,10
AT5G20980,6,5,3,5,0,0,3,3
AT5G21274,6,3,4,3,2,2,2,4
AT5G35530,6,7,16,10,3,4,19,16
AT5G36880,6,9,9,13,0,3,19,9
AT5G37780,6,3,4,3,2,2,2,3
AT5G46430,6,5,5,5,0,0,3,2
AT5G51750,6,0,2,11,0,0,8,2
AT5G60160,6,5,15,17,2,3,22,14
AT5G60640,6,0,0,2,0,0,0,0
AT5G61780,6,2,0,10,2,3,6,3
AT5G65950,6,4,13,8,2,2,10,9
AT5G66420,6,7,28,21,2,2,23,21
ATCG00270,6,6,3,8,3,5,5,3
ATCG00340,6,6,0,6,0,0,2,0
ATCG00540,6,3,0,4,2,2,0,2
ATCG01060,6,2,4,2,0,0,4,4
AT1G07440,5,5,12,6,0,3,12,14
AT1G09310,5,0,2,2,0,0,2,6
AT1G12840,5,0,0,2,0,0,0,0
AT1G13270,5,4,0,0,0,0,3,2
AT1G15820,5,3,8,8,0,7,5,5
AT1G16880,5,3,0,0,0,0,0,0
AT1G18540,5,7,7,8,0,0,5,5
AT1G21750,5,2,2,6,0,0,3,3
AT1G22300,5,3,8,6,0,2,6,10
AT1G22530,5,3,0,0,0,2,0,0
AT1G22780,5,6,5,5,0,0,6,4
AT1G28290,5,3,0,4,0,0,3,0
AT1G34030,5,6,5,5,0,0,6,4
AT1G43670,5,0,0,0,0,0,0,2
AT1G49750,5,5,2,0,0,0,0,0
AT1G52300,5,2,4,2,0,0,0,2
AT1G52510,5,3,3,0,0,0,0,4
AT1G54780,5,3,0,0,0,2,0,0
AT1G62780,5,0,0,0,0,0,0,0
AT1G64190,5,4,2,0,0,0,0,3
AT1G66200,5,5,5,4,4,3,5,6
AT1G67700,5,5,2,2,3,3,3,0
AT1G70410,5,4,3,2,0,0,0,4
AT1G72610,5,6,2,3,0,0,2,0
AT1G75230,5,4,0,3,6,6,0,0
AT1G75350,5,4,6,6,0,0,2,4
AT1G76180,5,3,3,2,2,2,0,2
AT1G78380,5,0,3,3,0,0,0,4
AT1G78570,5,4,20,15,0,0,13,31
AT1G78850,5,3,0,0,0,0,0,0
AT1G78860,5,3,0,0,0,0,0,0
AT1G79040,5,6,3,3,0,2,3,3
AT2G05710,5,0,0,0,0,0,0,0
AT2G09990,5,4,7,6,0,0,5,6
AT2G21130,5,0,2,4,0,0,5,2
AT2G24270,5,2,0,2,0,0,2,4
AT2G27720,5,4,3,6,0,0,0,6
AT2G32060,5,5,9,6,0,0,5,9
AT2G32730,5,7,35,23,0,0,28,29
AT2G35410,5,5,0,8,0,0,7,0
AT2G39390,5,3,2,2,0,0,0,2
AT2G44160,5,2,8,2,0,0,2,9
AT2G47730,5,6,8,3,3,2,3,13
AT3G01390,5,5,10,7,0,0,6,7
AT3G02520,5,2,7,8,0,0,9,8
AT3G05560,5,6,6,9,4,4,8,7
AT3G05590,5,3,7,4,0,0,3,7
AT3G06720,5,2,11,9,0,0,6,10
AT3G09790,5,5,7,6,0,0,5,6
AT3G11700,5,2,3,5,0,0,4,3
AT3G13930,5,0,0,2,0,0,3,5
AT3G14067,5,4,5,8,0,0,11,9
AT3G14120,5,9,23,15,2,0,15,18
AT3G14600,5,2,5,6,0,0,0,3
AT3G16080,5,2,4,2,0,0,0,2
AT3G17240,5,2,0,2,0,0,0,0
AT3G17900,5,0,14,4,0,0,9,8
AT3G52370,5,0,3,4,0,0,4,2
AT3G52580,5,7,11,13,3,3,6,11
AT3G53420,5,2,0,2,0,4,0,2
AT3G55440,5,4,0,5,0,2,3,2
AT3G56090,5,6,14,17,0,3,13,14
AT3G56910,5,4,4,3,3,3,2,2
AT3G57410,5,0,2,0,0,0,0,3
AT3G62120,5,7,3,4,0,0,3,11
AT3G63410,5,6,0,2,0,0,0,0
AT4G02510,5,0,20,34,0,0,34,15
AT4G09320,5,3,0,4,0,0,0,4
AT4G09800,5,6,5,5,0,0,6,4
AT4G10450,5,3,11,9,2,0,7,4
AT4G11150,5,6,22,13,0,0,8,13
AT4G16720,5,4,5,5,0,0,5,5
AT4G17390,5,4,5,5,0,0,5,5
AT4G24770,5,0,0,2,0,0,0,0
AT4G25130,5,4,4,3,0,0,0,5
AT4G31300,5,6,6,7,4,4,6,7
AT4G34030,5,9,13,12,0,2,13,12
AT4G37925,5,6,3,0,0,0,2,3
AT5G02790,5,0,4,2,0,0,2,3
AT5G04590,5,2,0,0,0,0,0,2
AT5G10450,5,5,5,4,0,0,3,7
AT5G11580,5,6,13,11,0,0,15,11
AT5G13450,5,2,3,2,0,0,0,0
AT5G16130,5,5,3,5,0,2,6,4
AT5G16710,5,0,0,0,0,0,0,0
AT5G20020,5,3,7,0,0,3,3,6
AT5G20630,5,4,8,8,3,3,5,10
AT5G26780,5,4,0,3,2,2,3,3
AT5G27030,5,4,18,19,2,3,14,11
AT5G27770,5,6,5,9,4,4,8,6
AT5G38480,5,0,6,6,0,2,3,10
AT5G39850,5,8,8,6,0,3,9,5
AT5G40370,5,0,0,0,0,0,0,0
AT5G42980,5,3,4,3,0,0,2,4
AT5G52520,5,3,4,0,0,0,0,5
AT5G52840,5,5,4,4,2,3,4,5
AT5G54770,5,2,6,5,0,3,6,7
AT5G55190,5,3,7,0,0,3,3,6
AT5G55280,5,3,2,0,0,0,0,3
AT5G60600,5,3,2,0,0,0,0,0
AT5G60670,5,2,6,4,2,0,2,4
AT5G61970,5,2,6,9,0,0,8,7
AT5G63420,5,6,10,9,0,2,8,12
AT5G63570,5,4,5,4,0,0,3,4
AT5G65620,5,8,0,0,0,0,0,0
ATCG00500,5,11,23,20,5,3,21,22
ATCG00810,5,5,4,4,0,0,0,5
AT1G02080,4,5,20,21,0,0,32,18
AT1G02150,4,4,9,7,0,0,9,11
AT1G03220,4,0,2,2,0,0,0,0
AT1G09130,4,4,3,2,0,0,0,5
AT1G09750,4,2,3,3,0,0,4,3
AT1G11840,4,0,0,0,0,0,2,0
AT1G14320,4,4,7,4,2,3,2,7
AT1G15250,4,0,3,0,0,0,0,0
AT1G15730,4,3,7,0,0,0,0,10
AT1G16080,4,0,0,0,0,0,0,0
AT1G16210,4,4,0,0,2,5,0,0
AT1G16720,4,5,3,5,0,0,5,0
AT1G17880,4,3,0,3,0,0,3,0
AT1G19570,4,3,5,8,0,0,2,10
AT1G22410,4,2,13,5,0,0,7,12
AT1G24020,4,3,2,3,0,0,3,6
AT1G32470,4,0,4,0,0,0,0,0
AT1G32500,4,2,4,0,0,0,0,3
AT1G32990,4,3,4,2,0,0,4,2
AT1G35160,4,3,4,7,0,2,6,7
AT1G48600,4,3,0,0,0,0,0,0
AT1G49975,4,2,0,0,0,2,0,0
AT1G50900,4,0,0,0,0,0,0,2
AT1G51420,4,3,0,0,0,0,0,0
AT1G59900,4,4,0,0,0,0,0,0
AT1G61580,4,3,6,4,0,0,0,3
AT1G63770,4,0,0,0,0,0,0,0
AT1G64200,4,5,10,8,0,0,5,6
AT1G72640,4,5,0,0,0,2,0,0
AT1G77510,4,0,0,0,0,0,0,0
AT1G78300,4,2,5,5,0,2,7,6
AT1G79830,4,2,13,19,0,3,17,13
AT2G04520,4,4,3,3,3,3,3,0
AT2G05990,4,0,0,2,0,0,0,0
AT2G13560,4,3,2,2,0,3,3,4
AT2G20450,4,2,2,7,0,0,3,3
AT2G20890,4,3,0,2,0,2,3,2
AT2G21960,4,3,2,0,0,0,0,2
AT2G24060,4,3,0,0,0,0,0,0
AT2G25080,4,0,4,0,0,0,0,3
AT2G28290,4,2,26,24,0,0,22,27
AT2G35860,4,0,4,5,0,0,5,2
AT2G37690,4,2,13,17,0,0,20,16
AT2G38210,4,4,3,3,0,2,5,5
AT2G40100,4,0,3,4,0,0,0,0
AT2G41100,4,0,0,0,0,0,0,0
AT2G41740,4,0,0,0,0,0,0,0
AT2G42740,4,3,4,3,0,0,0,5
AT2G43090,4,0,0,0,0,0,0,2
AT2G43100,4,0,0,0,0,0,0,0
AT2G43520,4,0,2,2,0,0,3,2
AT2G44060,4,0,2,2,0,0,0,4
AT2G47470,4,4,2,6,0,0,4,2
AT3G01280,4,0,0,4,0,0,0,0
AT3G02360,4,3,0,0,2,0,0,2
AT3G04620,4,5,9,4,0,0,4,7
AT3G07030,4,5,4,3,4,2,5,4
AT3G07770,4,2,7,5,0,0,4,14
AT3G10920,4,0,2,5,0,0,0,0
AT3G12145,4,0,11,19,0,0,20,14
AT3G18740,4,4,5,4,0,0,2,6
AT3G22230,4,5,6,3,0,0,2,4
AT3G23400,4,5,0,0,0,0,0,0
AT3G27830,4,3,5,4,3,3,4,5
AT3G27850,4,3,5,4,3,3,4,5
AT3G27925,4,3,8,5,0,0,3,9
AT3G29360,4,4,8,8,0,0,4,9
AT3G52300,4,0,0,2,0,0,0,0
AT3G52380,4,2,0,2,0,0,2,0
AT3G52750,4,4,7,2,0,2,2,9
AT3G53460,4,5,0,3,2,4,2,2
AT3G54470,4,0,0,0,0,0,0,0
AT3G55170,4,2,0,2,0,0,0,2
AT3G56490,4,0,0,0,0,0,0,0
AT3G56650,4,0,0,0,0,0,0,0
AT3G58510,4,2,0,4,0,0,7,4
AT3G58700,4,3,4,3,0,0,0,5
AT3G58730,4,7,13,9,3,0,10,7
AT3G60080,4,4,0,6,2,3,6,0
AT3G61470,4,3,5,3,0,0,3,5
AT4G01690,4,5,6,0,0,0,4,6
AT4G02530,4,5,0,0,0,2,0,0
AT4G14680,4,3,4,0,0,0,0,2
AT4G15000,4,5,5,3,0,2,2,4
AT4G15545,4,2,3,5,2,2,4,4
AT4G18730,4,3,4,3,0,0,0,5
AT4G20260,4,4,0,0,3,2,0,0
AT4G25630,4,2,4,7,0,0,2,2
AT4G29220,4,3,4,8,0,3,6,3
AT4G30920,4,0,0,3,0,0,0,0
AT4G34050,4,0,0,0,0,0,2,2
AT4G34200,4,5,2,5,2,0,0,4
AT4G34555,4,2,3,3,0,0,2,3
AT4G38680,4,4,4,7,0,0,9,5
AT4G39520,4,3,4,4,0,0,4,4
AT4G40030,4,5,0,3,0,0,0,0
AT4G40040,4,5,0,3,0,0,0,0
AT5G02530,4,2,2,6,6,6,4,2
AT5G03350,4,6,0,3,0,0,0,0
AT5G10980,4,5,0,3,0,0,0,0
AT5G13430,4,0,0,5,0,0,2,4
AT5G13440,4,0,0,5,0,0,2,4
AT5G14660,4,5,0,3,4,0,3,0
AT5G16050,4,0,6,7,0,0,5,8
AT5G16780,4,0,0,3,0,2,5,0
AT5G17310,4,0,0,3,0,0,0,0
AT5G18400,4,4,3,2,0,2,5,6
AT5G19220,4,0,3,0,2,0,0,4
AT5G19550,4,0,28,5,0,0,6,28
AT5G21430,4,4,0,0,0,0,0,0
AT5G26830,4,0,4,0,0,0,0,15
AT5G35680,4,4,3,3,3,3,3,0
AT5G39570,4,4,0,2,3,6,0,2
AT5G41670,4,2,0,0,0,0,0,3
AT5G42650,4,3,0,0,0,0,0,0
AT5G43940,4,3,8,4,0,0,6,9
AT5G45620,4,6,16,8,0,0,10,12
AT5G45775,4,3,4,3,0,0,0,5
AT5G47190,4,3,3,3,0,0,0,4
AT5G52470,4,2,4,7,0,0,2,2
AT5G52640,4,5,9,8,0,0,5,16
AT5G54190,4,4,5,3,0,0,2,12
AT5G54750,4,3,9,7,0,2,7,8
AT5G56630,4,5,9,11,3,4,7,4
AT5G57350,4,3,2,8,3,3,6,2
AT5G62670,4,0,0,4,2,2,5,0
ATCG00160,4,6,4,3,0,0,3,6
ATCG00420,4,3,0,0,0,0,0,0
ATCG00730,4,0,0,0,0,0,0,0
ATCG00770,4,4,4,4,0,0,3,4
ATCG00780,4,3,3,3,0,2,3,3
ATCG01120,4,0,0,2,0,0,3,0
AT1G01080,3,3,2,9,0,0,17,3
AT1G01090,3,3,4,6,0,0,5,4
AT1G02560,3,2,2,2,0,0,0,2
AT1G02780,3,4,3,6,0,0,3,4
AT1G03230,3,0,4,4,0,0,5,4
AT1G03680,3,0,0,0,0,0,0,0
AT1G04270,3,3,3,3,0,0,0,3
AT1G04530,3,0,2,0,3,0,2,4
AT1G06220,3,2,27,26,0,2,29,34
AT1G07770,3,3,2,4,0,2,2,4
AT1G08200,3,0,0,0,0,0,0,0
AT1G08360,3,2,2,8,0,0,2,0
AT1G08450,3,3,0,0,0,0,0,0
AT1G09070,3,2,2,3,3,3,4,2
AT1G09200,3,4,0,4,0,0,0,0
AT1G09590,3,3,2,2,0,0,2,2
AT1G09690,3,3,2,2,0,0,2,2
AT1G10760,3,0,0,0,0,0,0,0
AT1G13020,3,2,0,5,5,4,2,0
AT1G13370,3,4,0,4,0,0,0,0
AT1G15210,3,0,0,0,0,0,0,0
AT1G17100,3,0,4,0,0,0,0,0
AT1G17260,3,0,0,4,3,2,4,0
AT1G18170,3,4,0,0,0,0,0,0
AT1G20340,3,2,0,3,0,0,0,0
AT1G20440,3,0,0,0,0,0,0,0
AT1G21500,3,3,0,2,2,2,0,0
AT1G23820,3,0,0,3,0,0,0,2
AT1G24180,3,2,0,2,0,0,0,0
AT1G26550,3,3,0,6,0,4,5,3
AT1G26910,3,3,4,3,0,2,3,4
AT1G27090,3,2,2,3,0,0,8,0
AT1G34430,3,2,2,6,0,0,7,6
AT1G36180,3,4,21,24,0,0,28,19
AT1G36240,3,3,4,3,0,0,0,4
AT1G41830,3,0,3,2,0,0,0,0
AT1G48350,3,3,5,3,0,2,2,2
AT1G48630,3,2,9,3,0,0,3,10
AT1G48830,3,3,2,5,0,0,3,2
AT1G52670,3,3,4,2,0,0,0,8
AT1G53500,3,2,18,12,0,0,8,25
AT1G56110,3,2,4,6,0,0,0,4
AT1G56340,3,0,0,5,0,0,3,2
AT1G57660,3,3,2,2,0,0,2,2
AT1G57860,3,3,2,2,0,0,2,2
AT1G59870,3,3,0,0,0,0,0,0
AT1G62380,3,0,0,0,0,0,0,0
AT1G62390,3,0,11,3,0,0,3,13
AT1G62820,3,0,5,6,2,0,5,5
AT1G64490,3,0,0,0,0,0,0,0
AT1G66580,3,4,6,4,0,2,3,6
AT1G67680,3,3,4,8,0,0,9,6
AT1G68560,3,0,0,11,0,0,7,5
AT1G73110,3,4,6,2,0,2,0,6
AT1G73230,3,3,0,5,0,0,4,0
AT1G74880,3,3,0,0,0,0,0,0
AT1G74960,3,5,7,4,0,0,5,7
AT1G75600,3,3,0,0,0,0,0,0
AT1G76160,3,0,0,0,0,0,0,0
AT1G76450,3,0,0,0,0,0,0,0
AT1G77440,3,3,5,6,0,0,4,5
AT1G78820,3,0,0,2,0,0,0,0
AT1G78830,3,0,0,0,0,0,0,0
AT1G79850,3,3,2,3,0,2,3,2
AT1G80070,3,0,59,55,0,2,62,63
AT2G01140,3,0,0,3,0,2,0,3
AT2G14120,3,4,22,16,0,0,12,15
AT2G15430,3,0,5,5,0,2,5,8
AT2G19520,3,4,11,8,0,0,13,6
AT2G21580,3,0,2,2,0,0,0,3
AT2G24020,3,2,0,0,0,0,0,3
AT2G24940,3,5,3,0,0,0,2,2
AT2G27530,3,4,3,4,0,0,2,4
AT2G27820,3,0,0,0,0,0,0,0
AT2G28190,3,0,2,2,0,0,0,4
AT2G30110,3,0,0,4,0,0,5,0
AT2G30970,3,0,0,4,0,0,4,0
AT2G33410,3,0,7,3,0,0,4,6
AT2G33430,3,0,3,0,0,0,3,0
AT2G34470,3,3,5,2,0,0,2,10
AT2G34860,3,0,0,2,0,0,2,2
AT2G35370,3,0,0,2,0,0,0,0
AT2G38540,3,3,3,4,3,3,6,2
AT2G39460,3,2,6,7,0,0,2,4
AT2G40300,3,6,16,13,2,0,16,14
AT2G42170,3,3,4,0,0,2,0,4
AT2G42520,3,4,0,3,0,0,6,4
AT2G42530,3,0,0,0,0,0,0,0
AT2G43550,3,2,4,3,2,2,3,3
AT2G44490,3,3,0,0,0,0,0,0
AT2G45710,3,2,4,4,0,0,3,3
AT2G47240,3,0,8,8,0,0,8,13
AT2G47940,3,0,3,5,0,0,4,4
AT3G04230,3,3,3,4,0,0,3,3
AT3G04260,3,0,16,15,0,0,15,21
AT3G04550,3,0,2,2,0,0,2,0
AT3G04770,3,2,3,3,0,0,2,4
AT3G06050,3,0,2,0,0,0,0,2
AT3G06650,3,0,6,16,0,0,11,7
AT3G08510,3,0,0,2,0,0,0,0
AT3G09200,3,3,3,4,0,0,2,3
AT3G09260,3,0,0,0,0,0,0,0
AT3G09980,3,3,0,0,0,0,0,0
AT3G10060,3,0,0,0,0,3,0,0
AT3G10690,3,0,0,6,0,0,3,0
AT3G12050,3,0,0,0,0,0,0,2
AT3G13120,3,3,4,4,0,2,2,3
AT3G14790,3,2,15,10,0,0,6,23
AT3G15360,3,0,0,0,0,0,0,0
AT3G16400,3,0,0,0,0,0,0,0
AT3G16410,3,0,0,0,0,0,0,0
AT3G17170,3,3,11,12,0,0,9,6
AT3G18130,3,2,11,3,0,0,4,9
AT3G18490,3,3,5,5,2,4,4,6
AT3G20390,3,2,0,3,0,0,0,0
AT3G22520,3,0,0,0,0,0,0,0
AT3G26520,3,2,0,2,0,0,2,0
AT3G26740,3,0,5,3,0,0,4,5
AT3G27160,3,4,0,0,0,0,0,0
AT3G27360,3,4,0,4,0,0,0,0
AT3G27430,3,5,7,3,3,0,6,4
AT3G28720,3,6,0,0,2,0,0,0
AT3G42640,3,0,0,3,2,2,3,0
AT3G47650,3,4,2,3,0,0,3,3
AT3G47950,3,0,0,4,2,2,4,0
AT3G48500,3,0,12,9,0,0,11,14
AT3G48990,3,0,0,0,0,0,0,0
AT3G49870,3,0,4,0,0,0,0,3
AT3G53020,3,3,4,5,0,0,3,2
AT3G53970,3,4,4,3,0,0,4,3
AT3G54110,3,2,0,2,0,0,0,0
AT3G54210,3,5,4,4,0,0,2,4
AT3G55280,3,2,6,7,0,0,2,4
AT3G55410,3,0,3,6,0,0,5,4
AT3G56240,3,0,0,0,0,0,0,0
AT3G57610,3,0,4,3,0,0,2,4
AT3G58680,3,0,0,3,0,2,8,3
AT3G60370,3,0,2,2,0,0,2,0
AT3G61110,3,2,4,4,0,0,3,3
AT3G62030,3,0,0,2,0,0,0,0
AT3G62530,3,3,8,2,0,0,4,13
AT3G63520,3,0,0,0,0,0,0,0
AT4G01150,3,2,0,0,0,0,0,0
AT4G02930,3,2,8,2,0,2,3,8
AT4G05420,3,8,12,18,3,0,25,13
AT4G09040,3,3,0,7,0,0,6,0
AT4G09510,3,0,11,9,0,2,15,10
AT4G10790,3,3,4,3,3,5,4,8
AT4G12730,3,0,0,0,0,0,0,0
AT4G15802,3,3,3,3,0,4,2,5
AT4G16830,3,5,0,7,0,0,6,0
AT4G17560,3,3,3,2,0,0,0,0
AT4G18360,3,4,2,0,2,2,2,3
AT4G23600,3,0,3,0,0,0,0,6
AT4G23850,3,3,0,0,0,0,0,0
AT4G23920,3,2,16,5,0,0,7,15
AT4G24550,3,0,0,4,0,0,4,0
AT4G26270,3,4,9,10,3,3,6,3
AT4G28080,3,3,7,5,0,0,8,6
AT4G28390,3,2,2,0,0,0,0,0
AT4G29350,3,0,0,0,0,0,0,0
AT4G29410,3,2,2,5,0,0,2,0
AT4G29830,3,0,5,7,0,0,4,6
AT4G30690,3,2,0,0,0,0,0,0
AT4G34350,3,0,3,0,0,0,0,3
AT4G35100,3,4,3,3,2,2,4,4
AT4G35450,3,0,0,0,0,0,0,3
AT4G37200,3,0,5,4,0,0,2,3
AT5G01530,3,4,4,3,4,3,2,3
AT5G01600,3,2,10,11,0,0,16,14
AT5G02240,3,0,3,2,0,0,0,4
AT5G02610,3,2,0,2,0,0,0,2
AT5G03470,3,0,17,4,0,0,3,13
AT5G03690,3,0,3,4,4,3,2,0
AT5G06390,3,0,3,5,0,0,4,3
AT5G07350,3,2,0,4,0,0,4,0
AT5G08530,3,3,0,0,0,0,0,0
AT5G09880,3,3,0,0,0,0,0,0
AT5G10010,3,2,0,0,0,3,0,0
AT5G10390,3,4,0,4,0,0,0,0
AT5G10400,3,4,0,4,0,0,0,0
AT5G11670,3,0,0,0,0,0,0,0
AT5G12110,3,4,12,10,3,5,10,11
AT5G13490,3,3,3,2,0,0,2,2
AT5G13630,3,2,8,0,0,0,4,6
AT5G13650,3,0,8,0,0,0,0,15
AT5G14260,3,0,0,0,0,0,0,0
AT5G14780,3,3,0,0,2,0,0,0
AT5G15490,3,3,5,4,0,0,2,8
AT5G16730,3,0,17,10,2,3,15,12
AT5G17170,3,6,2,4,0,0,4,5
AT5G17710,3,0,0,0,0,0,0,0
AT5G19760,3,2,0,3,0,0,0,0
AT5G20830,3,3,23,8,0,0,3,30
AT5G20920,3,2,5,2,0,0,0,6
AT5G22060,3,3,9,5,0,2,7,8
AT5G23900,3,2,4,5,0,0,0,2
AT5G24165,3,3,0,0,3,3,2,0
AT5G25230,3,2,21,19,0,0,20,23
AT5G27390,3,2,0,0,0,0,0,0
AT5G28500,3,3,0,2,0,0,2,0
AT5G37720,3,3,2,2,0,0,3,0
AT5G40580,3,5,6,3,3,0,7,5
AT5G42190,3,0,0,0,0,0,0,0
AT5G42970,3,3,8,7,0,0,11,12
AT5G43330,3,3,4,3,0,0,3,5
AT5G49360,3,0,2,0,0,0,0,2
AT5G49460,3,0,7,15,0,0,9,7
AT5G51820,3,0,0,0,0,0,0,2
AT5G53560,3,0,0,0,0,0,0,0
AT5G54160,3,0,0,0,0,0,0,2
AT5G54600,3,0,3,2,0,0,0,2
AT5G58260,3,2,0,0,0,0,0,0
AT5G59850,3,3,2,4,0,2,2,4
AT5G59880,3,0,3,0,0,0,0,5
AT5G60360,3,2,0,2,0,0,0,0
AT5G61410,3,2,3,3,0,0,3,3
AT5G61790,3,2,2,0,0,0,3,2
AT5G62790,3,4,8,4,0,0,0,9
AT5G63310,3,0,0,0,0,0,0,0
AT5G65350,3,4,0,4,0,0,0,0
AT5G65360,3,4,0,4,0,0,0,0
AT5G65460,3,2,9,4,0,0,14,8
AT5G67360,3,2,0,12,0,0,12,2
AT5G67560,3,0,3,0,0,0,0,4
ATCG00180,3,3,12,8,0,0,8,9
ATCG00330,3,3,3,4,0,0,2,3
ATCG00580,3,0,0,0,0,0,0,0
ATCG00660,3,4,5,3,0,0,0,3
ATCG00670,3,3,0,0,0,3,0,0
AT1G02920,2,0,0,0,0,0,0,4
AT1G02930,2,0,2,0,0,0,0,4
AT1G04170,2,0,8,0,0,0,3,5
AT1G04510,2,0,7,4,0,0,4,6
AT1G04690,2,2,0,0,0,0,0,0
AT1G04810,2,3,22,15,0,0,20,19
AT1G06760,2,0,0,0,0,0,0,0
AT1G07140,2,0,0,0,0,0,0,0
AT1G08250,2,0,0,0,0,0,0,0
AT1G09210,2,0,0,5,0,0,3,2
AT1G10510,2,0,0,0,0,0,0,0
AT1G10590,2,2,0,2,0,2,0,0
AT1G11910,2,0,0,7,0,0,3,0
AT1G14410,2,3,5,3,0,0,3,5
AT1G14670,2,0,0,3,0,0,0,0
AT1G14810,2,3,0,0,0,0,0,2
AT1G15690,2,0,0,5,0,0,4,0
AT1G15930,2,3,11,7,0,2,5,11
AT1G16810,2,0,0,0,0,2,0,0
AT1G17650,2,0,0,0,0,0,0,0
AT1G18500,2,0,6,3,0,0,0,8
AT1G19550,2,0,2,2,0,0,0,3
AT1G19920,2,0,0,0,0,0,0,0
AT1G22840,2,0,0,0,2,2,0,0
AT1G23800,2,0,0,3,0,0,4,0
AT1G26230,2,0,9,5,0,0,7,10
AT1G26480,2,0,0,0,0,0,0,0
AT1G29880,2,0,0,0,0,0,0,2
AT1G30380,2,2,2,2,0,2,0,2
AT1G30580,2,0,0,4,0,0,0,0
AT1G30680,2,3,6,0,0,0,5,4
AT1G32200,2,0,0,0,0,0,0,0
AT1G33040,2,0,0,0,0,0,0,0
AT1G33590,2,0,0,0,0,0,0,0
AT1G34760,2,0,0,0,0,0,0,0
AT1G37130,2,0,0,0,0,0,0,0
AT1G44835,2,0,8,5,0,0,5,6
AT1G45201,2,0,0,0,0,0,0,0
AT1G47420,2,0,0,2,0,0,0,0
AT1G49480,2,0,0,0,0,0,0,0
AT1G49630,2,0,6,3,0,0,0,4
AT1G51160,2,0,3,3,0,0,4,0
AT1G51980,2,0,0,0,0,0,0,0
AT1G53830,2,0,0,0,0,2,0,0
AT1G54340,2,0,0,0,0,0,0,2
AT1G54500,2,0,0,0,0,0,0,0
AT1G56050,2,0,0,0,0,0,0,0
AT1G56510,2,3,5,0,0,0,3,2
AT1G62640,2,0,4,0,0,0,0,4
AT1G63680,2,0,12,5,0,0,3,13
AT1G63970,2,0,2,0,0,0,0,3
AT1G64510,2,2,0,0,0,0,0,0
AT1G65960,2,3,5,9,0,0,3,6
AT1G67230,2,0,12,17,0,0,16,14
AT1G68830,2,0,0,0,0,0,0,0
AT1G69620,2,2,2,2,0,0,0,2
AT1G70310,2,0,0,0,0,0,0,2
AT1G72810,2,0,0,0,0,0,0,3
AT1G74850,2,0,8,7,0,0,8,8
AT1G75950,2,2,2,3,0,0,3,2
AT1G76080,2,0,0,0,0,0,0,0
AT1G77940,2,2,3,2,0,0,0,5
AT1G80500,2,0,3,3,0,0,2,3
AT1G80660,2,0,0,0,0,0,0,0
AT2G01970,2,0,0,3,0,0,0,0
AT2G04842,2,0,10,0,0,0,0,12
AT2G07640,2,2,3,3,0,0,0,2
AT2G16360,2,2,2,2,0,0,2,2
AT2G18450,2,0,0,0,0,0,0,0
AT2G19480,2,0,6,5,0,0,5,4
AT2G19730,2,0,4,8,0,0,0,3
AT2G19760,2,0,3,0,0,0,0,2
AT2G20420,2,0,0,0,0,0,0,0
AT2G20610,2,0,0,0,0,0,0,0
AT2G20920,2,0,0,0,0,0,0,0
AT2G21530,2,0,0,0,0,0,0,0
AT2G22230,2,2,0,3,0,0,5,0
AT2G24520,2,0,0,0,0,0,0,0
AT2G25830,2,0,0,0,0,0,0,0
AT2G26570,2,0,0,4,2,0,4,0
AT2G27860,2,0,0,0,0,0,0,0
AT2G28800,2,0,0,0,0,2,0,0
AT2G29300,2,0,2,2,0,2,2,2
AT2G29310,2,2,2,2,0,2,2,2
AT2G29630,2,0,0,0,0,0,0,0
AT2G30620,2,2,0,0,0,0,0,0
AT2G32920,2,0,0,0,0,0,0,2
AT2G33450,2,2,0,0,0,0,0,0
AT2G36390,2,2,0,0,0,0,0,0
AT2G36620,2,3,3,4,0,0,2,0
AT2G37600,2,0,2,3,0,0,2,2
AT2G38140,2,0,6,6,0,0,4,0
AT2G39010,2,2,0,0,0,0,0,0
AT2G39990,2,0,15,12,0,0,13,15
AT2G40010,2,0,0,2,0,0,0,0
AT2G41530,2,0,0,0,0,0,0,4
AT2G41790,2,3,0,0,0,0,0,0
AT2G42210,2,2,0,0,0,2,0,0
AT2G42540,2,0,0,0,0,0,0,0
AT2G43160,2,3,2,0,0,0,4,3
AT2G43530,2,2,2,2,0,0,2,2
AT2G44530,2,0,9,7,0,0,9,10
AT2G45790,2,0,0,0,0,0,0,0
AT2G45960,2,0,0,2,0,0,0,0
AT2G46290,2,0,5,2,0,0,4,4
AT2G46610,2,0,9,5,0,0,2,3
AT2G47710,2,0,0,0,0,0,0,0
AT3G01340,2,4,8,12,0,0,12,8
AT3G01800,2,0,0,3,0,2,0,0
AT3G02020,2,2,0,0,0,0,0,0
AT3G02090,2,0,0,0,0,0,0,0
AT3G02230,2,0,20,22,0,0,29,25
AT3G02560,2,0,2,4,0,0,4,0
AT3G02730,2,0,0,0,0,0,0,0
AT3G02860,2,4,0,0,0,0,0,0
AT3G03340,2,2,2,4,0,0,2,2
AT3G03530,2,0,0,6,0,0,7,6
AT3G06510,2,2,0,0,0,0,0,0
AT3G07110,2,2,3,3,0,0,2,2
AT3G07480,2,0,3,0,0,0,0,3
AT3G11250,2,0,0,2,0,0,0,2
AT3G11400,2,2,13,15,0,0,14,11
AT3G12390,2,4,0,4,2,0,4,0
AT3G12490,2,0,4,4,0,0,4,8
AT3G14990,2,0,0,0,0,0,0,3
AT3G15356,2,7,0,0,2,4,0,0
AT3G16000,2,0,0,0,0,0,0,0
AT3G16420,2,0,0,0,0,0,0,0
AT3G16480,2,0,0,0,0,0,0,0
AT3G16950,2,3,4,6,2,0,5,6
AT3G17210,2,0,0,0,0,0,0,0
AT3G22460,2,0,0,0,0,0,0,0
AT3G22960,2,0,5,2,0,0,5,4
AT3G23570,2,0,0,0,0,0,0,0
AT3G23700,2,2,0,2,0,0,3,0
AT3G24430,2,0,10,0,0,0,0,14
AT3G24830,2,3,2,3,0,0,3,3
AT3G25220,2,2,0,0,0,0,2,0
AT3G25530,2,0,0,0,0,0,0,0
AT3G42170,2,2,15,11,0,0,12,17
AT3G44720,2,0,0,0,0,0,0,0
AT3G44890,2,3,3,5,0,0,3,3
AT3G45310,2,2,0,2,0,0,0,0
AT3G46040,2,0,0,3,0,0,2,2
AT3G48420,2,0,0,0,0,0,0,0
AT3G49680,2,0,0,0,0,0,0,0
AT3G52140,2,0,24,22,0,0,23,19
AT3G52500,2,0,0,5,0,0,2,4
AT3G53740,2,0,2,4,0,0,2,3
AT3G53900,2,0,0,0,0,0,0,2
AT3G56130,2,3,10,5,0,2,7,9
AT3G56290,2,0,0,0,0,0,0,0
AT3G56460,2,0,0,0,0,0,0,3
AT3G58140,2,0,0,0,0,0,0,0
AT3G58570,2,0,0,0,0,0,5,3
AT3G59780,2,0,0,0,0,0,0,0
AT3G61430,2,0,0,2,0,0,0,0
AT4G01100,2,0,0,0,0,0,0,0
AT4G02450,2,0,0,0,0,0,0,0
AT4G03520,2,0,0,0,0,0,0,0
AT4G08390,2,0,15,2,0,0,0,16
AT4G08520,2,3,3,5,0,2,6,4
AT4G08950,2,0,2,2,0,0,2,0
AT4G11010,2,0,0,0,0,0,0,0
AT4G11420,2,0,46,32,0,0,37,40
AT4G14030,2,0,0,0,0,0,0,0
AT4G15165,2,0,2,2,0,0,0,2
AT4G16390,2,3,14,3,0,0,3,19
AT4G17530,2,0,0,0,0,0,0,2
AT4G19006,2,4,11,9,0,0,7,12
AT4G21100,2,2,6,11,0,0,16,9
AT4G21710,2,4,18,26,0,0,29,22
AT4G23100,2,0,0,0,0,0,0,0
AT4G24930,2,0,0,0,0,0,0,0
AT4G26910,2,0,0,2,0,0,0,0
AT4G29010,2,0,3,6,0,0,5,2
AT4G29130,2,0,0,0,0,0,0,3
AT4G30010,2,3,2,0,0,0,0,0
AT4G30910,2,0,0,2,0,0,0,0
AT4G31870,2,0,0,0,0,0,0,0
AT4G32208,2,2,3,3,2,0,2,3
AT4G33510,2,0,8,0,0,0,2,7
AT4G33760,2,0,3,0,0,0,0,0
AT4G34490,2,3,5,6,0,0,7,0
AT4G34620,2,3,5,6,0,2,4,5
AT4G34870,2,2,0,3,0,0,2,2
AT4G35000,2,0,0,0,0,0,0,0
AT4G35260,2,0,7,0,0,0,0,10
AT4G35830,2,0,0,0,0,0,0,0
AT4G35970,2,0,0,0,0,0,0,0
AT4G37000,2,0,0,0,0,0,0,0
AT4G38710,2,0,0,0,0,2,0,0
AT4G39080,2,0,0,2,0,0,0,0
AT4G39200,2,2,3,2,0,0,2,2
AT4G39960,2,2,3,2,0,0,0,4
AT5G02050,2,0,6,16,0,0,0,0
AT5G02160,2,4,3,0,0,0,0,2
AT5G02450,2,0,0,4,0,0,0,2
AT5G04740,2,0,0,0,0,0,0,0
AT5G05780,2,2,9,7,0,0,9,10
AT5G08050,2,2,2,0,0,0,0,0
AT5G09510,2,3,3,2,0,0,0,3
AT5G09900,2,0,12,9,0,2,15,13
AT5G10160,2,2,0,4,0,0,7,0
AT5G10540,2,4,0,0,0,0,0,0
AT5G11420,2,2,0,4,0,0,0,0
AT5G11450,2,0,0,0,0,0,0,0
AT5G11520,2,0,24,2,0,0,0,15
AT5G12470,2,0,0,2,2,3,2,0
AT5G13510,2,0,5,2,0,0,0,3
AT5G14060,2,2,0,0,0,0,0,0
AT5G14200,2,0,0,0,0,0,0,0
AT5G14910,2,2,3,0,0,0,0,2
AT5G15090,2,0,0,2,0,0,0,0
AT5G15970,2,2,0,0,0,2,0,0
AT5G16280,2,2,11,11,0,0,18,8
AT5G16390,2,2,2,2,0,0,3,2
AT5G16470,2,0,0,2,2,0,2,0
AT5G16840,2,0,0,0,0,0,0,0
AT5G16970,2,0,0,0,0,0,3,0
AT5G16990,2,0,0,0,0,0,3,0
AT5G17440,2,2,2,2,0,0,0,2
AT5G18660,2,0,0,0,0,0,0,5
AT5G19300,2,0,0,0,0,0,0,0
AT5G19370,2,0,12,2,0,0,0,12
AT5G19820,2,2,6,4,0,0,0,5
AT5G22440,2,0,0,5,0,0,0,0
AT5G22630,2,0,0,0,0,0,0,0
AT5G23140,2,2,6,4,0,0,6,4
AT5G25460,2,3,0,5,0,0,0,0
AT5G25754,2,0,31,15,0,0,25,25
AT5G25757,2,0,31,15,0,0,25,25
AT5G26860,2,0,18,29,0,4,13,15
AT5G27990,2,3,0,0,0,0,0,0
AT5G39320,2,2,0,3,0,0,2,3
AT5G39740,2,0,5,4,0,0,0,2
AT5G40950,2,2,2,2,0,0,0,0
AT5G43780,2,2,2,0,0,0,0,0
AT5G44130,2,0,0,0,0,0,0,0
AT5G45390,2,0,0,0,0,0,2,3
AT5G47200,2,0,0,0,0,0,0,2
AT5G47930,2,0,4,4,0,0,3,4
AT5G48375,2,2,3,4,0,0,4,3
AT5G51550,2,0,2,3,0,0,0,2
AT5G51970,2,2,3,0,0,0,0,0
AT5G53460,2,2,0,0,0,0,0,0
AT5G53490,2,0,0,0,0,0,0,0
AT5G54270,2,0,0,0,0,0,0,2
AT5G54440,2,0,15,8,0,0,11,16
AT5G54810,2,0,0,0,0,0,0,0
AT5G55070,2,0,0,3,0,0,2,0
AT5G55220,2,0,0,0,0,0,0,0
AT5G55730,2,0,0,0,0,0,0,0
AT5G57655,2,0,14,3,0,0,3,21
AT5G58030,2,0,9,6,0,0,6,4
AT5G58330,2,0,0,0,0,0,0,0
AT5G59240,2,2,2,0,0,0,0,3
AT5G60100,2,0,15,15,0,2,14,15
AT5G60660,2,0,0,0,2,2,0,0
AT5G60980,2,0,0,0,0,0,3,0
AT5G63400,2,0,0,0,0,0,0,0
AT5G64840,2,0,0,0,0,0,0,0
AT5G65010,2,0,0,0,0,0,0,0
AT5G65430,2,2,2,2,0,0,2,4
AT5G65720,2,2,10,3,0,0,3,13
AT5G65750,2,0,2,0,0,0,2,2
AT5G66470,2,0,8,0,0,0,0,8
AT5G66530,2,0,0,0,0,0,0,0
AT5G66760,2,2,0,0,0,0,0,0
AT5G67630,2,0,4,4,0,0,7,7
ATCG00170,2,3,25,14,0,2,16,22
ATCG00720,2,0,0,0,0,0,0,0
ATCG01090,2,4,0,0,0,0,0,0
ATMG00070,2,2,0,0,0,0,2,2
ATMG00510,2,2,3,2,0,2,2,2
AT1G01100,0,0,3,2,0,0,0,4
AT1G01510,0,0,0,2,0,0,4,0
AT1G01620,0,0,0,3,0,0,2,0
AT1G01730,0,0,0,0,0,0,2,0
AT1G01800,0,0,0,0,0,0,0,2
AT1G01960,0,0,7,5,0,0,8,2
AT1G02090,0,0,2,0,0,0,2,2
AT1G02690,0,0,2,0,0,0,2,0
AT1G02840,0,0,5,3,0,0,0,6
AT1G02890,0,0,0,0,0,0,0,2
AT1G03060,0,0,0,0,0,0,4,0
AT1G03160,0,2,12,0,0,0,3,13
AT1G03650,0,2,0,0,0,0,0,0
AT1G03910,0,0,0,2,0,0,0,0
AT1G04080,0,0,0,8,0,0,7,0
AT1G04710,0,0,3,0,0,0,0,5
AT1G05090,0,0,4,4,0,0,6,4
AT1G05320,0,0,0,0,0,0,2,2
AT1G05385,0,0,0,0,0,2,0,0
AT1G05460,0,0,22,7,0,0,10,32
AT1G05680,0,0,0,4,0,0,2,0
AT1G05720,0,0,4,0,0,0,5,2
AT1G05850,0,0,3,2,0,0,2,0
AT1G05960,0,0,2,2,0,0,0,0
AT1G06000,0,0,0,4,0,0,2,2
AT1G06410,0,0,4,0,0,0,0,4
AT1G06590,0,0,0,2,0,0,0,0
AT1G06670,0,0,0,2,0,0,2,0
AT1G07360,0,0,2,0,0,0,0,3
AT1G07510,0,0,0,2,0,0,0,0
AT1G07670,0,0,0,3,0,0,0,0
AT1G07750,0,0,0,0,0,0,0,2
AT1G07780,0,0,5,0,0,0,0,3
AT1G07810,0,0,0,3,0,0,0,0
AT1G08130,0,0,0,0,0,0,0,6
AT1G08190,0,0,4,4,0,0,4,3
AT1G08420,0,0,0,2,0,0,2,0
AT1G08630,0,0,5,3,0,0,2,4
AT1G08830,0,0,2,0,0,0,0,4
AT1G09080,0,0,4,3,0,0,2,3
AT1G09180,0,0,0,0,0,0,0,4
AT1G09230,0,0,2,2,0,0,2,0
AT1G09270,0,0,6,5,0,0,5,8
AT1G09620,0,0,2,0,0,0,0,3
AT1G09730,0,0,0,0,0,0,0,2
AT1G09760,0,0,0,2,0,0,2,3
AT1G09770,0,0,2,3,0,0,3,3
AT1G09870,0,0,0,0,0,0,0,3
AT1G10200,0,0,2,0,0,0,0,5
AT1G10290,0,0,24,27,0,0,22,15
AT1G10430,0,0,4,0,0,0,0,3
AT1G10670,0,0,0,4,0,0,5,0
AT1G10840,0,0,13,8,0,0,11,11
AT1G10930,0,0,6,5,0,0,6,5
AT1G12080,0,0,0,2,0,0,0,0
AT1G12430,0,0,0,0,0,0,2,0
AT1G12470,0,0,6,6,0,0,9,5
AT1G12780,0,0,2,0,0,0,0,0
AT1G12910,0,0,3,2,0,0,4,3
AT1G13190,0,0,0,0,0,0,3,0
AT1G13320,0,0,2,0,0,0,0,3
AT1G13450,0,0,0,9,0,0,8,0
AT1G13690,0,0,2,5,0,0,8,4
AT1G13880,0,0,28,22,0,2,29,29
AT1G13980,0,0,0,4,0,0,3,0
AT1G14170,0,0,0,0,0,0,2,0
AT1G14640,0,0,0,0,0,0,0,2
AT1G14650,0,0,5,6,0,0,5,11
AT1G14830,0,0,5,8,0,0,6,7
AT1G14840,0,0,0,0,0,0,2,0
AT1G15140,0,0,0,0,0,0,0,3
AT1G15270,0,2,2,0,0,0,0,0
AT1G15480,0,0,0,0,0,0,0,2
AT1G15710,0,0,2,0,0,0,0,4
AT1G15980,0,2,0,0,0,0,0,0
AT1G16300,0,0,2,3,0,0,0,3
AT1G16350,0,0,2,0,0,0,0,0
AT1G16520,0,0,0,0,0,0,2,0
AT1G16610,0,0,0,2,0,0,0,0
AT1G16970,0,0,0,3,0,0,3,0
AT1G17370,0,0,0,0,0,0,0,3
AT1G17760,0,0,0,0,0,0,0,3
AT1G17890,0,0,0,0,0,0,0,3
AT1G18070,0,0,0,0,0,0,0,3
AT1G18250,0,0,0,2,0,0,3,0
AT1G18270,0,0,4,0,0,0,4,6
AT1G18450,0,0,12,14,0,0,13,19
AT1G18660,0,0,2,0,0,0,0,0
AT1G19720,0,0,2,0,0,0,0,0
AT1G19880,0,0,0,3,0,0,3,0
AT1G20540,0,0,0,3,0,0,4,0
AT1G20580,0,0,3,4,0,0,4,6
AT1G20600,0,0,0,2,0,0,2,0
AT1G20670,0,0,4,3,0,0,3,0
AT1G20760,0,0,3,5,0,0,9,4
AT1G20880,0,0,3,0,0,0,0,0
AT1G20920,0,0,0,6,0,2,8,2
AT1G20960,0,0,56,49,0,0,60,48
AT1G20970,0,0,0,0,0,0,3,0
AT1G21600,0,0,3,4,0,0,3,4
AT1G21630,0,0,7,8,0,0,12,7
AT1G21700,0,0,5,0,0,0,4,8
AT1G22760,0,0,0,0,0,0,2,0
AT1G22920,0,0,7,9,0,0,12,5
AT1G23730,0,0,2,0,0,0,0,2
AT1G23860,0,0,4,0,0,0,0,0
AT1G23900,0,0,4,0,0,0,0,3
AT1G24190,0,0,2,4,0,0,4,3
AT1G24360,0,0,0,3,0,0,2,0
AT1G24706,0,0,6,2,0,0,0,2
AT1G24764,0,0,0,0,0,0,2,0
AT1G25350,0,0,0,0,0,0,2,0
AT1G25490,0,0,6,0,0,0,0,7
AT1G26320,0,0,0,0,0,0,2,0
AT1G26570,0,0,0,0,0,0,2,2
AT1G26761,0,0,2,0,0,0,0,0
AT1G27650,0,0,4,2,0,0,4,4
AT1G27752,0,0,4,3,0,0,5,2
AT1G28400,0,4,0,2,0,2,3,0
AT1G29350,0,0,5,2,0,0,5,6
AT1G29370,0,0,5,2,0,0,5,6
AT1G29940,0,0,5,2,0,0,3,4
AT1G30460,0,0,0,7,0,0,5,0
AT1G30470,0,0,5,5,0,0,4,7
AT1G30480,0,0,0,0,0,0,2,0
AT1G30620,0,0,0,2,0,0,2,0
AT1G31710,0,0,0,4,0,0,5,0
AT1G31730,0,0,0,0,0,0,3,0
AT1G31780,0,0,0,2,0,0,6,0
AT1G32220,0,0,2,0,0,0,0,0
AT1G32380,0,0,3,4,0,0,4,5
AT1G32550,0,4,0,0,0,3,0,5
AT1G32900,0,4,5,0,0,0,0,3
AT1G33360,0,0,0,0,0,0,0,2
AT1G33410,0,0,3,4,0,0,4,2
AT1G33811,0,0,0,0,0,0,2,0
AT1G33960,0,0,0,0,0,2,0,0
AT1G34000,0,0,0,0,0,0,0,2
AT1G35220,0,0,6,6,0,0,5,6
AT1G35420,0,2,0,0,0,2,0,0
AT1G36730,0,0,0,3,0,0,2,0
AT1G43190,0,0,0,2,0,0,0,0
AT1G43710,0,0,0,0,0,0,0,6
AT1G43850,0,0,0,5,0,0,3,0
AT1G44900,0,0,2,4,0,0,4,2
AT1G44910,0,0,0,9,0,0,6,0
AT1G45230,0,0,0,0,0,0,0,3
AT1G47200,0,0,0,0,0,0,3,2
AT1G47550,0,0,0,2,0,0,5,0
AT1G47560,0,0,0,0,0,0,4,0
AT1G47900,0,0,6,2,0,0,4,4
AT1G48050,0,0,0,2,0,0,3,0
AT1G48090,0,0,0,2,0,0,0,0
AT1G48410,0,0,2,3,0,0,3,0
AT1G48520,0,0,0,0,0,0,0,2
AT1G48610,0,0,0,2,0,0,0,0
AT1G48620,0,0,0,4,0,0,0,0
AT1G48860,0,0,0,0,0,0,0,2
AT1G48920,0,0,6,6,0,0,6,4
AT1G49040,0,0,10,9,0,0,8,10
AT1G49340,0,0,0,6,0,0,6,0
AT1G49430,0,0,0,0,0,0,5,4
AT1G49540,0,0,3,6,0,0,8,3
AT1G49600,0,0,2,0,0,0,0,2
AT1G49670,0,0,2,2,0,0,3,4
AT1G50370,0,0,10,5,0,0,5,8
AT1G50500,0,0,4,2,0,0,5,2
AT1G50575,0,0,2,0,0,0,0,0
AT1G50670,0,0,0,0,0,0,0,3
AT1G50710,0,0,0,2,0,0,0,0
AT1G51380,0,0,0,0,0,0,0,2
AT1G51560,0,0,0,2,0,0,0,2
AT1G51710,0,0,0,0,0,0,0,5
AT1G52030,0,0,0,12,0,0,11,0
AT1G52040,0,0,0,8,0,0,5,0
AT1G52570,0,3,14,6,2,0,17,25
AT1G52730,0,0,0,2,0,0,4,0
AT1G53080,0,2,0,0,0,2,0,0
AT1G54060,0,0,3,2,0,0,5,2
AT1G54080,0,0,0,0,0,0,0,6
AT1G54250,0,0,2,3,0,0,3,3
AT1G54290,0,0,0,2,0,0,3,3
AT1G54570,0,0,2,0,0,0,0,0
AT1G55090,0,0,12,10,0,0,11,11
AT1G55510,0,0,3,0,0,0,0,2
AT1G55670,0,0,5,0,0,0,0,0
AT1G55860,0,0,37,30,0,0,45,32
AT1G55890,0,0,2,0,0,0,0,6
AT1G56330,0,0,3,0,0,0,0,5
AT1G56560,0,0,0,0,0,0,3,0
AT1G56580,0,0,3,0,0,0,0,5
AT1G56700,0,0,3,0,0,0,0,0
AT1G59610,0,0,22,23,0,0,17,8
AT1G59760,0,0,0,0,0,0,2,0
AT1G59830,0,0,4,0,0,0,0,3
AT1G59890,0,0,0,2,0,0,8,0
AT1G60000,0,0,0,0,0,0,0,2
AT1G60200,0,0,0,5,0,0,3,0
AT1G60780,0,0,0,0,0,0,2,5
AT1G60810,0,0,0,2,0,0,0,0
AT1G60830,0,0,4,2,0,0,2,0
AT1G60850,0,0,4,0,0,0,0,2
AT1G60900,0,0,7,2,0,0,3,5
AT1G60970,0,0,0,2,0,2,3,0
AT1G61010,0,0,4,4,0,0,5,3
AT1G61150,0,0,3,4,0,0,4,8
AT1G61570,0,0,2,0,0,0,0,3
AT1G61850,0,0,3,0,0,0,6,3
AT1G61870,0,0,2,0,0,0,0,0
AT1G62800,0,0,4,0,0,0,0,4
AT1G63000,0,2,2,0,0,0,0,2
AT1G63210,0,0,0,0,0,0,2,0
AT1G63640,0,0,4,4,0,0,3,4
AT1G63660,0,0,0,0,0,0,0,6
AT1G64330,0,0,3,0,0,0,4,4
AT1G64350,0,0,0,2,0,0,2,0
AT1G64790,0,0,6,7,0,0,10,2
AT1G65010,0,0,22,10,0,0,16,21
AT1G65220,0,0,5,2,0,0,0,0
AT1G65260,0,0,0,0,0,2,0,0
AT1G65440,0,0,5,9,0,0,14,10
AT1G65980,0,0,2,0,0,0,0,3
AT1G66240,0,0,3,0,0,0,0,2
AT1G67650,0,0,2,4,0,0,3,3
AT1G67930,0,0,0,5,0,0,10,0
AT1G68060,0,0,0,0,0,0,2,0
AT1G68730,0,0,0,0,0,0,0,2
AT1G68790,0,0,2,0,0,0,0,3
AT1G68890,0,4,4,6,0,0,5,6
AT1G69200,0,0,2,0,0,0,2,3
AT1G69250,0,0,2,5,0,0,5,2
AT1G69940,0,0,2,0,0,0,0,0
AT1G69960,0,0,3,0,0,0,0,2
AT1G70060,0,0,11,5,0,0,13,8
AT1G70070,0,0,4,9,0,0,2,3
AT1G70180,0,0,0,3,0,0,0,0
AT1G70290,0,0,2,0,0,0,0,0
AT1G70320,0,0,63,53,0,0,73,62
AT1G70770,0,0,2,0,0,0,0,0
AT1G70830,0,0,2,0,0,0,0,6
AT1G71010,0,0,0,3,0,0,7,0
AT1G71230,0,0,2,3,0,0,2,0
AT1G71695,0,0,0,7,0,0,0,0
AT1G71720,0,0,0,2,0,0,3,0
AT1G72000,0,0,3,3,0,0,4,3
AT1G72550,0,0,0,5,0,0,4,0
AT1G72970,0,0,0,0,0,0,3,0
AT1G73250,0,0,0,0,0,0,0,3
AT1G73380,0,0,21,8,0,0,8,27
AT1G73450,0,0,0,0,0,0,2,0
AT1G73460,0,0,0,0,0,0,2,0
AT1G73600,0,0,0,0,0,0,0,3
AT1G73620,0,0,0,2,0,0,2,0
AT1G74040,0,0,3,2,0,0,0,4
AT1G74270,0,2,0,0,0,0,0,0
AT1G74690,0,0,2,0,0,0,4,0
AT1G74920,0,0,3,0,0,0,2,2
AT1G75330,0,0,0,2,0,0,0,0
AT1G75460,0,0,2,2,0,0,2,0
AT1G75690,0,0,3,0,0,0,0,0
AT1G75750,0,0,0,0,2,2,0,0
AT1G75910,0,0,0,4,0,0,2,0
AT1G75930,0,0,0,5,0,0,2,0
AT1G75940,0,0,3,11,0,0,9,5
AT1G76300,0,0,0,2,0,0,2,0
AT1G76460,0,0,3,0,0,0,0,0
AT1G76810,0,0,0,2,0,0,3,0
AT1G76850,0,0,2,0,0,0,3,0
AT1G77310,0,0,9,23,0,0,0,0
AT1G77490,0,0,2,0,0,0,0,2
AT1G77580,0,0,0,0,0,0,3,0
AT1G79050,0,0,8,0,0,0,0,4
AT1G79280,0,0,18,2,0,0,3,13
AT1G79340,0,0,2,0,0,0,0,3
AT1G79350,0,0,0,0,0,0,0,2
AT1G79530,0,0,3,4,0,0,0,6
AT1G79730,0,0,3,4,0,0,0,0
AT1G80270,0,0,3,0,0,0,0,4
AT1G80680,0,0,0,4,0,0,5,0
AT1G80720,0,0,0,5,0,0,0,0
AT2G01690,0,0,0,0,0,0,5,4
AT2G01720,0,0,0,2,0,0,0,0
AT2G02010,0,0,0,0,0,0,0,2
AT2G02560,0,0,2,0,0,0,0,4
AT2G02740,0,0,2,3,0,0,0,2
AT2G02790,0,0,2,0,0,0,0,0
AT2G03150,0,0,2,3,0,0,3,0
AT2G03440,0,0,2,0,2,0,0,0
AT2G03640,0,0,0,4,0,2,2,0
AT2G03750,0,0,4,0,0,0,0,0
AT2G03820,0,0,4,0,0,0,0,6
AT2G04270,0,0,0,0,0,0,0,4
AT2G04280,0,0,0,3,0,0,3,0
AT2G04630,0,0,0,0,0,0,2,0
AT2G04660,0,0,0,0,0,0,2,0
AT2G04690,0,0,7,0,0,0,0,6
AT2G04740,0,0,4,0,0,0,0,7
AT2G05140,0,0,3,5,0,0,3,2
AT2G05170,0,0,5,4,0,0,2,6
AT2G05830,0,0,2,0,0,0,0,2
AT2G06210,0,0,3,7,0,0,6,0
AT2G07360,0,0,13,6,0,0,3,9
AT2G07734,0,0,2,0,0,0,0,0
AT2G10940,0,0,3,2,0,2,0,2
AT2G13370,0,0,0,17,0,0,14,0
AT2G15400,0,0,0,0,0,0,3,0
AT2G15690,0,0,4,0,0,0,0,4
AT2G16430,0,0,0,2,0,0,0,0
AT2G16440,0,0,0,5,0,0,10,0
AT2G16485,0,0,0,3,0,0,5,2
AT2G16570,0,0,2,0,0,0,0,5
AT2G16940,0,0,3,3,0,0,3,4
AT2G16950,0,0,12,0,0,0,2,13
AT2G17130,0,0,7,0,0,0,0,11
AT2G17380,0,0,2,0,0,0,0,0
AT2G17410,0,0,0,2,0,0,4,3
AT2G17510,0,0,0,0,0,0,0,3
AT2G17870,0,0,0,0,0,0,0,3
AT2G18040,0,0,2,0,0,0,0,3
AT2G18510,0,0,2,2,0,0,3,2
AT2G18740,0,0,3,3,0,0,3,2
AT2G18790,0,0,2,0,0,0,7,0
AT2G18990,0,0,0,0,0,0,0,2
AT2G19070,0,0,0,5,0,0,10,4
AT2G19490,0,0,3,2,0,0,2,3
AT2G19740,0,0,0,2,0,0,0,0
AT2G19750,0,0,2,2,0,0,0,0
AT2G20020,0,0,5,3,0,0,2,0
AT2G20190,0,0,2,0,0,0,0,3
AT2G20340,0,0,0,2,0,0,3,2
AT2G20490,0,0,0,2,0,0,0,0
AT2G20930,0,0,4,2,0,0,4,0
AT2G21060,0,0,0,3,0,0,0,0
AT2G21410,0,0,0,2,0,0,0,0
AT2G21790,0,0,0,0,0,0,0,4
AT2G22125,0,2,17,13,0,0,17,24
AT2G22250,0,0,7,0,0,0,0,8
AT2G22360,0,0,2,0,0,0,0,3
AT2G22795,0,0,6,6,0,0,6,3
AT2G23080,0,0,0,0,0,0,2,2
AT2G23930,0,0,3,3,0,0,3,2
AT2G24590,0,0,2,0,0,0,0,3
AT2G24765,0,0,0,0,0,0,0,2
AT2G25170,0,0,2,3,0,0,4,0
AT2G25210,0,0,2,0,0,0,0,0
AT2G25670,0,0,0,4,0,0,0,0
AT2G26780,0,0,6,4,0,0,6,5
AT2G26990,0,0,3,0,0,0,3,0
AT2G27040,0,0,0,0,0,0,2,0
AT2G27170,0,0,13,11,0,0,11,21
AT2G27210,0,0,0,2,0,0,2,0
AT2G27600,0,0,5,0,0,0,0,6
AT2G27630,0,0,0,0,0,0,0,2
AT2G27880,0,0,2,2,0,0,0,0
AT2G28470,0,0,4,0,0,0,4,4
AT2G28790,0,0,11,6,0,0,6,7
AT2G28950,0,0,0,3,0,0,0,0
AT2G29080,0,0,0,4,0,0,6,0
AT2G29140,0,0,2,0,0,0,0,2
AT2G29200,0,0,2,0,0,0,0,2
AT2G29580,0,0,2,0,0,0,0,3
AT2G29690,0,0,0,2,0,0,3,0
AT2G29960,0,2,0,2,0,0,2,0
AT2G30050,0,0,5,8,0,0,8,7
AT2G31190,0,0,0,0,0,0,2,0
AT2G31570,0,0,0,0,0,0,0,2
AT2G32000,0,0,0,0,0,0,2,0
AT2G32180,0,0,2,0,0,0,0,0
AT2G32220,0,0,2,0,0,0,0,0
AT2G32650,0,0,2,0,0,0,0,0
AT2G32700,0,0,0,2,0,0,2,0
AT2G32900,0,0,0,2,0,0,3,0
AT2G34040,0,0,0,5,0,0,6,0
AT2G34560,0,0,0,0,0,0,2,4
AT2G34590,0,0,0,0,0,0,0,2
AT2G34640,0,0,11,6,0,0,5,6
AT2G34730,0,2,14,3,0,0,8,13
AT2G34810,0,0,0,2,0,0,0,0
AT2G34840,0,2,3,2,0,0,3,3
AT2G34970,0,0,7,3,0,0,3,5
AT2G35110,0,0,8,9,0,0,9,4
AT2G35390,0,0,5,6,0,0,4,7
AT2G35605,0,0,0,3,0,0,0,0
AT2G35780,0,0,0,3,0,0,0,0
AT2G35880,0,0,0,0,0,0,2,0
AT2G35920,0,0,0,2,0,0,2,0
AT2G36360,0,0,5,3,0,0,6,2
AT2G36580,0,0,4,4,0,0,5,4
AT2G37020,0,0,0,0,0,0,0,2
AT2G37080,0,0,5,3,0,0,6,0
AT2G37270,0,0,5,0,0,0,6,3
AT2G37340,0,0,2,0,0,0,0,4
AT2G37550,0,0,7,0,0,0,4,3
AT2G38020,0,0,3,4,0,0,4,4
AT2G38270,0,0,7,0,0,0,0,7
AT2G38440,0,0,0,4,0,0,0,0
AT2G38580,0,0,0,3,0,0,2,0
AT2G38730,0,0,2,0,0,0,0,0
AT2G38770,0,0,13,18,0,0,25,13
AT2G39590,0,0,0,0,0,0,0,2
AT2G39810,0,0,4,3,0,0,5,3
AT2G39900,0,0,2,0,0,0,0,0
AT2G40030,0,0,0,2,0,0,4,0
AT2G40930,0,0,2,0,0,0,0,4
AT2G41040,0,0,4,0,0,0,0,4
AT2G41430,0,0,0,0,0,0,3,0
AT2G41600,0,0,0,6,0,0,0,0
AT2G42270,0,0,9,9,0,0,13,8
AT2G42500,0,0,5,0,0,0,0,7
AT2G42680,0,0,0,3,0,3,4,0
AT2G43360,0,0,2,0,0,0,0,4
AT2G43460,0,0,0,0,0,0,2,0
AT2G43650,0,0,0,0,0,0,2,0
AT2G43770,0,0,13,10,0,0,9,14
AT2G44730,0,0,0,2,0,0,3,0
AT2G44920,0,0,0,0,2,0,0,0
AT2G45300,0,0,0,0,0,0,0,2
AT2G45540,0,3,21,6,0,0,20,23
AT2G45810,0,0,4,0,0,0,0,4
AT2G46020,0,0,14,6,0,0,8,15
AT2G46520,0,0,12,6,0,2,0,6
AT2G46560,0,0,0,3,0,0,6,2
AT2G47210,0,0,0,2,0,0,0,3
AT2G47330,0,0,0,3,0,0,5,0
AT2G47510,0,0,0,0,0,0,0,2
AT2G47580,0,0,3,4,0,0,7,5
AT2G47620,0,0,3,0,0,0,0,0
AT2G47640,0,0,3,2,0,0,4,3
AT2G47960,0,2,6,11,0,0,11,8
AT2G47980,0,0,5,2,0,0,3,3
AT3G01180,0,0,7,0,0,0,0,5
AT3G01310,0,0,3,0,0,0,0,4
AT3G01320,0,0,3,0,0,0,0,0
AT3G01560,0,0,0,3,0,0,6,0
AT3G01780,0,0,15,8,0,0,6,15
AT3G02080,0,2,2,4,0,2,4,4
AT3G02110,0,0,12,11,0,0,12,11
AT3G02200,0,0,17,16,0,0,20,23
AT3G02720,0,0,5,0,0,0,0,4
AT3G02780,0,0,3,0,0,0,3,4
AT3G02830,0,0,2,0,0,0,0,2
AT3G03080,0,0,0,0,0,0,2,0
AT3G03110,0,0,4,0,0,0,0,4
AT3G03380,0,0,0,3,0,0,9,3
AT3G03540,0,0,2,8,0,0,11,8
AT3G03630,0,0,0,0,0,0,2,0
AT3G03920,0,0,0,2,0,0,0,0
AT3G04290,0,0,0,6,0,0,0,2
AT3G04470,0,0,2,2,0,0,3,0
AT3G04600,0,0,7,6,0,0,9,8
AT3G04610,0,0,0,0,0,0,0,3
AT3G04760,0,0,3,0,0,0,0,0
AT3G04910,0,0,0,0,0,0,4,2
AT3G05000,0,0,6,4,0,0,6,6
AT3G05060,0,0,6,10,0,0,0,6
AT3G05680,0,0,0,4,0,0,3,0
AT3G05780,0,0,2,0,0,0,0,0
AT3G05790,0,0,0,2,0,0,0,0
AT3G06110,0,0,0,0,0,0,0,3
AT3G06400,0,0,4,3,0,0,3,3
AT3G06580,0,0,0,0,0,0,0,7
AT3G06670,0,0,2,0,0,0,0,2
AT3G06730,0,0,2,4,0,0,2,0
AT3G06850,0,0,0,0,0,0,2,0
AT3G06860,0,0,0,3,0,0,0,0
AT3G06930,0,0,0,7,0,0,8,3
AT3G06980,0,0,3,2,0,0,0,2
AT3G07010,0,4,0,0,0,0,0,0
AT3G07050,0,0,0,2,0,0,0,0
AT3G07170,0,0,0,0,0,0,3,0
AT3G07300,0,0,8,0,0,0,3,6
AT3G07390,0,0,0,2,0,0,0,0
AT3G07590,0,0,2,3,0,0,2,2
AT3G07640,0,0,0,0,0,0,2,0
AT3G08030,0,0,2,3,0,0,3,0
AT3G08560,0,0,0,0,0,0,0,2
AT3G08900,0,0,5,4,0,0,6,8
AT3G08943,0,0,0,4,0,0,0,3
AT3G08947,0,0,3,0,0,0,0,2
AT3G09800,0,0,0,3,0,0,0,0
AT3G09810,0,0,3,0,0,0,0,3
AT3G09900,0,0,2,0,0,0,0,0
AT3G10090,0,2,4,4,0,0,4,5
AT3G10270,0,0,3,3,0,0,3,7
AT3G10350,0,0,2,0,0,0,0,2
AT3G10380,0,0,3,0,0,0,2,0
AT3G10410,0,0,0,0,0,0,2,0
AT3G10520,0,0,2,0,0,0,0,3
AT3G10670,0,0,0,0,0,0,0,2
AT3G10740,0,0,0,0,0,0,0,3
AT3G10850,0,0,4,0,0,0,0,0
AT3G10950,0,0,2,2,0,0,0,0
AT3G11100,0,0,0,2,0,0,2,0
AT3G11200,0,0,0,0,0,0,0,3
AT3G11270,0,0,5,3,0,0,3,3
AT3G11500,0,0,3,3,0,0,3,2
AT3G11910,0,0,2,0,0,0,0,6
AT3G11940,0,0,5,0,0,0,6,3
AT3G11964,0,0,7,2,0,0,0,4
AT3G12010,0,0,3,0,0,0,0,0
AT3G12370,0,0,0,0,0,0,0,3
AT3G13060,0,0,0,2,0,0,4,4
AT3G13160,0,0,0,0,0,0,0,4
AT3G13180,0,0,2,2,0,0,0,3
AT3G13290,0,0,0,0,0,0,3,0
AT3G13300,0,0,0,0,0,0,5,0
AT3G13330,0,0,0,0,0,0,4,0
AT3G13450,0,0,4,0,0,0,0,3
AT3G13460,0,0,7,8,0,0,9,7
AT3G13490,0,0,4,0,0,0,0,7
AT3G13570,0,0,2,0,0,0,0,2
AT3G13750,0,0,2,0,0,0,0,4
AT3G13940,0,0,2,2,0,0,0,5
AT3G13990,0,0,2,2,0,0,0,0
AT3G14100,0,0,0,0,0,0,0,8
AT3G14172,0,0,0,3,0,0,6,0
AT3G15000,0,0,2,4,0,0,2,5
AT3G15180,0,0,4,0,0,0,2,8
AT3G15610,0,0,0,0,0,0,2,2
AT3G15690,0,0,3,3,0,0,2,2
AT3G16050,0,0,2,2,0,0,3,2
AT3G16060,0,0,3,2,0,0,6,4
AT3G16370,0,0,0,3,0,0,0,0
AT3G16630,0,0,2,5,0,0,4,0
AT3G16650,0,0,0,2,0,0,0,0
AT3G16780,0,0,3,4,0,0,0,3
AT3G16980,0,0,0,2,0,0,2,2
AT3G17020,0,0,3,0,0,0,0,2
AT3G17820,0,0,0,5,0,0,9,4
AT3G18000,0,0,0,0,0,0,0,3
AT3G18035,0,0,0,6,0,0,4,2
AT3G18090,0,0,2,0,0,0,5,0
AT3G18390,0,0,3,18,0,0,15,4
AT3G18580,0,0,5,5,0,0,6,3
AT3G18790,0,0,4,4,0,0,4,4
AT3G19240,0,0,4,4,0,0,3,5
AT3G19760,0,0,5,2,0,0,0,7
AT3G19770,0,3,6,6,0,0,10,7
AT3G19810,0,0,0,0,0,0,0,3
AT3G19980,0,0,8,4,0,0,3,8
AT3G20740,0,0,0,0,0,0,3,0
AT3G20790,0,0,0,2,0,0,0,0
AT3G20800,0,0,5,0,0,0,4,5
AT3G20810,0,0,0,0,0,0,0,4
AT3G21140,0,0,5,4,0,0,3,6
AT3G21200,0,0,2,0,0,0,0,5
AT3G21650,0,0,3,2,0,0,2,0
AT3G21810,0,0,0,3,0,0,4,0
AT3G22200,0,0,0,0,0,0,0,3
AT3G22220,0,0,4,0,0,0,0,3
AT3G22320,0,0,6,5,0,0,4,5
AT3G22330,0,0,3,3,0,0,2,5
AT3G22590,0,0,5,0,0,0,0,0
AT3G22680,0,0,0,2,0,0,0,0
AT3G22860,0,0,3,3,0,0,3,2
AT3G22990,0,0,2,2,0,0,2,4
AT3G23070,0,0,0,0,0,0,2,0
AT3G23450,0,0,0,0,0,0,2,0
AT3G23780,0,0,2,0,0,0,7,2
AT3G23900,0,0,2,2,0,0,0,0
AT3G23980,0,0,2,0,0,0,0,0
AT3G24080,0,0,0,0,0,0,0,3
AT3G24480,0,0,0,0,0,0,3,0
AT3G24490,0,0,0,0,0,0,2,0
AT3G24870,0,0,0,0,0,0,2,0
AT3G24880,0,0,0,0,0,0,2,0
AT3G25150,0,0,0,2,0,0,0,0
AT3G25580,0,0,0,0,0,0,0,2
AT3G25800,0,0,5,0,0,0,0,7
AT3G25940,0,0,3,0,0,0,0,3
AT3G26020,0,0,2,0,0,0,0,0
AT3G26450,0,0,0,0,0,0,0,4
AT3G26640,0,0,2,0,0,0,4,2
AT3G27050,0,0,0,2,0,0,2,2
AT3G27380,0,0,2,3,0,0,0,0
AT3G27530,0,0,2,2,0,0,4,0
AT3G27670,0,0,0,3,0,0,5,0
AT3G27750,0,0,0,0,0,0,0,2
AT3G28220,0,0,0,2,0,0,0,4
AT3G28500,0,0,3,5,0,0,2,4
AT3G28710,0,0,3,5,0,0,2,0
AT3G28715,0,0,2,0,0,0,0,0
AT3G28730,0,0,0,0,0,0,3,3
AT3G33530,0,0,9,9,0,0,15,9
AT3G42050,0,0,9,6,0,0,5,9
AT3G42628,0,2,0,0,0,0,2,0
AT3G42660,0,0,0,0,0,0,2,0
AT3G42850,0,0,0,0,0,0,0,2
AT3G43190,0,0,5,0,0,0,0,3
AT3G43240,0,0,0,0,0,0,0,2
AT3G43300,0,0,16,14,0,0,26,6
AT3G44590,0,0,0,2,0,0,0,0
AT3G44620,0,0,0,0,0,0,0,2
AT3G44750,0,0,3,0,0,0,4,0
AT3G45190,0,0,4,2,0,0,3,4
AT3G45940,0,0,0,2,0,0,0,0
AT3G46000,0,0,4,0,0,0,0,6
AT3G46060,0,0,3,0,0,0,0,2
AT3G46740,0,0,0,4,0,0,2,0
AT3G46960,0,0,0,2,0,0,0,0
AT3G47340,0,0,0,0,0,0,0,2
AT3G47610,0,0,3,2,0,0,2,0
AT3G48110,0,0,4,4,0,0,0,11
AT3G48150,0,0,2,0,0,0,3,3
AT3G48560,0,0,0,2,0,0,0,2
AT3G48860,0,0,2,3,0,0,4,5
AT3G48960,0,0,2,0,0,0,0,0
AT3G49100,0,0,2,2,0,0,2,0
AT3G49140,0,0,0,3,0,0,0,0
AT3G49240,0,0,6,4,0,0,5,4
AT3G49250,0,0,4,6,0,0,4,5
AT3G49430,0,0,9,4,0,0,2,6
AT3G49601,0,0,2,3,0,0,3,0
AT3G50000,0,0,0,3,0,0,5,2
AT3G50590,0,0,9,4,0,0,0,13
AT3G50670,0,0,12,15,0,0,18,6
AT3G52090,0,0,4,3,0,0,3,4
AT3G52180,0,0,0,0,0,0,0,6
AT3G52730,0,2,0,0,0,0,0,0
AT3G52990,0,0,4,4,0,0,4,3
AT3G53030,0,0,5,0,0,0,0,9
AT3G53110,0,0,3,2,0,0,0,13
AT3G53130,0,0,2,0,0,0,0,0
AT3G53500,0,0,0,0,0,0,0,2
AT3G53700,0,0,8,0,0,0,0,8
AT3G53990,0,0,2,0,0,0,0,0
AT3G54090,0,0,4,3,0,0,4,5
AT3G54400,0,0,0,2,0,0,2,0
AT3G54610,0,0,2,0,0,0,0,0
AT3G54660,0,0,0,0,0,0,5,2
AT3G54670,0,0,13,14,0,0,17,20
AT3G54760,0,0,9,17,0,0,13,9
AT3G54860,0,0,0,0,0,0,4,3
AT3G54930,0,0,8,5,0,0,5,4
AT3G55010,0,0,2,3,0,0,0,0
AT3G55020,0,0,6,6,0,0,7,6
AT3G55200,0,0,5,3,0,0,4,14
AT3G55220,0,0,5,3,0,0,4,14
AT3G55430,0,0,0,2,0,0,3,0
AT3G55460,0,0,3,0,0,0,2,0
AT3G55750,0,2,0,0,0,0,0,0
AT3G55760,0,0,0,8,0,0,5,0
AT3G55770,0,0,3,0,0,0,0,0
AT3G55870,0,0,6,10,0,0,11,6
AT3G56150,0,0,39,38,0,0,40,41
AT3G57150,0,0,3,10,0,0,0,0
AT3G57290,0,0,23,25,0,0,27,24
AT3G57520,0,0,9,0,0,0,0,20
AT3G57660,0,0,6,0,0,0,0,6
AT3G57890,0,0,0,0,0,0,0,3
AT3G58110,0,0,2,0,0,0,0,2
AT3G58500,0,0,5,0,0,0,0,7
AT3G59040,0,0,5,5,0,0,0,0
AT3G59290,0,0,0,2,0,0,5,2
AT3G59540,0,0,0,0,0,0,2,0
AT3G59600,0,0,2,3,0,0,0,3
AT3G59770,0,0,3,0,0,0,0,10
AT3G60190,0,0,9,16,0,0,9,6
AT3G60240,0,0,3,9,0,0,10,5
AT3G60245,0,0,2,2,0,0,0,0
AT3G60330,0,0,0,2,0,0,0,0
AT3G60830,0,0,8,4,0,0,5,8
AT3G61140,0,2,7,5,0,0,5,4
AT3G61240,0,0,3,0,0,0,0,2
AT3G61520,0,0,4,0,0,0,0,0
AT3G61650,0,0,7,5,0,0,7,9
AT3G61710,0,0,2,0,0,0,4,3
AT3G61760,0,0,4,4,0,0,6,3
AT3G61860,0,0,8,5,0,0,4,4
AT3G62010,0,0,3,0,0,0,0,4
AT3G62460,0,0,2,3,0,0,3,5
AT3G62560,0,0,2,0,0,0,0,5
AT3G62840,0,0,3,2,0,0,4,3
AT3G62940,0,0,0,0,0,0,2,3
AT3G63095,0,0,7,10,0,0,6,8
AT3G63130,0,0,0,3,0,0,0,0
AT3G63250,0,0,0,0,0,0,0,4
AT4G00165,0,0,0,0,0,0,0,2
AT4G00430,0,0,0,2,0,0,3,0
AT4G00660,0,0,2,0,0,0,0,0
AT4G00810,0,0,0,3,0,0,0,0
AT4G01037,0,0,2,4,0,0,2,0
AT4G02030,0,0,3,0,0,0,3,0
AT4G02060,0,0,3,7,0,0,3,0
AT4G02080,0,0,2,0,0,0,0,5
AT4G02150,0,0,2,0,0,0,0,0
AT4G02230,0,2,2,3,0,0,2,0
AT4G02350,0,0,2,0,0,0,2,0
AT4G02425,0,0,0,3,0,0,10,0
AT4G02430,0,0,0,0,0,0,0,2
AT4G02480,0,0,11,0,0,0,3,7
AT4G02570,0,0,4,0,0,0,3,6
AT4G02580,0,2,0,0,0,0,0,0
AT4G02620,0,0,2,3,0,0,0,0
AT4G02840,0,0,0,3,0,0,2,4
AT4G02990,0,0,0,2,0,0,2,0
AT4G03080,0,0,0,2,0,0,0,0
AT4G03120,0,0,0,2,0,0,2,0
AT4G03205,0,0,0,0,0,0,0,2
AT4G03430,0,0,6,0,0,0,0,4
AT4G04910,0,0,2,0,0,0,0,2
AT4G04950,0,0,5,0,0,0,0,6
AT4G08350,0,0,0,0,0,0,3,0
AT4G08580,0,0,0,0,0,0,0,2
AT4G09730,0,0,3,0,0,0,0,2
AT4G09980,0,0,0,0,0,0,0,4
AT4G10610,0,0,0,0,0,0,0,2
AT4G10710,0,0,5,10,0,0,10,7
AT4G10750,0,0,2,0,0,0,0,2
AT4G10920,0,3,0,0,0,2,0,0
AT4G10960,0,0,3,2,0,0,2,4
AT4G11060,0,2,0,3,0,0,3,2
AT4G11175,0,0,0,0,0,0,2,0
AT4G11270,0,0,0,0,0,0,2,0
AT4G11380,0,0,10,6,0,0,0,8
AT4G11740,0,0,0,2,0,0,2,0
AT4G11820,0,0,0,0,0,0,0,4
AT4G12420,0,0,0,2,0,0,0,0
AT4G12700,0,0,0,0,0,0,2,0
AT4G12770,0,0,4,2,0,0,4,0
AT4G12780,0,0,4,2,0,0,5,2
AT4G12790,0,0,2,0,0,0,0,4
AT4G12880,0,0,0,2,0,0,0,0
AT4G12960,0,0,0,0,0,0,2,0
AT4G13170,0,0,0,2,0,0,2,2
AT4G13340,0,0,0,2,0,0,2,0
AT4G13780,0,0,2,0,0,0,0,5
AT4G13850,0,0,0,0,0,0,2,2
AT4G14110,0,0,0,0,0,0,2,0
AT4G14300,0,0,0,0,0,0,0,2
AT4G14710,0,0,5,0,0,0,0,3
AT4G14716,0,0,5,0,0,0,0,3
AT4G14890,0,0,2,0,0,0,0,2
AT4G15020,0,0,3,2,0,0,0,2
AT4G15415,0,0,3,2,0,0,2,0
AT4G15560,0,0,0,0,0,0,0,3
AT4G15790,0,0,0,0,0,0,2,2
AT4G15900,0,0,3,5,0,0,5,0
AT4G15950,0,0,0,0,0,0,3,0
AT4G16130,0,0,7,0,0,0,0,6
AT4G16265,0,0,4,0,0,0,0,6
AT4G16340,0,0,14,8,0,0,10,7
AT4G16500,0,2,2,2,0,0,2,3
AT4G17060,0,0,0,0,0,0,2,0
AT4G17330,0,0,2,9,0,0,12,0
AT4G17770,0,0,3,0,0,0,0,3
AT4G18040,0,0,2,2,0,0,2,4
AT4G18060,0,0,4,0,0,0,4,0
AT4G18240,0,0,13,10,0,0,10,11
AT4G18905,0,0,0,2,0,2,2,0
AT4G19210,0,0,5,2,0,0,0,4
AT4G19490,0,0,0,0,0,0,2,0
AT4G19710,0,0,2,0,0,0,0,0
AT4G20130,0,0,7,3,0,0,5,7
AT4G20440,0,0,6,5,0,0,5,6
AT4G20720,0,0,4,4,0,0,6,4
AT4G20980,0,0,10,8,0,0,13,13
AT4G21150,0,0,0,3,0,0,0,0
AT4G21530,0,0,0,2,0,0,3,0
AT4G21650,0,0,3,6,0,0,5,5
AT4G21660,0,0,0,0,0,0,0,3
AT4G21860,0,0,0,0,0,0,0,3
AT4G22010,0,0,0,4,0,0,0,0
AT4G22670,0,0,0,3,0,0,0,2
AT4G22690,0,3,0,0,0,0,0,0
AT4G22710,0,3,0,0,0,0,0,0
AT4G22745,0,0,2,4,0,0,0,0
AT4G23460,0,0,9,3,0,0,0,6
AT4G23650,0,0,0,0,0,0,0,2
AT4G23710,0,0,4,3,0,0,0,3
AT4G24270,0,0,7,15,0,0,12,5
AT4G24580,0,0,0,3,0,0,5,0
AT4G24750,0,0,0,0,0,0,2,0
AT4G24800,0,0,0,0,0,0,0,3
AT4G25550,0,0,0,3,0,0,2,2
AT4G25740,0,0,4,4,0,0,0,2
AT4G25890,0,0,0,3,0,0,0,0
AT4G26110,0,0,9,10,0,0,7,7
AT4G26230,0,0,0,2,0,0,0,0
AT4G26630,0,0,3,12,0,0,10,0
AT4G26720,0,0,0,0,0,0,0,2
AT4G26760,0,0,0,0,0,0,2,0
AT4G26780,0,0,0,0,0,0,2,3
AT4G26840,0,0,0,2,0,0,0,0
AT4G27060,0,0,0,0,0,0,0,2
AT4G27130,0,0,0,2,0,0,3,3
AT4G27320,0,0,0,0,0,0,0,2
AT4G27430,0,0,0,0,0,0,0,2
AT4G27595,0,0,2,0,0,0,0,0
AT4G27640,0,0,3,0,0,0,3,4
AT4G27740,0,3,0,0,2,2,0,2
AT4G27800,0,0,3,2,0,0,0,0
AT4G28300,0,0,3,6,0,0,6,3
AT4G28980,0,0,0,0,0,0,0,2
AT4G29380,0,0,2,3,0,0,0,3
AT4G29390,0,0,2,2,0,0,0,0
AT4G29670,0,0,0,0,0,0,0,4
AT4G29810,0,0,2,0,0,0,0,2
AT4G29840,0,0,0,0,0,0,0,5
AT4G30220,0,0,0,0,0,0,3,0
AT4G30330,0,0,2,2,0,0,3,2
AT4G30530,0,0,2,0,0,0,0,8
AT4G30720,0,0,2,0,0,0,0,4
AT4G30810,0,0,0,2,0,0,0,0
AT4G31160,0,0,6,5,0,0,8,4
AT4G31210,0,0,0,2,0,0,0,0
AT4G31340,0,0,0,4,0,0,3,0
AT4G31430,0,0,0,0,0,0,3,0
AT4G31580,0,0,5,3,0,0,0,3
AT4G31850,0,0,3,0,0,0,0,2
AT4G31985,0,0,2,0,0,0,0,0
AT4G32180,0,0,4,0,0,0,0,4
AT4G32590,0,0,2,2,0,0,0,0
AT4G32840,0,0,3,4,0,3,3,4
AT4G32910,0,0,3,2,0,0,2,3
AT4G33090,0,0,0,3,0,0,0,0
AT4G33250,0,0,14,15,0,0,15,15
AT4G33370,0,0,2,0,0,0,0,4
AT4G33400,0,0,15,10,0,0,7,11
AT4G33580,0,0,0,0,0,0,0,2
AT4G33650,0,0,15,8,0,0,8,5
AT4G34360,0,0,9,3,0,0,9,9
AT4G34430,0,0,3,3,0,0,4,6
AT4G34660,0,0,4,3,0,0,6,6
AT4G34740,0,0,5,0,0,0,0,6
AT4G34830,0,0,6,0,0,0,2,0
AT4G34860,0,0,5,3,0,0,5,4
AT4G34980,0,0,2,2,0,0,0,0
AT4G35050,0,0,0,0,0,0,3,0
AT4G35410,0,0,2,0,0,0,0,0
AT4G35570,0,0,0,0,0,0,3,0
AT4G35650,0,0,3,0,0,0,0,4
AT4G35800,0,3,20,25,0,0,33,17
AT4G35910,0,0,0,0,0,0,0,3
AT4G36250,0,0,0,4,0,0,2,0
AT4G36690,0,0,9,4,0,0,7,7
AT4G36740,0,0,9,0,0,0,2,14
AT4G36810,0,0,0,0,2,3,0,0
AT4G37510,0,2,6,9,0,0,9,5
AT4G37870,0,0,2,6,0,0,6,3
AT4G38130,0,3,12,10,0,0,15,12
AT4G38600,0,0,3,0,0,0,6,5
AT4G38780,0,0,33,32,0,2,35,35
AT4G39090,0,0,2,2,0,0,2,2
AT4G39330,0,0,4,3,0,0,4,6
AT4G39660,0,0,2,0,0,0,0,3
AT4G39680,0,0,7,17,0,0,12,0
AT4G39820,0,2,5,4,0,0,5,3
AT4G39860,0,0,0,0,0,0,3,2
AT4G39980,0,2,9,3,0,0,5,7
AT5G01590,0,0,0,4,0,0,4,0
AT5G02280,0,0,0,2,0,0,3,5
AT5G02890,0,0,0,0,0,0,2,3
AT5G03290,0,0,9,0,0,0,0,8
AT5G03520,0,0,2,0,0,0,0,0
AT5G03740,0,0,6,5,0,0,6,5
AT5G03850,0,2,4,4,0,0,4,5
AT5G04130,0,0,5,3,0,0,3,7
AT5G04290,0,0,0,0,0,0,2,0
AT5G04430,0,0,0,3,0,0,2,0
AT5G04710,0,0,0,3,0,0,5,3
AT5G04810,0,0,0,0,0,0,0,2
AT5G05200,0,0,0,0,0,0,0,2
AT5G05470,0,0,0,0,0,0,0,2
AT5G05560,0,0,2,2,0,0,0,2
AT5G05590,0,0,4,0,0,0,0,3
AT5G05620,0,0,7,5,0,0,7,7
AT5G05670,0,0,0,2,0,0,0,0
AT5G05680,0,0,2,0,0,0,0,0
AT5G05730,0,0,2,3,0,0,3,2
AT5G05990,0,0,0,2,0,0,0,0
AT5G06060,0,0,3,0,0,0,0,4
AT5G06160,0,0,3,0,0,0,0,3
AT5G06600,0,0,0,0,0,0,0,4
AT5G06970,0,0,4,5,0,0,5,0
AT5G07020,0,2,0,0,0,0,0,0
AT5G07030,0,0,0,4,0,0,3,0
AT5G07340,0,0,0,0,0,0,3,0
AT5G07380,0,0,2,6,0,0,7,2
AT5G07410,0,0,2,0,0,0,0,2
AT5G07440,0,0,4,2,0,0,0,0
AT5G07530,0,0,0,2,0,0,0,0
AT5G07900,0,0,2,0,0,0,0,0
AT5G08450,0,0,16,18,0,0,22,20
AT5G08470,0,0,0,0,0,0,0,4
AT5G08560,0,0,2,2,0,0,3,0
AT5G08590,0,0,0,0,0,0,0,2
AT5G08740,0,0,3,0,0,0,0,5
AT5G09390,0,0,14,9,0,0,9,14
AT5G09450,0,0,3,0,0,0,0,3
AT5G09860,0,0,0,0,0,0,2,0
AT5G10770,0,0,0,0,0,0,2,2
AT5G11040,0,3,14,4,0,0,6,11
AT5G11170,0,0,6,2,0,0,0,13
AT5G11200,0,0,6,2,0,0,0,13
AT5G11470,0,0,0,0,0,0,5,0
AT5G11490,0,0,2,4,0,0,2,0
AT5G11720,0,0,0,0,0,0,0,2
AT5G11980,0,0,0,2,0,0,3,0
AT5G12140,0,0,2,3,0,0,2,3
AT5G12190,0,0,3,0,0,0,0,2
AT5G12370,0,0,4,2,0,0,4,0
AT5G13020,0,0,0,2,0,0,2,0
AT5G13260,0,0,3,2,0,0,4,6
AT5G13280,0,0,2,0,0,0,0,0
AT5G13480,0,0,0,2,0,0,0,0
AT5G13530,0,0,2,2,0,0,6,3
AT5G13680,0,0,6,9,0,0,16,7
AT5G13780,0,0,0,0,0,0,2,0
AT5G13850,0,2,0,2,0,0,2,0
AT5G13930,0,0,0,4,0,0,0,0
AT5G13970,0,0,0,0,0,0,2,0
AT5G14170,0,0,9,5,0,0,11,10
AT5G14240,0,0,16,0,0,0,4,16
AT5G14250,0,0,9,5,0,0,10,9
AT5G14540,0,3,2,7,0,0,11,2
AT5G14580,0,0,0,0,0,0,3,2
AT5G14720,0,0,0,3,0,0,7,0
AT5G14800,0,0,0,0,0,0,2,0
AT5G15020,0,0,11,8,0,0,12,6
AT5G15270,0,0,0,3,0,0,10,0
AT5G15520,0,2,3,3,0,2,4,3
AT5G15530,0,0,3,3,0,0,3,2
AT5G15610,0,0,10,7,0,0,8,11
AT5G15650,0,0,20,23,0,0,29,24
AT5G16270,0,0,2,3,0,0,7,3
AT5G16290,0,0,2,2,0,0,0,3
AT5G16300,0,0,2,0,0,0,0,0
AT5G16310,0,0,0,0,0,0,0,2
AT5G16440,0,0,0,0,0,0,3,2
AT5G16510,0,0,0,2,0,0,3,0
AT5G16570,0,0,0,0,0,0,3,4
AT5G16960,0,0,0,0,0,0,2,0
AT5G17000,0,0,0,0,0,0,2,0
AT5G17020,0,0,6,3,0,0,0,13
AT5G17510,0,0,0,0,0,0,0,2
AT5G17770,0,0,0,2,0,0,0,0
AT5G17900,0,0,0,0,0,0,0,2
AT5G17910,0,0,0,2,0,0,5,0
AT5G17990,0,0,3,0,0,0,0,3
AT5G18110,0,0,0,2,0,0,0,0
AT5G18230,0,0,0,2,0,0,0,0
AT5G18410,0,0,5,3,0,0,6,0
AT5G18420,0,0,7,6,0,0,9,5
AT5G18570,0,0,9,2,0,0,0,15
AT5G18580,0,0,0,0,0,0,0,2
AT5G18620,0,0,3,2,0,0,3,4
AT5G18820,0,0,5,6,0,0,4,4
AT5G19350,0,0,0,0,0,0,2,0
AT5G19960,0,0,0,3,0,0,3,0
AT5G20250,0,0,3,0,0,0,0,2
AT5G20280,0,2,0,0,0,0,2,0
AT5G20950,0,0,0,4,0,0,0,0
AT5G21326,0,2,0,0,0,0,0,3
AT5G22330,0,0,11,4,0,0,5,9
AT5G22510,0,0,3,7,0,0,4,3
AT5G22580,0,3,2,0,0,0,0,3
AT5G22640,0,0,2,5,0,0,11,0
AT5G22650,0,0,5,10,0,0,4,3
AT5G22770,0,0,9,7,0,0,9,14
AT5G22780,0,0,8,7,0,0,9,14
AT5G22800,0,0,2,2,0,0,2,3
AT5G22880,0,0,2,2,0,0,0,0
AT5G23300,0,2,0,0,0,0,0,0
AT5G23310,0,0,4,0,0,0,0,3
AT5G23880,0,0,3,4,0,0,4,0
AT5G24020,0,0,5,0,0,0,0,6
AT5G24314,0,0,4,0,0,0,2,0
AT5G24350,0,0,0,0,0,0,3,0
AT5G24710,0,0,19,10,0,0,9,22
AT5G25060,0,0,0,0,0,0,2,0
AT5G25070,0,2,5,6,0,0,4,6
AT5G25270,0,0,3,2,0,0,0,0
AT5G25370,0,0,0,0,0,0,0,2
AT5G25780,0,2,26,28,0,0,36,24
AT5G26760,0,0,2,0,0,0,4,0
AT5G27120,0,0,2,3,0,0,0,0
AT5G27470,0,0,0,0,0,0,0,2
AT5G27640,0,3,33,27,0,0,33,26
AT5G28370,0,0,4,0,0,0,0,0
AT5G28460,0,0,4,0,0,0,0,0
AT5G28740,0,0,7,9,0,0,7,4
AT5G35430,0,3,10,6,0,0,5,9
AT5G35790,0,0,6,4,0,0,3,3
AT5G36160,0,0,12,2,0,3,4,10
AT5G36230,0,0,10,4,0,0,3,11
AT5G37310,0,0,0,2,0,0,0,0
AT5G37600,0,0,0,3,0,0,8,8
AT5G38640,0,0,0,0,0,0,2,4
AT5G38880,0,0,0,2,0,0,2,0
AT5G39500,0,0,0,3,0,0,5,0
AT5G40270,0,0,15,0,0,0,0,17
AT5G40290,0,0,6,0,0,0,0,8
AT5G40440,0,0,0,0,0,0,0,3
AT5G40490,0,0,6,2,0,0,0,0
AT5G40650,0,0,0,2,0,0,0,0
AT5G41520,0,0,3,0,0,0,0,0
AT5G41950,0,0,3,10,0,0,9,2
AT5G42040,0,0,4,0,0,0,4,6
AT5G42080,0,0,19,18,0,0,23,10
AT5G42100,0,0,0,2,0,0,0,0
AT5G42220,0,0,7,3,0,0,5,5
AT5G42820,0,0,4,0,0,0,3,4
AT5G42920,0,0,0,0,0,0,2,2
AT5G42950,0,0,0,7,0,0,7,0
AT5G43060,0,0,0,3,0,0,6,6
AT5G43070,0,0,0,3,0,0,2,2
AT5G43830,0,0,0,0,0,0,0,2
AT5G43990,0,0,6,9,0,0,12,9
AT5G44020,0,0,0,3,0,0,0,0
AT5G44070,0,0,2,4,0,0,6,5
AT5G44320,0,0,8,7,0,0,9,9
AT5G44500,0,0,6,5,0,0,5,6
AT5G44635,0,0,5,7,0,0,8,7
AT5G44710,0,0,0,0,0,0,2,0
AT5G45280,0,0,0,0,0,0,3,0
AT5G45510,0,0,0,5,0,0,5,3
AT5G45950,0,0,2,0,0,0,0,0
AT5G46020,0,0,3,7,0,0,3,2
AT5G46180,0,0,2,0,0,0,0,2
AT5G46210,0,0,3,17,0,0,16,4
AT5G46420,0,0,7,5,0,0,3,4
AT5G46580,0,0,11,7,0,0,5,10
AT5G46630,0,0,2,3,0,0,2,0
AT5G47010,0,0,0,5,0,0,6,2
AT5G47040,0,0,5,3,0,0,0,3
AT5G47690,0,0,9,4,0,0,6,8
AT5G47700,0,0,0,0,0,0,0,3
AT5G47770,0,0,0,0,0,0,0,3
AT5G47910,0,2,0,3,0,0,2,0
AT5G48230,0,0,0,2,0,0,0,0
AT5G48480,0,0,0,4,0,0,0,0
AT5G48520,0,0,3,0,0,0,0,0
AT5G48580,0,0,0,0,0,2,2,0
AT5G48600,0,0,2,2,0,0,4,0
AT5G48680,0,0,0,2,0,0,0,0
AT5G48760,0,0,0,2,0,0,2,2
AT5G48880,0,0,8,4,0,0,4,13
AT5G49020,0,0,2,6,0,0,10,8
AT5G49810,0,0,2,2,0,0,0,0
AT5G49830,0,0,0,3,0,0,2,2
AT5G49840,0,0,0,0,0,0,0,2
AT5G49880,0,0,2,0,0,0,0,0
AT5G50320,0,0,4,8,0,0,9,8
AT5G50750,0,0,0,0,0,0,0,3
AT5G50950,0,0,0,4,0,0,0,2
AT5G51060,0,2,0,2,0,0,0,0
AT5G51070,0,0,0,0,0,0,0,5
AT5G51100,0,0,3,3,0,0,4,5
AT5G51110,0,0,6,0,0,0,0,9
AT5G51280,0,0,6,3,0,0,4,14
AT5G51430,0,0,0,4,0,0,8,0
AT5G51660,0,0,5,6,0,0,12,0
AT5G51980,0,0,0,0,0,0,0,3
AT5G52280,0,0,0,2,0,0,2,0
AT5G52650,0,0,4,4,0,0,0,2
AT5G52960,0,0,3,0,0,0,0,3
AT5G53350,0,0,3,0,0,0,0,4
AT5G53480,0,0,2,0,0,0,4,7
AT5G54430,0,0,0,0,0,0,0,4
AT5G54760,0,0,0,2,0,0,3,3
AT5G54940,0,0,0,2,0,0,2,2
AT5G55210,0,0,0,0,0,0,2,0
AT5G55230,0,0,3,8,0,0,10,3
AT5G55660,0,0,0,8,0,0,6,0
AT5G55670,0,0,0,4,0,0,3,0
AT5G55860,0,0,0,4,0,0,3,0
AT5G56280,0,0,0,0,0,0,4,0
AT5G56350,0,0,2,0,0,0,3,5
AT5G56360,0,0,17,13,0,0,24,8
AT5G56370,0,0,0,3,0,0,4,0
AT5G56670,0,0,2,2,0,0,0,0
AT5G56950,0,0,2,2,0,0,2,3
AT5G57290,0,0,0,5,0,0,0,3
AT5G57370,0,0,2,0,0,0,0,0
AT5G57460,0,0,5,3,0,0,0,3
AT5G58040,0,0,2,11,0,0,10,3
AT5G58100,0,0,0,3,0,0,0,0
AT5G58230,0,0,9,14,0,0,10,8
AT5G58410,0,0,3,2,0,0,3,0
AT5G58490,0,0,4,0,0,0,0,4
AT5G58710,0,0,0,0,0,0,2,0
AT5G59210,0,0,5,4,0,0,4,5
AT5G59810,0,0,0,2,0,0,2,2
AT5G59840,0,0,2,0,0,0,0,0
AT5G59870,0,0,0,2,0,0,0,0
AT5G59890,0,0,3,0,0,0,0,3
AT5G59950,0,0,0,0,2,0,0,0
AT5G60210,0,0,0,0,0,0,3,0
AT5G60540,0,0,6,0,0,0,0,8
AT5G61020,0,0,6,0,0,0,6,3
AT5G61140,0,0,8,7,0,0,12,3
AT5G61150,0,0,0,3,0,0,5,0
AT5G61170,0,3,4,4,0,2,3,3
AT5G61580,0,0,0,2,0,0,0,0
AT5G62190,0,0,3,0,0,0,0,2
AT5G62410,0,0,2,3,0,0,6,0
AT5G62600,0,0,0,2,0,0,3,0
AT5G63110,0,0,33,32,0,0,33,30
AT5G63190,0,0,2,0,0,0,0,2
AT5G63620,0,0,0,0,0,0,0,2
AT5G63830,0,0,11,0,0,0,0,8
AT5G63960,0,0,0,5,0,0,5,0
AT5G64070,0,0,12,5,0,0,10,11
AT5G64090,0,0,0,0,0,0,3,0
AT5G64140,0,0,0,4,0,0,2,2
AT5G64200,0,0,3,0,0,0,0,3
AT5G64270,0,0,4,0,0,0,0,7
AT5G64760,0,0,9,7,0,0,8,11
AT5G65220,0,0,2,2,0,0,0,0
AT5G65260,0,0,2,0,0,0,0,0
AT5G65690,0,0,0,0,0,0,3,0
AT5G65770,0,0,17,19,0,0,25,21
AT5G65780,0,0,17,19,0,0,25,21
AT5G65840,0,0,2,0,0,0,0,0
AT5G65910,0,0,13,5,0,0,8,10
AT5G66030,0,0,5,4,0,0,7,4
AT5G66120,0,0,3,2,0,0,0,4
AT5G66200,0,0,2,0,0,0,0,0
AT5G66680,0,0,0,6,0,0,2,0
AT5G67100,0,0,0,0,0,0,0,2
AT5G67240,0,0,0,6,0,0,7,0
AT5G67320,0,0,2,2,0,0,4,3
AT5G67380,0,0,0,3,0,0,5,2
ATCG00190,0,0,11,12,0,0,15,16
ATCG00430,0,4,3,0,0,0,3,3
ATCG00740,0,0,4,4,0,0,3,2
ATCG00840,0,0,2,0,0,0,0,0
ATCG01300,0,0,2,0,0,0,0,0
