Protein,AT5G17690,AT5G176901,AT2G23380,AT2G23380 1,WT
AT3G44310,789,311,792,367,409
AT5G52040,835,578,691,549,17
AT4G25500,704,473,534,415,11
AT3G08590,145,140,234,169,129
ATCG00490,150,136,207,195,168
AT2G23380,51,52,151,141,0
AT4G35630,83,63,119,86,60
AT3G15730,73,65,108,94,73
AT5G38420,54,49,94,64,55
AT3G44320,81,52,85,69,60
AT1G36160,66,72,83,93,80
AT1G67090,49,47,82,67,49
AT5G02500,70,63,78,88,74
AT4G10320,82,84,76,76,44
AT3G44690,66,62,76,81,55
AT3G44300,63,51,70,67,62
AT1G09780,44,48,70,58,44
AT1G56070,59,58,66,63,53
AT4G20850,43,54,66,70,60
AT2G17630,50,40,64,48,42
AT5G38430,31,37,64,53,45
AT3G09440,53,52,63,68,61
AT5G26710,53,57,60,59,41
AT3G20740,38,34,58,59,0
AT4G29270,29,29,58,52,39
AT1G19480,54,53,57,59,48
AT1G55490,44,42,57,54,46
AT5G26000,36,32,55,52,36
AT3G13470,44,44,54,51,46
AT3G09840,47,56,53,57,54
AT5G62690,42,50,53,50,44
AT5G62700,42,50,53,50,44
AT1G69830,39,41,53,48,43
AT3G12580,43,39,52,55,48
AT3G52930,40,48,52,54,40
AT5G28540,43,41,51,56,40
AT1G52570,34,30,51,49,39
AT1G20620,31,31,51,49,34
AT5G42020,41,42,50,49,41
AT2G29550,40,47,49,47,43
AT5G25980,34,33,49,58,50
AT2G21390,38,39,48,54,38
AT1G57720,37,39,48,46,38
AT1G48120,36,39,47,54,61
AT5G23860,36,46,45,46,40
AT3G45140,30,35,45,47,34
AT1G62020,33,36,44,51,37
AT3G09820,26,28,43,42,38
AT5G02490,39,38,42,50,47
AT3G03540,35,36,42,39,25
AT5G51230,34,36,42,47,0
AT1G30230,33,24,42,32,23
AT5G58230,47,38,41,41,9
AT3G23990,33,40,41,44,43
AT3G13490,31,25,41,40,38
AT2G20580,30,39,41,42,38
AT2G36880,27,36,41,43,32
AT2G28000,39,39,40,43,36
AT5G56500,35,34,40,44,39
AT4G28520,0,0,40,46,0
AT2G46280,36,29,39,36,26
AT5G27640,36,40,39,48,32
AT3G59770,28,28,39,45,0
AT5G44340,28,36,39,37,34
AT2G40660,44,53,38,48,27
AT3G11910,33,35,38,37,27
AT1G70320,32,33,38,37,36
AT1G71080,32,35,38,31,28
AT5G25780,31,36,37,44,29
AT5G12250,29,39,37,38,29
AT4G20890,26,35,37,36,33
AT2G34160,31,18,36,23,22
AT1G53310,29,38,36,47,37
AT2G33210,28,33,36,42,35
AT3G59970,22,26,36,37,27
AT1G78900,31,32,35,42,36
AT5G03340,31,38,35,39,41
AT5G03300,25,21,35,33,34
AT1G80070,23,25,35,30,24
AT5G17920,19,24,35,45,41
AT4G16143,68,66,34,31,9
AT1G29250,32,20,34,24,22
AT2G42600,31,34,34,50,44
AT4G24280,31,29,34,34,28
AT1G64880,28,50,34,49,18
AT1G20010,27,35,34,33,27
AT4G37800,25,23,34,31,26
AT5G65730,35,24,33,26,21
AT1G71220,34,37,33,53,38
AT2G39730,28,27,33,31,26
AT4G33010,21,33,33,43,30
AT5G20010,16,17,33,24,15
AT3G17390,24,28,32,33,24
AT5G20890,24,24,32,38,28
AT5G35360,23,23,32,27,26
AT4G30200,0,2,32,30,0
AT5G26360,23,25,31,33,26
AT4G35090,21,21,31,26,30
AT2G29560,19,27,31,28,27
AT5G11530,33,38,30,26,0
AT4G33680,21,19,30,32,26
AT5G20020,16,14,30,17,10
AT5G17690,295,200,29,31,0
AT5G09810,22,18,29,31,27
AT4G09000,20,21,29,26,15
AT5G35630,19,23,29,28,27
AT2G41740,18,24,29,31,27
AT2G36530,11,19,29,29,27
AT1G52400,24,26,28,29,16
AT3G05900,23,24,28,38,28
AT1G20960,17,28,28,29,23
AT3G26650,17,21,28,23,22
AT5G49910,28,29,27,26,25
AT1G02500,26,30,27,35,22
AT1G75780,22,29,27,29,23
AT1G04410,18,19,27,29,22
AT2G36460,17,25,27,29,22
AT1G07890,16,18,27,21,21
AT3G56150,14,19,27,27,13
AT4G38970,13,15,27,26,29
AT1G09640,27,31,26,31,27
AT4G37910,25,30,26,30,24
AT5G06600,25,37,26,29,16
AT1G42970,24,23,26,29,21
AT1G04820,23,25,26,27,21
AT1G50010,23,25,26,27,21
AT4G13940,23,22,26,28,26
AT2G32730,21,26,26,29,24
AT1G20200,20,23,26,29,23
AT1G29900,20,23,26,26,24
AT1G07920,19,28,26,28,28
AT1G07930,19,28,26,28,28
AT1G07940,19,28,26,28,28
AT1G52030,19,20,26,33,26
AT1G79920,19,21,26,26,23
AT5G60390,19,28,26,28,28
AT5G09590,18,25,26,26,21
AT5G60100,16,17,26,23,8
AT1G35160,15,15,26,19,11
AT5G35200,13,18,26,23,18
AT3G05530,28,24,25,26,23
AT1G15750,25,32,25,24,29
AT4G01850,25,28,25,30,23
AT3G04120,22,21,25,22,23
AT5G19510,22,22,25,22,13
AT2G05920,21,32,25,29,21
AT3G57290,21,26,25,23,19
AT2G28290,20,21,25,27,23
AT3G01500,18,19,25,22,22
AT1G52360,16,23,25,30,18
AT3G03780,16,20,25,33,30
AT1G48410,14,15,25,27,21
AT1G22300,13,16,25,25,15
AT5G49460,12,16,25,18,18
AT4G14960,23,23,24,28,21
AT1G13440,22,21,24,22,22
AT5G11710,22,32,24,30,28
AT3G12110,18,16,24,23,23
AT1G79930,17,21,24,27,28
ATCG00480,17,19,24,21,18
AT1G78570,16,23,24,28,21
AT2G26080,16,26,24,33,29
AT1G78300,13,16,24,21,15
AT2G23390,12,16,24,20,18
AT5G61780,12,16,24,23,23
AT5G63840,11,19,24,31,19
AT5G44120,0,0,24,20,0
AT5G56010,24,24,23,33,24
AT5G02790,19,23,23,23,26
AT5G66420,19,23,23,31,20
AT3G15980,17,19,23,24,15
AT3G20050,17,16,23,23,20
AT1G12900,16,18,23,20,20
AT4G31480,16,22,23,34,23
AT5G14240,13,13,23,14,12
AT5G04140,12,17,23,24,29
AT3G06650,11,17,23,20,18
AT1G53750,24,22,22,23,23
AT4G28470,22,22,22,25,24
AT5G56030,22,21,22,32,24
AT3G03960,19,23,22,26,21
AT3G18190,19,23,22,28,20
AT5G58290,19,19,22,28,17
AT1G55860,18,21,22,24,23
AT3G11830,18,20,22,22,22
AT3G14940,18,20,22,29,25
AT3G58510,18,19,22,22,15
AT4G31490,16,22,22,35,21
AT2G21660,15,16,22,16,12
AT3G12145,15,18,22,23,17
AT2G37620,14,11,22,16,19
AT3G53750,14,11,22,16,19
AT1G80410,12,19,22,25,26
AT2G37040,11,13,22,23,18
AT5G01600,11,12,22,16,11
AT3G59430,57,58,21,21,0
AT1G09100,23,20,21,22,19
AT3G63460,23,23,21,22,21
AT5G56000,20,22,21,30,22
AT3G53030,19,17,21,17,0
AT5G19990,19,19,21,28,21
AT5G20000,19,18,21,28,20
AT2G38040,18,26,21,28,26
AT3G46520,15,11,21,19,20
AT5G59370,15,11,21,19,20
AT2G20140,14,17,21,19,17
AT3G55760,14,17,21,24,13
AT3G57410,14,19,21,24,21
AT4G29040,14,17,21,19,17
AT5G38480,13,10,21,18,11
AT2G27040,10,13,21,23,26
AT2G24270,9,12,21,17,18
AT3G55200,9,13,21,20,20
AT3G55220,9,13,21,20,20
AT5G20830,7,11,21,27,22
AT1G72370,23,20,20,13,17
AT2G18110,20,14,20,20,13
AT5G20290,18,19,20,18,23
AT3G13860,17,19,20,22,19
AT5G42790,17,20,20,20,17
AT1G06220,15,14,20,21,20
AT4G11420,15,21,20,24,18
AT5G11170,15,17,20,23,15
AT1G24510,14,16,20,20,19
AT2G44160,14,16,20,19,20
AT5G19770,14,20,20,22,19
AT5G19780,14,20,20,22,19
AT1G35580,13,23,20,23,18
AT2G17360,12,15,20,15,14
AT3G62120,12,13,20,18,12
AT5G07090,12,15,20,15,14
AT5G58420,12,15,20,15,14
AT1G32060,11,21,20,21,24
AT3G02110,11,10,20,19,19
AT1G26630,10,12,20,16,13
AT1G08200,9,14,20,17,16
AT3G06720,42,52,19,22,3
AT1G80490,18,23,19,18,20
AT1G16030,16,16,19,22,16
AT1G49240,16,16,19,21,16
AT3G02520,16,15,19,22,15
AT3G18780,16,16,19,21,16
AT1G20630,15,15,19,21,25
AT3G43300,15,15,19,15,15
AT5G11200,15,16,19,20,14
AT5G19550,14,17,19,18,26
AT2G21330,11,16,19,19,17
AT3G03250,10,11,19,16,16
AT1G09620,9,13,19,15,20
AT1G11860,7,13,19,17,19
AT1G53850,17,16,18,17,17
AT3G02530,17,23,18,24,23
AT3G11400,17,13,18,11,7
AT5G43330,16,13,18,19,18
AT4G05420,15,16,18,22,13
AT5G35590,15,20,18,18,11
AT1G56450,14,12,18,12,14
AT3G16470,14,14,18,20,18
AT3G23810,14,16,18,24,20
AT4G21280,14,13,18,11,15
AT2G33150,13,12,18,18,13
AT1G47128,12,14,18,18,12
AT4G26110,11,9,18,22,0
AT1G18080,10,14,18,22,18
AT2G27860,10,12,18,18,16
AT1G30630,8,9,18,15,9
AT2G19480,8,13,18,21,0
AT5G65770,7,10,18,15,14
AT5G65780,7,10,18,15,14
AT4G34450,6,12,18,24,14
AT1G03880,0,0,18,18,0
AT3G60240,19,19,17,16,18
AT2G04030,18,21,17,21,23
AT5G30510,18,12,17,16,13
AT5G16050,15,15,17,20,12
AT5G25754,15,20,17,16,16
AT5G25757,15,20,17,16,16
AT1G68560,14,9,17,15,13
AT5G43940,13,12,17,18,25
AT1G65960,12,16,17,23,13
AT5G43990,12,16,17,19,15
AT5G08670,11,8,17,11,18
AT5G08680,11,8,17,11,18
AT5G08690,11,8,17,11,18
AT1G30580,10,13,17,15,11
AT3G19170,10,19,17,24,20
AT4G08390,10,10,17,16,10
AT3G09880,9,10,17,15,11
AT3G55870,9,13,17,21,15
AT1G79210,7,16,17,19,17
AT1G48630,5,12,17,13,13
AT2G19520,24,25,16,18,12
AT3G16830,21,23,16,17,14
AT3G03530,18,12,16,15,11
AT3G13460,17,10,16,11,15
AT1G12910,16,16,16,24,16
AT5G16070,16,21,16,21,19
AT3G12915,15,21,16,18,16
AT4G01290,15,23,16,17,13
AT1G23310,13,13,16,21,15
AT2G39800,13,17,16,18,20
AT2G42520,13,14,16,17,8
AT3G14290,13,16,16,16,15
AT5G60160,13,11,16,12,14
AT4G39260,12,12,16,14,11
AT1G50370,11,13,16,17,10
AT1G75990,11,20,16,22,18
AT2G19070,11,7,16,13,8
AT2G23350,11,11,16,19,13
AT1G19570,10,11,16,24,20
AT3G18060,10,15,16,20,18
AT4G26530,10,10,16,21,10
AT5G56360,9,11,16,11,10
AT1G13880,8,17,16,20,11
AT2G47510,8,10,16,17,13
AT1G16470,7,16,16,20,17
AT4G00570,7,17,16,17,7
AT1G14810,5,6,16,13,14
AT5G12110,17,9,15,9,7
AT1G20260,16,14,15,21,20
AT1G76030,16,14,15,21,20
AT5G20720,15,18,15,17,14
ATCG00500,15,18,15,20,24
AT1G45000,14,16,15,17,13
AT4G38510,14,13,15,19,15
AT1G29150,13,17,15,17,14
AT1G47250,13,14,15,14,11
AT3G11630,13,16,15,17,9
AT5G66140,13,14,15,21,14
AT1G04810,12,15,15,14,15
AT1G17720,12,16,15,19,11
AT5G47210,12,6,15,9,10
AT3G19980,9,12,15,18,9
AT4G34110,9,12,15,13,14
AT2G01140,8,9,15,15,12
AT4G29060,8,8,15,20,12
AT1G21750,7,8,15,15,9
AT4G14800,7,6,15,12,11
AT5G40270,7,18,15,20,22
AT3G18130,6,10,15,12,11
AT5G62790,6,4,15,12,14
AT4G38130,19,17,14,18,12
AT5G66190,19,17,14,19,19
AT3G04620,15,4,14,6,7
AT4G18040,15,19,14,18,7
AT5G08450,15,16,14,14,15
AT2G05840,14,18,14,16,12
AT2G42500,14,14,14,11,11
AT1G20020,13,13,14,11,13
AT3G55800,13,12,14,14,12
AT5G43010,13,15,14,16,13
AT5G10450,12,11,14,16,10
AT1G79990,11,12,14,17,12
AT2G47110,11,10,14,15,18
AT3G42170,11,13,14,14,14
AT3G62250,11,10,14,15,18
AT4G23920,11,13,14,17,17
AT5G01410,11,10,14,13,11
AT5G02240,11,13,14,15,16
AT5G15490,11,11,14,16,12
AT5G65430,11,10,14,14,9
AT4G24820,10,14,14,12,16
AT4G33250,10,15,14,15,8
AT2G17420,9,7,14,9,6
AT4G31990,9,10,14,11,15
AT5G14740,9,10,14,14,14
AT5G66760,9,10,14,18,9
AT1G43170,8,10,14,14,13
AT1G53500,8,14,14,16,13
AT1G69740,8,15,14,13,18
AT3G14790,8,13,14,18,12
AT3G52150,8,7,14,8,8
AT4G16130,7,8,14,18,11
AT5G67320,7,11,14,15,0
AT1G50200,6,10,14,18,19
AT5G16440,6,5,14,14,9
AT2G27020,16,12,13,18,16
AT3G58500,14,14,13,12,11
AT1G26110,13,12,13,15,5
AT1G27090,12,13,13,20,14
AT3G51260,12,15,13,20,14
AT5G43960,11,17,13,19,16
AT1G05460,10,13,13,14,14
AT2G38230,10,8,13,11,11
AT2G42910,10,7,13,12,11
AT3G60820,10,16,13,16,11
AT4G27000,10,11,13,14,12
AT4G37930,10,12,13,13,13
AT5G36160,10,11,13,16,10
AT1G80480,9,8,13,9,8
AT2G37660,9,9,13,11,11
AT2G16600,8,10,13,16,12
AT3G48000,8,9,13,14,10
AT4G02930,8,10,13,19,15
AT5G42970,8,9,13,14,13
AT1G21540,5,8,13,13,9
AT3G03380,5,11,13,14,12
AT5G17310,5,7,13,13,15
AT5G24710,3,7,13,11,6
AT4G27150,0,0,13,11,0
AT5G40450,0,2,13,11,14
AT1G10840,14,10,12,9,10
AT1G60420,13,9,12,13,4
AT1G64520,13,14,12,15,15
AT2G40840,12,10,12,15,14
AT3G14067,12,10,12,12,16
AT3G29360,12,14,12,20,14
AT1G64790,11,15,12,17,21
AT2G42590,11,11,12,17,8
AT3G22960,11,14,12,14,16
AT4G18480,11,13,12,12,17
AT4G24190,11,12,12,13,20
AT4G38680,11,14,12,25,12
AT1G21630,10,10,12,11,8
AT3G23600,10,10,12,10,12
AT4G01310,10,9,12,12,11
AT5G22330,10,10,12,11,6
AT5G39320,10,9,12,13,10
AT1G12310,9,12,12,10,10
AT1G54270,9,9,12,13,15
AT2G05990,9,10,12,17,16
AT2G47940,9,11,12,16,10
AT3G01340,9,12,12,11,11
AT4G39980,9,6,12,10,10
AT5G42980,9,9,12,11,11
AT5G52920,9,5,12,18,18
AT1G18450,8,11,12,14,14
AT3G13920,8,9,12,13,14
AT4G09510,8,15,12,20,15
AT4G13430,8,11,12,12,12
AT5G39570,8,6,12,14,7
AT5G48300,8,9,12,9,11
AT1G29880,7,7,12,16,17
AT2G30110,7,8,12,12,9
AT4G31180,7,7,12,15,18
AT5G05730,7,8,12,10,10
AT1G16350,6,9,12,13,6
AT1G60710,6,11,12,14,11
AT2G40490,6,12,12,14,10
AT5G59290,6,8,12,14,12
AT4G20360,5,12,12,13,14
AT5G24520,5,9,12,13,7
AT5G11520,3,6,12,13,18
AT5G15650,3,10,12,13,13
AT3G24440,0,0,12,17,0
AT4G27160,0,0,12,11,0
AT4G27170,0,0,12,10,0
AT1G09270,23,29,11,10,0
AT3G12780,11,12,11,12,16
AT3G16640,11,9,11,11,8
AT3G55610,11,14,11,15,13
AT5G53620,11,13,11,11,17
AT1G64740,10,11,11,13,11
AT3G26060,10,11,11,11,11
AT4G00490,10,7,11,14,14
AT4G34860,10,7,11,14,10
AT1G09340,9,7,11,8,13
AT3G04600,9,6,11,11,13
AT5G06850,9,10,11,11,8
AT1G49760,8,8,11,12,13
AT3G54760,8,15,11,16,7
AT3G62530,8,12,11,11,9
AT5G59160,8,7,11,12,5
AT1G76010,7,9,11,14,9
AT2G04842,7,7,11,11,5
AT4G30160,7,7,11,12,10
AT5G23540,7,14,11,12,12
AT5G48880,7,8,11,14,9
AT5G50920,7,10,11,10,15
AT5G60790,7,10,11,13,8
AT2G47470,6,7,11,14,8
AT3G22110,6,11,11,18,12
AT3G27740,6,9,11,9,11
AT3G52140,6,12,11,16,10
AT4G04950,6,9,11,13,10
AT4G05180,6,5,11,11,11
AT5G06290,6,8,11,12,7
AT5G47010,6,9,11,7,3
AT5G64370,6,9,11,13,10
AT1G58380,5,6,11,9,7
AT1G58684,5,6,11,9,7
AT1G58983,5,6,11,9,7
AT1G59359,5,6,11,9,7
AT2G19570,4,7,11,10,5
AT4G15210,4,6,11,12,17
AT4G23600,4,8,11,14,11
AT5G51660,4,9,11,13,9
AT1G74260,3,6,11,15,14
AT5G49650,3,3,11,11,12
AT5G13520,2,8,11,13,15
AT5G56950,2,3,11,12,0
AT2G21250,0,0,11,10,8
AT3G02230,0,10,11,14,13
AT5G27030,13,15,10,12,11
AT5G63110,12,12,10,16,8
ATCG00120,12,12,10,11,9
AT1G13060,11,9,10,14,7
AT1G48600,10,11,10,15,12
AT1G74470,10,8,10,10,6
AT3G48560,10,10,10,15,16
AT4G21100,10,7,10,14,9
AT5G36880,10,12,10,12,12
AT1G22920,9,15,10,15,12
AT1G71840,9,9,10,10,9
AT3G47520,9,10,10,14,10
AT3G53260,9,12,10,11,13
AT3G58570,9,11,10,11,5
AT5G67630,9,7,10,10,11
AT1G31340,8,7,10,12,11
AT2G13540,8,7,10,9,5
AT2G35635,8,0,10,12,11
AT3G15190,8,8,10,10,9
AT4G24510,8,8,10,13,5
AT5G09650,8,10,10,17,13
ATCG00900,8,9,10,8,6
ATCG01240,8,9,10,8,6
AT1G04170,7,10,10,9,10
AT1G06000,7,10,10,15,11
AT1G12520,7,8,10,9,8
AT1G59830,7,7,10,7,4
AT1G62750,7,10,10,19,18
AT2G37690,7,11,10,18,18
AT2G42100,7,3,10,9,7
AT3G02780,7,4,10,7,7
AT5G07350,7,7,10,11,17
AT1G02050,6,6,10,9,6
AT1G22780,6,7,10,6,7
AT1G23740,6,7,10,11,8
AT1G34030,6,7,10,6,7
AT1G65440,6,6,10,13,0
AT1G74030,6,9,10,9,12
AT1G79530,6,7,10,7,7
AT2G33340,6,6,10,10,9
AT3G03570,6,8,10,11,9
AT3G04840,6,5,10,11,6
AT3G12800,6,4,10,7,4
AT3G25230,6,7,10,18,17
AT3G53110,6,4,10,6,7
AT4G09010,6,8,10,14,11
AT4G09800,6,7,10,6,7
AT5G08640,6,8,10,10,8
AT5G09900,6,9,10,10,9
AT3G09630,5,7,10,9,11
AT3G55700,5,6,10,9,11
AT4G21650,5,4,10,8,7
AT4G23670,5,5,10,9,10
AT5G02870,5,8,10,9,8
AT5G20280,5,6,10,10,8
AT5G54900,5,8,10,9,6
AT2G27880,4,2,10,9,9
AT1G65450,3,5,10,12,10
AT3G52880,3,3,10,10,7
AT4G22930,3,2,10,9,8
AT4G37870,3,5,10,14,15
AT5G22780,3,10,10,12,10
AT2G24200,2,5,10,8,10
AT4G20050,2,6,10,9,14
AT3G01780,0,3,10,16,11
AT3G06580,0,0,10,11,6
AT3G22640,0,0,10,11,0
AT5G57655,0,3,10,16,14
AT3G50670,16,13,9,9,3
AT3G14210,11,11,9,9,9
AT3G56090,11,12,9,13,11
AT3G25530,10,6,9,10,11
AT5G05010,10,10,9,12,8
AT1G18500,9,9,9,16,10
AT1G56190,9,8,9,11,13
AT2G43770,9,9,9,14,10
AT3G44110,9,13,9,12,8
AT4G03190,9,7,9,13,7
AT4G31300,9,9,9,10,11
AT1G09310,8,6,9,9,6
AT1G65010,8,4,9,14,6
AT2G29320,8,8,9,11,11
AT5G13030,8,3,9,7,9
AT5G16730,8,8,9,13,13
AT1G24020,7,5,9,10,7
AT2G01250,7,6,9,7,6
AT2G17870,7,7,9,11,7
AT2G40300,7,8,9,9,5
AT3G14100,7,8,9,12,6
AT3G55120,7,8,9,7,9
AT3G60830,7,7,9,11,10
AT4G14880,7,4,9,6,10
AT4G29510,7,7,9,9,3
AT5G28060,7,7,9,7,5
AT1G29350,6,7,9,9,6
AT1G29370,6,7,9,10,6
AT1G69960,6,6,9,6,3
AT2G39080,6,4,9,10,12
AT2G43750,6,6,9,11,8
AT3G22630,6,6,9,9,9
AT3G45030,6,8,9,12,6
AT3G49680,6,9,9,15,9
AT3G53180,6,3,9,13,14
AT3G60750,6,8,9,12,15
AT4G18905,6,3,9,5,6
AT4G33090,6,5,9,13,10
AT5G56630,6,11,9,9,9
AT5G62300,6,8,9,12,0
AT1G18210,5,10,9,9,8
AT2G02160,5,7,9,7,7
AT2G41840,5,8,9,10,9
AT2G44350,5,6,9,7,10
AT3G22890,5,8,9,10,12
AT3G51800,5,4,9,9,7
AT4G21860,5,5,9,9,8
AT1G07440,4,6,9,8,10
AT1G52040,4,7,9,8,8
AT2G30860,4,8,9,9,10
AT2G37190,4,5,9,5,6
AT3G10340,4,6,9,11,5
AT3G17810,4,0,9,10,10
AT3G44340,4,8,9,10,8
AT3G53430,4,5,9,5,6
AT3G55440,4,4,9,11,12
AT4G16060,4,8,9,7,5
AT4G17520,4,3,9,7,5
AT5G42190,4,7,9,9,4
AT2G27170,3,10,9,12,11
AT2G38700,3,3,9,7,8
AT3G62310,3,7,9,11,10
AT4G34870,3,6,9,7,5
AT1G68010,2,4,9,6,15
AT5G08280,2,6,9,12,13
AT5G24780,2,4,9,5,5
AT2G22250,0,0,9,8,8
AT2G33070,0,0,9,11,0
AT3G20820,0,5,9,8,6
AT3G21370,0,0,9,12,0
AT4G16845,0,0,9,12,0
AT4G21580,0,3,9,8,8
AT4G36940,0,0,9,7,4
AT3G15880,12,20,8,13,10
AT1G78580,10,10,8,10,13
AT2G21060,10,7,8,9,4
AT5G22060,10,11,8,10,7
AT1G70580,9,7,8,13,10
AT3G18000,9,12,8,10,10
AT2G18020,8,8,8,12,8
AT2G32080,8,10,8,8,9
AT3G07100,8,6,8,12,6
AT5G14250,8,7,8,7,6
AT1G13270,7,7,8,8,8
AT1G22410,7,10,8,9,5
AT1G62820,7,10,8,9,10
AT2G27030,7,3,8,7,10
AT2G39990,7,11,8,12,8
AT3G46820,7,0,8,8,2
AT3G47370,7,7,8,10,8
AT3G58110,7,11,8,12,8
AT4G20980,7,10,8,10,6
AT5G28840,7,11,8,11,11
AT5G48180,7,4,8,7,8
AT5G66570,7,10,8,11,9
AT1G10630,6,7,8,10,8
AT1G20950,6,4,8,9,14
AT1G23490,6,7,8,10,8
AT1G70490,6,7,8,10,8
AT1G79830,6,4,8,9,6
AT2G06850,6,8,8,8,9
AT2G13560,6,6,8,12,6
AT2G18450,6,4,8,7,5
AT2G43790,6,6,8,12,4
AT2G47170,6,7,8,10,8
AT3G62290,6,7,8,10,8
AT4G14710,6,6,8,9,10
AT4G14716,6,6,8,9,9
AT5G10360,6,8,8,8,12
AT5G14670,6,7,8,10,8
AT5G15200,6,7,8,10,13
AT5G26742,6,10,8,10,9
AT5G50850,6,9,8,9,8
AT5G55230,6,13,8,14,6
AT1G01090,5,2,8,6,10
AT1G70310,5,5,8,9,9
AT3G04920,5,6,8,5,5
AT3G48870,5,8,8,6,15
AT3G56490,5,8,8,10,11
AT3G59890,5,5,8,8,3
AT4G26270,5,10,8,7,9
AT4G38740,5,8,8,12,6
AT4G39330,5,6,8,7,9
AT5G11580,5,9,8,15,12
AT5G13650,5,9,8,10,7
AT5G45930,5,9,8,9,12
AT1G06410,4,7,8,14,5
AT1G08520,4,2,8,9,10
AT1G18070,4,4,8,8,6
AT1G26480,4,2,8,7,2
AT1G79440,4,6,8,10,7
AT2G28790,4,5,8,11,10
AT2G36160,4,6,8,6,8
AT3G11510,4,5,8,6,8
AT3G58610,4,5,8,10,10
AT3G60770,4,5,8,7,7
AT4G00100,4,5,8,7,8
AT4G25130,4,6,8,10,4
AT4G34030,4,3,8,8,6
AT4G34670,4,2,8,7,6
AT5G35790,4,6,8,7,9
AT5G62270,4,3,8,5,2
AT1G04480,3,3,8,5,5
AT1G05520,3,4,8,8,13
AT1G62640,3,4,8,10,2
AT2G22125,3,2,8,8,9
AT2G33370,3,3,8,5,5
AT2G41790,3,4,8,18,14
AT3G04400,3,3,8,5,5
AT3G14420,3,7,8,9,10
AT3G46440,3,4,8,11,8
AT3G59760,3,3,8,11,5
AT4G08350,3,4,8,7,0
AT4G11820,3,8,8,10,8
AT4G24130,3,4,8,7,7
AT5G09390,3,4,8,7,7
AT5G16130,3,6,8,6,5
AT5G16715,3,6,8,7,8
AT5G22770,3,9,8,10,9
AT5G24420,3,6,8,9,9
AT5G54160,3,4,8,9,8
AT1G43690,2,4,8,5,5
AT1G62380,2,4,8,8,6
AT2G05710,2,4,8,6,7
AT2G44040,2,4,8,6,5
AT2G47250,2,3,8,8,5
AT3G07720,2,6,8,9,9
AT3G13930,2,3,8,6,7
AT4G04910,2,6,8,10,8
AT5G20070,2,5,8,6,4
AT5G43830,2,2,8,5,5
AT2G23420,0,0,8,4,5
AT3G16400,0,2,8,7,8
AT3G43810,0,0,8,7,10
AT5G21274,0,0,8,7,10
AT4G02020,59,63,7,4,0
AT4G02150,25,33,7,9,0
AT3G54050,14,11,7,11,8
AT4G38630,14,15,7,9,11
AT5G56290,11,12,7,11,16
AT4G35800,10,11,7,16,11
AT1G52730,9,5,7,10,10
AT5G43060,9,7,7,8,7
AT1G20760,8,8,7,5,7
AT3G02200,8,9,7,14,9
AT3G54960,8,6,7,7,2
AT4G20440,8,10,7,9,5
AT4G21710,8,7,7,12,12
AT5G44500,8,10,7,9,5
AT5G45620,8,9,7,10,8
AT1G06290,7,7,7,12,16
AT1G15930,7,6,7,7,6
AT2G41530,7,6,7,7,10
AT3G47070,7,8,7,5,3
AT3G61240,7,7,7,10,7
AT3G63095,7,6,7,9,5
AT5G14320,7,5,7,7,7
AT1G12000,6,5,7,9,8
AT1G74040,6,7,7,13,5
AT2G16780,6,7,7,9,7
AT2G32060,6,5,7,7,5
AT2G34970,6,9,7,11,6
AT2G40290,6,7,7,8,11
AT2G45240,6,11,7,12,7
AT3G06930,6,5,7,11,8
AT3G26340,6,7,7,14,5
AT3G46000,6,5,7,7,7
AT3G47650,6,7,7,6,5
AT3G57890,6,6,7,6,8
AT4G39860,6,7,7,4,8
AT5G58040,6,10,7,10,0
AT1G13280,5,3,7,9,8
AT1G17100,5,6,7,5,4
AT1G51690,5,4,7,10,9
AT1G55090,5,4,7,11,11
AT2G30200,5,6,7,11,9
AT2G43360,5,8,7,8,4
AT3G14240,5,9,7,16,8
AT3G50000,5,9,7,5,0
AT4G31700,5,7,7,7,7
AT4G35460,5,2,7,7,5
AT5G13530,5,9,7,8,2
AT5G40370,5,7,7,8,7
AT5G58470,5,7,7,7,8
AT5G63890,5,4,7,9,8
AT1G01320,4,6,7,3,9
AT1G03090,4,8,7,7,15
AT1G12230,4,3,7,4,4
AT1G23820,4,8,7,11,8
AT2G28190,4,5,7,11,7
AT2G39840,4,5,7,7,3
AT2G44120,4,4,7,6,5
AT2G45810,4,5,7,10,8
AT4G04770,4,0,7,4,2
AT5G16510,4,3,7,7,4
AT5G22510,4,6,7,6,7
AT5G26860,4,8,7,8,9
AT5G48230,4,7,7,11,8
AT5G64570,4,3,7,9,7
AT1G18270,3,4,7,10,8
AT1G48850,3,6,7,8,4
AT1G59900,3,6,7,6,11
AT1G76550,3,0,7,11,10
AT2G28470,3,4,7,7,7
AT2G28760,3,3,7,6,7
AT2G38270,3,8,7,7,8
AT3G10850,3,3,7,8,10
AT3G17900,3,3,7,4,2
AT3G48420,3,5,7,6,9
AT3G52580,3,4,7,5,7
AT4G13930,3,5,7,9,9
AT4G19210,3,7,7,11,7
AT5G42740,3,0,7,4,3
AT5G56350,3,4,7,5,6
AT5G57870,3,3,7,8,9
AT1G65930,2,4,7,9,12
AT1G67680,2,7,7,9,12
AT3G14990,2,3,7,12,12
AT3G25050,2,3,7,6,4
AT3G25800,2,0,7,6,3
AT4G32720,2,3,7,6,7
AT4G34215,2,0,7,7,7
AT5G24770,2,4,7,4,4
AT1G15470,0,0,7,6,6
AT2G06050,0,0,7,4,4
AT2G28490,0,0,7,6,0
AT2G41220,0,2,7,12,9
AT2G47960,0,4,7,5,3
AT3G02630,0,0,7,6,4
AT3G03950,0,0,7,2,4
AT3G08780,0,3,7,4,4
AT3G16410,0,2,7,6,6
AT3G52180,0,0,7,8,7
AT4G03020,0,4,7,8,4
AT5G03650,0,5,7,12,9
AT5G54440,0,3,7,7,8
AT3G12290,45,41,6,7,5
AT4G01370,9,8,6,10,9
AT5G53480,9,11,6,3,2
AT5G65720,8,8,6,10,7
AT2G26060,7,7,6,5,8
AT2G30050,7,13,6,11,12
AT2G41110,7,3,6,5,9
AT3G58140,7,4,6,7,5
AT5G63570,7,4,6,6,6
AT1G07320,6,3,6,5,4
AT1G14410,6,3,6,5,6
AT2G29400,6,3,6,7,3
AT2G41680,6,4,6,5,10
AT2G43090,6,9,6,6,9
AT2G47580,6,8,6,9,0
AT2G47730,6,7,6,8,7
AT4G14030,6,8,6,9,9
AT4G35450,6,5,6,6,7
AT5G67360,6,6,6,9,7
AT1G03630,5,8,6,10,6
AT1G48860,5,3,6,6,8
AT1G62390,5,6,6,8,9
AT2G24940,5,7,6,6,7
AT3G16520,5,7,6,7,5
AT3G23700,5,3,6,4,5
AT3G25520,5,3,6,7,6
AT3G60300,5,5,6,7,5
AT3G61140,5,8,6,8,9
AT4G03280,5,4,6,2,4
AT4G11150,5,5,6,6,5
AT4G13400,5,8,6,10,6
AT4G14160,5,8,6,8,8
AT4G17190,5,5,6,8,6
AT4G19006,5,6,6,7,7
AT4G29350,5,3,6,10,6
AT4G29590,5,9,6,9,4
AT5G16710,5,3,6,9,6
AT5G23140,5,6,6,6,6
AT5G27470,5,5,6,7,8
AT5G49020,5,6,6,8,7
AT1G04510,4,2,6,7,4
AT1G11650,4,9,6,10,7
AT1G17370,4,5,6,7,4
AT1G32200,4,4,6,7,11
AT1G44910,4,6,6,4,0
AT1G50480,4,3,6,6,7
AT1G61150,4,6,6,8,6
AT1G67280,4,3,6,7,6
AT1G75950,4,5,6,8,4
AT2G13360,4,10,6,9,9
AT3G15000,4,5,6,8,4
AT3G15660,4,5,6,5,3
AT3G16170,4,6,6,6,5
AT3G48730,4,3,6,6,6
AT3G51240,4,7,6,12,5
AT3G57610,4,3,6,6,6
AT4G16340,4,7,6,10,7
AT4G23680,4,8,6,8,7
AT5G05780,4,8,6,7,8
AT5G06060,4,4,6,7,11
AT5G40580,4,6,6,7,6
AT5G44320,4,10,6,10,8
AT5G50950,4,6,6,8,8
AT5G56740,4,3,6,8,2
AT1G06260,3,4,6,7,5
AT1G10370,3,4,6,5,6
AT1G48350,3,5,6,4,2
AT1G73720,3,2,6,2,3
AT1G79230,3,4,6,9,4
AT2G29630,3,6,6,7,3
AT3G10220,3,5,6,3,4
AT3G27430,3,5,6,6,6
AT3G44850,3,6,6,3,0
AT3G52560,3,3,6,8,4
AT3G56130,3,3,6,6,3
AT3G57560,3,5,6,7,3
AT4G36690,3,3,6,6,2
AT5G10010,3,6,6,4,4
AT5G11670,3,4,6,9,4
AT5G18380,3,4,6,6,4
AT5G28050,3,2,6,9,7
AT5G54770,3,4,6,5,6
AT5G60640,3,2,6,5,2
AT5G67380,3,7,6,4,0
AT1G09020,2,5,6,7,3
AT1G17745,2,5,6,9,8
AT1G23190,2,2,6,6,0
AT1G24180,2,3,6,7,9
AT1G69200,2,3,6,4,0
AT1G69250,2,4,6,4,6
AT2G47970,2,4,6,6,2
AT3G02560,2,4,6,0,3
AT3G13580,2,2,6,5,4
AT3G19760,2,3,6,5,4
AT3G25860,2,6,6,10,5
AT3G28760,2,0,6,3,4
AT4G24620,2,3,6,9,5
AT4G35830,2,2,6,8,8
AT5G47690,2,3,6,6,2
AT5G66530,2,2,6,5,5
AT1G09010,0,2,6,4,4
AT1G09830,0,0,6,4,5
AT1G11360,0,2,6,7,2
AT1G12840,0,0,6,8,7
AT1G21720,0,7,6,8,6
AT1G26230,0,0,6,4,3
AT1G56700,0,0,6,5,3
AT1G78680,0,0,6,5,7
AT1G79690,0,0,6,8,10
AT2G05120,0,2,6,9,6
AT2G07698,0,3,6,4,7
AT2G14260,0,4,6,7,11
AT2G32240,0,0,6,5,2
AT3G05560,0,0,6,3,4
AT3G11710,0,3,6,4,5
AT3G56190,0,2,6,5,3
AT4G02290,0,2,6,4,3
AT4G04020,0,0,6,4,2
AT4G09570,0,3,6,7,6
AT5G08260,0,0,6,0,0
AT5G26570,0,2,6,8,5
AT5G27770,0,0,6,3,4
ATMG01190,0,3,6,4,7
AT1G60200,9,7,5,9,8
AT2G17410,7,3,5,2,8
AT2G31610,7,8,5,9,10
AT4G34050,7,7,5,8,12
AT1G26570,6,5,5,7,4
AT1G64510,6,5,5,4,2
AT2G15430,6,7,5,9,9
AT3G07770,6,5,5,7,8
AT3G15610,6,2,5,6,6
AT3G48500,6,7,5,9,2
AT3G53870,6,8,5,10,9
AT5G19370,6,6,5,4,5
AT5G23740,6,6,5,9,5
AT1G02140,5,7,5,10,2
AT1G06680,5,6,5,4,4
AT1G11910,5,8,5,9,8
AT1G34760,5,3,5,6,3
AT1G44835,5,4,5,6,4
AT1G53240,5,7,5,9,8
AT1G54080,5,4,5,11,4
AT2G04390,5,6,5,6,6
AT2G05220,5,6,5,6,6
AT3G10610,5,6,5,6,5
AT3G14310,5,3,5,6,8
AT3G29410,5,14,5,11,6
AT3G50820,5,8,5,7,8
AT4G28080,5,7,5,8,12
AT4G32640,5,4,5,3,6
AT4G32840,5,6,5,6,7
AT5G03290,5,8,5,4,7
AT5G04800,5,6,5,6,6
AT5G05920,5,5,5,11,0
AT5G20920,5,3,5,8,3
AT5G55220,5,8,5,6,5
AT5G64760,5,7,5,6,3
AT1G12050,4,0,5,6,8
AT1G20580,4,3,5,4,3
AT1G70830,4,6,5,7,2
AT1G72550,4,5,5,9,9
AT1G75940,4,9,5,9,10
AT2G04690,4,3,5,5,5
AT2G34640,4,3,5,4,3
AT2G35370,4,5,5,6,3
AT2G47610,4,4,5,7,8
AT3G12490,4,6,5,8,4
AT3G15020,4,6,5,8,6
AT3G21750,4,2,5,7,9
AT3G27830,4,3,5,7,5
AT3G27850,4,3,5,7,5
AT3G52960,4,5,5,8,7
AT3G57520,4,0,5,4,2
AT4G09020,4,6,5,11,9
AT4G14890,4,5,5,7,4
AT4G31120,4,5,5,7,10
AT4G34350,4,3,5,10,11
AT4G36130,4,5,5,8,6
AT5G20990,4,4,5,5,8
AT5G35530,4,4,5,6,6
AT5G35980,4,6,5,3,5
AT5G65950,4,5,5,4,5
AT1G02090,3,3,5,4,4
AT1G03475,3,4,5,6,2
AT1G12920,3,6,5,6,6
AT1G19920,3,3,5,4,11
AT1G33120,3,4,5,9,9
AT1G33140,3,4,5,9,9
AT1G52410,3,0,5,4,9
AT1G63660,3,6,5,5,4
AT1G65150,3,2,5,4,5
AT1G74050,3,2,5,6,7
AT1G74060,3,2,5,6,7
AT1G76810,3,3,5,5,2
AT2G21130,3,6,5,7,6
AT2G25080,3,3,5,9,7
AT2G25970,3,5,5,7,6
AT2G29690,3,4,5,6,5
AT2G30970,3,3,5,11,6
AT2G43710,3,4,5,8,7
AT3G01390,3,3,5,4,0
AT3G20970,3,0,5,4,3
AT3G21110,3,6,5,5,7
AT3G53580,3,4,5,8,8
AT3G54670,3,5,5,5,7
AT4G00660,3,3,5,4,3
AT4G16720,3,6,5,6,5
AT4G17390,3,6,5,6,5
AT4G34850,3,8,5,10,5
AT4G36020,3,5,5,6,5
AT5G05990,3,6,5,3,3
AT5G15520,3,2,5,4,4
AT5G16570,3,3,5,3,3
AT5G26830,3,4,5,7,9
AT5G28850,3,3,5,5,3
AT5G28900,3,3,5,5,3
AT5G35430,3,6,5,6,4
AT5G37600,3,4,5,4,7
AT5G51980,3,7,5,5,3
AT5G54960,3,4,5,7,4
AT5G57330,3,4,5,5,9
AT5G61170,3,3,5,5,5
ATCG00160,3,5,5,4,0
ATCG00190,3,3,5,3,6
ATCG00380,3,4,5,3,5
AT1G04710,2,2,5,7,5
AT1G07140,2,4,5,7,3
AT1G07770,2,4,5,6,4
AT1G13690,2,3,5,5,3
AT1G31160,2,4,5,5,5
AT1G32470,2,4,5,5,0
AT1G48030,2,2,5,7,6
AT1G48420,2,2,5,6,6
AT1G49430,2,3,5,0,0
AT1G49600,2,2,5,5,5
AT1G62940,2,2,5,4,0
AT1G65980,2,4,5,5,2
AT1G75270,2,6,5,7,9
AT1G79470,2,3,5,6,6
AT1G79550,2,2,5,5,5
AT2G09990,2,2,5,5,3
AT2G29310,2,3,5,4,4
AT2G47790,2,3,5,8,0
AT3G05420,2,5,5,9,11
AT3G45190,2,2,5,4,2
AT4G15530,2,0,5,5,0
AT4G15802,2,2,5,3,3
AT4G22240,2,2,5,6,5
AT4G24490,2,2,5,6,3
AT4G37210,2,0,5,0,4
AT5G03630,2,4,5,6,9
AT5G07410,2,3,5,8,4
AT5G19440,2,3,5,5,6
AT5G20500,2,2,5,2,3
AT5G22580,2,3,5,3,2
AT5G59850,2,4,5,6,4
AT1G08980,0,0,5,7,4
AT1G11840,0,2,5,5,8
AT1G24360,0,0,5,6,4
AT1G25490,0,2,5,5,4
AT1G48160,0,4,5,5,4
AT1G48520,0,0,5,2,2
AT1G79750,0,0,5,0,0
AT2G03640,0,3,5,2,6
AT2G03820,0,2,5,6,0
AT2G07360,0,3,5,9,6
AT2G23930,0,3,5,4,2
AT2G24020,0,0,5,0,2
AT2G24580,0,0,5,4,2
AT2G28680,0,0,5,7,3
AT2G38660,0,3,5,4,3
AT2G39930,0,2,5,4,2
AT3G11500,0,3,5,4,2
AT3G22200,0,2,5,0,3
AT3G46940,0,2,5,5,2
AT3G48860,0,0,5,4,3
AT3G54470,0,6,5,5,5
AT3G55620,0,3,5,5,5
AT3G58770,0,0,5,5,0
AT3G59510,0,0,5,4,2
AT3G59990,0,0,5,7,6
AT4G14570,0,0,5,9,9
AT4G16155,0,4,5,8,4
AT4G22670,0,3,5,4,6
AT4G26300,0,0,5,3,0
AT4G37000,0,3,5,8,9
AT5G08100,0,2,5,4,5
AT5G19150,0,0,5,3,0
AT5G27410,0,0,5,6,4
AT5G27850,0,0,5,5,5
AT5G59810,0,0,5,8,3
AT5G62930,0,5,5,6,6
AT5G64040,0,6,5,8,6
ATCG00820,0,6,5,5,3
AT5G61020,8,8,4,7,9
AT5G61970,8,9,4,8,11
AT5G41950,7,5,4,7,5
AT5G59950,7,7,4,5,5
AT1G24050,6,3,4,7,5
AT2G16940,6,7,4,10,5
AT3G07030,6,3,4,4,5
AT4G29830,6,10,4,7,7
AT5G42820,6,6,4,6,0
AT5G46070,6,10,4,5,10
AT5G52840,6,3,4,4,2
AT1G04530,5,9,4,11,3
AT1G27650,5,7,4,8,0
AT1G43190,5,4,4,3,0
AT2G27600,5,2,4,7,5
AT2G45300,5,3,4,3,3
AT3G48930,5,6,4,9,8
AT3G54230,5,5,4,7,0
AT4G08900,5,6,4,4,3
AT4G25740,5,5,4,4,4
AT5G02530,5,7,4,5,5
AT5G04430,5,5,4,8,7
AT5G51110,5,5,4,6,3
ATCG01060,5,6,4,7,4
AT1G14650,4,2,4,5,4
AT1G32990,4,4,4,5,3
AT1G47420,4,3,4,4,0
AT1G70070,4,2,4,2,0
AT2G02740,4,0,4,4,8
AT2G18790,4,9,4,11,6
AT2G38770,4,9,4,6,9
AT2G39795,4,4,4,4,3
AT2G40510,4,2,4,3,5
AT2G40590,4,0,4,3,5
AT2G43520,4,4,4,6,4
AT2G43550,4,3,4,5,3
AT2G45540,4,4,4,9,3
AT3G04470,4,5,4,4,3
AT3G06050,4,2,4,5,6
AT3G19770,4,7,4,7,3
AT3G56340,4,3,4,3,5
AT5G50320,4,8,4,4,2
AT5G54750,4,2,4,7,6
ATCG00780,4,2,4,4,3
AT1G01050,3,2,4,2,2
AT1G05720,3,2,4,4,3
AT1G12780,3,3,4,10,6
AT1G14320,3,4,4,6,3
AT1G21440,3,4,4,10,5
AT1G24800,3,8,4,6,4
AT1G24881,3,8,4,6,4
AT1G25055,3,8,4,6,4
AT1G25150,3,8,4,6,4
AT1G25211,3,8,4,6,4
AT1G31070,3,3,4,6,8
AT1G32500,3,3,4,4,5
AT1G51510,3,3,4,4,3
AT1G53580,3,0,4,0,4
AT1G74960,3,3,4,4,2
AT1G74970,3,4,4,3,5
AT2G04520,3,4,4,6,4
AT2G17390,3,2,4,4,3
AT2G47710,3,3,4,3,0
AT3G01540,3,3,4,3,2
AT3G02760,3,5,4,8,9
AT3G02770,3,4,4,4,5
AT3G03710,3,7,4,7,5
AT3G07590,3,4,4,4,3
AT3G18580,3,2,4,3,3
AT3G22320,3,4,4,4,3
AT3G24503,3,2,4,7,4
AT3G49910,3,2,4,2,5
AT3G62870,3,3,4,7,8
AT4G01480,3,2,4,2,2
AT4G04460,3,4,4,8,0
AT4G08870,3,5,4,5,3
AT4G14110,3,5,4,2,3
AT4G24680,3,0,4,4,2
AT4G26720,3,3,4,4,3
AT4G27440,3,5,4,6,3
AT5G02050,3,4,4,7,2
AT5G04280,3,4,4,3,4
AT5G16450,3,3,4,3,5
AT5G35680,3,4,4,6,4
AT5G39740,3,0,4,4,5
AT5G47770,3,4,4,7,9
AT5G52200,3,3,4,4,2
AT5G53850,3,4,4,4,7
AT5G57410,3,3,4,3,0
AT5G59420,3,0,4,5,7
AT5G64350,3,3,4,4,5
AT5G66880,3,0,4,3,0
AT1G01300,2,3,4,4,3
AT1G02080,2,6,4,11,10
AT1G05190,2,0,4,2,2
AT1G07750,2,0,4,9,5
AT1G08190,2,2,4,3,0
AT1G09210,2,5,4,6,3
AT1G12470,2,0,4,4,3
AT1G17210,2,2,4,2,3
AT1G23290,2,0,4,2,4
AT1G27970,2,2,4,6,4
AT1G69510,2,2,4,0,0
AT1G70600,2,0,4,2,4
AT1G78380,2,2,4,4,5
AT1G78630,2,0,4,0,2
AT1G79340,2,4,4,5,4
AT1G80210,2,2,4,4,0
AT1G80600,2,3,4,4,3
AT2G14120,2,2,4,2,4
AT2G18040,2,3,4,5,5
AT2G24590,2,3,4,4,0
AT2G25280,2,0,4,3,5
AT2G31570,2,0,4,4,5
AT2G35020,2,3,4,5,7
AT2G36580,2,4,4,10,9
AT2G43030,2,3,4,5,3
AT3G04790,2,3,4,6,5
AT3G04910,2,3,4,4,2
AT3G05060,2,2,4,0,2
AT3G17820,2,2,4,4,3
AT3G42850,2,0,4,4,2
AT3G50500,2,0,4,3,4
AT3G53900,2,5,4,6,6
AT4G04800,2,2,4,6,2
AT4G18240,2,4,4,4,4
AT4G19410,2,2,4,4,5
AT4G26900,2,4,4,5,7
AT4G28730,2,2,4,5,3
AT4G29010,2,5,4,7,4
AT5G04230,2,3,4,3,4
AT5G04360,2,2,4,6,4
AT5G10160,2,3,4,4,4
AT5G13780,2,3,4,4,5
AT5G13930,2,3,4,6,3
AT5G16280,2,0,4,0,3
AT5G20630,2,6,4,9,4
AT5G46290,2,6,4,5,7
AT5G53460,2,2,4,9,14
AT5G56280,2,3,4,7,4
AT5G58030,2,0,4,3,0
AT5G58330,2,4,4,5,5
AT5G60210,2,3,4,6,4
AT5G63860,2,2,4,9,6
AT5G64050,2,2,4,5,4
ATCG00830,2,4,4,8,6
ATCG01310,2,4,4,8,6
AT1G02305,0,0,4,3,3
AT1G04990,0,0,4,0,0
AT1G10670,0,4,4,6,4
AT1G14610,0,4,4,9,12
AT1G18490,0,2,4,6,0
AT1G29260,0,3,4,5,0
AT1G30530,0,0,4,5,3
AT1G32440,0,0,4,4,5
AT1G35310,0,0,4,5,4
AT1G35670,0,2,4,7,5
AT1G47710,0,0,4,4,5
AT1G50300,0,0,4,7,2
AT1G51390,0,0,4,3,2
AT1G52340,0,4,4,7,7
AT1G56560,0,4,4,7,2
AT1G70730,0,0,4,5,0
AT1G71695,0,0,4,3,0
AT1G71860,0,0,4,0,5
AT1G75030,0,0,4,0,0
AT1G75460,0,0,4,0,0
AT1G76680,0,0,4,6,8
AT1G79280,0,0,4,4,12
AT1G79870,0,0,4,4,6
AT1G80360,0,0,4,5,3
AT2G03150,0,2,4,3,0
AT2G20610,0,3,4,3,7
AT2G22230,0,4,4,3,3
AT2G30870,0,0,4,4,4
AT2G31670,0,0,4,0,0
AT2G34480,0,0,4,6,5
AT2G34730,0,0,4,3,2
AT2G36060,0,2,4,8,5
AT2G41430,0,0,4,3,3
AT2G43910,0,4,4,2,0
AT2G45600,0,0,4,4,3
AT3G02080,0,2,4,7,5
AT3G06860,0,3,4,6,7
AT3G07300,0,3,4,4,3
AT3G07850,0,0,4,2,0
AT3G08030,0,0,4,4,6
AT3G09200,0,0,4,5,0
AT3G11270,0,4,4,2,4
AT3G12270,0,0,4,0,2
AT3G14040,0,0,4,2,0
AT3G14415,0,4,4,5,8
AT3G25660,0,0,4,2,2
AT3G29320,0,0,4,2,0
AT3G49660,0,0,4,8,4
AT3G51840,0,2,4,5,6
AT3G54250,0,0,4,5,3
AT3G59290,0,0,4,4,3
AT3G60370,0,0,4,4,4
AT3G62730,0,0,4,5,0
AT3G63270,0,0,4,4,0
AT4G02770,0,4,4,5,3
AT4G09670,0,0,4,9,6
AT4G14680,0,3,4,4,6
AT4G17830,0,0,4,5,2
AT4G21670,0,0,4,2,2
AT4G24830,0,2,4,6,5
AT4G27320,0,0,4,0,4
AT4G30920,0,2,4,3,4
AT4G32930,0,4,4,4,3
AT4G33580,0,0,4,3,7
AT4G34490,0,0,4,5,8
AT4G38220,0,0,4,3,0
AT4G38600,0,2,4,3,0
AT5G06460,0,0,4,6,3
AT5G10300,0,2,4,4,2
AT5G13420,0,0,4,0,5
AT5G17380,0,2,4,5,4
AT5G19350,0,0,4,0,3
AT5G22630,0,0,4,2,0
AT5G24400,0,2,4,6,7
AT5G26667,0,3,4,7,7
AT5G39500,0,5,4,4,4
AT5G40420,0,0,4,2,0
AT5G43780,0,2,4,3,6
AT5G44635,0,4,4,5,6
AT5G47870,0,5,4,6,4
AT5G51120,0,2,4,3,2
AT5G51720,0,0,4,4,2
AT5G53120,0,2,4,6,2
AT5G55660,0,4,4,4,0
AT5G60340,0,0,4,4,0
AT5G63680,0,3,4,5,4
ATCG00750,0,2,4,3,3
AT1G02690,15,17,3,3,2
AT2G44530,7,5,3,4,3
AT1G20220,6,6,3,8,7
AT4G29730,6,8,3,3,0
AT2G23070,5,9,3,5,0
AT3G49850,5,4,3,4,0
AT4G15410,5,4,3,4,2
AT4G17090,5,6,3,4,9
AT4G17330,5,5,3,7,5
AT4G33400,5,5,3,2,3
AT5G04740,5,5,3,5,4
AT5G15610,5,6,3,7,6
AT5G52650,5,5,3,3,4
AT1G30680,4,4,3,0,5
AT1G56340,4,2,3,4,3
AT1G63680,4,4,3,5,5
AT1G64980,4,5,3,5,8
AT1G66200,4,2,3,3,7
AT2G01690,4,0,3,4,5
AT2G02100,4,0,3,0,0
AT2G16485,4,2,3,2,3
AT2G21170,4,4,3,4,6
AT2G37270,4,2,3,3,2
AT3G04260,4,4,3,5,6
AT3G11940,4,2,3,3,2
AT3G12050,4,3,3,5,7
AT3G54090,4,2,3,2,3
AT4G04640,4,8,3,7,3
AT5G07470,4,2,3,3,2
AT5G28500,4,3,3,3,4
AT5G37720,4,2,3,3,3
AT5G59880,4,3,3,2,2
AT1G09795,3,2,3,0,0
AT1G17290,3,3,3,5,7
AT1G21350,3,2,3,5,0
AT1G21600,3,0,3,4,3
AT1G30460,3,2,3,3,0
AT1G32550,3,0,3,0,2
AT1G35720,3,3,3,3,0
AT1G43670,3,0,3,4,3
AT1G52380,3,3,3,3,2
AT1G53720,3,2,3,6,0
AT1G60850,3,4,3,4,4
AT1G60900,3,4,3,5,3
AT1G80460,3,4,3,7,8
AT2G03750,3,3,3,3,4
AT2G04700,3,2,3,4,0
AT2G19760,3,3,3,3,3
AT2G20890,3,3,3,3,5
AT2G21580,3,4,3,4,4
AT2G33410,3,2,3,2,3
AT2G34470,3,3,3,5,5
AT2G41040,3,5,3,4,2
AT2G44050,3,4,3,5,5
AT2G44310,3,4,3,3,0
AT2G46580,3,4,3,6,3
AT2G47640,3,3,3,3,4
AT3G10090,3,3,3,5,3
AT3G10690,3,5,3,4,7
AT3G18490,3,4,3,5,4
AT3G45640,3,3,3,5,3
AT3G49010,3,4,3,5,5
AT3G55605,3,2,3,0,0
AT3G62460,3,0,3,5,2
AT3G62840,3,3,3,3,4
AT3G63140,3,6,3,4,6
AT4G09320,3,3,3,4,2
AT4G14040,3,2,3,0,4
AT4G17100,3,3,3,6,3
AT4G27520,3,4,3,0,4
AT4G34555,3,4,3,4,4
AT4G39090,3,3,3,4,2
AT4G39660,3,3,3,6,5
AT4G39960,3,6,3,4,4
AT5G03850,3,3,3,5,3
AT5G09660,3,3,3,5,5
AT5G10920,3,0,3,2,6
AT5G13510,3,2,3,3,2
AT5G16780,3,3,3,4,4
AT5G56260,3,2,3,3,4
AT5G63400,3,2,3,3,0
AT5G64130,3,3,3,5,4
AT5G67490,3,4,3,3,0
ATCG00170,3,2,3,4,5
ATCG00790,3,4,3,4,4
AT1G02780,2,0,3,5,4
AT1G10200,2,2,3,4,5
AT1G13320,2,2,3,6,4
AT1G14670,2,2,3,0,0
AT1G16520,2,0,3,0,0
AT1G18540,2,0,3,5,5
AT1G48900,2,2,3,0,3
AT1G48920,2,4,3,3,3
AT1G49540,2,4,3,3,3
AT1G56580,2,5,3,5,3
AT1G63000,2,3,3,6,6
AT1G63940,2,2,3,4,3
AT1G66680,2,4,3,5,2
AT1G68590,2,3,3,0,0
AT1G69940,2,0,3,6,3
AT1G70820,2,2,3,3,3
AT1G79850,2,3,3,2,2
AT2G01970,2,2,3,0,0
AT2G18170,2,2,3,4,0
AT2G18740,2,2,3,3,2
AT2G20420,2,2,3,3,0
AT2G24490,2,2,3,3,6
AT2G27460,2,3,3,4,5
AT2G30060,2,2,3,8,4
AT2G44760,2,2,3,7,0
AT2G45440,2,0,3,3,0
AT2G47450,2,3,3,2,3
AT3G04610,2,3,3,4,5
AT3G06820,2,2,3,3,0
AT3G12700,2,3,3,6,0
AT3G26380,2,0,3,0,3
AT3G27530,2,0,3,6,3
AT3G42960,2,0,3,2,0
AT3G56460,2,0,3,0,3
AT4G02570,2,2,3,5,3
AT4G02580,2,0,3,5,2
AT4G09040,2,2,3,3,3
AT4G16500,2,3,3,4,3
AT4G26840,2,3,3,3,2
AT4G33510,2,2,3,4,6
AT4G34360,2,2,3,4,0
AT5G10240,2,2,3,6,6
AT5G10470,2,5,3,3,5
AT5G12040,2,0,3,2,2
AT5G15530,2,0,3,3,4
AT5G18100,2,4,3,4,6
AT5G36210,2,0,3,4,11
AT5G41520,2,4,3,3,3
AT5G42950,2,0,3,3,2
AT5G44070,2,5,3,3,0
AT5G44200,2,2,3,2,0
AT5G46420,2,4,3,4,6
AT5G48480,2,0,3,3,5
AT5G49500,2,0,3,0,2
AT5G51970,2,4,3,5,5
AT5G54430,2,0,3,0,4
AT5G54600,2,2,3,3,2
AT5G59890,2,0,3,3,0
AT5G65220,2,0,3,3,0
ATCG00470,2,2,3,4,2
ATCG00540,2,0,3,4,2
ATCG00740,2,3,3,4,3
ATCG00770,2,0,3,3,0
AT1G01960,0,3,3,7,7
AT1G03130,0,4,3,5,3
AT1G03310,0,0,3,3,3
AT1G03890,0,0,3,5,0
AT1G04190,0,0,3,4,4
AT1G06020,0,0,3,6,5
AT1G06030,0,0,3,5,4
AT1G07360,0,3,3,4,3
AT1G07370,0,2,3,2,2
AT1G11660,0,0,3,3,3
AT1G12570,0,2,3,4,4
AT1G13020,0,0,3,4,2
AT1G13930,0,0,3,7,6
AT1G14400,0,0,3,2,0
AT1G14940,0,0,3,4,0
AT1G17890,0,0,3,0,2
AT1G20440,0,0,3,6,2
AT1G20510,0,0,3,5,2
AT1G20540,0,0,3,5,4
AT1G20920,0,0,3,0,0
AT1G26550,0,0,3,3,2
AT1G27540,0,0,3,5,0
AT1G29990,0,0,3,3,3
AT1G32580,0,3,3,5,4
AT1G42440,0,0,3,2,0
AT1G45150,0,0,3,2,0
AT1G48130,0,0,3,2,0
AT1G49040,0,2,3,5,2
AT1G49670,0,0,3,4,3
AT1G52510,0,0,3,2,0
AT1G56110,0,0,3,4,3
AT1G59600,0,0,3,2,0
AT1G62740,0,0,3,4,7
AT1G66850,0,0,3,3,3
AT1G70410,0,0,3,2,2
AT1G75350,0,3,3,5,4
AT1G76080,0,2,3,4,5
AT1G76260,0,0,3,3,0
AT1G77510,0,2,3,3,4
AT2G17280,0,0,3,3,5
AT2G19730,0,0,3,3,2
AT2G19770,0,0,3,0,0
AT2G22480,0,0,3,0,3
AT2G23090,0,0,3,3,2
AT2G24210,0,0,3,2,0
AT2G26780,0,2,3,6,2
AT2G27680,0,0,3,4,9
AT2G29450,0,2,3,4,0
AT2G30170,0,2,3,0,4
AT2G31390,0,2,3,9,9
AT2G32090,0,0,3,0,0
AT2G32700,0,0,3,4,3
AT2G33430,0,2,3,3,3
AT2G33730,0,2,3,3,3
AT2G36390,0,0,3,3,5
AT2G37020,0,0,3,3,3
AT2G39390,0,0,3,2,2
AT2G39770,0,0,3,5,5
AT2G41500,0,2,3,3,7
AT2G43160,0,4,3,4,4
AT2G45290,0,2,3,3,5
AT2G46020,0,2,3,6,0
AT2G47240,0,2,3,4,0
AT3G01120,0,2,3,0,2
AT3G01640,0,0,3,3,4
AT3G01980,0,0,3,5,3
AT3G04940,0,0,3,3,5
AT3G05190,0,0,3,7,2
AT3G08900,0,3,3,6,4
AT3G11700,0,3,3,0,0
AT3G11780,0,0,3,0,0
AT3G11930,0,0,3,3,0
AT3G15690,0,0,3,2,2
AT3G15840,0,0,3,2,0
AT3G16050,0,5,3,4,7
AT3G16950,0,2,3,4,2
AT3G17170,0,5,3,4,3
AT3G17760,0,0,3,4,0
AT3G18740,0,2,3,4,2
AT3G18860,0,0,3,0,6
AT3G20790,0,2,3,0,0
AT3G21380,0,0,3,2,0
AT3G23640,0,0,3,2,0
AT3G23830,0,2,3,3,3
AT3G25920,0,4,3,5,5
AT3G26450,0,2,3,0,4
AT3G27050,0,0,3,0,0
AT3G27380,0,5,3,3,0
AT3G44720,0,0,3,2,0
AT3G46010,0,0,3,2,0
AT3G47340,0,0,3,5,0
AT3G53710,0,0,3,2,0
AT3G54210,0,0,3,2,0
AT3G54860,0,0,3,0,0
AT3G55290,0,0,3,5,4
AT3G59400,0,0,3,0,2
AT3G60880,0,0,3,2,0
AT4G03110,0,0,3,0,0
AT4G04210,0,0,3,3,2
AT4G10260,0,0,3,6,2
AT4G11380,0,3,3,5,4
AT4G11600,0,0,3,3,3
AT4G13560,0,0,3,3,0
AT4G14930,0,0,3,4,2
AT4G15020,0,0,3,0,2
AT4G17870,0,0,3,5,3
AT4G18100,0,0,3,2,0
AT4G22320,0,0,3,0,0
AT4G24220,0,2,3,3,4
AT4G25590,0,0,3,3,0
AT4G25630,0,3,3,6,5
AT4G26870,0,2,3,4,10
AT4G28300,0,4,3,0,0
AT4G28980,0,2,3,3,5
AT4G29340,0,0,3,3,4
AT4G29720,0,0,3,3,4
AT4G31580,0,2,3,4,0
AT4G32330,0,0,3,3,2
AT4G33480,0,0,3,3,0
AT4G35050,0,0,3,3,0
AT4G35100,0,0,3,2,2
AT4G39280,0,0,3,3,4
AT5G03370,0,0,3,5,0
AT5G03470,0,2,3,5,3
AT5G05270,0,2,3,0,0
AT5G05470,0,0,3,0,2
AT5G05590,0,0,3,0,0
AT5G07190,0,0,3,3,0
AT5G07530,0,0,3,4,0
AT5G08370,0,0,3,4,3
AT5G10170,0,0,3,0,2
AT5G10540,0,0,3,3,5
AT5G11330,0,0,3,2,0
AT5G11720,0,0,3,3,2
AT5G11900,0,4,3,5,3
AT5G12140,0,2,3,4,3
AT5G15870,0,2,3,2,0
AT5G18420,0,4,3,4,2
AT5G18550,0,2,3,3,0
AT5G22300,0,0,3,2,2
AT5G23900,0,2,3,3,0
AT5G23940,0,2,3,8,4
AT5G24260,0,0,3,6,3
AT5G24300,0,0,3,4,7
AT5G24500,0,0,3,5,0
AT5G34850,0,0,3,4,10
AT5G38470,0,2,3,5,4
AT5G38600,0,0,3,0,0
AT5G39210,0,2,3,4,0
AT5G40760,0,2,3,6,4
AT5G42100,0,0,3,2,2
AT5G48370,0,0,3,4,0
AT5G48650,0,0,3,2,0
AT5G48960,0,0,3,0,0
AT5G52240,0,0,3,0,0
AT5G52470,0,3,3,6,5
AT5G52560,0,2,3,3,2
AT5G55000,0,2,3,0,0
AT5G55210,0,0,3,3,0
AT5G55260,0,3,3,4,3
AT5G55730,0,2,3,2,0
AT5G56240,0,0,3,2,0
AT5G57850,0,0,3,3,5
AT5G58490,0,0,3,2,0
AT5G59310,0,0,3,4,0
AT5G63260,0,0,3,2,0
AT5G63310,0,0,3,3,2
AT5G65690,0,0,3,3,5
AT2G38540,5,3,2,2,2
AT3G63490,5,4,2,7,5
AT1G02840,4,6,2,2,0
AT1G47900,4,3,2,4,4
AT1G73380,4,4,2,3,6
AT1G75280,4,2,2,2,2
AT3G05000,4,3,2,4,5
AT3G16110,4,3,2,5,0
AT3G17020,4,2,2,3,3
AT3G22330,4,2,2,6,0
AT3G55020,4,7,2,9,6
AT4G02060,4,2,2,3,3
AT4G02840,4,4,2,3,2
AT4G03120,4,4,2,5,2
AT4G16830,4,0,2,0,2
AT4G34200,4,0,2,4,5
AT1G09770,3,3,2,6,4
AT1G60830,3,3,2,3,2
AT1G64040,3,0,2,3,0
AT1G71500,3,2,2,0,0
AT1G77440,3,4,2,4,3
AT2G03680,3,3,2,2,3
AT2G44060,3,2,2,2,0
AT3G06730,3,2,2,3,3
AT3G14120,3,0,2,0,3
AT3G50590,3,0,2,6,5
AT3G52090,3,3,2,4,0
AT3G54400,3,2,2,2,5
AT3G61820,3,2,2,3,0
AT4G03520,3,0,2,3,3
AT4G31160,3,2,2,3,0
AT4G32915,3,0,2,3,2
AT5G14170,3,6,2,6,5
AT5G15020,3,6,2,8,2
AT5G42220,3,2,2,3,2
AT5G46280,3,4,2,3,5
AT5G63420,3,3,2,0,2
AT1G02150,2,4,2,3,0
AT1G04870,2,4,2,0,0
AT1G08830,2,4,2,3,4
AT1G18250,2,4,2,4,0
AT1G32380,2,2,2,2,0
AT1G33680,2,2,2,4,3
AT1G35780,2,3,2,2,3
AT1G48050,2,4,2,5,4
AT1G52670,2,3,2,2,3
AT1G66240,2,3,2,0,3
AT1G67230,2,2,2,2,0
AT1G72970,2,0,2,2,4
AT1G76860,2,2,2,3,3
AT1G80500,2,0,2,2,2
AT2G05830,2,4,2,0,2
AT2G07690,2,2,2,3,4
AT2G18990,2,0,2,2,0
AT2G19750,2,2,2,0,2
AT2G26460,2,0,2,0,0
AT2G33800,2,2,2,3,4
AT2G35390,2,2,2,3,0
AT2G37220,2,2,2,2,7
AT2G39460,2,0,2,0,2
AT2G43530,2,2,2,2,2
AT2G45710,2,2,2,2,0
AT3G02730,2,2,2,2,0
AT3G13990,2,2,2,0,2
AT3G17240,2,2,2,4,4
AT3G20390,2,2,2,3,4
AT3G24170,2,0,2,4,6
AT3G25580,2,0,2,2,0
AT3G29090,2,3,2,3,2
AT3G52990,2,3,2,8,10
AT3G53460,2,2,2,0,3
AT3G55280,2,0,2,0,2
AT3G61110,2,2,2,2,0
AT3G63190,2,3,2,3,3
AT3G63250,2,2,2,8,4
AT4G08520,2,2,2,2,3
AT4G10840,2,0,2,0,5
AT4G11260,2,0,2,3,3
AT4G13850,2,2,2,5,4
AT4G20130,2,2,2,3,5
AT4G22220,2,0,2,3,0
AT4G29390,2,2,2,0,2
AT4G29670,2,2,2,3,2
AT4G34430,2,3,2,2,5
AT4G35260,2,0,2,2,5
AT4G37925,2,0,2,0,0
AT5G04710,2,0,2,4,5
AT5G07340,2,2,2,0,2
AT5G12410,2,4,2,4,0
AT5G13680,2,3,2,4,3
AT5G14540,2,0,2,0,0
AT5G17560,2,2,2,2,5
AT5G47930,2,2,2,2,0
AT5G51100,2,4,2,4,4
AT5G55280,2,3,2,0,3
AT5G56670,2,2,2,0,2
AT5G60980,2,2,2,6,5
AT5G61580,2,3,2,2,6
AT5G61790,2,2,2,4,2
AT5G64460,2,0,2,4,2
ATCG00180,2,3,2,2,6
ATCG00800,2,0,2,3,3
AT1G01080,0,0,2,3,3
AT1G02560,0,0,2,2,4
AT1G03900,0,0,2,0,3
AT1G04690,0,0,2,3,7
AT1G06110,0,0,2,2,0
AT1G06130,0,0,2,3,3
AT1G06550,0,0,2,0,3
AT1G09490,0,0,2,0,0
AT1G09750,0,0,2,0,0
AT1G10940,0,0,2,2,0
AT1G11430,0,0,2,0,0
AT1G12270,0,0,2,5,6
AT1G13180,0,0,2,4,0
AT1G13190,0,0,2,3,0
AT1G14000,0,2,2,2,4
AT1G14950,0,0,2,7,0
AT1G15230,0,0,2,0,0
AT1G15340,0,2,2,2,3
AT1G16340,0,2,2,3,5
AT1G17760,0,0,2,0,0
AT1G20140,0,0,2,0,2
AT1G20450,0,0,2,3,0
AT1G20910,0,2,2,0,2
AT1G21880,0,0,2,0,0
AT1G22840,0,0,2,0,0
AT1G24100,0,0,2,2,0
AT1G25350,0,0,2,4,4
AT1G29670,0,0,2,0,3
AT1G30170,0,0,2,0,0
AT1G31230,0,2,2,3,5
AT1G31812,0,0,2,2,2
AT1G32790,0,0,2,0,0
AT1G34430,0,3,2,4,2
AT1G35680,0,4,2,3,2
AT1G36240,0,2,2,3,0
AT1G41830,0,0,2,3,0
AT1G45332,0,0,2,0,0
AT1G47200,0,0,2,0,2
AT1G47490,0,2,2,2,0
AT1G50110,0,2,2,3,3
AT1G50500,0,2,2,2,2
AT1G50670,0,0,2,3,5
AT1G53280,0,0,2,3,0
AT1G53650,0,0,2,0,0
AT1G54100,0,0,2,3,0
AT1G54220,0,0,2,0,2
AT1G54290,0,0,2,3,2
AT1G54870,0,0,2,2,0
AT1G56050,0,2,2,0,2
AT1G60810,0,2,2,3,3
AT1G61010,0,2,2,4,2
AT1G63460,0,0,2,0,2
AT1G65580,0,0,2,2,0
AT1G66430,0,2,2,5,3
AT1G67930,0,0,2,0,2
AT1G68020,0,0,2,0,0
AT1G70180,0,4,2,0,0
AT1G71730,0,3,2,3,4
AT1G71800,0,0,2,2,0
AT1G72810,0,0,2,3,0
AT1G73060,0,0,2,4,0
AT1G74850,0,2,2,0,0
AT1G74920,0,3,2,3,2
AT1G76160,0,0,2,2,0
AT1G76180,0,0,2,0,0
AT1G76510,0,0,2,0,0
AT1G77550,0,0,2,2,0
AT1G78150,0,2,2,4,0
AT2G01350,0,0,2,0,0
AT2G01520,0,0,2,3,2
AT2G03440,0,0,2,3,3
AT2G03850,0,0,2,2,0
AT2G06510,0,0,2,0,0
AT2G10940,0,0,2,2,3
AT2G14170,0,0,2,5,5
AT2G16440,0,0,2,4,4
AT2G16505,0,0,2,0,0
AT2G17130,0,0,2,2,3
AT2G17340,0,0,2,2,2
AT2G20270,0,2,2,2,3
AT2G20330,0,2,2,0,4
AT2G20490,0,2,2,0,0
AT2G22240,0,2,2,0,0
AT2G22780,0,0,2,6,0
AT2G23370,0,0,2,2,0
AT2G23600,0,0,2,2,2
AT2G25650,0,0,2,0,2
AT2G25950,0,2,2,4,3
AT2G26210,0,0,2,2,2
AT2G26990,0,0,2,2,2
AT2G27100,0,0,2,2,3
AT2G27530,0,0,2,3,0
AT2G29570,0,2,2,4,2
AT2G33810,0,0,2,0,0
AT2G34040,0,0,2,2,2
AT2G35450,0,0,2,3,0
AT2G35490,0,0,2,2,0
AT2G36620,0,0,2,0,0
AT2G38710,0,0,2,0,2
AT2G40030,0,0,2,0,2
AT2G41900,0,0,2,0,0
AT2G42740,0,2,2,2,4
AT2G42810,0,0,2,5,4
AT2G44100,0,0,2,2,0
AT2G44200,0,0,2,2,2
AT2G45030,0,0,2,0,0
AT2G47690,0,0,2,0,0
AT3G01090,0,0,2,5,0
AT3G01590,0,0,2,2,0
AT3G02090,0,2,2,2,0
AT3G02180,0,0,2,0,0
AT3G02720,0,0,2,0,0
AT3G03150,0,0,2,0,0
AT3G04780,0,0,2,2,0
AT3G04820,0,2,2,0,2
AT3G07390,0,0,2,0,0
AT3G07640,0,0,2,0,0
AT3G07750,0,0,2,4,0
AT3G09500,0,0,2,3,2
AT3G09680,0,2,2,2,2
AT3G10380,0,0,2,4,4
AT3G10950,0,0,2,2,0
AT3G11770,0,0,2,3,4
AT3G13120,0,0,2,2,0
AT3G13235,0,0,2,3,0
AT3G13300,0,0,2,4,7
AT3G14600,0,0,2,3,3
AT3G15290,0,4,2,3,3
AT3G15680,0,2,2,0,2
AT3G17940,0,3,2,5,5
AT3G18030,0,0,2,0,0
AT3G18165,0,2,2,2,0
AT3G18790,0,4,2,2,4
AT3G19130,0,2,2,4,0
AT3G19390,0,0,2,0,0
AT3G21140,0,3,2,3,0
AT3G21200,0,3,2,2,3
AT3G22230,0,0,2,2,2
AT3G24080,0,0,2,0,0
AT3G27300,0,0,2,3,0
AT3G27660,0,0,2,2,0
AT3G29075,0,0,2,0,0
AT3G29185,0,0,2,0,4
AT3G45310,0,2,2,2,2
AT3G46630,0,0,2,2,0
AT3G47810,0,2,2,3,0
AT3G48110,0,0,2,5,2
AT3G48690,0,3,2,3,4
AT3G48890,0,0,2,0,0
AT3G49800,0,0,2,0,0
AT3G50370,0,0,2,0,0
AT3G52370,0,2,2,2,0
AT3G52610,0,0,2,3,0
AT3G52640,0,0,2,2,0
AT3G53020,0,0,2,0,2
AT3G54440,0,0,2,5,4
AT3G54660,0,0,2,3,2
AT3G55140,0,0,2,0,2
AT3G55330,0,0,2,0,2
AT3G56070,0,0,2,0,0
AT3G56860,0,2,2,3,2
AT3G56910,0,0,2,0,0
AT3G57810,0,0,2,2,2
AT3G58700,0,2,2,2,4
AT3G58750,0,0,2,0,0
AT3G59630,0,0,2,2,0
AT3G59920,0,0,2,0,2
AT3G60245,0,0,2,2,0
AT3G61220,0,0,2,2,6
AT3G61540,0,0,2,0,4
AT3G62030,0,3,2,6,6
AT3G62410,0,0,2,3,2
AT3G62790,0,0,2,0,0
AT3G62910,0,2,2,3,0
AT4G00270,0,0,2,0,3
AT4G01810,0,0,2,2,0
AT4G01897,0,0,2,0,3
AT4G02030,0,0,2,2,0
AT4G02520,0,3,2,3,3
AT4G02620,0,0,2,0,3
AT4G08580,0,0,2,0,0
AT4G09520,0,0,2,3,0
AT4G10040,0,0,2,0,0
AT4G10610,0,0,2,0,0
AT4G11010,0,0,2,3,2
AT4G11060,0,0,2,0,0
AT4G12290,0,0,2,3,2
AT4G12770,0,0,2,3,0
AT4G12780,0,0,2,3,0
AT4G12960,0,0,2,3,2
AT4G15000,0,2,2,3,2
AT4G15950,0,0,2,0,0
AT4G16760,0,0,2,0,4
AT4G18730,0,2,2,2,4
AT4G19490,0,0,2,0,0
AT4G20400,0,0,2,0,0
AT4G23100,0,0,2,3,5
AT4G23900,0,0,2,0,3
AT4G24550,0,0,2,4,2
AT4G24580,0,0,2,3,0
AT4G25340,0,0,2,0,0
AT4G25720,0,2,2,2,2
AT4G26500,0,0,2,0,0
AT4G27130,0,0,2,3,2
AT4G27140,0,0,2,2,0
AT4G27270,0,0,2,2,0
AT4G27500,0,0,2,2,2
AT4G27560,0,0,2,0,0
AT4G27570,0,0,2,0,0
AT4G29840,0,2,2,3,0
AT4G30000,0,0,2,0,0
AT4G30220,0,0,2,2,3
AT4G30330,0,2,2,2,0
AT4G30530,0,0,2,2,3
AT4G31360,0,2,2,0,0
AT4G35500,0,0,2,2,0
AT4G37550,0,0,2,2,0
AT4G38890,0,3,2,4,2
AT4G39800,0,0,2,0,3
AT5G01650,0,0,2,0,0
AT5G02960,0,2,2,3,3
AT5G03430,0,0,2,2,0
AT5G05040,0,0,2,0,0
AT5G05060,0,0,2,0,0
AT5G07440,0,0,2,4,4
AT5G07740,0,0,2,0,0
AT5G08590,0,0,2,2,0
AT5G09550,0,0,2,2,0
AT5G11040,0,0,2,2,2
AT5G11680,0,0,2,2,2
AT5G13050,0,0,2,2,2
AT5G13480,0,0,2,3,3
AT5G14260,0,2,2,3,5
AT5G14530,0,0,2,0,2
AT5G14720,0,3,2,2,0
AT5G16880,0,0,2,0,0
AT5G17070,0,3,2,3,0
AT5G17530,0,2,2,3,0
AT5G17900,0,0,2,0,0
AT5G18580,0,0,2,0,0
AT5G19050,0,0,2,2,0
AT5G19140,0,0,2,2,3
AT5G19180,0,0,2,2,0
AT5G19390,0,0,2,0,0
AT5G19485,0,2,2,2,2
AT5G20250,0,0,2,2,0
AT5G21150,0,0,2,4,4
AT5G23880,0,0,2,0,7
AT5G27450,0,0,2,0,3
AT5G36230,0,0,2,0,0
AT5G37850,0,0,2,0,2
AT5G38830,0,2,2,0,5
AT5G40950,0,3,2,2,2
AT5G41330,0,0,2,0,0
AT5G42470,0,0,2,2,2
AT5G45170,0,0,2,0,0
AT5G45390,0,2,2,3,0
AT5G45775,0,2,2,2,4
AT5G46430,0,0,2,2,0
AT5G47190,0,0,2,2,0
AT5G47880,0,2,2,0,4
AT5G49555,0,0,2,0,0
AT5G49970,0,0,2,0,2
AT5G50310,0,0,2,0,0
AT5G50580,0,0,2,2,2
AT5G50680,0,0,2,2,2
AT5G50870,0,3,2,4,3
AT5G51880,0,0,2,0,0
AT5G52820,0,2,2,4,5
AT5G53000,0,0,2,3,0
AT5G53530,0,2,2,4,2
AT5G53560,0,0,2,0,0
AT5G54500,0,0,2,3,2
AT5G54740,0,0,2,4,0
AT5G54760,0,0,2,3,2
AT5G55530,0,0,2,0,3
AT5G56680,0,0,2,2,0
AT5G56900,0,2,2,4,2
AT5G57460,0,0,2,4,4
AT5G58590,0,0,2,5,5
AT5G60360,0,2,2,4,3
AT5G60600,0,0,2,3,3
AT5G62190,0,0,2,2,0
AT5G62350,0,0,2,3,0
AT5G63550,0,0,2,2,0
AT5G63650,0,0,2,2,0
AT5G63870,0,0,2,0,0
AT5G63980,0,0,2,0,4
AT5G64250,0,0,2,3,0
AT5G64860,0,0,2,2,0
AT5G65620,0,0,2,2,3
AT5G65860,0,0,2,0,0
ATCG00330,0,0,2,2,2
ATCG00660,0,0,2,4,2
AT3G48190,16,19,0,0,0
AT5G55190,16,0,0,0,0
AT4G08455,13,14,0,0,0
AT1G63240,9,14,0,0,0
AT3G56800,7,3,0,0,0
AT4G00620,6,10,0,5,5
AT1G07660,5,4,0,0,2
AT1G07820,5,4,0,0,2
AT1G73600,5,9,0,5,5
AT2G28740,5,4,0,0,2
AT3G45930,5,4,0,0,2
AT3G46320,5,4,0,0,2
AT3G53730,5,4,0,0,2
AT5G59690,5,4,0,0,2
AT5G59970,5,4,0,0,2
AT1G15730,4,4,0,2,2
AT1G31440,4,3,0,4,0
AT4G37510,4,0,0,4,0
AT5G55670,4,4,0,2,4
AT1G15140,3,0,0,0,3
AT1G22950,3,3,0,4,0
AT1G67140,3,2,0,0,0
AT1G78370,3,3,0,5,4
AT2G06990,3,0,0,0,0
AT2G17510,3,0,0,0,0
AT2G17530,3,0,0,0,0
AT2G25060,3,2,0,2,2
AT2G27720,3,4,0,2,3
AT3G14390,3,2,0,2,2
AT3G18390,3,0,0,0,0
AT3G18680,3,0,0,3,2
AT3G26740,3,4,0,0,0
AT3G46460,3,2,0,2,3
AT3G49250,3,5,0,4,6
AT4G02480,3,0,0,3,2
AT4G02510,3,3,0,3,4
AT4G03210,3,2,0,2,3
AT4G28750,3,3,0,0,0
AT5G11880,3,2,0,2,3
AT5G37510,3,3,0,3,0
AT5G38640,3,0,0,0,3
AT5G67030,3,0,0,0,2
AT1G03330,2,0,0,0,0
AT1G26640,2,2,0,0,0
AT1G30120,2,0,0,0,2
AT1G35420,2,0,0,2,0
AT1G44900,2,2,0,3,2
AT1G54060,2,3,0,0,0
AT1G75240,2,0,0,0,0
AT1G75290,2,0,0,2,0
AT2G15400,2,0,0,3,3
AT2G17265,2,3,0,3,2
AT2G22360,2,3,0,2,0
AT2G22400,2,4,0,4,3
AT2G25110,2,2,0,2,0
AT2G27820,2,3,0,2,4
AT2G32920,2,0,0,0,2
AT2G36250,2,3,0,0,4
AT2G37340,2,0,0,0,0
AT3G01310,2,0,0,4,7
AT3G02930,2,0,0,3,4
AT3G06670,2,0,0,2,0
AT3G07630,2,0,0,0,3
AT3G13330,2,0,0,0,2
AT3G24490,2,0,0,0,0
AT3G26420,2,0,0,0,3
AT3G44620,2,2,0,0,2
AT3G48750,2,0,0,4,2
AT3G49240,2,3,0,0,0
AT3G57660,2,0,0,4,7
AT3G60250,2,0,0,0,0
AT4G03150,2,3,0,0,0
AT4G05410,2,0,0,0,2
AT4G11240,2,0,0,3,0
AT4G21660,2,0,0,0,0
AT4G26760,2,5,0,6,2
AT4G27060,2,0,0,2,2
AT4G29220,2,6,0,0,6
AT4G34620,2,3,0,3,2
AT4G34740,2,3,0,3,6
AT4G35650,2,0,0,0,3
AT4G39040,2,3,0,2,0
AT5G05970,2,0,0,0,0
AT5G08560,2,0,0,3,0
AT5G11340,2,0,0,0,0
AT5G14660,2,0,0,0,0
AT5G14910,2,2,0,3,2
AT5G16290,2,2,0,0,0
AT5G25070,2,0,0,0,0
AT5G25475,2,0,0,0,0
AT5G36700,2,2,0,2,5
AT5G36790,2,2,0,2,5
AT5G59300,2,0,0,2,2
AT5G64070,2,0,0,0,0
AT1G02800,0,0,0,3,2
AT1G02890,0,0,0,0,2
AT1G02920,0,0,0,2,0
AT1G02930,0,0,0,2,2
AT1G03110,0,0,0,3,0
AT1G03230,0,0,0,4,4
AT1G03600,0,0,0,0,2
AT1G04130,0,0,0,0,3
AT1G04270,0,0,0,3,0
AT1G04580,0,0,0,2,0
AT1G04920,0,0,0,3,0
AT1G05180,0,0,0,0,3
AT1G05560,0,0,0,0,2
AT1G05620,0,0,0,0,2
AT1G06570,0,0,0,4,3
AT1G07450,0,0,0,4,7
AT1G08360,0,0,0,6,0
AT1G08420,0,0,0,0,4
AT1G09130,0,0,0,2,3
AT1G09430,0,2,0,3,0
AT1G09590,0,0,0,3,3
AT1G09690,0,0,0,3,3
AT1G09760,0,0,0,0,2
AT1G10060,0,0,0,4,0
AT1G10230,0,2,0,2,0
AT1G10590,0,0,0,2,0
AT1G11750,0,0,0,0,3
AT1G12240,0,0,0,0,2
AT1G12350,0,0,0,2,0
AT1G12380,0,0,0,3,0
AT1G12430,0,0,0,0,2
AT1G13870,0,0,0,3,0
AT1G13980,0,3,0,2,0
AT1G14840,0,0,0,0,2
AT1G15290,0,5,0,4,0
AT1G15415,0,0,0,2,0
AT1G15810,0,0,0,0,2
AT1G15870,0,0,0,0,2
AT1G15910,0,0,0,3,0
AT1G16080,0,2,0,3,2
AT1G16720,0,2,0,0,0
AT1G16890,0,0,0,0,2
AT1G16970,0,3,0,0,3
AT1G17650,0,0,0,0,5
AT1G18800,0,0,0,2,0
AT1G20370,0,2,0,0,3
AT1G20560,0,2,0,0,0
AT1G20670,0,0,0,3,0
AT1G21065,0,0,0,2,2
AT1G21680,0,0,0,3,0
AT1G21700,0,0,0,2,0
AT1G22270,0,0,0,2,0
AT1G23730,0,0,0,3,0
AT1G23860,0,3,0,3,0
AT1G24764,0,0,0,0,2
AT1G27150,0,0,0,2,2
AT1G27400,0,0,0,3,2
AT1G28060,0,0,0,0,2
AT1G28400,0,2,0,0,2
AT1G29940,0,0,0,0,4
AT1G30330,0,0,0,0,3
AT1G30480,0,0,0,0,2
AT1G30620,0,2,0,3,0
AT1G30820,0,0,0,0,2
AT1G31180,0,0,0,0,2
AT1G31730,0,0,0,0,2
AT1G31860,0,0,0,0,2
AT1G32220,0,2,0,0,0
AT1G33410,0,0,0,2,0
AT1G35250,0,0,0,0,2
AT1G43710,0,2,0,0,3
AT1G44970,0,0,0,2,2
AT1G45145,0,0,0,3,3
AT1G47540,0,0,0,2,0
AT1G47550,0,0,0,4,3
AT1G47980,0,0,0,3,0
AT1G48830,0,0,0,2,2
AT1G49660,0,0,0,0,3
AT1G49820,0,0,0,2,2
AT1G49970,0,0,0,0,2
AT1G49975,0,0,0,0,2
AT1G50570,0,0,0,2,0
AT1G51100,0,3,0,0,0
AT1G51680,0,0,0,0,2
AT1G51710,0,0,0,2,3
AT1G53670,0,3,0,2,5
AT1G54250,0,0,0,2,0
AT1G54380,0,0,0,2,0
AT1G55150,0,0,0,0,2
AT1G55480,0,0,0,2,0
AT1G55500,0,0,0,3,0
AT1G55510,0,0,0,2,0
AT1G55810,0,0,0,0,2
AT1G56330,0,0,0,2,2
AT1G57660,0,0,0,3,3
AT1G57860,0,0,0,3,3
AT1G58080,0,2,0,0,0
AT1G59890,0,2,0,2,0
AT1G60000,0,0,0,3,2
AT1G60780,0,0,0,0,2
AT1G60940,0,0,0,2,0
AT1G61570,0,0,0,3,0
AT1G61850,0,0,0,3,0
AT1G62290,0,0,0,2,0
AT1G63180,0,0,0,3,2
AT1G63770,0,0,0,0,3
AT1G64190,0,0,0,0,4
AT1G66260,0,0,0,3,0
AT1G67430,0,0,0,3,2
AT1G68060,0,0,0,2,2
AT1G68260,0,0,0,0,2
AT1G68300,0,2,0,2,3
AT1G68890,0,0,0,0,3
AT1G69410,0,6,0,9,0
AT1G70060,0,0,0,2,0
AT1G71310,0,0,0,2,0
AT1G72150,0,0,0,4,4
AT1G72340,0,0,0,0,2
AT1G73180,0,0,0,5,0
AT1G73630,0,0,0,0,2
AT1G74310,0,0,0,0,2
AT1G74560,0,0,0,2,0
AT1G75660,0,0,0,2,4
AT1G75830,0,0,0,2,0
AT1G76300,0,0,0,3,0
AT1G76450,0,0,0,0,3
AT1G76850,0,2,0,3,0
AT1G77060,0,0,0,2,0
AT1G77122,0,0,0,0,2
AT1G77940,0,2,0,0,0
AT1G78060,0,0,0,4,2
AT1G78670,0,0,0,0,2
AT1G78820,0,0,0,0,2
AT1G79260,0,0,0,2,2
AT1G79500,0,2,0,2,6
AT1G79790,0,2,0,2,0
AT1G80560,0,0,0,0,2
AT2G01755,0,0,0,2,0
AT2G02930,0,3,0,3,0
AT2G03390,0,0,0,2,0
AT2G03550,0,0,0,0,2
AT2G04270,0,0,0,0,2
AT2G04630,0,0,0,0,2
AT2G05260,0,0,0,3,0
AT2G14880,0,0,0,0,3
AT2G16570,0,3,0,4,5
AT2G16950,0,0,0,0,2
AT2G17200,0,0,0,0,2
AT2G17290,0,0,0,2,0
AT2G18510,0,0,0,0,2
AT2G19170,0,0,0,3,0
AT2G20280,0,2,0,2,2
AT2G20340,0,0,0,3,3
AT2G20630,0,0,0,2,0
AT2G20930,0,0,0,2,0
AT2G21150,0,0,0,3,0
AT2G21385,0,3,0,0,0
AT2G21620,0,2,0,2,0
AT2G21790,0,0,0,0,2
AT2G23120,0,0,0,0,2
AT2G23820,0,0,0,2,2
AT2G25830,0,0,0,4,0
AT2G25870,0,4,0,3,2
AT2G25910,0,0,0,2,0
AT2G26590,0,0,0,2,0
AT2G26670,0,0,0,0,2
AT2G26890,0,0,0,2,2
AT2G26930,0,0,0,0,2
AT2G27510,0,3,0,3,0
AT2G27710,0,2,0,4,3
AT2G29340,0,0,0,0,2
AT2G29350,0,0,0,2,0
AT2G29360,0,0,0,2,2
AT2G29700,0,0,0,0,2
AT2G30410,0,0,0,0,2
AT2G31200,0,0,0,2,0
AT2G31750,0,0,0,0,2
AT2G34590,0,0,0,2,3
AT2G34810,0,0,0,0,10
AT2G34860,0,3,0,0,2
AT2G35010,0,0,0,3,3
AT2G35110,0,0,0,2,0
AT2G35240,0,2,0,2,2
AT2G35410,0,0,0,2,0
AT2G35500,0,0,0,0,2
AT2G35780,0,0,0,0,2
AT2G35810,0,0,0,2,0
AT2G35840,0,0,0,3,2
AT2G35860,0,2,0,3,0
AT2G36130,0,0,0,0,2
AT2G36360,0,0,0,2,3
AT2G37500,0,0,0,0,2
AT2G37600,0,2,0,0,2
AT2G37760,0,0,0,0,3
AT2G38020,0,0,0,2,0
AT2G38400,0,0,0,4,2
AT2G38730,0,2,0,3,2
AT2G39900,0,2,0,0,0
AT2G42130,0,0,0,0,2
AT2G42885,0,0,0,0,3
AT2G43410,0,2,0,0,0
AT2G43460,0,0,0,2,0
AT2G43640,0,2,0,0,0
AT2G43760,0,0,0,0,2
AT2G43980,0,0,0,4,0
AT2G44920,0,0,0,0,2
AT2G46520,0,0,0,2,0
AT2G46610,0,0,0,10,0
AT2G47390,0,0,0,5,6
AT2G47400,0,0,0,4,3
AT2G47850,0,2,0,3,0
AT3G01480,0,0,0,0,2
AT3G01910,0,0,0,4,0
AT3G02360,0,2,0,0,4
AT3G02540,0,0,0,2,0
AT3G02830,0,0,0,2,0
AT3G03630,0,2,0,0,4
AT3G03920,0,2,0,0,0
AT3G04550,0,2,0,2,0
AT3G04880,0,0,0,3,3
AT3G05350,0,0,0,4,0
AT3G05580,0,0,0,3,0
AT3G05600,0,0,0,0,3
AT3G05910,0,0,0,2,10
AT3G06350,0,0,0,7,6
AT3G06400,0,0,0,2,0
AT3G06980,0,0,0,4,0
AT3G07110,0,0,0,4,0
AT3G07220,0,3,0,0,0
AT3G07480,0,0,0,2,0
AT3G07880,0,0,0,5,2
AT3G08770,0,0,0,0,2
AT3G08943,0,2,0,4,2
AT3G08947,0,2,0,5,2
AT3G09670,0,0,0,2,0
AT3G09890,0,0,0,0,2
AT3G10410,0,0,0,3,0
AT3G10740,0,0,0,3,3
AT3G11980,0,0,0,2,0
AT3G12600,0,0,0,0,2
AT3G12670,0,0,0,0,3
AT3G13060,0,0,0,3,2
AT3G13450,0,0,0,2,0
AT3G13670,0,2,0,0,0
AT3G13750,0,0,0,0,5
AT3G14172,0,0,0,2,0
AT3G14930,0,3,0,3,5
AT3G15090,0,0,0,3,2
AT3G15360,0,0,0,2,3
AT3G15810,0,0,0,2,0
AT3G15970,0,0,0,2,0
AT3G16980,0,0,0,3,0
AT3G17880,0,0,0,0,2
AT3G18890,0,3,0,0,3
AT3G18940,0,0,0,2,0
AT3G19010,0,0,0,2,0
AT3G19230,0,0,0,4,0
AT3G19450,0,0,0,0,3
AT3G19590,0,0,0,0,3
AT3G19990,0,0,0,2,0
AT3G21060,0,0,0,0,2
AT3G22220,0,0,0,0,2
AT3G22310,0,0,0,3,0
AT3G22850,0,2,0,0,0
AT3G22990,0,0,0,0,3
AT3G23660,0,0,0,2,6
AT3G23780,0,0,0,3,0
AT3G23920,0,0,0,0,2
AT3G24430,0,2,0,3,3
AT3G24830,0,0,0,5,0
AT3G25110,0,0,0,2,0
AT3G25150,0,0,0,2,4
AT3G25220,0,0,0,2,2
AT3G25545,0,0,0,2,0
AT3G25810,0,0,0,2,0
AT3G25940,0,0,0,0,2
AT3G27060,0,0,0,0,2
AT3G27440,0,0,0,0,2
AT3G27925,0,0,0,2,2
AT3G28500,0,0,0,3,3
AT3G28700,0,0,0,3,0
AT3G42660,0,0,0,3,3
AT3G43960,0,0,0,2,0
AT3G44100,0,0,0,2,0
AT3G44600,0,0,0,2,0
AT3G44890,0,0,0,3,0
AT3G48050,0,0,0,2,0
AT3G48580,0,0,0,2,0
AT3G49100,0,0,0,3,0
AT3G49140,0,0,0,2,0
AT3G49390,0,0,0,2,0
AT3G52200,0,0,0,0,2
AT3G52380,0,0,0,2,0
AT3G52630,0,0,0,2,0
AT3G53560,0,0,0,2,2
AT3G53740,0,2,0,0,3
AT3G53970,0,2,0,2,3
AT3G53990,0,2,0,0,0
AT3G54930,0,2,0,0,2
AT3G55000,0,0,0,4,0
AT3G55010,0,0,0,0,4
AT3G55400,0,0,0,2,6
AT3G55430,0,0,0,2,4
AT3G55770,0,0,0,4,0
AT3G56240,0,0,0,2,4
AT3G57050,0,0,0,0,2
AT3G58560,0,0,0,3,0
AT3G58730,0,0,0,4,3
AT3G59480,0,0,0,5,5
AT3G59540,0,0,0,2,0
AT3G59600,0,0,0,2,0
AT3G60340,0,0,0,2,0
AT3G60860,0,0,0,3,0
AT3G61440,0,0,0,0,2
AT3G61860,0,7,0,10,0
AT3G62240,0,2,0,2,0
AT3G62300,0,0,0,3,0
AT3G62560,0,0,0,2,2
AT3G62600,0,0,0,3,0
AT3G63540,0,0,0,0,2
AT4G00040,0,0,0,2,0
AT4G01037,0,2,0,0,0
AT4G01400,0,0,0,0,2
AT4G01610,0,0,0,0,3
AT4G01900,0,0,0,2,0
AT4G02080,0,0,0,2,2
AT4G03080,0,0,0,0,3
AT4G05530,0,0,0,3,2
AT4G10300,0,0,0,0,2
AT4G10340,0,2,0,0,0
AT4G10480,0,2,0,2,4
AT4G10920,0,0,0,2,0
AT4G11175,0,0,0,2,0
AT4G12880,0,0,0,0,5
AT4G13460,0,5,0,2,0
AT4G13780,0,0,0,4,4
AT4G14080,0,0,0,3,3
AT4G15545,0,0,0,0,3
AT4G15790,0,0,0,3,0
AT4G15900,0,0,0,0,2
AT4G16390,0,2,0,0,0
AT4G16580,0,0,0,2,0
AT4G17530,0,0,0,0,3
AT4G17560,0,0,0,2,0
AT4G18060,0,0,0,2,4
AT4G19710,0,0,0,0,2
AT4G20760,0,0,0,0,2
AT4G20960,0,0,0,4,0
AT4G21110,0,0,0,0,2
AT4G21585,0,2,0,2,0
AT4G21590,0,0,0,2,0
AT4G22140,0,2,0,2,0
AT4G23650,0,0,0,2,0
AT4G24840,0,0,0,3,0
AT4G25550,0,2,0,0,0
AT4G26510,0,0,0,0,2
AT4G27070,0,0,0,0,2
AT4G27090,0,0,0,3,3
AT4G27640,0,0,0,0,2
AT4G27690,0,3,0,4,0
AT4G28190,0,2,0,0,0
AT4G28250,0,0,0,2,0
AT4G28706,0,0,0,0,2
AT4G28910,0,0,0,2,0
AT4G31770,0,0,0,2,2
AT4G31790,0,0,0,2,0
AT4G31840,0,3,0,0,0
AT4G32180,0,0,0,3,3
AT4G32605,0,2,0,3,3
AT4G33080,0,0,0,2,0
AT4G33640,0,0,0,2,0
AT4G34090,0,0,0,2,0
AT4G34230,0,0,0,0,2
AT4G34260,0,0,0,3,3
AT4G34270,0,0,0,2,0
AT4G34660,0,0,0,2,0
AT4G34890,0,0,0,5,0
AT4G35310,0,0,0,2,0
AT4G36360,0,0,0,0,2
AT4G37040,0,0,0,5,2
AT4G37880,0,0,0,2,0
AT4G37980,0,0,0,2,2
AT4G38710,0,0,0,0,3
AT4G39200,0,0,0,3,0
AT4G39520,0,0,0,2,3
AT4G39820,0,0,0,2,2
AT5G02280,0,0,0,2,2
AT5G02740,0,0,0,2,0
AT5G02810,0,2,0,0,0
AT5G04290,0,0,0,2,0
AT5G04590,0,0,0,0,3
AT5G06160,0,2,0,0,0
AT5G06390,0,3,0,3,0
AT5G07460,0,0,0,0,2
AT5G08170,0,0,0,2,2
AT5G08320,0,0,0,0,2
AT5G08380,0,0,0,0,2
AT5G08410,0,0,0,0,2
AT5G08570,0,3,0,4,3
AT5G09620,0,0,0,4,0
AT5G09700,0,0,0,2,2
AT5G10270,0,0,0,3,0
AT5G10770,0,0,0,3,0
AT5G11450,0,0,0,0,2
AT5G11490,0,0,0,0,2
AT5G11810,0,0,0,3,3
AT5G11980,0,0,0,2,0
AT5G12370,0,0,0,2,2
AT5G12950,0,0,0,2,0
AT5G13120,0,0,0,3,0
AT5G13970,0,3,0,0,0
AT5G13980,0,0,0,0,3
AT5G14610,0,2,0,0,2
AT5G15230,0,0,0,0,2
AT5G15810,0,0,0,2,0
AT5G16270,0,0,0,2,0
AT5G16390,0,0,0,2,2
AT5G16400,0,0,0,0,2
AT5G16970,0,0,0,0,2
AT5G17050,0,2,0,5,0
AT5G17510,0,2,0,2,0
AT5G17710,0,0,0,0,2
AT5G17990,0,0,0,2,0
AT5G18400,0,3,0,3,0
AT5G18410,0,0,0,2,0
AT5G18620,0,0,0,2,0
AT5G18820,0,3,0,0,0
AT5G19220,0,4,0,4,5
AT5G19460,0,0,0,2,0
AT5G19820,0,0,0,2,4
AT5G19960,0,2,0,2,0
AT5G21060,0,0,0,2,3
AT5G21326,0,0,0,2,0
AT5G22620,0,0,0,0,2
AT5G22800,0,0,0,0,2
AT5G23120,0,0,0,0,2
AT5G23310,0,2,0,2,2
AT5G23420,0,0,0,0,3
AT5G24840,0,0,0,3,2
AT5G27380,0,0,0,0,2
AT5G28740,0,0,0,2,2
AT5G37830,0,0,0,2,3
AT5G40200,0,0,0,2,3
AT5G40340,0,3,0,0,0
AT5G40490,0,2,0,3,0
AT5G40870,0,0,0,0,3
AT5G41970,0,0,0,2,0
AT5G42060,0,0,0,0,2
AT5G43070,0,0,0,0,2
AT5G44480,0,0,0,3,0
AT5G44720,0,0,0,4,4
AT5G46630,0,2,0,0,2
AT5G46790,0,3,0,0,3
AT5G47110,0,2,0,0,0
AT5G47550,0,0,0,2,0
AT5G47590,0,0,0,0,2
AT5G47910,0,0,0,2,2
AT5G48580,0,0,0,3,0
AT5G48810,0,0,0,2,0
AT5G49830,0,0,0,4,0
AT5G49980,0,0,0,5,2
AT5G50600,0,0,0,4,0
AT5G50700,0,0,0,4,0
AT5G51430,0,0,0,0,3
AT5G51700,0,0,0,3,0
AT5G51830,0,0,0,2,0
AT5G51950,0,0,0,3,0
AT5G52960,0,0,0,0,2
AT5G53310,0,0,0,2,0
AT5G53350,0,0,0,0,3
AT5G54810,0,0,0,2,2
AT5G54940,0,0,0,0,2
AT5G55070,0,0,0,0,2
AT5G55160,0,2,0,0,0
AT5G56130,0,0,0,0,2
AT5G56250,0,0,0,4,0
AT5G57020,0,0,0,0,2
AT5G57860,0,0,0,2,0
AT5G57950,0,0,0,0,2
AT5G58190,0,0,0,2,0
AT5G58240,0,0,0,3,4
AT5G58450,0,0,0,2,0
AT5G59210,0,0,0,3,0
AT5G60540,0,0,0,0,2
AT5G61060,0,0,0,2,3
AT5G61410,0,0,0,2,3
AT5G62290,0,0,0,2,0
AT5G62530,0,0,0,3,2
AT5G63620,0,0,0,0,2
AT5G64270,0,2,0,2,2
AT5G64300,0,0,0,2,0
AT5G64960,0,0,0,3,0
AT5G65010,0,0,0,4,5
AT5G65460,0,0,0,0,2
AT5G65910,0,0,0,2,0
AT5G66030,0,0,0,6,4
AT5G66040,0,0,0,0,2
AT5G66090,0,0,0,0,2
AT5G66720,0,0,0,0,3
AT5G67290,0,0,0,5,0
ATCG01120,0,2,0,2,0
