Protein,AT3G28730,AT1G16610,AT3G287301,WT,WT,WT
AT1G36160,227,83,258,72,305,161
AT4G26630,206,14,256,2,156,193
AT1G20970,154,2,88,0,77,122
AT3G57660,117,2,116,6,157,79
AT5G55660,116,8,86,2,91,112
AT1G76810,106,0,48,5,42,89
AT5G35360,105,58,301,33,295,68
AT5G02500,90,97,128,82,96,72
AT1G62390,89,8,141,8,93,88
AT4G24280,89,52,78,44,90,60
AT4G02510,87,9,57,15,47,68
AT5G49910,79,37,75,38,81,57
AT1G36180,76,26,80,28,105,56
AT3G09440,75,79,96,63,72,61
AT1G01320,73,0,39,14,45,53
AT4G31880,72,0,48,0,62,66
AT5G28540,71,61,77,53,65,52
AT5G42020,70,58,74,54,62,53
AT1G80070,70,78,36,47,78,52
AT1G29940,69,0,72,4,83,46
AT1G56110,68,18,92,11,95,42
AT5G40340,67,3,160,0,105,66
AT3G57150,64,31,143,9,65,25
AT3G05060,63,13,72,4,72,43
AT1G20960,63,87,45,48,48,49
AT1G03090,58,34,81,11,101,50
AT1G63810,57,0,82,0,82,30
AT4G17330,56,0,23,0,36,47
ATCG00490,55,398,74,235,52,45
AT1G50920,55,0,52,0,78,54
AT4G10710,53,18,137,5,4,0
AT4G16143,52,19,91,26,85,34
AT3G28730,51,19,263,0,0,0
AT5G47690,51,0,10,7,17,41
AT5G25780,48,5,24,24,31,45
AT4G20360,47,27,105,23,102,45
AT4G11420,47,3,6,29,12,38
AT1G52980,45,0,40,0,48,37
AT3G46780,45,0,27,13,31,46
AT1G59610,44,6,93,13,72,54
AT3G12580,44,55,62,42,51,39
AT5G27640,44,5,33,27,37,40
AT5G09810,44,27,32,41,32,27
AT1G67230,44,7,18,10,30,44
ATCG00480,43,36,34,45,38,50
AT2G19520,42,16,108,7,64,29
AT1G43170,42,27,55,34,55,42
AT5G52470,42,21,51,7,49,26
AT4G27500,41,11,45,0,54,30
AT5G08670,41,16,29,22,30,39
AT5G08680,41,16,29,22,30,39
AT5G08690,41,16,29,22,30,39
ATCG00120,39,21,66,35,54,35
AT4G25630,39,19,51,4,45,24
AT5G14520,39,4,32,0,47,35
AT4G16630,39,0,24,0,24,32
AT1G78900,38,24,60,41,37,40
AT3G12860,38,8,53,4,61,27
AT5G02490,38,50,50,36,42,34
AT3G06400,38,0,31,2,37,27
AT5G26742,38,12,28,25,28,24
AT1G49760,38,16,24,12,36,37
AT2G25670,38,3,10,2,13,40
AT3G25690,38,0,8,0,4,28
AT1G52670,37,0,74,2,67,33
AT5G56010,37,8,32,47,31,35
AT3G12110,37,22,28,31,29,21
AT5G44180,37,0,21,0,34,28
AT3G12780,36,21,55,29,50,30
AT1G07920,36,36,44,53,50,30
AT1G07930,36,36,44,53,50,30
AT1G07940,36,36,44,53,50,30
AT5G60390,36,36,44,53,50,30
AT5G27120,36,8,37,3,40,25
AT5G56030,36,8,29,46,29,33
AT3G23990,35,53,50,55,48,35
AT2G40360,35,4,42,0,39,31
AT3G13940,35,0,32,0,44,26
AT1G09770,35,41,12,3,25,34
AT3G06720,34,12,53,7,49,22
AT1G67680,34,7,49,9,37,24
AT4G28080,34,0,16,6,17,22
AT3G03560,34,0,12,0,18,33
AT5G25754,34,10,11,20,17,22
AT5G25757,34,10,11,20,17,22
AT3G56150,34,0,7,27,11,25
AT1G42970,33,32,38,31,44,28
AT1G60850,33,0,28,2,37,20
AT4G34110,33,14,26,12,24,30
AT3G46520,33,21,26,24,28,20
AT5G59370,33,21,26,24,28,20
AT5G56000,33,8,26,43,27,30
AT1G18450,33,13,20,9,22,28
AT4G29060,33,4,18,10,26,24
AT1G79280,33,0,5,0,35,17
AT1G29320,32,0,61,0,57,11
AT1G56190,32,16,50,25,49,28
AT5G65770,32,4,19,12,29,23
AT5G65780,32,4,19,12,29,23
AT2G46280,32,13,19,34,22,28
AT5G41790,32,0,7,0,26,28
AT2G47620,32,0,5,0,9,38
AT3G62870,31,14,41,9,49,12
AT4G37910,31,25,33,26,33,29
AT1G21750,31,15,28,15,18,25
AT1G56070,31,50,27,79,34,26
AT3G07050,31,0,21,0,22,14
AT2G37620,31,22,19,25,26,21
AT3G53750,31,22,19,25,26,21
AT2G39730,30,17,43,43,40,33
AT3G55620,30,0,31,0,57,28
AT2G16430,30,0,27,0,36,16
AT4G35090,30,11,21,24,27,23
AT5G44800,30,0,12,0,3,24
AT5G50920,29,13,48,25,54,33
AT2G36340,29,0,44,0,35,23
AT2G33210,29,42,41,54,38,29
AT1G20620,29,28,40,33,42,34
AT5G14740,29,18,27,17,28,23
AT5G55920,29,0,25,0,24,18
AT5G63420,29,4,16,6,14,24
AT1G68790,29,0,12,0,9,35
AT5G40450,29,51,9,8,20,34
AT1G73460,29,0,6,2,9,30
AT2G46020,29,0,2,0,0,34
AT1G09060,29,0,0,0,5,32
AT4G02930,28,13,51,12,67,20
AT3G26650,28,34,40,27,33,22
AT1G12310,28,12,35,7,27,31
AT5G18620,28,0,27,2,31,24
AT3G11964,28,0,24,4,25,18
AT2G23350,28,7,15,12,15,23
AT2G33340,28,35,15,13,23,15
AT1G15750,28,53,14,37,12,11
AT3G57290,28,0,7,19,14,29
AT3G60830,28,0,4,5,6,19
AT5G61970,27,9,54,3,39,20
AT3G09630,27,23,42,14,35,21
AT3G52500,27,7,34,6,41,18
AT1G69200,27,0,32,2,30,18
AT2G27530,27,7,28,5,32,26
AT4G34030,27,19,27,7,31,14
AT4G25730,27,0,15,0,12,25
AT1G10290,26,6,65,15,47,33
AT2G47610,26,17,38,8,46,12
AT3G25520,26,12,25,7,26,25
AT1G28420,26,0,22,0,27,27
AT3G01500,26,18,22,20,25,19
AT3G45780,26,0,17,0,10,15
AT5G64420,26,0,13,0,24,24
AT1G06950,26,0,9,5,14,13
AT5G39570,26,6,9,7,11,22
AT3G56130,25,9,70,7,60,15
AT5G02870,25,21,42,14,32,20
AT2G07698,25,10,30,23,30,25
ATMG01190,25,10,30,23,30,25
AT4G04640,25,9,30,36,37,22
AT3G45140,25,13,27,46,34,20
AT5G39740,25,14,23,6,28,27
AT4G38510,25,10,23,27,22,32
AT2G25170,25,0,8,0,6,28
AT3G09200,24,4,50,9,42,25
AT4G29730,24,3,43,0,18,16
AT1G09270,24,8,42,11,46,17
AT3G48870,24,7,32,22,44,26
AT2G47110,24,23,30,10,21,15
AT3G62250,24,23,30,10,21,15
AT2G37990,24,0,28,0,29,28
AT1G20260,24,11,27,27,24,30
AT1G76030,24,11,27,27,24,30
AT5G52820,24,0,23,0,33,20
AT1G08360,24,6,23,7,31,24
AT2G26570,24,5,11,0,10,17
AT3G24080,24,0,8,0,7,25
AT4G21660,24,14,3,0,6,16
AT5G28040,24,0,3,0,8,14
AT4G01560,23,0,40,0,49,5
AT1G62820,23,11,30,5,24,27
AT5G09590,23,27,30,29,33,25
AT2G35635,23,17,26,0,20,12
AT1G31340,23,17,26,7,20,12
AT4G16720,23,10,23,5,20,11
AT4G17390,23,10,23,5,20,11
AT1G06220,23,32,19,16,27,25
AT5G22440,23,3,18,3,27,21
AT5G20290,23,27,18,29,17,19
AT3G52140,23,7,16,16,27,11
AT3G59970,23,33,15,19,21,15
AT1G49240,23,23,15,36,23,18
AT3G18780,23,23,15,36,23,18
AT2G18960,23,7,10,8,12,20
AT2G13370,23,0,6,0,5,18
AT1G22530,23,0,6,0,7,17
AT3G17750,23,0,4,0,8,22
AT5G16390,22,5,34,2,29,18
AT4G13940,22,17,34,27,24,21
AT3G10380,22,0,24,0,22,29
AT4G05420,22,12,22,11,22,15
AT1G13440,22,20,21,20,21,16
AT5G66570,22,21,21,25,22,25
AT1G69070,22,0,13,0,7,22
AT3G43240,22,0,13,0,23,12
AT1G80490,22,44,11,33,8,9
AT3G57940,22,0,10,0,11,14
AT1G76850,22,0,10,0,15,26
AT4G05410,22,0,8,0,14,13
AT1G07360,22,11,6,0,12,10
AT2G41500,22,0,5,0,0,21
AT1G08600,22,0,5,0,9,19
AT1G70320,22,0,5,12,7,19
AT3G50370,22,2,4,0,9,19
AT5G43500,22,0,0,0,0,13
AT3G23620,21,0,30,0,25,22
AT4G02520,21,6,29,8,20,19
AT1G33120,21,13,23,21,20,22
AT1G33140,21,13,23,21,20,22
AT2G38040,21,13,23,29,20,12
AT3G16420,21,0,22,0,24,23
AT3G04120,21,22,22,19,21,16
AT5G66190,21,20,22,21,16,15
AT3G09840,21,127,18,86,20,16
AT3G50820,21,17,15,27,17,20
AT2G34970,21,0,14,0,21,16
AT1G01510,21,0,7,0,13,17
AT3G04930,21,0,3,0,10,18
AT1G70070,21,0,2,0,3,10
AT1G65440,21,6,2,6,5,9
AT3G17390,20,11,41,25,36,21
AT5G40200,20,0,29,0,29,10
AT5G30510,20,7,26,13,26,16
AT1G02930,20,0,22,2,13,19
AT2G27710,20,0,22,6,25,21
AT3G14210,20,17,20,16,27,18
AT1G14380,20,0,17,0,23,19
AT1G55490,20,75,16,89,22,18
AT3G13300,20,0,14,0,15,15
AT5G45650,20,0,10,0,19,16
AT1G37130,20,0,8,0,7,16
AT4G13750,20,0,8,0,9,12
AT3G63130,20,0,8,0,11,11
AT1G06720,20,0,7,0,9,20
AT1G73450,20,0,5,2,8,21
AT1G32750,20,0,2,0,0,23
AT2G38770,20,35,0,0,19,18
AT3G55200,20,25,0,6,2,26
AT3G55220,20,25,0,6,2,26
AT1G62750,19,0,41,21,39,19
AT4G39680,19,319,33,0,46,17
AT4G01850,19,8,27,17,21,15
AT1G02500,19,11,26,18,25,17
AT1G23280,19,0,22,0,20,7
AT1G71820,19,0,19,0,14,18
AT4G04940,19,0,17,0,21,8
AT4G30190,19,6,8,6,8,15
AT4G24190,19,20,8,27,7,13
AT1G10580,19,10,0,0,9,9
AT5G22330,19,0,0,5,6,16
AT5G42080,18,6,38,10,29,17
AT4G25340,18,0,30,0,32,16
AT1G12900,18,29,29,23,23,16
AT3G13860,18,21,22,26,28,16
AT1G04480,18,10,21,11,20,18
AT2G33370,18,10,21,11,20,18
AT3G04400,18,10,21,11,20,18
AT2G28000,18,62,21,97,18,22
AT5G35970,18,0,19,0,28,14
AT2G01250,18,6,19,8,20,13
AT4G09000,18,6,19,11,15,16
AT1G67090,18,65,19,55,19,18
AT2G27720,18,0,18,8,20,17
AT3G13470,18,75,17,96,19,18
AT5G62690,18,25,15,67,34,18
AT5G62700,18,25,15,67,34,18
AT4G22380,18,0,13,0,21,14
AT5G20160,18,0,13,0,21,14
AT1G30230,18,33,11,37,19,9
AT5G62190,18,0,9,0,12,16
AT2G39990,18,0,8,12,10,14
AT1G77510,18,5,7,5,7,5
AT2G39260,18,0,5,0,8,24
AT2G17410,18,0,5,0,11,19
AT2G18220,18,0,5,0,13,5
AT1G78830,18,0,5,4,16,24
AT5G65900,18,0,3,0,11,10
AT2G32240,18,19,3,10,9,6
AT4G02480,18,0,0,0,4,10
AT1G14830,17,0,29,8,34,13
AT4G37930,17,16,23,25,13,10
AT3G53430,17,4,21,6,27,20
AT4G03280,17,9,21,10,16,13
AT1G62020,17,30,21,59,14,12
AT2G31410,17,0,19,0,21,14
AT2G44120,17,6,18,3,17,15
AT4G15770,17,0,14,0,25,12
AT5G60670,17,4,14,5,19,18
AT5G03340,17,96,14,67,16,14
AT4G09650,17,0,13,6,9,9
AT5G20720,17,12,13,17,6,12
AT5G61840,17,0,11,0,12,10
AT5G17920,17,23,11,41,12,15
AT4G15900,17,22,10,0,15,12
AT1G43850,17,0,9,0,9,14
AT1G63680,17,0,9,3,11,14
AT1G08520,17,5,5,25,11,13
AT5G44070,17,0,4,4,10,11
AT1G80410,17,0,4,5,7,9
AT1G50620,17,0,2,0,0,22
AT4G09730,17,0,2,0,3,9
AT3G12810,17,0,0,0,2,12
AT5G08440,17,0,0,0,9,18
AT3G11130,16,3,31,15,34,12
AT3G60750,16,13,27,33,11,17
AT2G34160,16,20,25,16,32,14
AT2G37190,16,4,21,6,26,19
AT3G22890,16,0,21,7,23,15
AT2G36160,16,12,20,14,13,11
AT1G02920,16,0,19,2,13,12
AT3G11510,16,12,19,16,15,12
AT5G22780,16,0,15,9,18,10
AT2G34750,16,0,14,0,14,7
AT4G27430,16,0,12,0,10,23
AT4G33250,16,7,12,14,12,17
AT5G66540,16,0,11,0,10,12
AT1G17220,16,0,11,2,16,16
AT1G67430,16,3,10,5,12,13
AT3G04840,16,16,10,15,11,12
AT1G27400,16,4,9,6,11,14
AT5G14170,16,0,8,2,11,23
AT5G05170,16,0,6,0,6,16
AT3G49990,16,2,6,0,7,15
AT3G18380,16,0,5,0,4,15
AT1G27430,16,0,5,0,6,9
AT3G02200,16,0,5,11,9,16
AT3G22990,16,0,2,0,4,10
AT1G47900,16,0,0,0,2,15
AT1G19870,16,2,0,0,4,20
AT3G08530,15,2,35,16,39,12
AT1G79550,15,5,34,13,25,10
AT1G16030,15,15,23,16,18,15
AT1G29250,15,22,20,17,28,15
AT4G28200,15,0,19,0,22,13
AT3G27830,15,4,19,6,16,15
AT3G27850,15,4,19,6,16,15
AT5G15530,15,7,19,6,19,15
AT1G09340,15,7,19,17,16,14
AT3G58660,15,0,18,0,25,3
AT1G68560,15,9,18,7,28,23
AT1G47550,15,0,16,0,11,10
AT1G80750,15,0,16,0,22,9
AT1G79920,15,3,16,13,14,11
AT2G28790,15,13,15,5,15,11
AT2G34260,15,0,14,0,5,7
AT5G64840,15,0,14,0,13,10
AT1G71500,15,2,14,11,14,10
AT3G44310,15,1244,14,492,13,27
AT2G29550,15,20,11,66,26,16
AT3G25940,15,0,9,0,9,9
AT5G64040,15,10,9,17,8,11
AT2G28290,15,34,9,23,19,12
AT5G42950,15,0,8,0,17,13
AT3G59040,15,0,7,0,8,11
AT1G13030,15,0,7,0,9,12
AT2G43650,15,0,7,0,10,13
AT1G21700,15,0,7,2,10,9
AT3G02260,15,0,6,0,6,13
AT2G36530,15,13,3,21,4,7
AT2G33610,15,0,2,0,7,16
AT5G58230,15,0,2,4,8,11
AT5G17890,15,0,0,0,0,0
AT5G63550,15,0,0,0,4,13
AT5G67630,15,0,0,7,6,19
AT5G52040,15,1305,0,847,10,71
AT5G38420,14,62,26,61,19,16
AT5G57120,14,0,19,0,15,8
AT5G46430,14,8,17,0,13,9
AT5G04600,14,0,16,0,16,11
AT5G22770,14,0,16,9,15,6
AT1G75350,14,4,15,0,14,10
AT2G34640,14,0,11,0,8,12
AT3G10720,14,0,11,0,13,11
AT1G72150,14,0,11,3,11,10
AT1G20010,14,15,11,44,18,15
AT5G44340,14,21,11,51,27,18
AT4G20890,14,19,10,48,24,20
AT1G06670,14,0,9,0,9,2
AT3G16470,14,9,9,9,11,8
AT4G26110,14,8,9,10,18,11
AT1G10490,14,0,8,0,8,4
AT5G13510,14,0,8,3,13,12
AT2G04390,14,8,8,8,7,11
AT2G05220,14,8,8,8,7,11
AT5G04800,14,8,8,8,7,11
AT1G05190,14,7,8,12,9,13
AT3G11400,14,4,8,14,9,14
AT3G09820,14,14,8,19,6,11
AT1G76950,14,0,7,0,9,10
AT4G21150,14,0,7,0,10,11
AT5G38720,14,0,6,0,6,6
AT2G43235,14,0,5,0,6,10
AT4G29520,14,0,4,0,0,2
AT1G15940,14,0,4,0,5,9
AT1G55860,14,0,4,9,6,7
AT1G56340,14,7,4,13,0,9
AT5G28740,14,27,3,0,8,15
AT1G32730,14,0,2,0,2,14
AT2G41740,14,0,2,0,4,4
AT1G09760,14,14,2,0,6,15
AT1G21630,14,0,2,2,6,16
AT2G45820,14,0,0,0,3,14
AT1G29350,14,6,0,2,5,12
AT1G18540,13,10,25,7,15,7
AT3G15730,13,82,25,58,25,15
AT1G18080,13,11,24,9,16,7
AT3G23810,13,14,23,21,21,11
AT5G38430,13,47,23,46,19,14
AT1G74050,13,10,21,7,11,8
AT3G13920,13,9,21,21,18,11
AT5G08180,13,4,20,2,10,9
AT3G52580,13,12,19,14,12,10
AT5G20600,13,0,16,0,25,5
AT3G14420,13,14,16,19,15,10
AT5G64680,13,0,15,0,19,9
AT3G22320,13,4,14,4,19,10
AT1G20020,13,12,14,17,11,12
AT5G06360,13,0,13,0,10,11
AT1G22300,13,3,13,11,9,8
AT5G38480,13,6,12,10,11,13
AT3G12340,13,0,10,0,16,5
AT4G07410,13,0,10,0,26,14
AT1G70730,13,0,10,5,15,11
AT4G14880,13,0,10,9,4,8
AT4G31700,13,11,10,14,11,9
AT1G30470,13,0,9,4,9,12
AT4G14960,13,22,9,53,17,14
AT1G04820,13,22,9,56,18,14
AT1G50010,13,22,9,56,18,14
AT5G44020,13,0,8,0,14,12
AT3G15880,13,36,8,20,10,5
AT1G15290,13,0,7,0,6,14
AT2G40840,13,18,7,7,7,4
AT2G28600,13,0,6,0,3,3
AT3G22220,13,0,6,0,5,13
AT2G31610,13,15,6,21,10,11
AT3G53870,13,14,6,23,10,10
AT1G77180,13,27,5,0,10,12
AT4G24770,13,0,5,5,8,11
AT5G10470,13,0,4,3,6,5
AT3G18390,13,2,4,7,6,9
AT5G23490,13,0,3,0,4,14
AT3G61260,13,0,3,0,4,20
AT1G33240,13,0,3,0,7,11
AT2G04030,13,3,3,58,6,9
AT1G20760,13,0,2,0,5,15
AT5G22640,13,0,2,9,0,8
AT4G38550,13,0,0,0,0,15
AT3G06010,13,0,0,0,0,22
AT3G57300,13,0,0,0,2,9
AT3G22380,13,0,0,0,3,7
AT5G53440,13,5,0,0,4,14
AT5G16270,13,7,0,4,7,7
AT5G57290,12,0,30,5,21,14
AT1G74060,12,10,21,7,11,8
AT1G71695,12,14,20,2,19,14
AT3G13580,12,4,19,3,16,10
AT3G47520,12,11,18,12,13,10
AT1G54270,12,8,18,24,17,9
AT2G20490,12,11,16,0,14,13
AT1G78300,12,4,16,14,16,16
AT1G07110,12,0,15,0,13,7
AT5G65620,12,0,15,5,9,10
AT4G18100,12,8,15,5,15,9
AT1G07660,12,12,15,12,15,11
AT1G07820,12,12,15,12,15,11
AT2G28740,12,12,15,12,15,11
AT3G45930,12,12,15,12,15,11
AT3G46320,12,12,15,12,15,11
AT3G53730,12,12,15,12,15,11
AT5G59690,12,12,15,12,15,11
AT5G59970,12,12,15,12,15,11
AT3G21540,12,0,14,0,12,8
AT3G18740,12,5,14,3,16,7
AT1G79930,12,3,14,14,14,9
AT3G60770,12,18,13,11,8,9
AT1G65280,12,3,12,0,8,2
AT5G14050,12,0,12,0,16,16
AT1G30630,12,11,12,8,10,7
AT3G44110,12,3,12,15,19,10
AT1G32060,12,39,12,34,17,12
AT1G72440,12,0,11,0,15,4
AT3G18035,12,14,11,4,21,8
AT1G77940,12,2,11,6,10,6
AT5G12250,12,10,11,48,18,11
AT5G23860,12,20,11,60,24,18
AT2G43030,12,10,10,9,8,12
AT2G21390,12,36,10,63,11,5
AT5G03300,12,13,8,15,6,11
AT4G18905,12,5,7,0,12,12
AT4G34670,12,11,7,8,8,12
AT5G52640,12,3,7,11,7,10
AT3G52930,12,42,7,42,8,6
AT1G42550,12,0,5,0,3,14
AT2G40430,12,0,5,0,5,16
AT5G20280,12,0,5,0,7,7
AT1G65030,12,0,5,0,11,9
AT1G04510,12,25,5,5,14,13
AT2G29580,12,7,4,0,7,7
AT3G08590,12,179,4,158,7,10
AT3G62300,12,0,3,0,3,13
AT2G19730,12,8,3,4,0,8
AT2G16485,12,0,0,0,0,8
AT5G62670,12,0,0,0,4,0
AT1G42440,12,0,0,0,4,14
AT3G50590,12,0,0,3,0,10
AT4G25500,12,1121,0,720,9,62
AT3G03920,11,7,38,0,16,8
AT2G36880,11,9,30,19,26,13
AT5G19510,11,16,18,19,17,6
AT5G58420,11,28,17,31,17,10
AT2G17360,11,28,17,32,17,10
AT5G07090,11,28,17,32,17,10
AT1G35160,11,5,14,9,6,8
AT3G02520,11,5,14,12,12,8
AT1G61580,11,6,13,8,16,12
AT2G41840,11,13,13,21,7,7
ATCG00470,11,5,11,8,11,10
AT1G11860,11,16,11,14,9,12
AT4G38970,11,19,11,17,5,7
AT3G63460,11,0,11,18,7,6
AT2G32080,11,19,10,20,13,9
AT5G37190,11,0,9,0,9,14
AT5G15870,11,0,9,0,10,10
AT1G21170,11,0,9,0,14,13
AT1G10840,11,0,9,10,9,13
AT5G56500,11,49,9,62,11,11
AT1G25260,11,0,8,0,14,7
AT1G09640,11,31,8,32,17,6
AT1G01790,11,0,7,0,7,17
AT4G09040,11,0,6,0,6,10
AT5G20010,11,5,6,8,5,7
AT2G42100,11,15,6,10,9,5
AT3G05420,11,0,5,0,7,8
AT3G10610,11,8,5,8,7,6
AT3G18130,11,5,5,12,6,4
AT5G10010,11,0,4,0,5,0
AT1G24300,11,0,4,0,5,7
AT5G50840,11,0,4,0,7,5
AT2G38730,11,0,4,0,7,11
AT2G44060,11,0,4,5,5,9
AT2G32700,11,0,3,0,3,5
AT3G48710,11,0,3,0,3,9
AT2G19540,11,4,3,0,6,6
AT4G26780,11,3,3,3,8,8
AT4G02400,11,0,2,0,0,11
AT1G09310,11,3,2,4,0,7
AT2G02790,11,0,0,0,0,5
AT3G44530,11,0,0,0,0,5
AT3G63540,11,0,0,0,0,7
AT2G25560,11,0,0,0,0,9
ATCG01130,11,0,0,0,0,9
AT4G39690,11,0,0,0,0,10
AT4G14510,11,0,0,0,0,11
AT4G30160,11,6,0,0,2,0
AT3G52240,11,0,0,0,7,17
AT5G64270,11,13,0,4,0,14
AT3G12390,11,7,0,6,0,9
AT5G20630,10,5,27,0,26,10
AT2G33800,10,10,23,7,17,7
AT2G39850,10,0,22,0,29,10
AT1G20920,10,2,21,0,14,8
AT3G27925,10,7,21,7,18,7
AT1G02690,10,3,17,4,14,6
AT4G02150,10,2,15,3,18,3
AT1G57720,10,34,15,57,21,6
AT1G78630,10,8,13,2,7,5
AT4G00100,10,17,13,11,7,8
AT1G72730,10,7,13,15,12,10
AT1G49750,10,0,12,0,17,7
AT1G02870,10,0,12,0,18,8
AT5G14320,10,6,12,12,9,7
AT4G34450,10,27,12,48,7,6
AT2G18510,10,5,11,2,11,11
AT2G39460,10,9,11,5,11,6
AT3G55280,10,9,11,5,11,6
AT5G25980,10,22,11,28,17,11
AT2G47940,10,5,10,4,10,6
AT2G18900,10,0,9,0,28,15
AT5G53620,10,18,9,6,10,10
AT5G16050,10,6,9,12,10,9
AT3G55340,10,0,8,0,4,8
AT5G45510,10,0,8,0,5,5
AT2G40290,10,9,8,6,14,7
AT3G55480,10,0,6,0,7,7
AT1G72340,10,0,6,0,9,13
AT1G48620,10,16,5,0,5,0
AT2G43110,10,0,5,0,10,0
AT4G27870,10,0,3,0,2,12
AT5G16750,10,0,3,0,7,0
AT5G57870,10,3,3,4,4,12
AT4G38130,10,14,3,14,6,8
AT1G07890,10,15,3,26,4,9
AT1G01730,10,0,2,0,0,10
AT1G09210,10,6,2,10,3,8
AT3G19240,10,0,0,0,0,5
AT1G74690,10,0,0,0,0,7
AT5G16780,10,11,0,0,0,8
AT1G80810,10,0,0,0,0,9
AT4G35050,10,0,0,0,0,12
AT4G31160,10,0,0,0,2,11
AT2G05230,10,0,0,0,3,6
AT2G05250,10,0,0,0,3,6
AT2G21440,10,0,0,0,3,8
AT3G53560,10,0,0,0,5,9
AT5G41770,10,14,0,0,8,5
AT4G33400,10,5,0,13,0,6
AT1G48920,9,12,27,13,28,7
AT5G53460,9,0,18,0,20,2
AT4G27090,9,7,18,7,13,10
AT1G19920,9,0,17,0,14,7
AT5G27850,9,5,16,10,17,6
AT1G45000,9,3,15,16,9,7
AT5G43010,9,3,14,16,7,6
AT3G16290,9,0,13,0,7,6
AT5G15550,9,0,13,0,8,8
AT1G24020,9,8,12,12,9,5
AT1G52400,9,22,12,28,14,18
AT4G15000,9,5,11,4,10,5
AT2G19480,9,5,11,6,14,7
AT1G58380,9,13,11,14,8,7
AT1G58684,9,13,11,14,8,7
AT1G58983,9,13,11,14,8,7
AT1G59359,9,13,11,14,8,7
AT3G22060,9,0,10,0,12,6
AT2G30860,9,4,10,7,5,7
AT1G75780,9,11,9,41,15,10
AT4G21100,9,7,8,7,8,7
AT1G47128,9,6,8,12,9,10
AT1G68010,9,6,8,15,7,7
AT5G18230,9,0,7,0,6,0
AT5G10450,9,3,7,7,7,11
AT5G19770,9,12,7,46,13,11
AT5G19780,9,0,7,46,13,11
AT4G09320,9,5,6,3,7,7
AT3G11630,9,12,6,17,7,7
AT2G18110,9,26,6,21,8,5
AT3G18600,9,0,5,0,9,6
AT1G64880,9,36,5,47,3,4
AT1G77760,9,0,4,0,3,3
AT2G38580,9,0,4,0,8,3
AT1G60200,9,5,4,3,5,5
AT5G35530,9,10,4,14,7,7
AT1G06230,9,0,3,0,12,6
AT5G47190,9,0,3,3,2,10
AT3G52300,9,0,3,5,5,8
AT4G20440,9,12,3,5,10,10
AT5G44500,9,12,3,5,10,10
AT5G23120,9,4,3,6,2,7
AT5G63110,9,37,3,32,4,9
AT1G07990,9,0,2,0,5,7
AT2G35410,9,0,2,4,5,7
AT2G43770,9,23,2,7,13,9
AT3G55440,9,4,2,9,0,4
AT4G31210,9,0,0,0,0,0
AT3G16840,9,0,0,0,0,3
AT5G14430,9,0,0,0,0,3
AT3G16810,9,0,0,0,0,4
AT4G06634,9,0,0,0,0,6
AT5G17880,9,0,0,0,0,6
AT2G40930,9,0,0,0,0,8
AT4G32610,9,0,0,0,0,9
AT4G09150,9,0,0,0,2,3
AT5G22320,9,0,0,0,2,4
AT3G01370,9,0,0,0,3,6
AT5G05450,9,0,0,0,3,9
AT5G61150,9,0,0,0,4,9
AT1G77030,9,0,0,0,7,11
AT5G13300,9,0,0,0,9,4
AT5G58140,9,0,0,2,0,8
AT3G57410,9,10,0,2,3,0
AT1G29370,9,6,0,2,5,10
AT1G78820,9,0,0,3,8,16
AT5G46580,9,0,0,6,0,3
AT3G03710,9,14,0,12,4,3
AT2G18020,8,19,16,12,12,8
AT2G29630,8,3,15,0,11,7
AT1G48830,8,4,15,2,2,5
AT2G34480,8,8,15,8,14,5
AT3G05590,8,4,14,7,14,6
AT5G21274,8,0,13,4,0,9
AT3G22230,8,3,12,4,8,5
AT1G23190,8,0,12,11,13,10
AT5G03740,8,8,11,0,7,3
AT2G44860,8,0,11,0,18,9
AT3G28220,8,2,9,0,8,6
AT5G65220,8,3,9,0,8,12
AT3G11250,8,0,9,0,9,9
AT5G19485,8,0,9,0,13,8
AT3G56340,8,5,9,6,6,5
AT3G11820,8,0,8,0,6,4
AT1G02080,8,0,8,3,4,5
AT4G32260,8,0,8,8,5,8
AT3G25860,8,12,8,12,8,2
AT2G37400,8,0,7,0,5,7
AT4G01310,8,7,7,7,7,13
AT5G22060,8,2,7,9,14,4
AT1G23310,8,7,7,27,9,8
AT3G18420,8,0,6,0,6,7
AT2G42590,8,0,6,6,4,5
AT1G53240,8,12,6,7,0,6
AT1G21690,8,0,5,0,4,6
AT1G21600,8,0,5,0,11,3
AT5G61790,8,0,5,6,2,6
AT4G32551,8,0,4,0,4,5
AT5G60980,8,3,4,0,8,5
AT5G20920,8,0,4,2,5,8
AT2G16940,8,10,4,4,5,8
AT1G09780,8,77,4,63,10,5
AT3G45190,8,0,3,2,7,9
AT4G38630,8,7,3,8,2,2
AT2G24200,8,0,3,10,3,4
AT4G32070,8,0,2,0,0,3
AT3G13200,8,6,2,0,3,12
AT3G22520,8,0,2,0,7,11
AT4G35800,8,15,2,14,5,7
AT3G49180,8,0,0,0,0,3
AT4G10840,8,0,0,0,0,3
AT4G00830,8,0,0,0,0,4
AT4G13840,8,0,0,0,0,5
AT5G55210,8,0,0,0,0,8
AT5G14720,8,0,0,0,0,9
AT5G27650,8,0,0,0,0,11
AT5G17910,8,0,0,0,0,12
AT3G56410,8,0,0,0,0,14
AT1G13690,8,6,0,0,2,6
AT4G00630,8,0,0,0,2,6
AT3G56990,8,0,0,0,3,2
AT3G19960,8,0,0,0,3,4
AT4G31430,8,0,0,0,3,5
AT1G48650,8,0,0,0,5,6
AT1G06460,8,0,0,0,6,8
AT3G10690,8,0,0,0,11,0
AT3G04910,8,0,0,2,3,4
AT5G04430,8,0,0,4,0,10
AT5G13850,8,5,0,6,0,8
AT3G03250,8,4,0,10,2,4
AT1G01100,7,0,18,0,16,10
AT2G42740,7,4,17,6,12,6
AT3G58700,7,4,17,6,12,6
AT4G18730,7,4,17,6,12,6
AT5G45775,7,4,17,6,12,6
AT2G20450,7,4,15,3,10,8
AT1G52930,7,0,14,0,15,0
AT2G27030,7,6,13,3,10,8
AT5G60600,7,0,13,3,13,3
AT3G03380,7,0,11,0,8,5
AT2G29540,7,0,11,0,14,11
AT4G14680,7,0,11,3,12,7
AT5G11240,7,0,10,0,14,12
AT5G22800,7,0,10,3,7,4
AT1G29965,7,5,10,3,11,3
AT4G18480,7,27,10,29,14,10
AT1G72370,7,21,10,35,7,5
AT5G65720,7,0,9,9,6,9
AT3G14415,7,6,9,12,7,6
AT4G36130,7,14,9,12,8,5
AT2G20580,7,6,9,24,10,5
AT3G23900,7,15,8,0,8,5
AT5G17170,7,0,7,0,9,6
AT5G42100,7,0,7,0,10,6
AT4G12600,7,0,7,0,12,5
AT2G47990,7,0,7,0,12,9
AT5G48540,7,0,7,0,14,6
AT5G06290,7,8,7,10,6,7
AT1G19570,7,13,7,19,2,3
AT3G27180,7,0,6,0,4,2
AT1G33990,7,0,6,0,7,3
AT5G25460,7,0,6,0,8,5
AT3G02560,7,5,6,3,3,6
AT2G45540,7,0,6,3,4,9
AT3G06650,7,10,6,17,6,4
AT4G33010,7,11,6,25,8,5
AT1G15440,7,0,5,0,8,0
AT5G08650,7,0,5,3,7,3
AT2G40510,7,4,5,5,5,5
AT2G19940,7,0,5,6,6,2
AT3G52960,7,6,5,8,4,6
AT5G26780,7,6,5,9,3,5
AT2G26080,7,7,5,19,8,4
AT5G48240,7,0,4,0,0,4
AT5G58130,7,0,4,0,4,9
AT1G08680,7,0,4,0,5,5
AT1G01080,7,2,4,0,6,8
AT5G38640,7,0,4,0,14,8
AT5G09650,7,17,4,10,0,7
AT1G48630,7,5,4,10,4,3
AT3G25920,7,7,4,10,6,11
AT2G21330,7,12,4,11,2,4
AT3G16830,7,31,4,15,4,4
AT2G36460,7,17,4,22,3,2
AT3G15980,7,12,4,30,5,3
AT5G64580,7,0,3,0,0,7
AT5G47030,7,0,3,0,2,2
AT5G23080,7,0,3,0,2,4
AT4G23650,7,0,3,3,4,4
AT5G50850,7,2,3,3,7,4
AT1G48030,7,3,3,6,2,6
AT1G04530,7,0,3,6,3,6
AT5G27770,7,6,3,8,6,2
AT1G52410,7,12,3,35,9,2
AT1G66840,7,0,2,0,0,5
AT3G24870,7,0,2,0,0,5
AT3G24880,7,0,2,0,0,5
AT2G47450,7,0,2,0,3,3
AT4G09900,7,0,2,0,3,5
AT5G47480,7,0,2,0,5,8
AT5G19320,7,0,2,0,9,3
AT1G79850,7,4,2,3,3,6
AT1G04410,7,14,2,11,3,2
AT1G63640,7,0,0,0,0,4
AT4G34910,7,0,0,0,0,5
AT1G17360,7,0,0,0,0,6
AT2G31890,7,0,0,0,0,6
AT1G22610,7,0,0,0,0,7
AT3G49140,7,0,0,0,0,7
AT1G63980,7,0,0,0,0,8
AT3G08020,7,0,0,0,0,8
AT3G10650,7,0,0,0,0,9
AT5G13950,7,0,0,0,0,9
AT1G30240,7,0,0,0,0,10
AT5G19310,7,0,0,0,0,10
AT1G73100,7,0,0,0,2,4
AT3G10530,7,0,0,0,2,5
AT3G17590,7,0,0,0,2,6
AT5G57460,7,0,0,0,2,6
AT5G58430,7,0,0,0,2,6
AT4G08350,7,0,0,0,3,5
AT5G47010,7,0,0,0,3,6
AT1G21580,7,0,0,0,4,4
AT5G42540,7,0,0,0,4,6
AT1G79730,7,0,0,0,5,6
AT1G29970,7,0,0,0,11,0
AT5G66680,7,0,0,3,2,3
AT3G18790,7,6,0,3,2,6
AT4G26870,7,0,0,3,6,3
AT5G44320,7,3,0,6,0,0
AT1G27090,7,13,0,6,3,3
AT5G15610,7,0,0,6,3,7
AT4G20980,7,4,0,7,0,3
AT1G76180,7,5,0,8,2,5
AT3G14067,7,8,0,8,4,8
AT5G16730,7,28,0,20,0,5
AT2G29560,7,27,0,30,0,2
AT3G60190,6,0,20,3,14,11
AT4G04910,6,0,15,0,10,5
AT5G14780,6,0,15,0,17,5
AT2G47730,6,2,14,10,10,7
AT5G22650,6,11,13,6,9,8
AT3G15690,6,0,11,0,14,4
AT5G15200,6,19,11,20,8,8
AT3G18480,6,0,10,0,5,7
AT5G35630,6,19,10,18,10,11
AT5G42220,6,0,9,0,2,8
AT2G30870,6,0,9,2,7,5
AT5G10540,6,0,9,3,5,6
AT5G16130,6,8,9,6,2,5
AT1G74970,6,6,9,6,10,6
AT4G00810,6,0,8,0,8,10
AT2G10940,6,5,8,2,9,5
ATCG00740,6,0,8,5,11,5
AT5G01410,6,15,8,9,6,6
AT5G54910,6,0,7,0,3,5
AT4G11380,6,0,7,0,6,3
AT5G60030,6,0,7,0,6,3
ATCG01110,6,0,7,2,7,4
AT5G65430,6,2,7,3,7,5
AT1G16300,6,3,7,4,5,5
AT3G06730,6,0,7,4,9,7
AT1G79530,6,4,7,6,5,5
AT3G16640,6,5,7,11,8,6
AT2G37660,6,20,7,12,0,4
AT1G80480,6,0,7,13,7,4
AT2G24440,6,4,6,0,8,5
AT1G18850,6,0,6,0,13,8
AT3G07110,6,4,6,4,6,5
ATCG00780,6,0,6,5,7,4
AT5G42980,6,6,6,6,6,6
AT1G34430,6,14,6,8,6,2
AT2G44160,6,18,6,11,12,6
AT4G10790,6,9,6,15,10,8
AT5G49460,6,6,6,18,7,4
AT1G10590,6,3,5,0,5,4
AT4G13340,6,0,5,0,5,7
AT4G39200,6,7,5,3,5,6
AT1G72610,6,6,5,5,5,2
AT3G63140,6,4,5,11,2,11
AT3G53110,6,0,5,12,3,6
AT5G18570,6,0,5,14,4,9
AT1G16470,6,32,5,27,3,5
AT4G37800,6,17,5,28,5,9
AT4G02450,6,0,4,0,3,5
AT3G04790,6,4,4,4,4,3
AT1G48350,6,4,4,4,5,4
AT4G10450,6,0,4,4,7,8
AT3G01340,6,2,4,4,8,5
AT1G23740,6,9,4,5,0,2
AT5G02710,6,0,3,0,0,2
AT2G19385,6,0,3,0,4,2
AT3G02830,6,0,3,0,4,8
AT3G60240,6,0,3,4,6,7
AT3G05560,6,6,3,8,5,2
AT3G08580,6,8,3,10,4,5
AT1G06680,6,5,3,11,5,5
AT2G40660,6,49,3,87,3,8
AT3G17210,6,0,2,0,0,3
AT5G57990,6,0,2,0,0,4
AT3G07220,6,0,2,0,0,7
AT3G24480,6,4,2,0,4,6
AT5G54600,6,4,2,2,0,3
AT1G12910,6,4,2,2,2,8
AT3G29075,6,4,2,5,3,3
AT1G07320,6,2,2,7,0,3
AT1G32490,6,12,0,0,0,0
AT4G11790,6,5,0,0,0,0
AT1G48480,6,0,0,0,0,0
AT1G69220,6,0,0,0,0,0
AT2G26920,6,0,0,0,0,0
AT5G54260,6,0,0,0,0,0
AT1G17690,6,0,0,0,0,3
AT3G45830,6,0,0,0,0,3
AT4G12020,6,0,0,0,0,4
AT1G06500,6,0,0,0,0,5
AT5G08550,6,0,0,0,0,5
AT5G51660,6,0,0,0,0,5
AT3G52100,6,0,0,0,0,6
AT3G21430,6,0,0,0,0,7
AT3G63500,6,0,0,0,0,7
AT5G15020,6,0,0,0,0,7
AT1G73960,6,0,0,0,0,8
AT4G00930,6,0,0,0,0,8
AT5G05470,6,0,0,0,2,4
AT5G17510,6,0,0,0,2,9
AT4G36890,6,0,0,0,3,4
AT1G79350,6,0,0,0,4,0
AT5G40160,6,0,0,0,4,4
AT3G26560,6,0,0,0,5,4
AT5G03040,6,0,0,2,0,0
AT3G54540,6,2,0,2,0,4
AT3G03630,6,0,0,2,5,3
AT3G46740,6,0,0,3,0,4
AT1G14650,6,26,0,4,0,9
AT1G52030,6,5,0,6,0,0
AT4G38600,6,0,0,6,0,5
AT5G07350,6,4,0,6,2,0
AT1G22780,6,4,0,7,0,4
AT1G34030,6,4,0,7,0,4
AT4G09800,6,4,0,7,0,4
AT4G10480,6,11,0,8,3,8
AT5G11170,6,12,0,20,4,3
AT5G11200,6,12,0,20,4,3
AT1G71220,6,18,0,60,3,5
AT4G34620,5,3,11,4,5,4
AT3G15190,5,4,10,12,11,2
AT2G22300,5,0,9,0,2,5
AT1G16880,5,0,9,4,6,6
ATCG00160,5,3,9,6,7,6
AT2G38230,5,9,9,7,6,4
AT4G11150,5,7,9,14,8,9
AT4G32410,5,0,8,0,3,6
AT4G14160,5,0,8,3,9,2
AT3G24830,5,3,8,4,8,7
AT2G30050,5,3,8,5,6,7
AT3G52880,5,4,8,11,3,6
AT3G13290,5,0,7,0,7,6
AT2G44210,5,0,7,0,8,6
AT5G10360,5,15,7,16,9,5
AT1G75950,5,5,6,2,4,2
AT4G17560,5,0,6,2,4,5
AT3G56490,5,0,6,3,5,4
AT3G15020,5,9,6,5,0,5
AT1G61520,5,4,6,10,4,3
AT4G26600,5,0,5,0,5,0
AT1G12840,5,0,5,2,3,5
AT3G56910,5,2,5,2,4,5
AT3G44890,5,6,5,3,0,6
AT5G37720,5,9,5,4,6,4
AT3G01390,5,0,5,5,5,5
AT2G37220,5,3,5,5,5,6
AT1G63770,5,0,5,6,2,3
AT5G05010,5,11,5,22,5,5
AT5G42190,5,2,4,0,0,0
AT1G48300,5,0,4,0,0,0
AT5G63700,5,0,4,0,2,6
AT1G69010,5,0,4,0,4,8
AT5G49570,5,0,4,0,5,3
AT3G07300,5,0,4,0,7,6
AT4G16660,5,0,4,2,0,0
AT5G18380,5,5,4,8,7,5
AT1G65930,5,0,4,10,3,3
AT2G43750,5,3,4,10,9,5
AT1G52570,5,26,4,17,9,6
AT1G79210,5,35,4,29,0,3
AT5G41950,5,0,3,0,2,2
AT1G09080,5,3,3,0,3,0
AT5G20200,5,0,3,0,3,3
AT3G56240,5,3,3,2,2,2
AT1G26880,5,2,3,2,3,4
AT4G35450,5,0,3,2,4,5
AT1G69620,5,0,3,2,6,4
AT5G02530,5,9,3,3,6,3
AT1G32500,5,0,3,4,3,3
AT3G58730,5,0,3,4,4,5
AT3G54760,5,6,3,6,5,3
AT3G14310,5,8,3,8,7,3
AT2G21660,5,18,3,9,3,5
AT4G28750,5,4,3,10,3,6
AT5G37510,5,0,3,11,3,3
ATCG00800,5,6,3,12,6,5
AT1G52360,5,17,3,37,4,2
AT4G20850,5,130,3,89,6,4
AT3G49470,5,2,2,0,0,4
AT4G03520,5,0,2,0,0,4
AT5G19900,5,0,2,0,3,4
AT5G67580,5,0,2,0,3,6
AT3G07810,5,0,2,0,5,4
AT2G41680,5,0,2,2,3,0
AT3G22590,5,0,2,2,5,3
AT3G61820,5,0,2,6,7,2
ATCG00790,5,4,2,7,4,6
AT5G20020,5,5,2,7,5,4
AT1G65980,5,2,2,10,2,0
AT5G46290,5,0,2,10,5,3
AT1G23290,5,10,2,14,0,6
AT1G70600,5,10,2,14,0,6
AT3G22110,5,22,2,25,2,2
AT1G64350,5,0,0,0,0,0
AT3G10490,5,0,0,0,0,0
AT3G20740,5,0,0,0,0,0
AT3G55350,5,0,0,0,0,0
AT5G38470,5,0,0,0,0,0
AT3G01460,5,0,0,0,0,2
AT4G23630,5,0,0,0,0,2
AT4G24270,5,3,0,0,0,3
AT1G33050,5,0,0,0,0,3
AT4G37440,5,0,0,0,0,3
AT1G67590,5,0,0,0,0,4
AT3G56430,5,0,0,0,0,4
AT5G62410,5,0,0,0,0,4
AT1G09730,5,0,0,0,0,5
AT1G75750,5,0,0,0,0,5
AT3G17880,5,0,0,0,0,5
AT4G31570,5,0,0,0,0,5
AT1G79150,5,0,0,0,0,6
AT4G25890,5,0,0,0,0,6
AT4G37280,5,0,0,0,0,6
AT1G13160,5,0,0,0,0,7
AT3G12380,5,0,0,0,0,8
AT5G53930,5,3,0,0,0,11
AT4G18600,5,0,0,0,0,13
AT5G51230,5,0,0,0,2,0
AT4G03080,5,0,0,0,2,2
AT5G51970,5,0,0,0,2,2
AT2G38440,5,0,0,0,2,11
AT1G79090,5,0,0,0,3,0
AT2G47850,5,0,0,0,3,0
AT3G01290,5,0,0,0,3,0
AT1G24050,5,0,0,0,3,3
AT2G06990,5,0,0,0,4,0
AT5G61330,5,0,0,0,4,0
AT1G68720,5,0,0,0,4,3
AT1G76880,5,0,0,0,4,5
AT2G30260,5,3,0,0,5,3
AT5G61770,5,0,0,0,5,3
AT2G01710,5,0,0,0,9,7
AT1G31690,5,0,0,0,16,16
AT5G23060,5,0,0,2,0,4
AT1G74560,5,0,0,3,0,4
AT4G39960,5,0,0,3,3,0
AT2G05100,5,6,0,7,0,5
AT3G27690,5,6,0,7,0,5
AT2G05070,5,6,0,7,4,5
AT5G08280,5,4,0,8,0,4
AT3G19760,5,42,0,9,5,3
AT5G08450,5,4,0,15,0,3
AT5G66140,5,18,0,17,0,2
AT3G51260,5,16,0,17,0,2
AT2G25650,4,0,18,0,12,2
AT3G49910,4,14,12,12,10,4
AT3G18860,4,0,10,0,8,0
AT5G47700,4,0,10,0,13,5
ATCG00660,4,3,10,4,7,5
AT1G74270,4,0,9,0,10,0
AT3G55750,4,3,9,0,11,0
AT5G42060,4,0,8,0,4,5
AT3G22660,4,0,8,0,6,5
AT2G22540,4,0,8,0,9,4
AT1G05520,4,0,8,0,11,6
AT4G27440,4,0,8,14,6,2
AT3G14600,4,3,7,2,8,3
AT3G49430,4,9,7,8,6,3
ATCG00830,4,9,7,11,4,4
ATCG01310,4,9,7,11,4,4
AT5G45930,4,18,7,23,9,7
AT1G61730,4,0,6,0,6,2
AT3G54090,4,0,6,0,9,0
ATCG01120,4,0,6,2,5,10
AT1G07140,4,0,6,3,3,0
AT4G13170,4,3,6,3,4,4
AT3G48500,4,0,6,3,5,2
AT3G55410,4,5,6,4,8,3
AT1G20630,4,9,6,9,8,5
AT1G09100,4,2,6,14,5,2
AT3G05530,4,4,6,16,7,2
AT5G26710,4,73,6,109,5,3
AT3G17170,4,3,5,0,0,3
AT1G49950,4,0,5,0,0,4
AT1G04270,4,4,5,0,3,0
AT5G52840,4,0,5,5,3,3
AT1G19550,4,7,5,12,2,2
AT1G74470,4,0,5,14,2,2
AT4G10340,4,5,5,17,9,8
AT5G13980,4,0,4,0,4,11
AT1G52730,4,0,4,0,5,2
AT3G61440,4,0,4,0,7,2
AT5G08380,4,0,4,0,9,8
AT1G78850,4,0,4,0,12,17
AT5G43960,4,14,4,5,7,3
AT5G55280,4,0,4,6,0,6
AT2G09990,4,3,4,6,6,4
AT4G26530,4,4,4,18,6,4
AT1G72550,4,0,3,0,0,0
AT5G09880,4,0,3,0,0,0
AT1G54780,4,0,3,0,2,2
AT4G27490,4,0,3,0,3,0
AT1G18610,4,0,3,0,3,4
AT1G69250,4,0,3,0,4,5
AT1G80930,4,14,3,0,6,0
AT3G44590,4,0,3,0,6,6
AT4G15020,4,0,3,0,6,8
AT1G03680,4,0,3,4,3,3
AT2G45710,4,4,3,4,3,4
AT3G61110,4,4,3,4,3,4
AT3G52380,4,0,3,4,6,5
AT1G26110,4,10,3,5,4,5
AT4G22670,4,0,3,6,0,7
AT1G15730,4,0,3,7,2,4
ATCG00540,4,4,3,9,3,5
AT3G47370,4,9,3,9,4,4
AT4G23670,4,12,3,11,0,3
AT5G60640,4,0,3,15,0,10
AT1G16350,4,0,2,0,0,2
AT3G26450,4,0,2,0,0,3
AT5G14910,4,2,2,0,2,3
AT3G62360,4,0,2,0,2,4
AT1G15420,4,0,2,0,5,2
AT1G79340,4,0,2,2,0,6
AT4G20260,4,3,2,4,0,2
AT5G43330,4,7,2,5,2,0
AT1G14320,4,8,2,7,0,0
AT1G65960,4,11,2,8,8,5
ATCG00900,4,11,2,12,4,4
ATCG01240,4,11,2,12,4,4
AT1G53850,4,31,2,27,0,3
AT1G02170,4,0,0,0,0,0
AT1G19110,4,0,0,0,0,0
AT1G56420,4,0,0,0,0,0
AT2G35050,4,0,0,0,0,0
AT2G40030,4,0,0,0,0,0
AT3G09350,4,0,0,0,0,0
AT4G00165,4,0,0,0,0,0
AT5G03940,4,0,0,0,0,0
AT5G13530,4,0,0,0,0,0
AT5G18580,4,0,0,0,0,0
AT5G21160,4,0,0,0,0,0
AT5G35330,4,0,0,0,0,0
AT5G46400,4,0,0,0,0,0
AT5G52010,4,0,0,0,0,0
AT5G56850,4,0,0,0,0,0
AT1G20440,4,2,0,0,0,2
AT1G03060,4,0,0,0,0,2
AT1G70100,4,0,0,0,0,2
AT1G79570,4,0,0,0,0,2
AT3G23890,4,0,0,0,0,2
AT4G39710,4,0,0,0,0,2
AT5G20220,4,0,0,0,0,2
AT5G24450,4,0,0,0,0,2
AT1G06190,4,0,0,0,0,3
AT1G17210,4,0,0,0,0,3
AT2G44430,4,0,0,0,0,3
AT3G05270,4,0,0,0,0,3
AT3G07020,4,0,0,0,0,3
AT3G09740,4,0,0,0,0,3
AT3G14810,4,0,0,0,0,3
AT3G50500,4,0,0,0,0,3
AT3G61310,4,0,0,0,0,3
AT4G14342,4,0,0,0,0,3
AT5G02160,4,0,0,0,0,3
AT5G47620,4,0,0,0,0,3
AT5G49930,4,0,0,0,0,3
AT1G04860,4,0,0,0,0,4
AT1G08540,4,0,0,0,0,4
AT1G45688,4,0,0,0,0,4
AT1G77470,4,0,0,0,0,4
AT2G16640,4,0,0,0,0,4
AT4G22320,4,0,0,0,0,4
AT5G09850,4,0,0,0,0,4
AT5G64740,4,0,0,0,0,4
AT1G61100,4,0,0,0,0,5
AT5G67320,4,0,0,0,0,5
AT4G24200,4,0,0,0,0,6
AT5G26180,4,0,0,0,0,6
AT1G05910,4,0,0,0,0,7
AT1G20670,4,0,0,0,0,7
AT5G06160,4,8,0,0,0,8
AT2G41870,4,0,0,0,0,10
AT2G32450,4,0,0,0,2,0
AT4G13670,4,0,0,0,2,2
AT1G76890,4,0,0,0,2,3
AT2G41100,4,0,0,0,2,4
AT1G22060,4,0,0,0,2,7
AT1G67140,4,0,0,0,2,8
AT3G18370,4,0,0,0,3,0
AT3G28900,4,0,0,0,3,2
AT4G21110,4,9,0,0,3,4
AT2G36130,4,6,0,0,3,6
AT1G17100,4,7,0,0,4,0
AT1G53880,4,0,0,0,4,3
AT1G53900,4,0,0,0,4,3
AT1G60080,4,0,0,0,4,3
AT5G11010,4,0,0,0,4,7
AT2G44490,4,0,0,0,5,0
AT1G35680,4,4,0,0,6,8
AT3G10920,4,3,0,2,0,0
AT3G07590,4,7,0,2,0,4
AT2G33430,4,0,0,2,2,0
AT4G02840,4,7,0,2,2,2
AT4G29350,4,4,0,2,2,3
AT3G18165,4,9,0,2,3,6
AT1G80270,4,0,0,3,0,0
AT1G16720,4,0,0,3,0,2
AT4G27270,4,0,0,3,0,3
AT1G47200,4,0,0,3,0,8
AT2G37080,4,0,0,3,2,3
AT3G44750,4,4,0,4,9,7
AT1G52740,4,2,0,5,2,3
AT2G38810,4,2,0,5,2,3
AT3G54560,4,2,0,5,2,3
AT4G36690,4,8,0,5,5,8
AT5G61780,4,4,0,6,3,0
AT1G11910,4,0,0,6,3,6
AT3G43300,4,0,0,7,0,3
AT3G49601,4,18,0,7,0,4
AT2G20260,4,2,0,7,2,3
AT5G15090,4,0,0,8,0,5
AT4G02770,4,3,0,9,5,3
AT1G15820,4,0,0,10,2,3
AT2G40300,4,11,0,10,3,4
AT4G25080,4,0,0,11,0,0
AT5G01600,4,13,0,11,0,2
AT1G02150,4,0,0,12,0,0
AT5G02240,4,17,0,13,0,2
AT3G56090,4,21,0,18,3,5
AT2G27020,4,21,0,21,0,3
AT1G64740,4,11,0,29,9,4
AT3G44320,4,302,0,82,0,4
AT1G29900,3,0,21,17,12,2
AT4G18060,3,0,9,0,8,4
AT5G41670,3,0,8,0,5,3
AT1G41880,3,3,8,0,9,0
AT4G10320,3,92,8,207,6,7
AT5G43780,3,0,7,0,7,3
AT5G55300,3,0,7,0,13,0
AT3G11710,3,2,7,3,0,3
AT3G28500,3,4,7,8,5,6
AT3G49010,3,11,7,9,9,4
AT3G27860,3,0,6,0,0,0
AT2G24050,3,0,6,0,2,2
AT1G66260,3,2,6,0,4,3
AT4G00270,3,0,6,0,6,0
AT1G09430,3,0,6,0,8,0
AT2G15620,3,0,6,2,7,4
AT5G22580,3,2,6,8,3,3
AT5G54190,3,0,6,8,4,2
AT5G12110,3,11,6,12,3,0
AT5G26000,3,23,6,41,8,10
AT4G21520,3,0,5,0,3,4
AT4G02730,3,0,5,0,4,0
AT4G23460,3,0,5,0,5,3
AT1G09020,3,0,5,0,6,0
AT5G11420,3,0,5,0,7,4
ATCG00170,3,2,5,10,12,0
AT5G42850,3,0,4,0,0,3
AT5G38890,3,0,4,0,5,2
AT1G44910,3,6,4,0,6,2
AT1G58270,3,0,4,0,6,4
AT4G02620,3,0,4,3,2,3
AT3G63490,3,0,4,5,4,6
AT4G34870,3,4,4,9,0,0
AT3G45030,3,9,4,10,4,8
AT1G13730,3,0,3,0,0,3
AT1G18950,3,0,3,0,0,3
AT5G30495,3,0,3,0,0,4
AT4G11260,3,0,3,0,2,0
AT3G09500,3,2,3,0,2,2
AT5G64730,3,0,3,0,2,2
AT1G63310,3,0,3,0,3,2
AT2G45180,3,0,3,0,5,3
AT5G43870,3,0,3,0,7,5
AT5G41020,3,0,3,0,10,5
AT1G20580,3,5,3,2,2,2
AT4G30330,3,3,3,2,2,3
AT1G61010,3,0,3,2,4,5
AT4G34260,3,0,3,2,7,0
AT5G04740,3,0,3,3,2,2
AT3G10950,3,0,3,3,3,2
AT3G60245,3,0,3,3,3,2
AT2G16360,3,5,3,3,3,4
AT1G07770,3,4,3,3,7,0
AT5G59850,3,4,3,3,7,0
AT2G31570,3,0,3,4,0,0
AT1G76010,3,13,3,5,7,0
AT1G26910,3,7,3,6,0,0
AT1G10630,3,6,3,8,4,3
AT1G23490,3,6,3,8,4,3
AT1G70490,3,6,3,8,4,3
AT2G47170,3,6,3,8,4,3
AT3G62290,3,6,3,8,4,3
AT5G14670,3,6,3,8,4,3
AT4G39260,3,12,3,10,0,3
AT1G29910,3,6,3,10,5,4
AT4G05180,3,12,3,17,7,6
AT1G72160,3,0,2,0,0,0
AT5G58250,3,0,2,0,0,0
AT3G60360,3,0,2,0,0,3
AT3G26640,3,2,2,0,2,0
AT3G15610,3,0,2,0,2,2
AT3G49080,3,0,2,0,3,3
AT4G28450,3,0,2,0,4,0
AT1G59760,3,0,2,0,5,0
AT1G27470,3,0,2,0,5,3
AT5G58070,3,0,2,3,0,0
AT2G47640,3,7,2,3,5,2
AT3G62840,3,7,2,3,5,2
AT3G20820,3,5,2,4,6,2
AT1G09130,3,0,2,8,0,0
ATCG00380,3,4,2,9,3,0
AT1G13930,3,4,2,14,3,6
AT4G31990,3,10,2,15,0,3
AT3G62530,3,0,2,20,3,3
AT3G55800,3,11,2,21,0,0
AT2G03150,3,5,0,0,0,0
AT5G16570,3,3,0,0,0,0
AT2G16780,3,2,0,0,0,0
AT1G01930,3,0,0,0,0,0
AT1G05570,3,0,0,0,0,0
AT1G12920,3,0,0,0,0,0
AT1G48050,3,0,0,0,0,0
AT2G04270,3,0,0,0,0,0
AT2G19760,3,0,0,0,0,0
AT2G20990,3,0,0,0,0,0
AT2G23140,3,0,0,0,0,0
AT2G28390,3,0,0,0,0,0
AT2G31960,3,0,0,0,0,0
AT2G32910,3,0,0,0,0,0
AT2G38280,3,0,0,0,0,0
AT2G43680,3,0,0,0,0,0
AT2G46630,3,0,0,0,0,0
AT3G04760,3,0,0,0,0,0
AT3G20250,3,0,0,0,0,0
AT3G23100,3,0,0,0,0,0
AT3G24503,3,0,0,0,0,0
AT3G26618,3,0,0,0,0,0
AT3G55000,3,0,0,0,0,0
AT3G57540,3,0,0,0,0,0
AT3G59840,3,0,0,0,0,0
AT4G00230,3,0,0,0,0,0
AT4G15180,3,0,0,0,0,0
AT4G16150,3,0,0,0,0,0
AT4G19040,3,0,0,0,0,0
AT5G03420,3,0,0,0,0,0
AT5G35180,3,0,0,0,0,0
AT5G39510,3,0,0,0,0,0
AT5G45300,3,0,0,0,0,0
AT5G45560,3,0,0,0,0,0
AT5G67500,3,0,0,0,0,0
AT1G23205,3,0,0,0,0,2
AT1G70200,3,0,0,0,0,2
AT2G02090,3,0,0,0,0,2
AT2G39140,3,0,0,0,0,2
AT2G40800,3,0,0,0,0,2
AT3G54610,3,0,0,0,0,2
AT4G16380,3,0,0,0,0,2
AT5G20360,3,0,0,0,0,2
AT5G54280,3,0,0,0,0,2
AT5G57860,3,0,0,0,0,2
AT4G24680,3,5,0,0,0,3
AT2G35880,3,3,0,0,0,3
AT3G05070,3,3,0,0,0,3
AT5G63400,3,2,0,0,0,3
AT1G12800,3,0,0,0,0,3
AT1G13220,3,0,0,0,0,3
AT1G71710,3,0,0,0,0,3
AT2G20020,3,0,0,0,0,3
AT2G28360,3,0,0,0,0,3
AT2G45250,3,0,0,0,0,3
AT3G08850,3,0,0,0,0,3
AT3G20280,3,0,0,0,0,3
AT4G13200,3,0,0,0,0,3
AT5G11480,3,0,0,0,0,3
AT5G11760,3,0,0,0,0,3
AT5G16210,3,0,0,0,0,3
AT5G48160,3,0,0,0,0,3
AT5G54500,3,0,0,0,0,3
AT1G08420,3,0,0,0,0,4
AT1G30880,3,0,0,0,0,4
AT2G27210,3,0,0,0,0,4
AT4G00800,3,0,0,0,0,4
AT5G12230,3,0,0,0,0,4
AT5G20490,3,0,0,0,0,4
AT2G15270,3,0,0,0,0,5
AT2G44200,3,0,0,0,0,5
AT3G01320,3,0,0,0,0,5
AT4G32730,3,0,0,0,0,5
AT5G12150,3,0,0,0,0,5
AT5G16310,3,0,0,0,0,5
AT5G48600,3,0,0,0,0,5
AT5G55040,3,0,0,0,0,5
AT1G17450,3,0,0,0,0,6
AT1G21680,3,0,0,0,0,6
AT1G28060,3,0,0,0,0,7
AT1G62830,3,0,0,0,0,8
AT3G17850,3,0,0,0,0,9
AT2G26460,3,0,0,0,2,0
AT5G05210,3,0,0,0,2,0
AT3G11450,3,0,0,0,2,2
AT1G05090,3,0,0,0,2,3
AT1G24160,3,0,0,0,2,3
AT4G20720,3,0,0,0,2,3
AT2G03640,3,0,0,0,2,4
AT3G12080,3,0,0,0,2,4
AT1G71720,3,0,0,0,2,5
AT5G41140,3,0,0,0,2,9
AT4G10760,3,0,0,0,3,0
AT1G52000,3,0,0,0,3,2
AT5G41010,3,0,0,0,3,2
AT1G03530,3,0,0,0,3,3
AT4G25210,3,0,0,0,3,3
AT3G05950,3,0,0,0,3,5
AT5G48760,3,3,0,0,4,0
AT1G01160,3,0,0,0,4,3
AT3G56190,3,0,0,0,4,4
AT4G15790,3,0,0,0,4,4
AT5G38980,3,0,0,0,4,4
AT3G09260,3,0,0,0,4,5
AT1G22950,3,0,0,0,5,2
AT5G43830,3,4,0,2,0,0
AT5G37600,3,4,0,2,0,2
AT5G18410,3,0,0,2,0,3
AT2G45470,3,0,0,2,3,0
AT3G18890,3,3,0,2,3,4
AT1G54060,3,2,0,2,4,3
AT5G56950,3,0,0,2,5,2
AT3G58110,3,0,0,3,0,4
AT2G21580,3,5,0,3,2,7
AT2G21870,3,0,0,4,0,0
AT3G17240,3,2,0,4,0,3
AT2G07360,3,0,0,4,0,4
AT3G26740,3,3,0,4,0,7
AT5G11670,3,0,0,4,3,3
AT2G02740,3,8,0,4,5,4
AT3G25230,3,4,0,5,0,0
ATCG00770,3,3,0,5,2,2
ATCG01060,3,0,0,5,2,3
AT5G55220,3,0,0,5,2,6
AT5G59880,3,0,0,5,4,4
AT3G46040,3,5,0,5,5,0
AT3G18490,3,4,0,5,5,6
AT2G34560,3,0,0,6,0,0
AT3G23600,3,28,0,6,0,3
AT5G47930,3,0,0,6,2,3
AT3G47470,3,2,0,6,3,2
AT1G03910,3,15,0,6,4,0
AT5G04130,3,0,0,7,0,0
AT5G27030,3,21,0,8,2,3
AT3G50670,3,19,0,9,0,4
AT4G08390,3,17,0,11,2,2
ATCG00280,3,8,0,11,3,6
AT4G39330,3,10,0,12,0,6
AT2G47470,3,7,0,13,0,0
AT4G21710,3,18,0,14,2,3
AT4G31300,3,17,0,15,0,4
AT3G14290,3,29,0,20,0,3
ATCG00680,3,5,0,22,3,2
AT2G42600,3,38,0,24,0,0
AT5G42790,3,37,0,26,0,3
AT5G58290,3,2,0,27,2,0
AT1G69830,3,0,0,33,5,0
AT2G47390,2,0,11,4,7,2
AT4G14040,2,0,10,0,8,4
AT3G53740,2,6,10,3,4,0
AT1G50480,2,0,9,7,4,4
AT1G64190,2,0,8,2,5,0
AT2G37600,2,5,8,3,4,0
AT2G44590,2,0,7,0,7,4
AT5G55310,2,0,7,0,13,0
AT1G50250,2,0,6,11,2,0
AT5G42270,2,0,6,18,2,0
AT4G21160,2,0,5,0,4,0
AT5G58330,2,2,5,4,3,0
AT2G32060,2,4,5,8,0,3
AT2G30950,2,0,5,20,2,4
AT3G07750,2,0,4,0,2,0
AT5G22880,2,3,4,0,2,2
AT5G12350,2,0,4,0,2,5
AT2G41900,2,0,4,0,3,0
AT2G35840,2,0,4,0,4,0
AT4G37925,2,0,4,0,4,0
AT1G32470,2,2,4,3,0,3
AT3G02360,2,0,4,5,3,0
AT1G06430,2,0,4,11,0,5
AT5G66420,2,5,4,14,5,3
AT4G13350,2,0,3,0,0,0
AT4G24550,2,0,3,0,0,0
AT5G19420,2,0,3,0,2,2
AT5G59870,2,0,3,0,2,2
AT3G53460,2,3,3,0,5,2
AT3G61760,2,0,3,0,7,0
AT3G47650,2,2,3,2,2,0
AT4G18240,2,0,3,2,2,2
AT4G23850,2,0,3,3,3,0
AT3G04550,2,0,3,3,5,0
AT1G60900,2,8,3,3,6,3
AT2G42500,2,3,3,9,10,2
AT3G58500,2,3,3,9,10,2
AT5G35590,2,39,3,20,0,2
AT2G29400,2,0,2,0,0,0
AT3G46820,2,0,2,0,0,0
AT3G62600,2,0,2,0,0,0
AT4G34490,2,0,2,0,0,0
AT5G59160,2,0,2,0,0,0
AT3G11070,2,0,2,0,2,0
AT3G48990,2,0,2,0,2,0
AT4G39730,2,0,2,0,2,3
AT5G54310,2,0,2,0,2,3
AT4G30220,2,3,2,0,3,0
AT5G43070,2,0,2,0,3,4
AT5G28500,2,0,2,0,4,0
AT3G53020,2,5,2,3,2,2
AT2G36620,2,0,2,3,2,2
AT1G75460,2,3,2,3,3,2
AT1G66200,2,5,2,4,3,4
AT1G09590,2,2,2,6,2,0
AT1G09690,2,2,2,6,2,0
AT1G57660,2,2,2,6,2,0
AT1G57860,2,2,2,6,2,0
AT5G54770,2,5,2,7,0,4
AT2G24270,2,0,2,8,0,0
AT1G14410,2,7,2,8,2,0
AT4G01050,2,0,2,10,2,3
AT5G36880,2,0,2,12,6,0
AT1G03630,2,0,2,20,4,0
AT4G21280,2,26,2,28,0,0
AT4G31490,2,18,2,34,4,0
AT4G31480,2,17,2,34,4,0
AT5G53800,2,10,0,0,0,0
AT4G15545,2,4,0,0,0,0
AT1G08410,2,0,0,0,0,0
AT1G12650,2,0,0,0,0,0
AT1G15660,2,0,0,0,0,0
AT1G19835,2,0,0,0,0,0
AT1G30690,2,0,0,0,0,0
AT1G31970,2,0,0,0,0,0
AT1G32790,2,0,0,0,0,0
AT1G32810,2,0,0,0,0,0
AT1G33390,2,0,0,0,0,0
AT1G48160,2,0,0,0,0,0
AT1G52420,2,0,0,0,0,0
AT1G53430,2,0,0,0,0,0
AT1G55540,2,0,0,0,0,0
AT1G60170,2,0,0,0,0,0
AT1G62780,2,0,0,0,0,0
AT1G64500,2,0,0,0,0,0
AT1G66740,2,0,0,0,0,0
AT1G67580,2,0,0,0,0,0
AT1G80550,2,0,0,0,0,0
AT2G01190,2,0,0,0,0,0
AT2G17200,2,0,0,0,0,0
AT2G17700,2,0,0,0,0,0
AT2G20050,2,0,0,0,0,0
AT2G20330,2,0,0,0,0,0
AT2G33490,2,0,0,0,0,0
AT2G36070,2,0,0,0,0,0
AT2G40700,2,0,0,0,0,0
AT2G45850,2,0,0,0,0,0
AT3G01160,2,0,0,0,0,0
AT3G02400,2,0,0,0,0,0
AT3G03890,2,0,0,0,0,0
AT3G07440,2,0,0,0,0,0
AT3G07780,2,0,0,0,0,0
AT3G09210,2,0,0,0,0,0
AT3G14180,2,0,0,0,0,0
AT3G15356,2,0,0,0,0,0
AT3G22845,2,0,0,0,0,0
AT3G27530,2,0,0,0,0,0
AT3G49000,2,0,0,0,0,0
AT3G49250,2,0,0,0,0,0
AT3G49660,2,0,0,0,0,0
AT3G55005,2,0,0,0,0,0
AT3G62800,2,0,0,0,0,0
AT4G04920,2,0,0,0,0,0
AT4G17950,2,0,0,0,0,0
AT4G18400,2,0,0,0,0,0
AT4G20280,2,0,0,0,0,0
AT4G28590,2,0,0,0,0,0
AT4G28660,2,0,0,0,0,0
AT4G30720,2,0,0,0,0,0
AT4G32970,2,0,0,0,0,0
AT4G37920,2,0,0,0,0,0
AT5G03780,2,0,0,0,0,0
AT5G11600,2,0,0,0,0,0
AT5G22120,2,0,0,0,0,0
AT5G26667,2,0,0,0,0,0
AT5G38110,2,0,0,0,0,0
AT5G44650,2,0,0,0,0,0
AT5G47660,2,0,0,0,0,0
AT5G49880,2,0,0,0,0,0
AT5G50250,2,0,0,0,0,0
AT5G53860,2,0,0,0,0,0
AT5G64430,2,0,0,0,0,0
AT5G66000,2,0,0,0,0,0
AT5G59950,2,9,0,0,0,2
AT2G47980,2,2,0,0,0,2
AT1G20910,2,0,0,0,0,2
AT1G23900,2,0,0,0,0,2
AT1G26470,2,0,0,0,0,2
AT1G49970,2,0,0,0,0,2
AT1G53800,2,0,0,0,0,2
AT1G78610,2,0,0,0,0,2
AT2G20920,2,0,0,0,0,2
AT2G20950,2,0,0,0,0,2
AT2G22170,2,0,0,0,0,2
AT3G02730,2,0,0,0,0,2
AT3G60110,2,0,0,0,0,2
AT4G03090,2,0,0,0,0,2
AT4G04695,2,0,0,0,0,2
AT4G35240,2,0,0,0,0,2
AT4G35470,2,0,0,0,0,2
AT5G08060,2,0,0,0,0,2
AT5G12190,2,0,0,0,0,2
AT3G53420,2,4,0,0,0,3
AT1G21610,2,0,0,0,0,3
AT1G36730,2,0,0,0,0,3
AT2G02170,2,0,0,0,0,3
AT2G30470,2,0,0,0,0,3
AT3G13530,2,0,0,0,0,3
AT3G23070,2,0,0,0,0,3
AT5G01770,2,0,0,0,0,3
AT5G02850,2,0,0,0,0,3
AT5G08610,2,0,0,0,0,3
AT5G12120,2,0,0,0,0,3
AT5G25150,2,0,0,0,0,3
AT1G09040,2,0,0,0,0,4
AT3G21060,2,0,0,0,0,4
AT3G48050,2,0,0,0,0,4
AT4G03260,2,0,0,0,0,4
AT4G26450,2,0,0,0,0,4
AT5G65930,2,0,0,0,0,4
AT1G09050,2,0,0,0,0,5
AT4G23940,2,0,0,0,0,5
AT3G49490,2,0,0,0,0,8
AT3G01410,2,0,0,0,2,0
AT5G61140,2,0,0,0,2,0
AT5G64220,2,0,0,0,2,0
AT1G79940,2,0,0,0,2,2
AT3G13990,2,0,0,0,2,4
AT2G23930,2,4,0,0,3,0
AT3G11500,2,4,0,0,3,0
AT3G06980,2,2,0,0,3,2
AT5G23570,2,0,0,0,3,2
AT3G15360,2,2,0,0,3,3
AT5G55670,2,15,0,0,4,4
AT2G33040,2,0,0,2,0,2
ATCG00330,2,0,0,2,3,4
AT3G58140,2,0,0,3,0,0
AT2G22360,2,0,0,3,2,0
AT1G60830,2,4,0,3,5,3
AT3G17820,2,4,0,4,0,2
AT2G39330,2,0,0,4,0,3
AT2G15430,2,5,0,4,2,3
AT1G20220,2,9,0,4,3,0
AT1G26630,2,7,0,5,0,0
AT2G47580,2,5,0,5,0,0
AT1G11840,2,4,0,5,0,0
AT3G63190,2,3,0,5,0,0
AT3G51800,2,2,0,5,0,0
AT5G46800,2,0,0,5,0,2
AT3G02080,2,3,0,5,0,4
AT5G61170,2,3,0,5,0,4
AT4G13570,2,0,0,5,2,0
AT1G78380,2,2,0,6,0,0
AT1G05720,2,0,0,6,0,0
AT3G55020,2,0,0,6,0,0
AT1G20450,2,5,0,6,2,4
AT3G02090,2,0,0,7,3,5
AT5G67360,2,3,0,7,4,5
AT5G19550,2,16,0,8,0,0
AT5G24710,2,0,0,8,0,0
AT3G04260,2,0,0,8,5,3
AT3G01280,2,0,0,9,0,2
AT1G03130,2,3,0,9,3,0
AT5G36700,2,0,0,10,0,0
AT5G36790,2,0,0,10,0,0
AT3G52150,2,4,0,10,4,3
AT2G16600,2,6,0,11,0,2
AT2G21170,2,0,0,12,0,0
AT3G12800,2,7,0,13,0,0
AT1G47250,2,31,0,13,0,3
AT1G13060,2,26,0,16,0,0
AT1G65010,2,27,0,16,2,0
AT5G39320,2,0,0,17,0,0
AT5G15490,2,3,0,18,0,0
AT3G29360,2,4,0,20,0,0
AT2G04280,0,0,23,0,12,0
AT3G43810,0,0,13,0,0,0
AT3G19170,0,3,12,13,15,6
AT2G41110,0,6,11,0,10,0
AT5G02940,0,0,9,0,4,0
AT2G17510,0,0,9,0,11,2
AT4G26190,0,0,8,0,4,0
AT5G60540,0,0,8,4,5,0
AT1G75670,0,0,7,0,0,0
AT3G09680,0,0,7,0,0,0
AT5G02960,0,3,7,0,0,5
AT2G41790,0,0,7,0,8,0
AT3G27740,0,0,7,4,11,2
AT2G35370,0,8,7,5,4,4
AT1G75940,0,10,7,7,0,0
AT1G64550,0,0,6,0,0,0
AT5G09510,0,0,6,0,0,0
AT5G42390,0,0,6,2,5,0
AT5G24490,0,8,6,3,4,0
AT5G51820,0,0,6,4,3,3
AT4G14030,0,0,5,0,4,2
AT2G32220,0,0,5,2,0,0
AT1G14610,0,0,5,3,0,0
AT3G11910,0,0,5,9,0,0
AT5G06600,0,0,5,10,0,0
AT3G58610,0,6,5,11,7,0
AT3G48930,0,9,5,16,3,0
AT3G28715,0,0,4,0,0,0
AT1G74880,0,0,4,0,0,2
AT1G61150,0,0,4,0,2,0
AT5G02620,0,0,4,0,2,0
AT5G45390,0,0,4,0,2,0
AT5G43745,0,0,4,0,3,0
AT3G23660,0,0,4,0,4,0
AT5G06110,0,0,4,0,4,0
AT2G27840,0,0,4,0,4,7
AT1G78860,0,0,4,0,4,10
AT5G65010,0,0,4,0,6,0
AT2G18740,0,3,4,2,2,2
AT1G10670,0,0,4,3,4,0
AT3G12490,0,5,4,4,0,3
AT3G13120,0,5,4,4,0,3
AT3G46970,0,0,4,4,5,0
AT3G06050,0,3,4,5,3,0
ATCG00180,0,0,4,6,10,0
AT2G04842,0,0,4,7,3,0
AT1G31330,0,5,4,7,3,3
AT5G62300,0,9,4,10,4,8
AT3G54050,0,3,4,12,0,7
AT3G55610,0,7,4,15,8,3
AT4G28470,0,3,4,16,6,3
AT2G27170,0,29,4,16,7,0
AT2G32730,0,2,4,19,0,0
AT5G04140,0,4,4,20,3,0
AT2G39800,0,12,4,25,10,0
AT1G79230,0,0,3,0,0,0
AT3G07320,0,0,3,0,0,0
AT3G26490,0,0,3,0,0,0
AT5G18110,0,0,3,0,0,0
ATCG00420,0,0,3,0,0,0
AT2G22100,0,0,3,0,0,2
AT1G66670,0,0,3,0,2,2
AT1G54250,0,0,3,0,3,0
AT4G15550,0,0,3,0,3,0
AT5G64350,0,0,3,0,3,0
AT5G67240,0,0,3,0,3,0
ATCG00650,0,0,3,0,3,0
AT1G16610,0,239,3,0,4,0
AT4G16360,0,0,3,0,4,0
AT3G01670,0,0,3,0,13,4
AT3G12050,0,0,3,2,0,0
AT1G44835,0,6,3,2,4,0
AT3G21200,0,0,3,3,5,0
AT1G66580,0,8,3,5,0,0
AT5G55070,0,3,3,5,0,0
ATCG00750,0,3,3,5,5,0
AT3G04600,0,8,3,6,6,0
AT1G04810,0,0,3,7,0,0
AT1G04170,0,4,3,7,3,0
AT1G03475,0,0,3,8,0,0
AT1G63940,0,0,3,9,6,0
AT3G04920,0,9,3,10,2,0
AT1G29920,0,6,3,10,5,4
AT1G29930,0,6,3,10,5,4
AT2G34420,0,6,3,10,5,4
AT3G07770,0,0,3,16,3,0
AT3G44300,0,82,3,60,0,0
AT1G08370,0,0,2,0,0,0
AT1G08880,0,0,2,0,0,0
AT1G10760,0,0,2,0,0,0
AT1G27752,0,0,2,0,0,0
AT1G31160,0,0,2,0,0,0
AT1G54690,0,0,2,0,0,0
AT1G54920,0,0,2,0,0,0
AT2G28950,0,0,2,0,0,0
AT4G17090,0,0,2,0,0,0
AT4G26500,0,0,2,0,0,0
AT5G13120,0,0,2,0,0,0
AT1G63160,0,0,2,0,0,2
AT4G23710,0,0,2,0,0,2
AT3G07260,0,0,2,0,0,3
AT1G64040,0,0,2,0,2,0
AT2G29140,0,0,2,0,2,0
AT2G29190,0,0,2,0,2,0
AT2G29200,0,0,2,0,2,0
AT4G26650,0,0,2,0,2,2
AT5G11490,0,0,2,0,3,0
AT3G60500,0,0,2,0,3,3
AT3G01540,0,0,2,0,4,0
AT1G54010,0,0,2,0,10,7
AT4G16500,0,2,2,2,2,2
AT4G20130,0,0,2,2,3,0
AT4G35830,0,0,2,2,3,0
AT5G51100,0,0,2,2,3,0
AT1G64510,0,0,2,3,0,0
AT4G26910,0,0,2,4,2,0
AT2G14120,0,13,2,7,3,0
AT2G27600,0,0,2,7,4,0
AT5G13630,0,0,2,7,5,0
AT5G05780,0,0,2,8,2,0
AT3G13930,0,0,2,9,0,0
AT5G24780,0,13,2,10,0,0
AT5G28060,0,11,2,10,0,0
AT2G43090,0,3,2,11,0,0
AT5G23540,0,5,2,12,0,0
ATCG00270,0,4,2,12,3,4
AT2G36250,0,0,2,14,2,3
AT1G53750,0,2,2,19,3,0
AT2G20140,0,2,2,36,5,2
AT4G29040,0,2,2,36,5,2
AT1G15200,0,121,0,0,0,0
AT2G45640,0,99,0,0,0,0
AT4G36740,0,23,0,0,0,0
AT1G02140,0,21,0,0,0,0
AT2G34040,0,19,0,0,0,0
AT3G20550,0,16,0,0,0,0
AT5G16510,0,14,0,0,0,0
AT3G58680,0,13,0,0,0,0
AT2G29210,0,12,0,0,0,0
AT3G25840,0,12,0,0,0,0
AT1G48610,0,10,0,0,0,0
AT2G42680,0,10,0,0,0,0
AT4G16830,0,10,0,0,0,0
AT5G49360,0,10,0,0,0,0
AT4G32420,0,9,0,0,0,0
AT5G42820,0,9,0,0,0,0
AT1G48410,0,8,0,0,0,0
AT1G51510,0,8,0,0,0,0
AT1G70180,0,8,0,0,0,0
AT1G16210,0,7,0,0,0,0
AT1G30460,0,7,0,0,0,0
AT1G53720,0,7,0,0,0,0
AT1G64370,0,7,0,0,0,0
AT1G09070,0,6,0,0,0,0
AT3G04470,0,6,0,0,0,0
AT3G07850,0,6,0,0,0,0
AT3G14040,0,6,0,0,0,0
AT3G55700,0,6,0,0,0,0
AT4G33060,0,6,0,0,0,0
AT5G57370,0,6,0,0,0,0
AT5G67530,0,6,0,0,0,0
AT1G08630,0,5,0,0,0,0
AT1G21500,0,5,0,0,0,0
AT2G18040,0,5,0,0,0,0
AT2G38400,0,5,0,0,0,0
AT3G52990,0,5,0,0,0,0
AT4G13560,0,5,0,0,0,0
AT5G15970,0,5,0,0,0,0
AT5G40490,0,5,0,0,0,0
AT5G64140,0,5,0,0,0,0
AT1G01050,0,4,0,0,0,0
AT1G15250,0,4,0,0,0,0
AT1G31812,0,4,0,0,0,0
AT1G52300,0,4,0,0,0,0
AT1G76300,0,4,0,0,0,0
AT2G17870,0,4,0,0,0,0
AT2G23090,0,4,0,0,0,0
AT2G38540,0,4,0,0,0,0
AT3G03340,0,4,0,0,0,0
AT3G13750,0,4,0,0,0,0
AT3G16080,0,4,0,0,0,0
AT3G18580,0,4,0,0,0,0
AT3G25545,0,4,0,0,0,0
AT3G55430,0,4,0,0,0,0
AT3G63400,0,4,0,0,0,0
AT4G01480,0,4,0,0,0,0
AT4G13400,0,4,0,0,0,0
AT4G28990,0,4,0,0,0,0
AT5G07530,0,4,0,0,0,0
AT5G47910,0,4,0,0,0,0
AT5G49020,0,4,0,0,0,0
AT5G58470,0,4,0,0,0,0
AT1G01350,0,3,0,0,0,0
AT1G05680,0,3,0,0,0,0
AT1G15270,0,3,0,0,0,0
AT1G16810,0,3,0,0,0,0
AT1G18250,0,3,0,0,0,0
AT2G06050,0,3,0,0,0,0
AT2G16505,0,3,0,0,0,0
AT2G18660,0,3,0,0,0,0
AT2G20340,0,3,0,0,0,0
AT2G21060,0,3,0,0,0,0
AT2G33730,0,3,0,0,0,0
AT2G33830,0,3,0,0,0,0
AT2G34810,0,3,0,0,0,0
AT2G34850,0,3,0,0,0,0
AT2G34860,0,3,0,0,0,0
AT2G40650,0,3,0,0,0,0
AT2G43530,0,3,0,0,0,0
AT3G06930,0,3,0,0,0,0
AT3G07170,0,3,0,0,0,0
AT3G23450,0,3,0,0,0,0
AT3G45310,0,3,0,0,0,0
AT3G47120,0,3,0,0,0,0
AT3G48860,0,3,0,0,0,0
AT4G08580,0,3,0,0,0,0
AT4G10040,0,3,0,0,0,0
AT4G11485,0,3,0,0,0,0
AT4G27595,0,3,0,0,0,0
AT5G12140,0,3,0,0,0,0
AT5G16470,0,3,0,0,0,0
AT5G17440,0,3,0,0,0,0
AT5G17900,0,3,0,0,0,0
AT5G44560,0,3,0,0,0,0
AT5G60360,0,3,0,0,0,0
AT1G01620,0,2,0,0,0,0
AT1G02330,0,2,0,0,0,0
AT1G09230,0,2,0,0,0,0
AT1G23860,0,2,0,0,0,0
AT1G31870,0,2,0,0,0,0
AT1G49975,0,2,0,0,0,0
AT1G60650,0,2,0,0,0,0
AT1G62850,0,2,0,0,0,0
AT1G70830,0,2,0,0,0,0
AT1G72810,0,2,0,0,0,0
AT2G13560,0,2,0,0,0,0
AT2G17560,0,2,0,0,0,0
AT2G30620,0,2,0,0,0,0
AT2G32000,0,2,0,0,0,0
AT2G37270,0,2,0,0,0,0
AT2G47330,0,2,0,0,0,0
AT3G01800,0,2,0,0,0,0
AT3G05910,0,2,0,0,0,0
AT3G06480,0,2,0,0,0,0
AT3G11940,0,2,0,0,0,0
AT3G52090,0,2,0,0,0,0
AT4G00430,0,2,0,0,0,0
AT4G04614,0,2,0,0,0,0
AT5G03350,0,2,0,0,0,0
AT5G13260,0,2,0,0,0,0
AT5G22040,0,2,0,0,0,0
AT5G22300,0,2,0,0,0,0
AT5G27670,0,2,0,0,0,0
AT5G44710,0,2,0,0,0,0
AT5G57280,0,2,0,0,0,0
AT5G58710,0,2,0,0,0,0
AT5G67590,0,2,0,0,0,0
AT1G67700,0,4,0,0,0,2
AT2G32600,0,3,0,0,0,2
AT4G31360,0,2,0,0,0,2
AT1G07950,0,0,0,0,0,2
AT1G12770,0,0,0,0,0,2
AT1G22270,0,0,0,0,0,2
AT1G22280,0,0,0,0,0,2
AT1G32550,0,0,0,0,0,2
AT1G48760,0,0,0,0,0,2
AT1G50140,0,0,0,0,0,2
AT1G53590,0,0,0,0,0,2
AT1G55080,0,0,0,0,0,2
AT1G70940,0,0,0,0,0,2
AT2G18990,0,0,0,0,0,2
AT2G21230,0,0,0,0,0,2
AT2G29450,0,0,0,0,0,2
AT2G36490,0,0,0,0,0,2
AT2G37920,0,0,0,0,0,2
AT2G44730,0,0,0,0,0,2
AT3G03050,0,0,0,0,0,2
AT3G09920,0,0,0,0,0,2
AT3G12360,0,0,0,0,0,2
AT3G19740,0,0,0,0,0,2
AT3G25580,0,0,0,0,0,2
AT3G28030,0,0,0,0,0,2
AT4G01800,0,0,0,0,0,2
AT4G17040,0,0,0,0,0,2
AT4G23170,0,0,0,0,0,2
AT4G25880,0,0,0,0,0,2
AT4G30790,0,0,0,0,0,2
AT5G09870,0,0,0,0,0,2
AT5G12370,0,0,0,0,0,2
AT5G12400,0,0,0,0,0,2
AT5G13020,0,0,0,0,0,2
AT5G17420,0,0,0,0,0,2
AT5G21326,0,0,0,0,0,2
AT5G22100,0,0,0,0,0,2
AT5G24630,0,0,0,0,0,2
AT5G39600,0,0,0,0,0,2
AT5G42400,0,0,0,0,0,2
AT5G45500,0,0,0,0,0,2
AT5G46840,0,0,0,0,0,2
AT5G47390,0,0,0,0,0,2
AT5G48610,0,0,0,0,0,2
AT5G57610,0,0,0,0,0,2
AT5G58440,0,0,0,0,0,2
AT5G60990,0,0,0,0,0,2
AT5G46420,0,3,0,0,0,3
AT1G06770,0,0,0,0,0,3
AT1G25540,0,0,0,0,0,3
AT1G53250,0,0,0,0,0,3
AT1G54140,0,0,0,0,0,3
AT1G58025,0,0,0,0,0,3
AT1G63800,0,0,0,0,0,3
AT1G70750,0,0,0,0,0,3
AT2G14045,0,0,0,0,0,3
AT2G34150,0,0,0,0,0,3
AT2G48160,0,0,0,0,0,3
AT3G05380,0,0,0,0,0,3
AT3G12140,0,0,0,0,0,3
AT3G23700,0,0,0,0,0,3
AT3G44200,0,0,0,0,0,3
AT3G53970,0,0,0,0,0,3
AT3G61690,0,0,0,0,0,3
AT4G26130,0,0,0,0,0,3
AT5G04020,0,0,0,0,0,3
AT5G04990,0,0,0,0,0,3
AT5G06780,0,0,0,0,0,3
AT5G08330,0,0,0,0,0,3
AT5G21100,0,0,0,0,0,3
AT5G22010,0,0,0,0,0,3
AT5G23150,0,0,0,0,0,3
AT5G23680,0,0,0,0,0,3
AT5G41340,0,0,0,0,0,3
AT5G43310,0,0,0,0,0,3
AT5G46760,0,0,0,0,0,3
AT5G64360,0,0,0,0,0,3
AT5G67385,0,0,0,0,0,3
AT1G04950,0,0,0,0,0,4
AT1G29660,0,0,0,0,0,4
AT1G56460,0,0,0,0,0,4
AT3G09850,0,0,0,0,0,4
AT4G14740,0,0,0,0,0,4
AT4G34180,0,0,0,0,0,4
AT5G19390,0,0,0,0,0,4
AT5G64110,0,0,0,0,0,4
AT2G40590,0,5,0,0,0,5
AT1G75310,0,0,0,0,0,5
AT4G29000,0,0,0,0,0,5
AT4G37090,0,0,0,0,0,5
AT1G27850,0,0,0,0,0,7
AT1G70620,0,2,0,0,2,0
AT1G08840,0,0,0,0,2,0
AT1G23460,0,0,0,0,2,0
AT1G59870,0,0,0,0,2,0
AT2G17230,0,0,0,0,2,0
AT2G26740,0,0,0,0,2,0
AT2G39310,0,0,0,0,2,0
AT2G41475,0,0,0,0,2,0
AT2G44510,0,0,0,0,2,0
AT3G14220,0,0,0,0,2,0
AT3G16460,0,0,0,0,2,0
AT3G19510,0,0,0,0,2,0
AT3G25150,0,0,0,0,2,0
AT3G43980,0,0,0,0,2,0
AT3G44010,0,0,0,0,2,0
AT3G46210,0,0,0,0,2,0
AT3G48090,0,0,0,0,2,0
AT3G61430,0,0,0,0,2,0
AT3G61620,0,0,0,0,2,0
AT4G11240,0,0,0,0,2,0
AT4G27680,0,0,0,0,2,0
AT4G27690,0,0,0,0,2,0
AT4G33865,0,0,0,0,2,0
AT5G04940,0,0,0,0,2,0
AT5G15750,0,0,0,0,2,0
AT5G18470,0,0,0,0,2,0
AT5G37830,0,0,0,0,2,0
AT5G52910,0,0,0,0,2,0
AT5G53530,0,0,0,0,2,0
AT5G54900,0,0,0,0,2,0
AT5G56710,0,0,0,0,2,0
AT4G04040,0,0,0,0,2,2
AT3G52250,0,0,0,0,2,3
AT3G43670,0,0,0,0,2,5
AT1G41830,0,0,0,0,2,6
AT1G13190,0,5,0,0,3,0
AT5G19950,0,2,0,0,3,0
AT1G01900,0,0,0,0,3,0
AT1G11720,0,0,0,0,3,0
AT1G21660,0,0,0,0,3,0
AT1G48420,0,0,0,0,3,0
AT2G23070,0,0,0,0,3,0
AT2G25355,0,0,0,0,3,0
AT2G31800,0,0,0,0,3,0
AT2G33450,0,0,0,0,3,0
AT2G36870,0,0,0,0,3,0
AT3G07010,0,0,0,0,3,0
AT3G60250,0,0,0,0,3,0
AT4G11010,0,0,0,0,3,0
AT4G16990,0,0,0,0,3,0
AT4G23900,0,0,0,0,3,0
AT5G11390,0,0,0,0,3,0
AT5G23210,0,0,0,0,3,0
AT4G18670,0,0,0,0,3,3
AT5G53060,0,0,0,0,3,4
AT5G07020,0,0,0,0,3,5
AT1G36280,0,0,0,0,4,0
AT1G73370,0,0,0,0,4,0
AT1G80670,0,0,0,0,4,0
AT2G05830,0,0,0,0,4,0
AT2G47250,0,0,0,0,4,0
AT3G18080,0,0,0,0,4,0
AT5G52560,0,0,0,0,4,0
AT5G52960,0,0,0,0,4,0
AT1G70410,0,0,0,0,4,3
AT5G55190,0,5,0,0,5,0
AT1G11475,0,0,0,0,5,0
AT4G24690,0,0,0,0,5,3
AT3G59410,0,0,0,0,6,3
AT3G62310,0,0,0,0,7,0
AT3G56800,0,6,0,0,10,0
AT1G13020,0,15,0,2,0,0
AT1G28400,0,10,0,2,0,0
AT1G27650,0,8,0,2,0,0
AT5G46020,0,7,0,2,0,0
AT3G13570,0,6,0,2,0,0
AT1G26550,0,5,0,2,0,0
AT2G24590,0,5,0,2,0,0
AT1G03230,0,4,0,2,0,0
AT1G22840,0,4,0,2,0,0
AT1G50300,0,4,0,2,0,0
AT2G43520,0,4,0,2,0,0
AT2G44350,0,4,0,2,0,0
AT5G18400,0,4,0,2,0,0
AT5G54940,0,4,0,2,0,0
AT5G63310,0,4,0,2,0,0
AT5G64130,0,4,0,2,0,0
AT1G01090,0,3,0,2,0,0
AT1G29880,0,3,0,2,0,0
AT1G30620,0,3,0,2,0,0
AT1G56580,0,3,0,2,0,0
AT2G22780,0,3,0,2,0,0
AT2G31390,0,3,0,2,0,0
AT3G26420,0,3,0,2,0,0
AT4G20460,0,3,0,2,0,0
AT5G57850,0,3,0,2,0,0
AT1G13270,0,2,0,2,0,0
AT1G50900,0,2,0,2,0,0
AT1G76080,0,2,0,2,0,0
AT2G03440,0,2,0,2,0,0
AT2G20930,0,2,0,2,0,0
AT3G02180,0,2,0,2,0,0
AT4G02530,0,2,0,2,0,0
AT4G13850,0,2,0,2,0,0
AT4G29840,0,2,0,2,0,0
AT5G04710,0,2,0,2,0,0
AT5G34850,0,2,0,2,0,0
AT5G41520,0,2,0,2,0,0
AT5G51720,0,2,0,2,0,0
AT1G03160,0,0,0,2,0,0
AT1G03220,0,0,0,2,0,0
AT1G04080,0,0,0,2,0,0
AT1G12240,0,0,0,2,0,0
AT1G13280,0,0,0,2,0,0
AT1G24180,0,0,0,2,0,0
AT1G29670,0,0,0,2,0,0
AT1G32990,0,0,0,2,0,0
AT1G43670,0,0,0,2,0,0
AT1G56510,0,0,0,2,0,0
AT1G59900,0,0,0,2,0,0
AT1G59990,0,0,0,2,0,0
AT1G62380,0,0,0,2,0,0
AT1G65260,0,0,0,2,0,0
AT1G69510,0,0,0,2,0,0
AT1G78150,0,0,0,2,0,0
AT2G04700,0,0,0,2,0,0
AT2G05170,0,0,0,2,0,0
AT2G07734,0,0,0,2,0,0
AT2G16440,0,0,0,2,0,0
AT2G17420,0,0,0,2,0,0
AT2G25110,0,0,0,2,0,0
AT2G37550,0,0,0,2,0,0
AT2G39770,0,0,0,2,0,0
AT2G43560,0,0,0,2,0,0
AT2G44650,0,0,0,2,0,0
AT3G01310,0,0,0,2,0,0
AT3G01480,0,0,0,2,0,0
AT3G01980,0,0,0,2,0,0
AT3G02020,0,0,0,2,0,0
AT3G06350,0,0,0,2,0,0
AT3G07100,0,0,0,2,0,0
AT3G08740,0,0,0,2,0,0
AT3G08770,0,0,0,2,0,0
AT3G16520,0,0,0,2,0,0
AT3G18060,0,0,0,2,0,0
AT3G19820,0,0,0,2,0,0
AT3G23400,0,0,0,2,0,0
AT3G24170,0,0,0,2,0,0
AT3G25530,0,0,0,2,0,0
AT3G25660,0,0,0,2,0,0
AT3G48420,0,0,0,2,0,0
AT3G53500,0,0,0,2,0,0
AT3G53990,0,0,0,2,0,0
AT3G54110,0,0,0,2,0,0
AT3G54660,0,0,0,2,0,0
AT3G55760,0,0,0,2,0,0
AT3G59920,0,0,0,2,0,0
AT4G00490,0,0,0,2,0,0
AT4G02060,0,0,0,2,0,0
AT4G12730,0,0,0,2,0,0
AT4G23690,0,0,0,2,0,0
AT4G24510,0,0,0,2,0,0
AT4G24750,0,0,0,2,0,0
AT4G24830,0,0,0,2,0,0
AT4G26070,0,0,0,2,0,0
AT4G27070,0,0,0,2,0,0
AT4G27320,0,0,0,2,0,0
AT4G32520,0,0,0,2,0,0
AT4G35970,0,0,0,2,0,0
AT4G36250,0,0,0,2,0,0
AT4G36390,0,0,0,2,0,0
AT4G37000,0,0,0,2,0,0
AT4G37510,0,0,0,2,0,0
AT5G04590,0,0,0,2,0,0
AT5G08050,0,0,0,2,0,0
AT5G08640,0,0,0,2,0,0
AT5G12470,0,0,0,2,0,0
AT5G13030,0,0,0,2,0,0
AT5G14060,0,0,0,2,0,0
AT5G16840,0,0,0,2,0,0
AT5G16970,0,0,0,2,0,0
AT5G18170,0,0,0,2,0,0
AT5G23940,0,0,0,2,0,0
AT5G24020,0,0,0,2,0,0
AT5G26210,0,0,0,2,0,0
AT5G41210,0,0,0,2,0,0
AT5G43060,0,0,0,2,0,0
AT5G45620,0,0,0,2,0,0
AT5G46630,0,0,0,2,0,0
AT5G47110,0,0,0,2,0,0
AT5G54810,0,0,0,2,0,0
AT5G55730,0,0,0,2,0,0
AT5G56680,0,0,0,2,0,0
AT5G63860,0,0,0,2,0,0
AT5G65020,0,0,0,2,0,0
AT5G66510,0,0,0,2,0,0
ATCG00360,0,0,0,2,0,0
ATMG00290,0,0,0,2,0,0
AT3G13060,0,3,0,2,0,2
AT1G02560,0,0,0,2,0,2
AT5G62390,0,2,0,2,0,3
AT1G75040,0,0,0,2,2,0
AT2G30970,0,0,0,2,2,0
AT5G62270,0,0,0,2,2,0
AT4G35100,0,4,0,2,2,2
AT4G29130,0,0,0,2,3,0
AT5G58040,0,15,0,2,3,2
AT4G29830,0,2,0,2,4,0
AT5G56740,0,13,0,3,0,0
AT3G02930,0,12,0,3,0,0
AT4G31580,0,11,0,3,0,0
AT1G19880,0,8,0,3,0,0
AT3G60370,0,8,0,3,0,0
AT5G19960,0,8,0,3,0,0
AT1G03600,0,6,0,3,0,0
AT1G54290,0,5,0,3,0,0
AT3G55330,0,5,0,3,0,0
AT4G27130,0,5,0,3,0,0
AT4G29010,0,5,0,3,0,0
AT5G06060,0,5,0,3,0,0
AT5G07440,0,5,0,3,0,0
AT5G46210,0,5,0,3,0,0
AT5G54760,0,5,0,3,0,0
AT5G64200,0,5,0,3,0,0
AT2G22230,0,4,0,3,0,0
AT3G16050,0,4,0,3,0,0
AT4G32840,0,4,0,3,0,0
AT5G53350,0,4,0,3,0,0
AT5G58030,0,4,0,3,0,0
AT2G18230,0,3,0,3,0,0
AT3G02720,0,3,0,3,0,0
AT4G02425,0,3,0,3,0,0
AT5G02280,0,3,0,3,0,0
AT1G15140,0,2,0,3,0,0
AT1G17880,0,2,0,3,0,0
AT2G33410,0,2,0,3,0,0
AT4G10750,0,2,0,3,0,0
AT4G23100,0,2,0,3,0,0
AT5G59810,0,2,0,3,0,0
AT1G03860,0,0,0,3,0,0
AT1G08200,0,0,0,3,0,0
AT1G09795,0,0,0,3,0,0
AT1G12230,0,0,0,3,0,0
AT1G13320,0,0,0,3,0,0
AT1G15340,0,0,0,3,0,0
AT1G17745,0,0,0,3,0,0
AT1G18070,0,0,0,3,0,0
AT1G25490,0,0,0,3,0,0
AT1G30680,0,0,0,3,0,0
AT1G31230,0,0,0,3,0,0
AT1G35220,0,0,0,3,0,0
AT1G49300,0,0,0,3,0,0
AT1G49540,0,0,0,3,0,0
AT1G49600,0,0,0,3,0,0
AT1G51160,0,0,0,3,0,0
AT1G51560,0,0,0,3,0,0
AT1G52280,0,0,0,3,0,0
AT1G54500,0,0,0,3,0,0
AT1G60780,0,0,0,3,0,0
AT1G62940,0,0,0,3,0,0
AT1G63000,0,0,0,3,0,0
AT1G67280,0,0,0,3,0,0
AT1G70310,0,0,0,3,0,0
AT1G75910,0,0,0,3,0,0
AT1G79050,0,0,0,3,0,0
AT1G80500,0,0,0,3,0,0
AT1G80600,0,0,0,3,0,0
AT2G02560,0,0,0,3,0,0
AT2G03750,0,0,0,3,0,0
AT2G21250,0,0,0,3,0,0
AT2G21260,0,0,0,3,0,0
AT2G25060,0,0,0,3,0,0
AT2G25080,0,0,0,3,0,0
AT2G29080,0,0,0,3,0,0
AT2G30200,0,0,0,3,0,0
AT2G32520,0,0,0,3,0,0
AT2G37340,0,0,0,3,0,0
AT2G42690,0,0,0,3,0,0
AT2G44100,0,0,0,3,0,0
AT3G04870,0,0,0,3,0,0
AT3G07630,0,0,0,3,0,0
AT3G10670,0,0,0,3,0,0
AT3G10740,0,0,0,3,0,0
AT3G12370,0,0,0,3,0,0
AT3G15180,0,0,0,3,0,0
AT3G16100,0,0,0,3,0,0
AT3G16370,0,0,0,3,0,0
AT3G18820,0,0,0,3,0,0
AT3G20810,0,0,0,3,0,0
AT3G22200,0,0,0,3,0,0
AT3G23980,0,0,0,3,0,0
AT3G25220,0,0,0,3,0,0
AT3G25800,0,0,0,3,0,0
AT3G44620,0,0,0,3,0,0
AT3G46000,0,0,0,3,0,0
AT3G49680,0,0,0,3,0,0
AT3G55360,0,0,0,3,0,0
AT3G56070,0,0,0,3,0,0
AT3G56650,0,0,0,3,0,0
AT3G61240,0,0,0,3,0,0
AT3G63250,0,0,0,3,0,0
AT4G01100,0,0,0,3,0,0
AT4G14110,0,0,0,3,0,0
AT4G14890,0,0,0,3,0,0
AT4G15210,0,0,0,3,0,0
AT4G17190,0,0,0,3,0,0
AT4G18040,0,0,0,3,0,0
AT4G24800,0,0,0,3,0,0
AT4G27640,0,0,0,3,0,0
AT4G30530,0,0,0,3,0,0
AT4G31840,0,0,0,3,0,0
AT4G32180,0,0,0,3,0,0
AT4G33090,0,0,0,3,0,0
AT4G34740,0,0,0,3,0,0
AT4G35310,0,0,0,3,0,0
AT4G39080,0,0,0,3,0,0
AT5G02050,0,0,0,3,0,0
AT5G05990,0,0,0,3,0,0
AT5G13680,0,0,0,3,0,0
AT5G16290,0,0,0,3,0,0
AT5G17020,0,0,0,3,0,0
AT5G17990,0,0,0,3,0,0
AT5G18420,0,0,0,3,0,0
AT5G47040,0,0,0,3,0,0
AT5G48580,0,0,0,3,0,0
AT5G52240,0,0,0,3,0,0
AT5G53480,0,0,0,3,0,0
AT5G54430,0,0,0,3,0,0
AT5G59890,0,0,0,3,0,0
AT5G64070,0,0,0,3,0,0
AT5G64570,0,0,0,3,0,0
AT5G65460,0,0,0,3,0,0
ATCG00580,0,0,0,3,0,0
ATCG00720,0,0,0,3,0,0
ATMG00510,0,0,0,3,0,0
AT4G29410,0,4,0,3,0,2
AT5G60660,0,3,0,3,0,2
AT4G02580,0,0,0,3,0,2
AT4G08520,0,0,0,3,0,2
ATCG00130,0,0,0,3,0,2
AT2G04520,0,6,0,3,0,3
AT5G35680,0,5,0,3,0,3
AT5G40950,0,0,0,3,0,3
AT4G34555,0,6,0,3,0,7
AT4G25550,0,10,0,3,2,0
AT5G55230,0,0,0,3,2,0
AT3G26520,0,3,0,3,3,0
AT4G37200,0,0,0,3,3,0
AT4G37980,0,0,0,3,3,0
AT1G76160,0,0,0,3,3,6
AT3G13490,0,14,0,4,0,0
AT3G47070,0,10,0,4,0,0
AT4G39660,0,7,0,4,0,0
AT5G23900,0,7,0,4,0,0
AT1G08830,0,5,0,4,0,0
AT3G05000,0,5,0,4,0,0
AT5G11520,0,5,0,4,0,0
AT2G24940,0,4,0,4,0,0
AT3G10090,0,4,0,4,0,0
AT3G62460,0,4,0,4,0,0
AT4G03120,0,4,0,4,0,0
AT4G14710,0,4,0,4,0,0
AT4G14716,0,4,0,4,0,0
AT4G21860,0,4,0,4,0,0
AT5G03850,0,4,0,4,0,0
AT5G06390,0,4,0,4,0,0
AT5G14660,0,4,0,4,0,0
AT1G49040,0,3,0,4,0,0
AT3G07480,0,3,0,4,0,0
AT4G39820,0,3,0,4,0,0
AT5G04280,0,3,0,4,0,0
AT5G22510,0,3,0,4,0,0
AT5G61410,0,3,0,4,0,0
AT1G14980,0,2,0,4,0,0
AT1G69960,0,2,0,4,0,0
AT1G73230,0,2,0,4,0,0
AT2G29310,0,2,0,4,0,0
AT2G43160,0,2,0,4,0,0
AT3G09810,0,2,0,4,0,0
AT3G17900,0,2,0,4,0,0
AT4G00660,0,2,0,4,0,0
AT5G48480,0,2,0,4,0,0
AT1G06000,0,0,0,4,0,0
AT1G10370,0,0,0,4,0,0
AT1G12080,0,0,0,4,0,0
AT1G14810,0,0,0,4,0,0
AT1G17290,0,0,0,4,0,0
AT1G20950,0,0,0,4,0,0
AT1G28290,0,0,0,4,0,0
AT1G33590,0,0,0,4,0,0
AT1G34000,0,0,0,4,0,0
AT1G74850,0,0,0,4,0,0
AT1G79040,0,0,0,4,0,0
AT2G04740,0,0,0,4,0,0
AT2G20890,0,0,0,4,0,0
AT2G22125,0,0,0,4,0,0
AT2G34730,0,0,0,4,0,0
AT2G37040,0,0,0,4,0,0
AT2G38270,0,0,0,4,0,0
AT2G43360,0,0,0,4,0,0
AT2G46520,0,0,0,4,0,0
AT3G01180,0,0,0,4,0,0
AT3G07390,0,0,0,4,0,0
AT3G14100,0,0,0,4,0,0
AT3G15000,0,0,0,4,0,0
AT3G17020,0,0,0,4,0,0
AT3G57890,0,0,0,4,0,0
AT3G61470,0,0,0,4,0,0
AT4G01690,0,0,0,4,0,0
AT4G04950,0,0,0,4,0,0
AT4G12420,0,0,0,4,0,0
AT4G29810,0,0,0,4,0,0
AT4G35420,0,0,0,4,0,0
AT5G08530,0,0,0,4,0,0
AT5G14250,0,0,0,4,0,0
AT5G35430,0,0,0,4,0,0
AT5G42970,0,0,0,4,0,0
ATCG00670,0,0,0,4,0,0
AT4G34050,0,2,0,4,0,2
AT1G44900,0,0,0,4,0,2
AT5G15520,0,3,0,4,0,3
AT4G15802,0,2,0,4,0,3
AT1G09750,0,0,0,4,0,3
AT2G35110,0,0,0,4,0,3
AT1G66240,0,3,0,4,0,4
AT5G12950,0,18,0,4,2,3
AT4G34200,0,2,0,4,3,0
AT4G17520,0,17,0,5,0,0
AT2G47960,0,11,0,5,0,0
AT3G21810,0,11,0,5,0,0
AT2G43550,0,10,0,5,0,0
AT3G53030,0,9,0,5,0,0
AT1G02780,0,8,0,5,0,0
AT1G77440,0,8,0,5,0,0
AT2G42520,0,8,0,5,0,0
AT3G54470,0,6,0,5,0,0
AT4G29220,0,6,0,5,0,0
AT5G54440,0,6,0,5,0,0
AT3G14990,0,5,0,5,0,0
AT1G15690,0,4,0,5,0,0
AT2G28190,0,4,0,5,0,0
AT5G14540,0,4,0,5,0,0
AT5G23140,0,4,0,5,0,0
AT3G03570,0,3,0,5,0,0
AT5G64760,0,3,0,5,0,0
AT3G55120,0,2,0,5,0,0
AT4G23680,0,2,0,5,0,0
AT4G25740,0,2,0,5,0,0
AT5G48230,0,2,0,5,0,0
AT5G52650,0,2,0,5,0,0
AT1G07780,0,0,0,5,0,0
AT1G10200,0,0,0,5,0,0
AT1G16080,0,0,0,5,0,0
AT1G22920,0,0,0,5,0,0
AT1G24360,0,0,0,5,0,0
AT1G50200,0,0,0,5,0,0
AT1G56330,0,0,0,5,0,0
AT1G62640,0,0,0,5,0,0
AT2G03820,0,0,0,5,0,0
AT2G05710,0,0,0,5,0,0
AT2G30110,0,0,0,5,0,0
AT2G31810,0,0,0,5,0,0
AT2G32920,0,0,0,5,0,0
AT2G35390,0,0,0,5,0,0
AT2G40100,0,0,0,5,0,0
AT2G44040,0,0,0,5,0,0
AT3G08030,0,0,0,5,0,0
AT3G18000,0,0,0,5,0,0
AT3G19980,0,0,0,5,0,0
AT3G27380,0,0,0,5,0,0
AT3G29320,0,0,0,5,0,0
AT3G51240,0,0,0,5,0,0
AT3G53700,0,0,0,5,0,0
AT3G57610,0,0,0,5,0,0
AT3G61140,0,0,0,5,0,0
AT3G62560,0,0,0,5,0,0
AT4G02080,0,0,0,5,0,0
AT4G12800,0,0,0,5,0,0
AT4G22890,0,0,0,5,0,0
AT4G26840,0,0,0,5,0,0
AT5G05590,0,0,0,5,0,0
AT5G13420,0,0,0,5,0,0
AT5G35790,0,0,0,5,0,0
AT5G64050,0,0,0,5,0,0
AT2G24020,0,0,0,5,0,5
AT4G27520,0,4,0,5,0,6
AT4G33650,0,8,0,5,3,0
AT3G22330,0,4,0,5,3,0
AT5G51280,0,0,0,5,3,0
AT3G48000,0,0,0,5,5,0
AT5G47210,0,19,0,6,0,0
AT1G55090,0,13,0,6,0,0
AT3G27430,0,12,0,6,0,0
AT4G03020,0,11,0,6,0,0
AT5G40580,0,11,0,6,0,0
AT3G58510,0,7,0,6,0,0
AT4G19410,0,7,0,6,0,0
AT4G25130,0,6,0,6,0,0
AT2G22795,0,4,0,6,0,0
AT3G11700,0,4,0,6,0,0
AT3G62120,0,4,0,6,0,0
AT5G09660,0,4,0,6,0,0
AT1G30580,0,3,0,6,0,0
AT5G01530,0,3,0,6,0,0
AT5G10160,0,3,0,6,0,0
AT5G11040,0,3,0,6,0,0
AT5G56350,0,3,0,6,0,0
AT1G06410,0,0,0,6,0,0
AT1G09140,0,0,0,6,0,0
AT1G12000,0,0,0,6,0,0
AT1G20340,0,0,0,6,0,0
AT1G23820,0,0,0,6,0,0
AT1G51980,0,0,0,6,0,0
AT1G63660,0,0,0,6,0,0
AT1G66430,0,0,0,6,0,0
AT1G74920,0,0,0,6,0,0
AT2G17130,0,0,0,6,0,0
AT2G34470,0,0,0,6,0,0
AT2G40490,0,0,0,6,0,0
AT2G45810,0,0,0,6,0,0
AT3G33530,0,0,0,6,0,0
AT3G42050,0,0,0,6,0,0
AT3G52180,0,0,0,6,0,0
AT3G53900,0,0,0,6,0,0
AT3G57520,0,0,0,6,0,0
AT3G63410,0,0,0,6,0,0
AT4G09010,0,0,0,6,0,0
AT4G09670,0,0,0,6,0,0
AT4G16130,0,0,0,6,0,0
AT4G19006,0,0,0,6,0,0
AT4G27000,0,0,0,6,0,0
AT4G33510,0,0,0,6,0,0
AT5G47770,0,0,0,6,0,0
AT5G48180,0,0,0,6,0,0
AT5G51110,0,0,0,6,0,0
AT5G54160,0,0,0,6,0,0
AT5G58490,0,0,0,6,0,0
AT1G01300,0,3,0,6,2,0
AT1G74040,0,0,0,6,2,0
AT5G13450,0,0,0,6,2,0
ATCG00190,0,0,0,6,13,0
AT2G46610,0,91,0,7,0,0
AT3G22630,0,19,0,7,0,0
AT3G10850,0,12,0,7,0,0
AT1G21720,0,11,0,7,0,0
AT5G02790,0,8,0,7,0,0
AT5G09390,0,8,0,7,0,0
AT2G44050,0,7,0,7,0,0
AT3G52370,0,6,0,7,0,0
AT2G05990,0,4,0,7,0,0
AT3G22960,0,3,0,7,0,0
AT5G09900,0,3,0,7,0,0
AT1G59830,0,2,0,7,0,0
AT1G61850,0,2,0,7,0,0
AT1G09620,0,0,0,7,0,0
AT1G26230,0,0,0,7,0,0
AT1G32200,0,0,0,7,0,0
AT1G48860,0,0,0,7,0,0
AT2G22250,0,0,0,7,0,0
AT2G41530,0,0,0,7,0,0
AT2G47510,0,0,0,7,0,0
AT3G08940,0,0,0,7,0,0
AT3G10270,0,0,0,7,0,0
AT4G13780,0,0,0,7,0,0
AT4G34350,0,0,0,7,0,0
AT4G34360,0,0,0,7,0,0
AT4G35260,0,0,0,7,0,0
AT4G37870,0,0,0,7,0,0
AT5G19220,0,0,0,7,0,0
AT5G27470,0,0,0,7,0,0
AT2G35860,0,6,0,7,0,2
ATCG00820,0,3,0,7,0,3
AT5G24770,0,6,0,7,2,0
AT1G18500,0,0,0,7,2,0
AT3G52750,0,0,0,7,2,0
AT5G62790,0,2,0,7,3,0
AT1G15930,0,5,0,7,4,4
AT3G42170,0,0,0,7,5,0
AT5G16280,0,21,0,8,0,0
AT5G65950,0,18,0,8,0,0
AT4G34860,0,12,0,8,0,0
AT3G02780,0,9,0,8,0,0
AT2G19070,0,7,0,8,0,0
AT4G16155,0,6,0,8,0,0
AT5G66760,0,6,0,8,0,0
AT2G01140,0,4,0,8,0,0
AT2G44530,0,2,0,8,0,0
AT3G53580,0,2,0,8,0,0
AT1G18210,0,0,0,8,0,0
AT1G44575,0,0,0,8,0,0
AT1G50370,0,0,0,8,0,0
AT1G60420,0,0,0,8,0,0
AT2G41040,0,0,0,8,0,0
AT3G29410,0,0,0,8,0,0
AT4G16340,0,0,0,8,0,0
AT4G35250,0,0,0,8,0,0
AT4G39980,0,0,0,8,0,0
AT5G16710,0,0,0,8,0,0
AT5G36230,0,0,0,8,0,0
AT5G38660,0,0,0,8,0,0
AT5G61020,0,0,0,8,0,0
AT5G65910,0,0,0,8,0,0
AT5G67030,0,0,0,8,0,0
AT3G54890,0,3,0,8,2,4
AT4G24820,0,5,0,8,3,0
AT1G10430,0,2,0,8,3,0
AT3G61860,0,90,0,9,0,0
AT4G14800,0,26,0,9,0,0
AT3G26060,0,18,0,9,0,0
AT4G38680,0,14,0,9,0,0
AT5G54750,0,11,0,9,0,0
AT4G23600,0,9,0,9,0,0
AT4G38740,0,7,0,9,0,0
AT5G43940,0,6,0,9,0,0
AT5G16440,0,5,0,9,0,0
AT3G20390,0,3,0,9,0,0
AT1G10930,0,0,0,9,0,0
AT1G49430,0,0,0,9,0,0
AT1G70770,0,0,0,9,0,0
AT1G78370,0,0,0,9,0,0
AT3G01780,0,0,0,9,0,0
AT3G06580,0,0,0,9,0,0
AT5G11880,0,0,0,9,0,0
AT5G20990,0,17,0,10,0,0
AT4G09510,0,14,0,10,0,0
AT2G37690,0,11,0,10,0,0
AT3G48560,0,8,0,10,0,0
AT1G35720,0,7,0,10,0,0
AT3G13460,0,5,0,10,0,0
AT5G63830,0,4,0,10,0,0
AT1G75990,0,3,0,10,0,0
AT5G52920,0,3,0,10,0,0
AT1G26570,0,2,0,10,0,0
ATCG00350,0,2,0,10,0,0
AT5G26830,0,0,0,10,0,0
AT5G43990,0,0,0,10,0,0
AT3G62030,0,8,0,10,2,0
AT1G64520,0,0,0,10,3,0
AT5G13650,0,0,0,10,3,0
AT1G07440,0,13,0,11,0,0
AT5G56360,0,12,0,11,0,0
AT5G56630,0,11,0,11,0,0
AT5G11580,0,9,0,11,0,0
AT4G13930,0,8,0,11,0,0
AT5G63570,0,8,0,11,0,0
AT1G69740,0,7,0,11,0,0
AT5G28840,0,7,0,11,0,0
AT5G03290,0,5,0,11,0,0
AT1G29150,0,3,0,11,0,0
AT4G23920,0,3,0,11,0,0
AT1G62480,0,0,0,11,0,0
AT2G20420,0,0,0,11,0,0
AT2G47240,0,0,0,11,0,0
AT3G24430,0,0,0,11,0,0
AT3G54930,0,0,0,11,0,0
AT5G14240,0,0,0,11,0,0
AT5G40270,0,0,0,11,0,0
AT5G23740,0,7,0,11,2,0
AT2G13360,0,8,0,11,4,0
AT3G54670,0,29,0,11,8,0
AT5G60160,0,23,0,12,0,0
AT3G02110,0,18,0,12,0,0
AT3G63095,0,17,0,12,0,0
AT2G06850,0,10,0,12,0,0
AT4G21650,0,6,0,12,0,0
AT1G74960,0,0,0,12,0,0
AT3G03530,0,0,0,12,0,0
AT4G16390,0,0,0,12,0,0
ATCG00340,0,0,0,12,0,0
ATCG00020,0,7,0,12,0,4
AT4G13430,0,7,0,12,6,0
AT3G60820,0,20,0,13,0,0
AT1G22410,0,0,0,13,0,0
AT2G33150,0,0,0,13,0,0
AT3G59770,0,0,0,13,0,0
AT4G30920,0,0,0,13,0,0
AT3G14940,0,25,0,13,0,2
AT1G79830,0,4,0,13,0,3
AT5G64370,0,19,0,14,0,0
AT5G60100,0,15,0,14,0,0
AT2G29320,0,14,0,14,0,0
AT5G36160,0,10,0,14,0,0
AT3G48730,0,8,0,14,0,0
AT1G73600,0,0,0,14,0,0
AT3G14790,0,0,0,14,0,0
AT5G48880,0,0,0,14,0,0
AT1G56450,0,30,0,15,0,0
AT5G46070,0,6,0,15,0,0
AT5G20000,0,2,0,15,0,0
AT3G26340,0,20,0,16,0,0
AT3G12145,0,18,0,16,0,0
AT3G53180,0,15,0,16,0,0
AT5G26860,0,9,0,16,0,0
AT1G20200,0,5,0,16,0,0
AT1G53500,0,5,0,16,0,0
ATCG00500,0,5,0,16,2,0
AT5G57655,0,31,0,17,0,0
AT3G55870,0,13,0,17,0,0
AT5G19990,0,2,0,17,0,0
AT3G14120,0,0,0,17,0,0
AT4G16180,0,0,0,17,0,0
AT5G60790,0,0,0,17,0,0
AT5G66470,0,0,0,17,0,0
AT5G14040,0,5,0,17,3,0
AT5G63840,0,24,0,18,0,0
AT1G02840,0,7,0,18,0,0
AT3G56940,0,0,0,18,0,0
AT5G03470,0,0,0,18,0,0
AT5G19370,0,0,0,18,4,0
AT4G33680,0,27,0,19,0,0
AT1G79990,0,9,0,19,0,0
AT2G05920,0,25,0,19,2,0
AT2G38750,0,2,0,20,0,0
AT1G73380,0,0,0,20,0,0
AT4G29270,0,26,0,21,0,0
AT3G03540,0,0,0,21,0,0
AT3G54960,0,22,0,22,0,0
AT2G38760,0,13,0,22,0,0
AT3G02230,0,44,0,23,0,0
AT3G05900,0,30,0,23,0,0
AT1G35580,0,28,0,23,0,0
AT1G53310,0,37,0,23,0,2
AT5G15650,0,45,0,24,0,0
AT1G78580,0,5,0,24,0,0
AT5G20830,0,0,0,24,0,0
AT2G05840,0,36,0,25,0,0
AT3G09880,0,0,0,25,0,0
AT5G06850,0,26,0,26,0,0
AT5G48300,0,0,0,26,0,0
AT1G05460,0,0,0,27,0,0
AT2G23390,0,0,0,27,0,0
AT5G56290,0,0,0,28,3,0
AT3G57560,0,21,0,29,0,0
AT1G78570,0,7,0,29,2,0
AT3G11830,0,30,0,30,0,0
AT1G13880,0,36,0,31,0,0
AT3G20050,0,23,0,31,0,0
AT3G18190,0,37,0,32,0,0
AT5G11710,0,35,0,33,0,0
AT5G65730,0,9,0,34,0,2
AT1G24510,0,24,0,38,2,0
AT5G16070,0,32,0,38,3,0
AT2G05120,0,0,0,41,2,0
AT3G03960,0,31,0,42,0,0
AT3G02530,0,32,0,42,3,0
AT1G71080,0,70,0,49,0,0
AT5G35200,0,16,0,49,0,0
AT1G48120,0,44,0,51,2,2
AT5G26360,0,43,0,52,0,0
AT5G20890,0,50,0,60,2,0
AT2G17630,0,27,0,74,0,0
AT4G35630,0,39,0,114,0,3
AT1G19480,0,158,0,134,0,5
