Protein,WT,AT3G52100,AT3G52100
AT3G08590,46,84,91
AT3G44310,25,60,85
AT3G44690,22,41,52
AT3G52930,16,39,41
AT1G48120,19,34,39
AT1G55490,27,34,39
AT1G55490,27,34,39
AT2G29550,10,33,39
AT1G36160,8,28,39
AT1G36160,8,28,39
AT1G09780,16,29,38
AT2G17630,20,32,37
AT2G28000,17,32,37
AT1G69830,8,21,36
AT1G19480,28,30,34
AT1G19480,28,30,34
AT1G52570,14,29,34
AT1G71220,5,25,33
AT1G71220,5,25,33
AT1G56070,17,26,31
AT3G09840,17,22,30
AT2G47620,0,25,29
AT1G20010,5,18,28
AT1G70320,0,18,28
AT1G78900,2,15,28
AT1G78900,2,15,28
AT2G46610,14,33,27
AT2G46610,14,33,27
AT2G33210,3,20,27
AT2G33210,3,20,27
AT1G64880,6,23,26
AT1G49240,14,22,26
AT3G06010,0,30,25
AT1G56410,12,24,25
AT3G12110,16,24,25
AT2G40660,10,17,25
AT1G71080,14,22,24
AT3G46520,11,22,24
AT2G21390,4,19,23
AT1G79920,3,17,23
AT1G79920,3,17,23
AT2G46280,5,15,23
AT2G46280,5,15,23
AT1G29250,6,14,23
AT2G20580,6,26,22
AT2G37620,10,21,22
AT2G37620,10,21,22
AT3G53750,10,21,22
AT1G07890,4,20,22
AT1G07890,4,20,22
AT1G07890,4,20,22
AT1G07890,4,20,22
AT1G07890,4,20,22
AT1G07890,4,20,22
AT1G07890,4,20,22
AT1G07890,4,20,22
AT1G62020,0,19,22
AT2G38040,4,14,22
AT2G38040,4,14,22
AT2G34160,7,13,22
AT1G67090,18,27,21
AT2G28290,0,18,21
AT2G28290,0,18,21
AT2G28290,0,18,21
AT1G75780,5,14,21
AT1G07920,11,20,20
AT1G07930,11,20,20
AT1G07940,11,20,20
AT1G07940,11,20,20
AT1G79930,0,17,20
AT1G79930,0,17,20
AT1G20200,4,15,20
AT3G03540,4,15,20
AT2G05120,0,14,20
AT3G11910,5,30,19
AT2G36460,9,17,19
AT2G41740,0,17,19
AT2G32730,0,13,19
AT1G04820,15,11,19
AT1G50010,15,11,19
AT2G04030,6,20,18
AT2G33610,0,19,18
AT1G58025,0,17,18
AT1G57720,9,15,18
AT1G57720,9,15,18
AT2G36530,4,15,18
AT1G15750,3,14,18
AT1G15750,3,14,18
AT1G15750,3,14,18
AT1G15750,3,14,18
AT3G13920,6,14,18
AT1G54270,6,13,18
AT3G54760,0,13,18
AT1G04410,6,11,18
AT2G36880,6,11,18
AT2G36880,6,11,18
AT1G78570,0,23,17
AT2G04030,6,20,17
AT1G18450,4,19,17
AT1G58025,0,17,17
AT1G80490,3,12,17
AT1G80490,3,12,17
AT3G14790,0,18,16
AT1G52410,4,17,16
AT1G52410,4,17,16
AT1G53500,0,16,16
AT1G53750,3,16,16
AT1G20620,7,15,16
AT1G20620,0,14,16
AT3G63460,3,14,16
AT1G02500,0,12,16
AT1G02500,0,12,16
AT1G21750,0,11,16
AT1G72370,3,11,16
AT1G72370,3,11,16
AT2G26080,3,11,16
AT1G42970,8,22,15
AT1G80070,2,17,15
AT2G39800,2,17,15
AT2G39800,2,17,15
AT2G39800,2,17,15
AT1G35160,3,16,15
AT1G35160,2,16,15
AT1G48410,0,16,15
AT1G48410,0,16,15
AT1G48410,0,16,15
AT2G39730,15,16,15
AT3G60830,0,13,15
AT2G17360,2,12,15
AT3G13860,3,12,15
AT3G50670,8,12,15
AT2G44160,0,11,15
AT3G02520,5,10,15
AT3G05900,0,10,15
AT1G47128,4,9,15
AT3G12915,0,9,15
AT1G32730,0,17,14
AT2G39730,14,16,14
AT3G23810,3,16,14
AT3G44300,10,15,14
AT1G24510,2,12,14
AT1G24510,2,12,14
AT1G52360,5,12,14
AT2G42600,0,11,14
AT2G42600,0,11,14
AT1G09640,4,9,14
AT1G20950,3,9,14
AT1G72730,6,9,14
AT2G23350,0,9,14
AT3G05530,6,9,14
AT1G30230,5,7,14
AT1G30230,5,7,14
AT3G55870,5,7,14
AT1G52360,5,0,14
AT2G39800,2,17,13
AT1G52400,7,16,13
AT1G52400,7,16,13
AT3G03530,0,15,13
AT3G09880,6,15,13
AT3G15980,5,15,13
AT3G20050,4,14,13
AT1G23310,2,13,13
AT1G29900,0,13,13
AT3G03250,0,13,13
AT3G06650,6,13,13
AT1G13440,10,12,13
AT1G20020,5,12,13
AT1G20020,4,12,13
AT1G20020,5,12,13
AT2G05920,0,12,13
AT2G21330,4,12,13
AT3G04120,10,12,13
AT2G21330,3,11,13
AT2G27020,2,11,13
AT3G48930,0,11,13
AT3G59770,2,11,13
AT1G75990,0,10,13
AT1G80410,0,10,13
AT1G80410,0,10,13
AT2G21660,8,10,13
AT2G20140,2,9,13
AT2G29560,6,9,13
AT3G18060,0,9,13
AT1G04810,0,8,13
AT1G16030,6,8,13
AT1G22300,2,8,13
AT1G22300,2,8,13
AT1G20960,0,13,12
AT1G20960,0,13,12
AT1G52400,7,13,12
AT1G05460,0,12,12
AT1G68010,0,12,12
AT3G02760,0,12,12
AT3G18000,0,11,12
AT1G06290,0,10,12
AT3G19760,0,9,12
AT3G55800,0,9,12
AT1G22300,0,8,12
AT1G78300,4,8,12
AT2G01140,2,8,12
AT2G47510,0,8,12
AT2G47510,0,8,12
AT1G65960,3,7,12
AT1G17720,0,6,12
AT1G17720,0,6,12
AT1G80460,2,5,12
AT1G80460,2,5,12
AT1G78580,0,13,11
AT1G20630,5,12,11
AT1G45000,0,12,11
AT3G01500,3,12,11
AT1G79990,3,11,11
AT1G79990,0,11,11
AT1G79990,0,11,11
AT2G07698,0,11,11
AT3G18190,3,11,11
AT1G06220,3,10,11
AT1G06220,3,10,11
AT3G11830,5,10,11
AT1G53310,0,9,11
AT1G53310,0,9,11
AT1G53310,0,9,11
AT1G08200,3,8,11
AT1G09270,2,8,11
AT1G09270,2,8,11
AT1G65010,0,8,11
AT1G43170,0,7,11
AT1G43170,0,7,11
AT1G43170,0,7,11
AT1G43170,0,7,11
AT1G43170,0,7,11
AT1G43170,0,7,11
AT1G43170,0,7,11
AT1G43170,0,7,11
AT2G27860,3,7,11
AT3G60240,2,7,11
AT1G64740,7,6,11
AT1G67230,0,6,11
AT2G21070,19,22,10
AT2G21070,19,22,10
AT1G11860,0,12,10
AT1G11860,0,12,10
AT1G11860,0,12,10
AT1G12000,0,11,10
AT1G53850,0,11,10
AT1G53850,0,11,10
AT3G14290,0,11,10
AT2G14120,0,10,10
AT2G14120,0,10,10
AT2G14120,0,10,10
AT1G12900,8,9,10
AT1G12900,8,9,10
AT1G12900,8,9,10
AT1G49760,3,8,10
AT1G49760,3,8,10
AT1G70580,2,8,10
AT1G70580,2,8,10
AT1G70580,2,8,10
AT1G70580,2,8,10
AT3G44320,6,8,10
AT1G06410,0,7,10
AT1G18080,3,7,10
AT2G42500,4,7,10
AT2G42520,0,7,10
AT3G57410,0,6,10
AT1G27090,3,5,10
AT1G51690,0,5,10
AT1G51690,0,5,10
AT2G30050,0,5,10
AT1G51690,0,4,10
AT2G38700,0,4,10
AT3G07100,0,4,10
AT3G11630,4,4,10
AT1G65440,0,14,9
AT3G60750,0,14,9
AT2G05840,0,13,9
AT1G50620,0,12,9
AT3G07770,0,12,9
AT3G29360,0,11,9
AT2G24270,2,10,9
AT2G24270,2,10,9
AT2G24270,2,10,9
AT2G24270,2,10,9
AT3G03780,0,10,9
AT1G09620,0,9,9
AT1G35580,0,9,9
AT1G35580,0,9,9
AT3G02930,0,8,9
AT3G53030,3,8,9
AT1G55860,0,7,9
AT1G79830,0,7,9
AT1G79830,0,7,9
AT1G79830,0,7,9
AT1G79830,0,7,9
AT2G05710,0,7,9
AT2G30110,0,7,9
AT2G47940,0,7,9
AT2G47940,0,7,9
AT1G09270,2,6,9
AT1G12230,0,6,9
AT1G12230,0,6,9
AT1G55090,0,6,9
AT1G65930,0,6,9
AT2G37040,0,6,9
AT2G41530,2,6,9
AT1G03630,0,5,9
AT1G03630,0,5,9
AT1G60420,2,5,9
AT2G23390,3,5,9
AT2G31610,0,5,9
AT3G15880,0,5,9
AT1G12910,0,4,9
AT1G68560,3,4,9
AT2G31390,0,4,9
AT3G55200,0,3,9
AT3G55220,0,3,9
AT1G69740,5,10,8
AT1G69740,5,10,8
AT1G79690,0,9,8
AT2G43770,0,8,8
AT3G18380,0,8,8
AT3G49680,0,8,8
AT1G17745,0,7,8
AT1G17745,0,7,8
AT1G52030,0,7,8
AT1G52030,0,7,8
AT1G60710,0,7,8
AT2G19520,0,7,8
AT2G36160,0,7,8
AT3G11510,0,7,8
AT3G16640,3,7,8
AT3G52580,0,7,8
AT3G55440,0,7,8
AT1G20260,0,6,8
AT1G23740,0,6,8
AT1G30580,0,6,8
AT1G47250,4,6,8
AT1G64520,0,6,8
AT1G70830,0,6,8
AT1G76030,0,6,8
AT2G27030,2,6,8
AT2G27030,2,6,8
AT2G41110,2,6,8
AT2G41110,2,6,8
AT3G56800,2,6,8
AT1G10840,0,5,8
AT1G11650,0,5,8
AT1G14810,0,5,8
AT1G48630,0,5,8
AT2G16780,0,5,8
AT2G24940,3,5,8
AT2G42500,4,5,8
AT3G11400,2,5,8
AT3G12145,4,5,8
AT3G13930,0,5,8
AT3G25530,2,5,8
AT3G62310,0,5,8
AT1G11650,0,4,8
AT2G45810,0,4,8
AT1G62380,0,3,8
AT2G33340,0,3,8
AT2G33340,0,3,8
AT2G22125,0,0,8
AT1G75950,3,9,7
AT2G33800,2,9,7
AT1G50200,2,8,7
AT1G50200,2,8,7
AT1G76550,0,8,7
AT2G27040,2,8,7
AT2G27040,2,8,7
AT2G42910,0,8,7
AT1G02690,0,7,7
AT1G18070,0,7,7
AT1G18070,0,7,7
AT1G18070,0,7,7
AT3G55120,0,7,7
AT1G01090,0,6,7
AT1G02690,0,6,7
AT1G66410,2,6,7
AT2G05990,0,6,7
AT2G05990,0,6,7
AT2G28790,0,6,7
AT3G16470,0,6,7
AT3G25520,0,6,7
AT3G55760,0,6,7
AT1G07360,0,5,7
AT1G19570,0,5,7
AT1G19570,0,5,7
AT1G48600,0,5,7
AT1G48600,0,5,7
AT1G69940,0,5,7
AT2G04842,0,5,7
AT2G17870,0,5,7
AT2G31570,0,5,7
AT3G17590,0,5,7
AT3G47370,0,5,7
AT3G60820,3,5,7
AT1G65450,0,4,7
AT2G06850,2,4,7
AT2G17360,2,4,7
AT3G10690,0,4,7
AT3G43190,0,4,7
AT3G44340,0,4,7
AT1G10670,0,3,7
AT1G10670,0,3,7
AT1G10670,0,3,7
AT1G10670,0,3,7
AT1G26630,3,3,7
AT1G73720,0,3,7
AT1G75940,0,3,7
AT2G45300,0,3,7
AT3G14100,0,3,7
AT3G22990,0,3,7
AT3G25920,0,2,7
AT2G47110,0,10,6
AT2G47110,0,10,6
AT3G62250,0,10,6
AT1G80480,0,9,6
AT3G48730,3,9,6
AT1G08520,0,8,6
AT1G29150,2,8,6
AT2G07732,0,8,6
AT2G21060,4,8,6
AT3G16110,0,8,6
AT3G51800,0,8,6
AT1G77510,0,6,6
AT2G27170,0,6,6
AT2G27170,0,6,6
AT3G27380,0,6,6
AT3G56490,0,6,6
AT1G13270,0,5,6
AT1G18500,0,5,6
AT1G47900,0,5,6
AT1G47900,0,5,6
AT2G13560,0,5,6
AT2G38230,0,5,6
AT2G41840,0,5,6
AT2G42810,0,5,6
AT2G42810,0,5,6
AT3G17810,0,5,6
AT3G48870,0,5,6
AT3G54670,0,5,6
AT3G54930,0,5,6
AT1G12310,0,4,6
AT1G13880,0,4,6
AT2G22400,0,4,6
AT2G42590,2,4,6
AT2G42590,2,4,6
AT3G07850,0,4,6
AT3G14040,0,4,6
AT1G07140,0,3,6
AT1G54080,0,3,6
AT1G54080,0,3,6
AT1G62940,0,3,6
AT2G33340,0,3,6
AT3G01780,0,3,6
AT3G46040,0,3,6
AT1G48860,0,2,6
AT1G52730,0,2,6
AT1G52730,0,2,6
AT2G02160,0,2,6
AT2G33150,4,2,6
AT1G11360,0,0,6
AT1G11360,0,0,6
AT1G11360,0,0,6
AT1G11360,0,0,6
AT1G48860,0,0,6
AT1G69200,0,0,6
AT1G02080,0,10,5
AT1G14610,0,8,5
AT1G21630,0,8,5
AT3G60770,0,8,5
AT1G67680,0,7,5
AT2G20420,0,7,5
AT2G46020,0,7,5
AT1G43690,0,6,5
AT2G18110,0,6,5
AT2G37660,3,6,5
AT3G09630,0,6,5
AT1G12840,0,5,5
AT1G22410,0,5,5
AT1G24020,0,5,5
AT1G24020,0,5,5
AT1G26570,0,5,5
AT1G66200,0,5,5
AT1G66200,0,5,5
AT1G74030,0,5,5
AT2G26060,0,5,5
AT2G29570,0,5,5
AT2G43090,2,5,5
AT2G44350,0,5,5
AT2G44350,0,5,5
AT3G45190,0,5,5
AT3G48000,0,5,5
AT1G06000,0,4,5
AT1G07370,0,4,5
AT1G53670,0,4,5
AT1G53670,0,4,5
AT2G09990,2,4,5
AT2G16440,0,4,5
AT2G16940,0,4,5
AT2G16940,0,4,5
AT2G16940,0,4,5
AT2G17410,0,4,5
AT2G17410,0,4,5
AT2G24200,0,4,5
AT2G24200,0,4,5
AT2G24200,0,4,5
AT2G41790,0,4,5
AT2G42590,0,4,5
AT2G47470,2,4,5
AT2G47470,2,4,5
AT2G47580,0,4,5
AT3G02780,0,4,5
AT3G14420,0,4,5
AT3G16060,0,4,5
AT3G59480,0,4,5
AT1G06900,0,3,5
AT1G07770,0,3,5
AT1G15340,0,3,5
AT1G15340,0,3,5
AT1G20220,0,3,5
AT1G50370,2,3,5
AT1G60810,0,3,5
AT1G62820,0,3,5
AT1G72550,0,3,5
AT1G72550,0,3,5
AT1G74470,0,3,5
AT2G02740,0,3,5
AT2G02740,0,3,5
AT2G14170,0,3,5
AT2G14170,0,3,5
AT2G24490,0,3,5
AT2G24490,0,3,5
AT2G32060,0,3,5
AT2G32060,0,3,5
AT2G32060,0,3,5
AT2G34810,0,3,5
AT2G47730,3,3,5
AT3G12780,0,3,5
AT3G14240,0,3,5
AT3G17760,0,3,5
AT3G58140,0,3,5
AT1G05520,0,2,5
AT1G10630,0,2,5
AT1G12780,0,2,5
AT1G12920,0,2,5
AT1G23490,0,2,5
AT1G26630,3,2,5
AT1G30680,0,2,5
AT1G49670,0,2,5
AT1G49670,0,2,5
AT1G70490,0,2,5
AT1G70490,0,2,5
AT1G70490,0,2,5
AT1G74260,0,2,5
AT2G37690,0,2,5
AT2G45600,0,2,5
AT2G47170,0,2,5
AT3G02770,0,2,5
AT3G16980,0,2,5
AT3G47520,0,2,5
AT3G62120,0,2,5
AT3G62290,0,2,5
AT1G20440,0,0,5
AT1G65150,0,0,5
AT1G65150,0,0,5
AT2G07690,0,0,5
AT2G07690,0,0,5
AT2G14260,0,0,5
AT2G14260,0,0,5
AT1G02080,0,10,4
AT1G31230,0,9,4
AT3G42850,0,9,4
AT1G21630,0,8,4
AT1G31340,2,8,4
AT3G01310,0,8,4
AT1G08830,2,7,4
AT1G08830,2,7,4
AT1G72150,0,7,4
AT2G43030,0,7,4
AT1G04690,2,6,4
AT1G32200,0,6,4
AT1G32200,0,6,4
AT2G34040,0,6,4
AT2G47610,0,6,4
AT3G50590,0,6,4
AT3G62870,0,6,4
AT1G13320,0,5,4
AT1G13320,0,5,4
AT1G13320,0,5,4
AT1G20760,0,5,4
AT1G58380,0,5,4
AT1G58684,0,5,4
AT1G58983,0,5,4
AT1G59359,0,5,4
AT1G63660,0,5,4
AT1G76810,0,5,4
AT1G79440,0,5,4
AT2G17390,0,5,4
AT2G22250,0,5,4
AT2G22250,0,5,4
AT2G22250,0,5,4
AT2G34040,0,5,4
AT2G47240,0,5,4
AT2G47240,0,5,4
AT2G47250,0,5,4
AT3G05420,0,5,4
AT3G12800,0,5,4
AT3G46440,0,5,4
AT1G12050,0,4,4
AT1G16350,0,4,4
AT1G16470,0,4,4
AT1G16470,0,4,4
AT1G19920,0,4,4
AT1G32060,0,4,4
AT1G34760,0,4,4
AT1G34760,0,4,4
AT1G68020,0,4,4
AT1G70830,0,4,4
AT1G71840,0,4,4
AT1G73380,0,4,4
AT1G73600,0,4,4
AT1G79210,0,4,4
AT1G79210,0,4,4
AT1G79210,0,4,4
AT1G79870,0,4,4
AT2G18020,0,4,4
AT2G25970,0,4,4
AT2G28760,0,4,4
AT2G34970,0,4,4
AT3G03570,0,4,4
AT3G06580,0,4,4
AT3G06860,0,4,4
AT3G08580,0,4,4
AT3G14310,0,4,4
AT3G14415,0,4,4
AT3G16170,0,4,4
AT3G25810,0,4,4
AT3G26340,0,4,4
AT3G47340,0,4,4
AT1G10430,2,3,4
AT1G13060,3,3,4
AT1G18210,0,3,4
AT1G18210,0,3,4
AT1G29370,2,3,4
AT1G48920,0,3,4
AT1G49430,0,3,4
AT1G49600,0,3,4
AT1G55500,0,3,4
AT1G55500,0,3,4
AT1G55500,0,3,4
AT1G56340,0,3,4
AT1G59830,2,3,4
AT1G68020,0,3,4
AT1G70060,0,3,4
AT1G74040,0,3,4
AT1G79340,0,3,4
AT2G02470,0,3,4
AT2G02470,0,3,4
AT2G14170,0,3,4
AT2G18040,0,3,4
AT2G28190,2,3,4
AT2G30200,0,3,4
AT2G37190,0,3,4
AT2G47640,0,3,4
AT2G47640,0,3,4
AT2G47640,0,3,4
AT2G47640,0,3,4
AT3G04840,3,3,4
AT3G06050,0,3,4
AT3G09980,0,3,4
AT3G17820,0,3,4
AT3G22220,0,3,4
AT3G25860,0,3,4
AT3G46170,0,3,4
AT3G51840,0,3,4
AT3G55020,0,3,4
AT3G62840,0,3,4
AT1G04530,0,2,4
AT1G12270,0,2,4
AT1G12520,0,2,4
AT1G12520,0,2,4
AT1G14410,0,2,4
AT1G15130,0,2,4
AT1G20920,0,2,4
AT1G22780,0,2,4
AT1G29350,2,2,4
AT1G33120,0,2,4
AT1G33140,0,2,4
AT1G34030,0,2,4
AT1G34430,0,2,4
AT1G35780,0,2,4
AT1G49630,0,2,4
AT1G49630,0,2,4
AT1G49630,0,2,4
AT1G76010,0,2,4
AT2G28470,0,2,4
AT2G28470,0,2,4
AT2G30200,0,2,4
AT2G34470,0,2,4
AT2G34470,0,2,4
AT2G38730,0,2,4
AT2G39990,0,2,4
AT2G41500,0,2,4
AT2G42740,0,2,4
AT2G43360,0,2,4
AT3G08530,0,2,4
AT3G11130,0,2,4
AT3G14210,0,2,4
AT3G17170,0,2,4
AT3G45310,0,2,4
AT3G52560,0,2,4
AT3G53900,0,2,4
AT1G02150,0,0,4
AT1G15930,0,0,4
AT1G15930,0,0,4
AT1G17370,0,0,4
AT1G17370,0,0,4
AT1G23820,0,0,4
AT1G23820,0,0,4
AT1G30620,0,0,4
AT1G30620,0,0,4
AT1G30620,0,0,4
AT1G70820,0,0,4
AT2G05830,0,0,4
AT2G05830,0,0,4
AT2G05830,0,0,4
AT2G05830,0,0,4
AT2G17420,0,0,4
AT2G19070,0,0,4
AT2G24210,0,0,4
AT2G28760,0,0,4
AT2G28760,0,0,4
AT2G35635,2,0,4
AT2G38400,0,0,4
AT2G38400,0,0,4
AT2G40490,0,0,4
AT2G40510,0,0,4
AT2G40590,0,0,4
AT2G45240,0,0,4
AT2G46580,0,0,4
AT3G22860,0,0,4
AT3G48500,0,0,4
AT3G49910,0,0,4
AT3G53460,0,0,4
AT1G29880,0,7,3
AT1G59900,0,7,3
AT2G40290,0,6,3
AT3G08900,0,6,3
AT1G02050,0,5,3
AT1G02140,0,5,3
AT1G63000,0,5,3
AT1G75270,0,5,3
AT2G06990,0,5,3
AT2G19570,0,5,3
AT2G27600,0,5,3
AT2G27880,0,5,3
AT2G29320,0,5,3
AT2G40840,0,5,3
AT3G49010,0,5,3
AT3G52990,0,5,3
AT1G04190,0,4,3
AT1G04480,0,4,3
AT1G09490,0,4,3
AT1G14510,0,4,3
AT1G25350,0,4,3
AT1G25350,0,4,3
AT1G25490,0,4,3
AT1G26550,0,4,3
AT1G31440,0,4,3
AT1G42430,0,4,3
AT1G42430,0,4,3
AT1G70310,0,4,3
AT1G74050,0,4,3
AT1G74060,0,4,3
AT2G03750,0,4,3
AT2G16485,0,4,3
AT2G31810,0,4,3
AT2G33370,0,4,3
AT2G39460,0,4,3
AT2G39460,0,4,3
AT2G39840,0,4,3
AT2G45540,0,4,3
AT2G45540,0,4,3
AT3G04400,0,4,3
AT3G04600,0,4,3
AT3G08020,0,4,3
AT3G12290,0,4,3
AT3G15360,0,4,3
AT3G15660,0,4,3
AT3G54960,0,4,3
AT1G03090,0,3,3
AT1G04170,0,3,3
AT1G04510,0,3,3
AT1G04510,0,3,3
AT1G05720,0,3,3
AT1G06500,0,3,3
AT1G06500,0,3,3
AT1G06500,0,3,3
AT1G06500,0,3,3
AT1G06680,0,3,3
AT1G06680,0,3,3
AT1G09490,0,3,3
AT1G09590,0,3,3
AT1G09690,0,3,3
AT1G13930,0,3,3
AT1G13930,0,3,3
AT1G13930,0,3,3
AT1G14320,0,3,3
AT1G14320,0,3,3
AT1G22920,0,3,3
AT1G23800,2,3,3
AT1G24180,0,3,3
AT1G26480,0,3,3
AT1G43190,0,3,3
AT1G43190,0,3,3
AT1G43190,0,3,3
AT1G48030,0,3,3
AT1G48030,0,3,3
AT1G48350,0,3,3
AT1G48900,0,3,3
AT1G48900,0,3,3
AT1G50300,0,3,3
AT1G50670,0,3,3
AT1G53580,0,3,3
AT1G53580,0,3,3
AT1G57660,0,3,3
AT1G57860,0,3,3
AT1G59830,0,3,3
AT1G62640,0,3,3
AT1G62640,0,3,3
AT1G66240,0,3,3
AT1G78680,0,3,3
AT1G78680,0,3,3
AT2G04390,0,3,3
AT2G05220,0,3,3
AT2G05220,0,3,3
AT2G15430,0,3,3
AT2G19760,0,3,3
AT2G21580,0,3,3
AT2G21580,0,3,3
AT2G31810,0,3,3
AT2G32080,4,3,3
AT2G32080,4,3,3
AT2G32240,0,3,3
AT2G37760,0,3,3
AT2G37760,0,3,3
AT2G37760,0,3,3
AT2G37760,0,3,3
AT2G37760,0,3,3
AT2G44180,0,3,3
AT3G10610,0,3,3
AT3G10740,0,3,3
AT3G11930,0,3,3
AT3G13235,0,3,3
AT3G14990,0,3,3
AT3G17240,0,3,3
AT3G25800,0,3,3
AT3G27430,0,3,3
AT3G44850,0,3,3
AT3G56860,0,3,3
AT3G62240,0,3,3
AT1G01320,0,2,3
AT1G01320,0,2,3
AT1G02780,4,2,3
AT1G12570,0,2,3
AT1G13020,0,2,3
AT1G15470,0,2,3
AT1G18540,0,2,3
AT1G24190,0,2,3
AT1G24190,0,2,3
AT1G29910,2,2,3
AT1G29920,0,2,3
AT1G29930,0,2,3
AT1G30460,0,2,3
AT1G49540,0,2,3
AT1G49540,0,2,3
AT1G50480,0,2,3
AT1G53240,0,2,3
AT1G54100,0,2,3
AT1G54100,0,2,3
AT1G56110,0,2,3
AT1G56560,0,2,3
AT1G56580,0,2,3
AT1G62750,0,2,3
AT1G69960,2,2,3
AT1G70770,0,2,3
AT1G70770,0,2,3
AT1G71500,0,2,3
AT1G74960,0,2,3
AT1G74960,0,2,3
AT1G74960,0,2,3
AT1G79500,0,2,3
AT1G79500,0,2,3
AT1G79500,0,2,3
AT1G79500,0,2,3
AT2G14880,0,2,3
AT2G16600,0,2,3
AT2G16600,0,2,3
AT2G19730,0,2,3
AT2G19730,0,2,3
AT2G19730,0,2,3
AT2G21170,0,2,3
AT2G27190,0,2,3
AT2G30860,0,2,3
AT2G30860,0,2,3
AT2G34420,0,2,3
AT2G34640,0,2,3
AT2G35605,0,2,3
AT2G36580,0,2,3
AT2G38020,0,2,3
AT2G38540,2,2,3
AT2G39930,0,2,3
AT2G40930,0,2,3
AT2G41220,0,2,3
AT2G43550,0,2,3
AT2G43710,0,2,3
AT2G43710,0,2,3
AT3G05560,0,2,3
AT3G07630,0,2,3
AT3G07720,0,2,3
AT3G14390,0,2,3
AT3G16630,0,2,3
AT3G21220,0,2,3
AT3G26618,0,2,3
AT3G27530,0,2,3
AT3G28980,0,2,3
AT3G50370,0,2,3
AT3G57520,0,2,3
AT1G02305,0,0,3
AT1G03310,0,0,3
AT1G03310,0,0,3
AT1G04990,0,0,3
AT1G04990,0,0,3
AT1G09080,0,0,3
AT1G09080,0,0,3
AT1G09830,0,0,3
AT1G10200,0,0,3
AT1G11660,0,0,3
AT1G16890,0,0,3
AT1G17290,0,0,3
AT1G21540,0,0,3
AT1G27650,0,0,3
AT1G28290,0,0,3
AT1G28290,0,0,3
AT1G30630,3,0,3
AT1G32790,0,0,3
AT1G32790,0,0,3
AT1G33680,0,0,3
AT1G35670,0,0,3
AT1G49480,0,0,3
AT1G52040,0,0,3
AT1G56450,5,0,3
AT1G64550,0,0,3
AT1G66680,0,0,3
AT1G76140,0,0,3
AT1G76140,0,0,3
AT1G78870,0,0,3
AT1G78870,0,0,3
AT1G78870,0,0,3
AT1G80380,0,0,3
AT1G80380,0,0,3
AT1G80380,0,0,3
AT2G02010,0,0,3
AT2G07360,0,0,3
AT2G07360,0,0,3
AT2G17130,0,0,3
AT2G17130,0,0,3
AT2G18450,2,0,3
AT2G18960,0,0,3
AT2G22480,0,0,3
AT2G25080,0,0,3
AT2G25170,0,0,3
AT2G26780,0,0,3
AT2G44310,0,0,3
AT2G44730,0,0,3
AT2G47650,0,0,3
AT2G47650,0,0,3
AT2G47710,0,0,3
AT3G09680,0,0,3
AT3G11200,0,0,3
AT3G12050,0,0,3
AT3G12080,0,0,3
AT3G13300,0,0,3
AT3G15970,0,0,3
AT3G22200,0,0,3
AT3G22890,0,0,3
AT3G27660,0,0,3
AT3G46460,0,0,3
AT3G49660,0,0,3
AT3G53740,0,0,3
AT3G62830,0,0,3
AT1G60200,0,9,2
AT1G18270,0,5,2
AT1G18270,0,5,2
AT1G29990,0,5,2
AT1G31730,0,5,2
AT1G09340,0,4,2
AT1G10940,0,4,2
AT1G10940,0,4,2
AT1G18270,0,4,2
AT1G32440,0,4,2
AT1G44900,0,4,2
AT1G44900,0,4,2
AT1G52300,0,4,2
AT1G62390,0,4,2
AT2G03820,0,4,2
AT2G33040,0,4,2
AT3G16080,0,4,2
AT3G21110,0,4,2
AT3G22480,0,4,2
AT3G57890,0,4,2
AT1G01800,0,3,2
AT1G01800,0,3,2
AT1G03880,0,3,2
AT1G07440,0,3,2
AT1G07440,0,3,2
AT1G07750,0,3,2
AT1G07990,0,3,2
AT1G09210,0,3,2
AT1G12470,0,3,2
AT1G15250,0,3,2
AT1G17100,2,3,2
AT1G17650,0,3,2
AT1G17760,0,3,2
AT1G21720,0,3,2
AT1G23900,0,3,2
AT1G23900,0,3,2
AT1G26110,3,3,2
AT1G26110,3,3,2
AT1G29260,0,3,2
AT1G31070,0,3,2
AT1G32500,0,3,2
AT1G49040,0,3,2
AT1G49040,0,3,2
AT1G53280,0,3,2
AT1G66240,0,3,2
AT1G74670,0,3,2
AT1G76080,0,3,2
AT1G77440,0,3,2
AT1G77440,0,3,2
AT2G04520,0,3,2
AT2G05170,0,3,2
AT2G13540,0,3,2
AT2G15400,0,3,2
AT2G28680,0,3,2
AT2G30170,0,3,2
AT2G36250,0,3,2
AT2G36250,0,3,2
AT2G36390,0,3,2
AT2G38270,0,3,2
AT3G12270,0,3,2
AT3G14120,3,3,2
AT3G16950,2,3,2
AT3G52960,0,3,2
AT3G55700,0,3,2
AT1G04080,0,2,2
AT1G04080,0,2,2
AT1G04080,0,2,2
AT1G07320,0,2,2
AT1G07320,0,2,2
AT1G07320,0,2,2
AT1G07320,0,2,2
AT1G07660,0,2,2
AT1G07820,0,2,2
AT1G07820,0,2,2
AT1G09310,0,2,2
AT1G10930,0,2,2
AT1G19870,0,2,2
AT1G20140,0,2,2
AT1G26460,0,2,2
AT1G27400,0,2,2
AT1G30120,0,2,2
AT1G30300,0,2,2
AT1G30460,0,2,2
AT1G31160,0,2,2
AT1G31812,0,2,2
AT1G48420,0,2,2
AT1G48520,0,2,2
AT1G51710,0,2,2
AT1G52340,0,2,2
AT1G52670,0,2,2
AT1G56330,0,2,2
AT1G60780,0,2,2
AT1G60900,0,2,2
AT1G64200,0,2,2
AT1G65480,0,2,2
AT1G66430,0,2,2
AT1G67280,0,2,2
AT1G67430,0,2,2
AT1G67430,0,2,2
AT1G69250,0,2,2
AT1G69250,0,2,2
AT1G72970,0,2,2
AT1G72970,0,2,2
AT1G79500,0,2,2
AT1G79530,2,2,2
AT1G79850,0,2,2
AT2G02560,0,2,2
AT2G02560,0,2,2
AT2G14750,0,2,2
AT2G17200,0,2,2
AT2G19480,0,2,2
AT2G19480,0,2,2
AT2G19480,0,2,2
AT2G20270,0,2,2
AT2G20270,0,2,2
AT2G20280,0,2,2
AT2G21130,0,2,2
AT2G28740,0,2,2
AT2G30060,0,2,2
AT2G30170,0,2,2
AT2G30870,0,2,2
AT2G32700,0,2,2
AT2G32700,0,2,2
AT2G32700,0,2,2
AT2G32700,0,2,2
AT2G32700,0,2,2
AT2G32700,0,2,2
AT2G32700,0,2,2
AT2G34590,0,2,2
AT2G47450,0,2,2
AT3G01390,0,2,2
AT3G01540,0,2,2
AT3G02730,0,2,2
AT3G03340,0,2,2
AT3G05590,0,2,2
AT3G07390,0,2,2
AT3G08030,0,2,2
AT3G10850,0,2,2
AT3G16520,0,2,2
AT3G17900,0,2,2
AT3G18090,0,2,2
AT3G19480,0,2,2
AT3G21060,0,2,2
AT3G22460,0,2,2
AT3G28500,0,2,2
AT3G45930,0,2,2
AT3G46320,0,2,2
AT3G53730,0,2,2
AT1G01560,0,0,2
AT1G01560,0,0,2
AT1G02620,0,0,2
AT1G03230,0,0,2
AT1G03710,0,0,2
AT1G03710,0,0,2
AT1G06950,0,0,2
AT1G07700,0,0,2
AT1G07700,0,0,2
AT1G07700,0,0,2
AT1G07780,0,0,2
AT1G07780,0,0,2
AT1G07780,0,0,2
AT1G07780,0,0,2
AT1G07780,0,0,2
AT1G07960,0,0,2
AT1G07960,0,0,2
AT1G07960,0,0,2
AT1G08130,0,0,2
AT1G08250,0,0,2
AT1G08420,0,0,2
AT1G08420,0,0,2
AT1G09770,0,0,2
AT1G10760,0,0,2
AT1G11910,0,0,2
AT1G13060,3,0,2
AT1G13180,0,0,2
AT1G13280,0,0,2
AT1G14670,0,0,2
AT1G14820,0,0,2
AT1G14820,0,0,2
AT1G14820,0,0,2
AT1G17210,0,0,2
AT1G21440,0,0,2
AT1G21500,0,0,2
AT1G24050,0,0,2
AT1G28400,0,0,2
AT1G29220,0,0,2
AT1G29220,0,0,2
AT1G29670,0,0,2
AT1G30470,0,0,2
AT1G30470,0,0,2
AT1G30470,0,0,2
AT1G32550,0,0,2
AT1G32550,0,0,2
AT1G32990,0,0,2
AT1G36240,0,0,2
AT1G43140,0,0,2
AT1G47490,0,0,2
AT1G47500,0,0,2
AT1G47710,0,0,2
AT1G48830,0,0,2
AT1G48830,0,0,2
AT1G48850,0,0,2
AT1G48850,0,0,2
AT1G48850,0,0,2
AT1G49660,0,0,2
AT1G51980,0,0,2
AT1G51980,0,0,2
AT1G54220,0,0,2
AT1G54220,0,0,2
AT1G54570,0,0,2
AT1G56050,0,0,2
AT1G56360,0,0,2
AT1G60830,0,0,2
AT1G65560,0,0,2
AT1G66850,0,0,2
AT1G68300,0,0,2
AT1G69510,0,0,2
AT1G69510,0,0,2
AT1G69510,0,0,2
AT1G72810,0,0,2
AT1G74850,0,0,2
AT1G74970,0,0,2
AT1G76850,0,0,2
AT1G77940,0,0,2
AT1G78150,0,0,2
AT1G78150,0,0,2
AT1G78150,0,0,2
AT1G78380,0,0,2
AT1G79230,0,0,2
AT1G79230,0,0,2
AT1G79230,0,0,2
AT1G79280,0,0,2
AT1G79280,0,0,2
AT1G79280,0,0,2
AT1G79550,0,0,2
AT1G79550,0,0,2
AT2G01350,0,0,2
AT2G01350,0,0,2
AT2G01350,0,0,2
AT2G01350,0,0,2
AT2G01490,0,0,2
AT2G01520,0,0,2
AT2G01530,0,0,2
AT2G01970,0,0,2
AT2G04690,0,0,2
AT2G04690,0,0,2
AT2G10940,0,0,2
AT2G10940,0,0,2
AT2G17510,0,0,2
AT2G17510,0,0,2
AT2G19750,0,0,2
AT2G20190,0,0,2
AT2G22170,0,0,2
AT2G23820,0,0,2
AT2G27210,0,0,2
AT2G27210,0,0,2
AT2G27720,0,0,2
AT2G27720,0,0,2
AT2G27720,0,0,2
AT2G27820,0,0,2
AT2G29690,0,0,2
AT2G32920,0,0,2
AT2G33430,0,0,2
AT2G33470,0,0,2
AT2G33470,0,0,2
AT2G33840,0,0,2
AT2G33850,0,0,2
AT2G34480,0,0,2
AT2G34560,0,0,2
AT2G34560,0,0,2
AT2G35020,0,0,2
AT2G37020,0,0,2
AT2G37020,0,0,2
AT2G39770,0,0,2
AT2G39770,0,0,2
AT2G39795,0,0,2
AT2G40010,0,0,2
AT2G40300,0,0,2
AT2G41680,0,0,2
AT2G43520,0,0,2
AT2G43750,0,0,2
AT2G43750,0,0,2
AT2G43790,0,0,2
AT2G43970,0,0,2
AT2G43970,0,0,2
AT2G44040,0,0,2
AT2G44050,0,0,2
AT2G44100,0,0,2
AT2G44100,0,0,2
AT2G44120,0,0,2
AT2G44120,0,0,2
AT2G45440,0,0,2
AT3G01090,0,0,2
AT3G01980,0,0,2
AT3G04790,0,0,2
AT3G05970,0,0,2
AT3G07110,0,0,2
AT3G07300,0,0,2
AT3G07480,0,0,2
AT3G08780,0,0,2
AT3G09200,0,0,2
AT3G11250,0,0,2
AT3G11710,0,0,2
AT3G11770,0,0,2
AT3G12390,0,0,2
AT3G12600,0,0,2
AT3G13120,0,0,2
AT3G15680,0,0,2
AT3G16400,0,0,2
AT3G16410,0,0,2
AT3G18790,0,0,2
AT3G20210,0,0,2
AT3G20280,0,0,2
AT3G20390,0,0,2
AT3G22850,0,0,2
AT3G24170,0,0,2
AT3G29320,0,0,2
AT3G44720,0,0,2
AT3G45640,0,0,2
AT3G49250,0,0,2
AT3G53020,0,0,2
AT3G56910,0,0,2
AT3G56940,0,0,2
AT3G59890,0,0,2
AT3G60245,0,0,2
AT3G61140,0,0,2
AT3G62030,0,0,2
AT1G58025,0,17,0
AT2G39730,0,16,0
AT1G55860,0,7,0
AT1G08780,0,6,0
AT1G66410,0,6,0
AT1G44835,0,4,0
AT1G44835,0,4,0
AT1G51680,0,4,0
AT1G73600,0,4,0
AT2G18790,0,4,0
AT2G23420,0,4,0
AT2G40030,0,4,0
AT3G22330,0,4,0
AT1G05680,0,3,0
AT1G07770,0,3,0
AT1G13190,0,3,0
AT1G15415,0,3,0
AT1G27540,0,3,0
AT1G27540,0,3,0
AT1G27970,0,3,0
AT1G27970,0,3,0
AT1G60070,0,3,0
AT1G60070,0,3,0
AT1G63680,0,3,0
AT1G63770,0,3,0
AT1G63770,0,3,0
AT1G63770,0,3,0
AT1G63770,0,3,0
AT1G63770,0,3,0
AT1G71770,0,3,0
AT1G71770,0,3,0
AT1G72000,0,3,0
AT1G75660,0,3,0
AT2G06510,0,3,0
AT2G06510,0,3,0
AT2G07340,0,3,0
AT2G15400,0,3,0
AT2G19770,0,3,0
AT2G20890,0,3,0
AT2G29400,0,3,0
AT2G30950,0,3,0
AT2G44530,0,3,0
AT2G44530,0,3,0
AT3G04870,0,3,0
AT3G20630,0,3,0
AT3G44890,0,3,0
AT3G49240,0,3,0
AT3G50500,0,3,0
AT3G51780,0,3,0
AT1G01300,0,2,0
AT1G01940,0,2,0
AT1G03140,0,2,0
AT1G03475,0,2,0
AT1G03680,0,2,0
AT1G03900,0,2,0
AT1G03960,0,2,0
AT1G03960,0,2,0
AT1G04710,0,2,0
AT1G06550,0,2,0
AT1G09020,0,2,0
AT1G09180,0,2,0
AT1G09795,0,2,0
AT1G10590,0,2,0
AT1G10590,0,2,0
AT1G10590,0,2,0
AT1G11840,0,2,0
AT1G11840,0,2,0
AT1G11840,0,2,0
AT1G11840,0,2,0
AT1G11840,0,2,0
AT1G11840,0,2,0
AT1G15730,0,2,0
AT1G15910,0,2,0
AT1G19835,0,2,0
AT1G19835,0,2,0
AT1G20110,0,2,0
AT1G20580,0,2,0
AT1G20600,0,2,0
AT1G21065,0,2,0
AT1G21600,0,2,0
AT1G21600,0,2,0
AT1G21690,0,2,0
AT1G21690,0,2,0
AT1G21690,0,2,0
AT1G21700,0,2,0
AT1G22430,0,2,0
AT1G22430,0,2,0
AT1G26340,0,2,0
AT1G35220,0,2,0
AT1G52380,0,2,0
AT1G54290,0,2,0
AT1G54490,0,2,0
AT1G59890,0,2,0
AT1G59890,0,2,0
AT1G59890,0,2,0
AT1G59890,0,2,0
AT1G63160,0,2,0
AT1G65060,0,2,0
AT1G67280,0,2,0
AT1G67630,0,2,0
AT1G67700,0,2,0
AT1G67700,0,2,0
AT1G67700,0,2,0
AT1G68060,0,2,0
AT1G70410,0,2,0
AT1G70410,0,2,0
AT1G70410,0,2,0
AT1G71860,0,2,0
AT1G71860,0,2,0
AT1G71860,0,2,0
AT1G75280,0,2,0
AT1G76300,0,2,0
AT1G78370,0,2,0
AT2G02400,0,2,0
AT2G03640,0,2,0
AT2G03640,0,2,0
AT2G03640,0,2,0
AT2G03640,0,2,0
AT2G04700,0,2,0
AT2G07734,0,2,0
AT2G17380,0,2,0
AT2G17700,0,2,0
AT2G18990,0,2,0
AT2G19170,0,2,0
AT2G19490,0,2,0
AT2G19940,0,2,0
AT2G19940,0,2,0
AT2G20330,0,2,0
AT2G21270,0,2,0
AT2G21270,0,2,0
AT2G21270,0,2,0
AT2G24020,0,2,0
AT2G24020,0,2,0
AT2G25650,0,2,0
AT2G25870,0,2,0
AT2G25910,0,2,0
AT2G26210,0,2,0
AT2G26210,0,2,0
AT2G26210,0,2,0
AT2G27680,0,2,0
AT2G29960,0,2,0
AT2G29960,0,2,0
AT2G30970,0,2,0
AT2G30970,0,2,0
AT2G31060,0,2,0
AT2G32900,0,2,0
AT2G38710,0,2,0
AT2G38710,0,2,0
AT2G38770,0,2,0
AT2G40980,0,2,0
AT2G42120,0,2,0
AT2G42120,0,2,0
AT2G44060,0,2,0
AT2G44060,0,2,0
AT2G47390,0,2,0
AT2G47960,0,2,0
AT3G02020,0,2,0
AT3G02360,0,2,0
AT3G03110,0,2,0
AT3G03710,0,2,0
AT3G04260,0,2,0
AT3G06670,0,2,0
AT3G07590,0,2,0
AT3G07660,0,2,0
AT3G08510,0,2,0
AT3G08943,0,2,0
AT3G08947,0,2,0
AT3G09500,0,2,0
AT3G10090,0,2,0
AT3G10270,0,2,0
AT3G10380,0,2,0
AT3G14930,0,2,0
AT3G15810,0,2,0
AT3G18390,0,2,0
AT3G25545,0,2,0
AT3G25580,0,2,0
AT3G25660,0,2,0
AT3G25940,0,2,0
AT3G29185,0,2,0
AT3G44600,0,2,0
AT3G46960,0,2,0
AT3G51550,0,2,0
AT3G53560,0,2,0
AT3G54170,0,2,0
AT3G56460,0,2,0
AT3G62010,0,2,0
AT1G24800,2,0,0
AT1G24881,2,0,0
AT1G25055,2,0,0
AT1G25150,2,0,0
AT1G25211,2,0,0
AT1G58270,2,0,0
AT2G05070,2,0,0
AT2G05100,2,0,0
AT2G29310,2,0,0
AT2G29310,2,0,0
AT2G47470,2,0,0
