Protein,AT4G36290,AT4G362901,AT4G362902,AT4G362903,WT,WT
AT3G44310,354,836,756,344,431,264
AT5G52040,180,406,684,293,446,210
AT3G08590,163,289,324,180,323,188
AT4G25500,141,326,599,234,368,168
ATCG00490,125,243,241,140,209,126
AT4G10320,110,103,83,103,103,112
AT3G44690,104,82,93,110,83,105
AT1G48120,103,113,73,100,86,103
AT3G15730,97,115,118,91,120,95
AT4G35630,92,148,154,81,182,101
AT1G19480,87,121,119,88,104,86
AT5G02500,82,95,85,89,87,87
AT3G09440,79,87,78,78,67,84
AT1G56070,78,64,75,78,58,63
AT5G26710,77,67,69,65,63,81
AT3G52930,75,89,81,81,83,84
AT1G36160,74,80,73,82,66,80
AT4G20850,70,68,73,82,59,71
AT1G52570,69,63,65,55,67,67
AT5G62690,69,74,79,71,68,67
AT5G62700,69,74,79,71,68,67
AT1G67090,66,85,63,48,53,58
AT2G29550,66,66,73,65,59,64
AT5G23860,65,66,71,65,62,63
AT1G09780,64,94,102,66,112,70
AT1G70320,62,58,50,64,50,54
AT2G17630,60,87,83,58,101,69
AT3G09840,60,50,49,55,48,59
AT1G69830,59,57,50,59,52,56
AT4G36290,59,57,37,40,0,0
AT2G36880,58,43,50,55,40,57
AT3G23990,57,61,57,58,42,51
AT3G13470,55,55,62,59,62,60
AT5G28540,55,57,58,57,46,50
AT1G55490,54,54,57,57,62,57
AT5G02490,54,60,52,56,49,52
AT4G20890,53,53,53,54,50,53
AT5G35200,53,55,50,48,57,51
AT5G42020,53,59,55,56,45,52
AT5G44340,53,52,53,53,47,52
AT1G71220,52,51,49,47,49,57
AT2G33210,52,57,43,56,39,50
AT5G38420,52,72,74,47,57,46
AT5G26000,51,45,35,39,41,44
AT3G12580,50,60,51,53,47,50
AT5G56010,50,41,41,52,36,44
AT1G62020,49,42,48,51,42,49
AT5G20890,49,40,43,44,41,44
AT5G56030,49,40,41,50,35,44
AT2G20580,48,51,45,43,41,53
AT2G28000,48,53,67,52,61,51
AT1G04820,47,42,49,51,49,42
AT1G50010,47,42,49,51,49,42
AT2G21390,47,42,47,50,42,46
AT4G14960,47,41,49,51,47,42
AT5G03340,47,41,38,44,36,46
AT5G09810,47,52,59,45,42,49
AT1G20010,46,48,49,46,45,45
AT2G28290,46,35,35,43,35,32
AT3G44300,46,53,50,45,46,35
AT1G80070,45,40,40,53,28,48
AT3G17390,45,43,51,48,38,44
AT3G44320,45,175,137,45,69,38
AT1G20960,44,39,36,39,28,42
AT2G40660,44,44,45,43,49,46
AT2G39730,43,45,53,50,42,41
AT5G12250,43,45,47,46,41,45
AT1G49240,42,44,40,43,41,40
AT3G09820,42,45,46,39,39,35
AT3G12110,42,44,44,40,36,42
AT3G13490,42,39,42,40,25,34
AT3G18780,42,44,40,43,41,40
AT4G11420,42,40,41,47,40,47
AT5G56000,42,35,38,45,29,39
AT1G57720,41,37,42,40,31,37
AT5G19770,41,36,38,42,37,39
AT5G19780,41,36,38,42,37,39
AT5G19990,41,37,41,44,39,43
AT5G26360,41,35,36,41,26,45
AT5G56500,41,36,41,44,38,40
AT1G29900,40,34,35,41,33,31
AT3G46520,40,40,41,37,32,39
AT5G20000,40,35,41,43,38,42
AT5G38430,40,50,53,41,41,41
AT5G59370,40,40,41,37,32,39
AT1G20620,39,36,38,40,32,33
AT1G53750,39,36,42,33,39,37
AT1G75780,39,40,45,37,39,38
AT2G38040,39,32,33,42,37,38
AT4G01850,39,23,32,36,23,43
AT1G55860,38,35,34,37,35,33
AT2G37620,38,42,43,40,35,40
AT3G53750,38,42,43,40,35,40
AT1G02500,37,25,35,37,23,42
AT1G07890,37,31,35,35,24,33
AT2G04030,37,25,31,32,25,36
AT3G03540,37,39,40,39,39,44
AT3G04120,37,40,40,41,37,35
AT3G56150,37,33,35,42,34,44
AT4G24280,37,35,32,38,41,40
AT5G03300,37,36,42,36,33,29
AT1G13440,36,40,40,40,35,34
AT3G11830,36,32,30,34,27,32
AT3G11910,36,26,34,41,24,34
AT1G78580,35,32,24,29,22,29
AT5G66190,35,29,19,23,21,31
AT1G07920,34,27,38,38,31,36
AT1G07930,34,27,38,38,31,36
AT1G07940,34,27,38,38,31,36
AT1G19100,34,32,25,24,0,0
AT1G64880,34,29,31,37,28,36
AT2G32730,34,31,27,32,29,29
AT2G46280,34,32,34,36,31,36
AT3G03960,34,35,33,33,35,34
AT4G28470,34,32,29,28,30,34
AT4G37910,34,26,32,31,23,25
AT5G17920,34,31,30,35,20,27
AT5G27640,34,28,31,38,34,42
AT5G60390,34,27,38,38,31,36
AT1G79920,33,33,38,30,29,30
AT1G79930,33,34,35,30,30,30
AT2G36530,33,31,35,35,22,30
AT4G35090,33,28,28,39,21,27
AT5G04140,33,30,29,28,23,26
AT5G11170,33,26,34,33,22,26
AT5G25980,33,22,26,32,24,29
AT1G42970,32,30,28,33,27,32
AT2G34160,32,53,44,30,43,29
AT2G36460,32,37,38,39,43,41
AT3G02530,32,27,32,35,23,29
AT4G33010,32,24,33,40,23,28
AT1G09640,31,28,31,30,20,29
AT1G29250,31,55,47,28,47,29
AT2G42600,31,23,34,34,20,24
AT3G05900,31,28,23,34,20,19
AT3G45140,31,30,32,36,29,37
AT4G31480,31,27,30,40,23,37
AT1G24510,30,31,32,30,33,25
AT1G78900,30,33,28,33,27,32
AT2G05920,30,22,27,30,18,29
AT2G29560,30,22,27,32,25,33
AT2G39800,30,27,26,29,27,27
AT3G06650,30,26,28,33,18,28
AT4G31490,30,26,28,41,23,33
AT5G11710,30,27,24,28,28,31
AT5G25780,30,26,29,34,29,36
AT5G49460,30,24,31,30,19,26
AT1G20200,29,24,28,27,26,34
AT1G71080,29,34,33,34,35,32
AT2G05120,29,25,22,30,25,31
AT2G41740,29,28,27,32,18,28
AT3G12915,29,13,21,26,12,15
AT3G20050,29,23,28,36,26,27
AT5G35360,29,32,29,32,28,31
AT1G15750,28,31,34,38,25,33
AT1G52400,28,22,22,31,18,25
AT1G80410,28,35,31,29,34,34
AT2G47110,28,31,30,35,11,17
AT3G05530,28,27,27,27,26,27
AT3G18190,28,33,40,41,33,40
AT3G62250,28,31,30,35,11,17
AT4G13940,28,32,25,32,30,29
AT5G16070,28,25,29,32,21,29
AT5G58290,28,29,30,29,33,29
AT5G65770,28,33,31,30,32,28
AT5G65780,28,33,31,30,32,28
AT2G26080,27,19,25,37,18,23
AT3G26650,27,28,29,27,28,30
AT3G54760,27,20,21,19,17,18
AT4G09000,27,21,35,31,19,26
AT5G09590,27,25,26,28,24,25
AT5G20830,27,22,28,30,18,33
AT1G36180,26,23,22,27,24,26
AT1G52030,26,22,22,16,20,20
AT1G78570,26,21,24,26,22,26
AT2G17360,26,20,19,29,19,21
AT3G13920,26,28,29,36,21,24
AT3G19170,26,23,23,27,16,20
AT3G57290,26,24,24,27,23,26
AT4G34450,26,20,29,30,27,32
AT4G37800,26,23,25,24,29,30
AT5G07090,26,20,19,29,19,21
AT5G20290,26,24,20,26,22,24
AT5G58420,26,19,19,29,19,21
AT1G04810,25,20,19,21,20,19
AT1G09100,25,26,25,25,23,25
AT1G23410,25,29,30,32,10,15
AT1G30230,25,23,32,26,22,24
AT1G53310,25,26,33,29,25,23
AT1G54270,25,30,30,34,21,22
AT1G65960,25,22,23,26,23,26
AT3G09880,25,23,21,22,24,18
AT3G57560,25,29,26,21,24,25
AT3G63460,25,27,31,30,30,29
AT5G06600,25,17,19,25,18,23
AT5G08450,25,21,21,25,24,19
AT5G36880,25,18,17,21,20,26
AT5G65730,25,22,21,22,18,26
AT1G06220,24,22,19,23,16,20
AT1G20020,24,20,17,22,17,24
AT1G31340,24,29,30,31,9,14
AT1G48410,24,20,20,18,16,16
AT1G52360,24,26,25,31,28,25
AT2G35635,24,29,30,31,9,14
AT4G16143,24,23,29,32,27,29
AT5G43990,24,18,18,20,15,23
AT5G52920,24,21,20,26,17,22
AT5G66420,24,23,22,24,26,27
AT1G80490,23,29,29,33,20,26
AT3G03530,23,22,17,25,19,25
AT3G60240,23,20,19,19,24,22
AT4G38970,23,23,21,27,18,27
AT5G40270,23,23,18,23,20,22
AT5G42790,23,17,17,22,19,20
AT5G43960,23,25,20,25,32,24
AT1G09620,22,20,18,27,15,16
AT1G12900,22,26,27,22,25,24
AT1G20630,22,22,19,24,17,18
AT1G43170,22,16,17,25,11,16
AT1G45000,22,20,18,23,22,22
AT1G65440,22,18,21,21,10,22
AT2G23390,22,17,22,22,17,22
AT3G03780,22,19,22,20,13,17
AT3G55610,22,25,21,21,21,17
AT3G59770,22,20,20,35,17,23
AT5G43010,22,21,18,22,21,22
AT1G29150,21,24,24,30,20,21
AT1G64740,21,18,22,25,21,23
AT1G78300,21,20,26,16,16,14
AT2G37040,21,21,22,28,16,14
AT3G02110,21,22,22,21,17,18
AT3G57410,21,26,26,20,13,23
AT4G05420,21,17,20,21,11,21
AT4G23920,21,13,18,18,23,18
AT5G47210,21,22,13,17,10,17
AT5G49910,21,23,20,20,42,34
ATCG00500,21,24,22,23,23,24
AT1G04410,20,23,29,23,22,18
AT1G05460,20,24,18,18,19,21
AT1G72370,20,24,25,20,23,21
AT1G75990,20,21,21,19,22,26
AT2G20140,20,26,26,24,24,23
AT2G27040,20,16,27,25,20,13
AT3G13860,20,20,27,27,24,26
AT3G22960,20,15,21,19,14,13
AT4G24190,20,17,23,24,17,17
AT4G29040,20,26,26,23,24,23
AT4G38630,20,19,13,12,17,18
AT5G63840,20,16,18,17,16,20
AT1G21750,19,19,25,23,16,17
AT1G50200,19,14,19,17,13,11
AT1G52410,19,13,17,13,15,23
AT2G27170,19,22,20,18,18,14
AT3G11630,19,18,18,16,13,16
AT3G15980,19,22,21,23,23,18
AT3G23810,19,23,18,21,20,20
AT3G29360,19,14,16,18,16,16
AT3G48560,19,17,21,20,12,18
AT4G28980,19,20,20,20,17,17
AT4G29270,19,15,14,17,11,12
AT5G16050,19,21,24,18,16,17
AT5G19510,19,15,18,18,20,16
AT5G35630,19,17,18,15,28,22
AT5G50920,19,17,17,16,13,14
AT1G02080,18,20,20,13,16,20
AT1G11860,18,16,12,17,13,15
AT1G23310,18,21,22,19,17,16
AT1G30580,18,15,20,16,11,12
AT1G72730,18,20,20,28,14,15
AT2G01140,18,14,17,14,11,14
AT2G21330,18,18,19,23,14,21
AT2G43770,18,11,12,17,8,15
AT3G02200,18,20,19,15,21,19
AT3G02520,18,18,25,16,17,17
AT3G12145,18,19,21,18,16,19
AT3G25230,18,15,16,22,16,12
AT3G58510,18,20,16,18,17,19
AT3G59970,18,20,21,22,18,19
AT4G29060,18,13,19,18,11,9
AT4G38680,18,18,17,19,18,17
AT5G48300,18,20,17,16,19,16
AT5G61780,18,24,24,23,20,20
ATCG00480,18,21,17,18,20,15
AT1G27090,17,17,18,18,14,16
AT1G32060,17,19,23,20,14,17
AT1G35160,17,15,24,19,13,15
AT1G35580,17,12,17,13,9,12
AT2G27020,17,15,16,16,15,16
AT2G42520,17,15,15,15,15,13
AT3G15880,17,15,18,16,12,17
AT4G33680,17,18,20,19,14,11
AT4G34110,17,19,22,18,13,17
AT5G02790,17,15,13,19,15,22
AT5G20010,17,14,16,21,14,18
AT5G30510,17,16,16,15,20,17
AT5G35590,17,19,25,23,15,17
AT5G58040,17,15,12,14,9,15
AT5G60790,17,15,11,22,13,20
ATCG00120,17,19,19,17,20,22
ATMG00280,17,25,21,16,15,12
AT1G47250,16,12,16,16,16,17
AT1G79990,16,16,18,23,17,14
AT2G14120,16,18,17,19,15,16
AT2G19070,16,10,7,10,13,10
AT2G21660,16,20,29,19,16,17
AT2G31610,16,13,18,15,14,18
AT2G45810,16,12,16,14,10,14
AT2G46020,16,19,14,13,13,15
AT3G02760,16,14,16,18,14,17
AT3G07770,16,16,13,14,12,14
AT3G22110,16,13,16,16,16,15
AT3G42170,16,16,19,17,17,17
AT3G48000,16,11,13,16,11,12
AT3G50670,16,17,18,16,16,17
AT3G60750,16,12,18,20,16,24
AT4G24820,16,19,16,15,16,18
AT4G31160,16,12,20,13,17,9
AT5G09650,16,12,10,15,12,14
AT5G10360,16,15,15,17,16,13
AT5G23540,16,13,13,16,12,18
AT5G38480,16,16,20,17,15,16
AT5G43330,16,15,17,18,15,16
AT5G46070,16,13,20,13,14,18
AT5G56290,16,11,12,16,11,19
AT5G66760,16,10,14,23,11,18
AT1G18080,15,12,18,14,15,13
AT1G20260,15,12,19,19,17,20
AT1G20950,15,11,14,15,10,13
AT1G30630,15,11,10,16,8,15
AT1G47128,15,13,19,13,10,14
AT1G60710,15,11,15,16,12,16
AT1G65010,15,18,21,14,18,12
AT1G74260,15,12,14,19,8,6
AT1G76030,15,12,19,19,17,20
AT2G19520,15,13,10,17,8,13
AT2G23350,15,13,17,18,15,20
AT2G24270,15,12,14,14,13,10
AT2G44160,15,11,16,15,13,16
AT2G47940,15,15,13,16,12,13
AT3G03250,15,18,15,13,13,14
AT3G11400,15,14,16,18,15,17
AT3G13460,15,15,15,18,13,13
AT3G14940,15,17,22,20,16,14
AT3G16830,15,14,18,17,12,14
AT3G43300,15,12,12,13,11,12
AT3G48870,15,16,15,15,11,14
AT3G53870,15,12,17,15,14,17
AT4G00570,15,17,13,23,14,13
AT4G20360,15,10,13,19,11,14
AT4G21100,15,16,18,16,9,18
AT4G33250,15,14,12,11,11,13
AT5G05010,15,13,15,16,11,15
AT5G15490,15,15,14,15,13,12
AT5G22770,15,14,16,15,12,12
AT5G22780,15,14,16,15,12,13
AT5G40450,15,11,18,15,6,8
AT1G06410,14,13,12,17,11,9
AT1G14810,14,15,13,15,10,11
AT1G16030,14,17,16,14,14,14
AT1G18450,14,15,16,14,16,12
AT1G19570,14,9,8,14,7,12
AT1G29880,14,21,17,15,13,14
AT1G49760,14,14,11,17,13,14
AT1G53500,14,16,15,17,16,15
AT1G59900,14,14,12,14,9,12
AT1G60200,14,15,10,9,13,9
AT1G64520,14,13,11,16,15,15
AT1G79830,14,12,11,12,13,13
AT2G05840,14,15,15,14,12,11
AT2G41790,14,15,13,11,11,4
AT2G47510,14,10,16,15,12,13
AT3G16640,14,16,17,16,13,12
AT3G26060,14,12,10,14,9,12
AT3G52140,14,16,16,13,13,12
AT3G55870,14,16,13,13,21,16
AT3G58500,14,13,14,11,8,12
AT3G60770,14,7,11,14,8,11
AT4G02290,14,14,10,13,8,13
AT4G04910,14,18,15,18,14,13
AT4G08390,14,12,10,16,6,12
AT4G35800,14,10,12,17,7,8
AT4G38130,14,15,13,19,14,20
AT4G38510,14,13,19,19,16,20
AT5G01600,14,12,13,10,11,12
AT5G09900,14,14,16,14,15,13
AT5G10450,14,12,15,14,9,9
AT5G15650,14,12,11,14,11,12
AT5G16730,14,15,17,18,13,15
AT5G24420,14,13,11,11,9,8
AT5G24710,14,17,19,13,15,16
AT5G36160,14,10,11,11,9,13
AT5G48880,14,10,16,16,12,14
AT5G49650,14,10,8,12,6,7
AT5G59950,14,23,12,15,12,16
AT1G06000,13,9,14,16,7,9
AT1G10840,13,13,14,19,9,13
AT1G17745,13,13,9,13,11,10
AT1G49630,13,10,7,13,5,8
AT1G68560,13,12,11,15,8,13
AT2G30050,13,8,9,12,6,9
AT2G33150,13,14,20,18,13,13
AT2G33340,13,8,11,14,11,11
AT2G41530,13,12,10,13,7,8
AT3G01500,13,16,15,19,14,15
AT3G02230,13,13,12,18,11,13
AT3G04840,13,7,14,11,14,8
AT3G16470,13,11,13,17,12,14
AT3G18060,13,8,12,16,7,10
AT3G55440,13,12,11,16,11,9
AT3G55800,13,10,13,14,9,12
AT4G19006,13,8,10,11,9,10
AT4G21280,13,11,14,12,14,12
AT4G21710,13,15,14,15,12,16
AT4G26530,13,16,14,15,14,21
AT4G27000,13,16,16,16,10,7
AT5G01410,13,14,13,12,11,10
AT5G08670,13,13,16,13,12,13
AT5G08680,13,13,16,13,12,13
AT5G08690,13,13,16,13,12,13
AT5G20720,13,12,16,18,18,13
AT5G25754,13,16,17,22,15,16
AT5G25757,13,16,17,22,15,16
AT5G26742,13,14,16,17,11,17
AT5G42970,13,12,12,11,11,10
AT5G64760,13,11,9,12,12,11
AT1G08520,12,13,15,15,15,13
AT1G21630,12,18,11,14,19,12
AT1G53850,12,14,13,16,13,15
AT1G75940,12,10,9,11,5,9
AT1G79210,12,10,9,12,11,12
AT2G01250,12,6,8,11,6,9
AT2G06850,12,10,10,15,8,12
AT2G07698,12,9,9,12,9,11
AT2G16940,12,5,13,7,5,7
AT2G28190,12,7,9,9,3,6
AT2G33800,12,15,15,16,11,7
AT2G39990,12,11,10,14,11,16
AT3G06720,12,12,11,20,11,11
AT3G14290,12,14,13,15,13,14
AT3G14790,12,14,13,17,15,13
AT3G25530,12,12,14,12,7,6
AT3G29410,12,12,12,10,8,11
AT3G45030,12,10,11,12,11,12
AT3G53110,12,10,13,20,11,17
AT3G62120,12,11,14,14,4,4
AT3G62310,12,9,15,18,2,8
AT3G62530,12,10,11,15,7,12
AT4G00100,12,7,10,13,8,10
AT4G02930,12,10,13,19,11,15
AT4G09510,12,12,10,9,9,11
AT4G33650,12,9,9,12,2,8
AT4G34200,12,12,9,10,8,10
AT4G34490,12,7,5,12,7,5
AT4G39980,12,14,14,10,8,10
AT5G02530,12,17,8,11,10,15
AT5G03470,12,13,15,17,13,16
AT5G05780,12,13,10,14,11,11
AT5G06290,12,13,16,14,13,9
AT5G07350,12,22,16,12,5,7
AT5G13520,12,11,10,13,13,9
AT5G35530,12,11,13,10,9,15
AT5G39320,12,12,14,14,10,14
AT5G45620,12,10,13,11,10,15
AT5G56740,12,12,10,16,10,9
AT5G57655,12,7,12,13,5,11
AT5G62300,12,10,11,12,11,12
ATMG01190,12,9,9,12,9,11
AT1G03090,11,12,9,13,5,10
AT1G04690,11,7,6,8,4,7
AT1G10630,11,6,9,17,7,14
AT1G13280,11,9,11,9,7,7
AT1G16470,11,10,10,12,10,11
AT1G20760,11,9,11,11,12,10
AT1G22300,11,14,19,18,14,13
AT1G23490,11,6,9,17,7,14
AT1G28400,11,7,6,7,5,7
AT1G33120,11,12,12,14,13,14
AT1G33140,11,12,12,14,13,14
AT1G48600,11,9,12,11,9,9
AT1G56450,11,8,11,11,11,10
AT1G58380,11,9,10,14,11,12
AT1G58684,11,9,10,14,11,12
AT1G58983,11,9,10,14,11,12
AT1G59359,11,9,10,14,11,12
AT1G68010,11,12,11,12,4,9
AT1G69740,11,9,13,15,12,12
AT1G70490,11,6,9,17,7,14
AT1G70580,11,14,14,10,13,9
AT1G72550,11,10,12,13,6,7
AT1G76010,11,8,6,10,5,9
AT1G80480,11,11,9,10,9,12
AT2G04842,11,9,11,14,8,11
AT2G05990,11,11,14,15,7,10
AT2G18960,11,7,6,5,9,4
AT2G25970,11,9,8,8,4,3
AT2G37660,11,9,13,14,7,10
AT2G37690,11,10,14,11,9,15
AT2G38230,11,12,8,10,10,7
AT2G42500,11,12,13,12,8,9
AT2G47170,11,6,9,17,7,14
AT3G06580,11,10,8,7,6,7
AT3G12800,11,9,9,12,8,8
AT3G14067,11,14,14,12,14,18
AT3G14120,11,7,8,8,9,10
AT3G14240,11,7,10,7,8,11
AT3G17760,11,9,10,8,9,12
AT3G23600,11,12,12,12,10,13
AT3G55120,11,10,10,11,9,11
AT3G55200,11,10,14,17,11,12
AT3G55220,11,10,14,17,11,12
AT3G61240,11,15,13,14,10,13
AT3G62290,11,6,9,17,7,14
AT3G63095,11,13,16,9,17,11
AT4G01310,11,9,9,11,5,9
AT4G04950,11,10,9,12,8,8
AT4G13430,11,9,11,13,9,9
AT4G14800,11,12,11,12,8,12
AT4G21860,11,7,7,9,5,8
AT4G24510,11,11,12,9,8,8
AT4G25130,11,7,7,12,10,8
AT4G31700,11,12,13,13,15,11
AT4G34670,11,6,8,11,9,8
AT4G35830,11,9,12,10,5,4
AT4G39260,11,11,10,10,11,12
AT5G02240,11,10,18,14,10,15
AT5G02870,11,10,15,14,10,9
AT5G03290,11,7,7,8,7,8
AT5G14670,11,6,9,17,7,14
AT5G15200,11,12,13,12,12,12
AT5G17310,11,12,12,9,9,8
AT5G26860,11,12,13,13,11,9
AT5G27030,11,13,12,15,9,8
AT5G43940,11,13,13,15,9,11
AT5G50850,11,11,16,13,7,11
AT5G52640,11,5,9,12,5,10
AT5G56360,11,15,10,10,5,9
AT5G62790,11,13,15,15,8,13
AT5G65720,11,13,8,8,9,8
AT5G66140,11,6,6,12,5,10
ATCG00380,11,7,8,13,4,10
ATCG00800,11,6,8,11,7,11
AT1G03630,10,9,9,9,11,12
AT1G06290,10,4,10,10,5,7
AT1G08200,10,10,9,16,6,6
AT1G13060,10,12,15,9,11,11
AT1G17760,10,6,9,9,6,4
AT1G22410,10,9,10,11,10,10
AT1G22920,10,5,5,9,4,9
AT1G26630,10,16,16,14,6,12
AT1G43690,10,7,10,10,6,6
AT1G48630,10,9,12,10,13,11
AT1G48860,10,8,12,14,6,8
AT1G60420,10,6,8,11,7,11
AT1G70830,10,8,11,12,9,10
AT1G76810,10,13,7,9,6,8
AT1G80460,10,12,11,12,7,6
AT2G04390,10,5,6,6,4,5
AT2G05220,10,5,6,6,4,5
AT2G16780,10,6,10,10,4,4
AT2G27860,10,9,8,12,5,6
AT2G30110,10,9,9,11,3,5
AT2G32080,10,8,9,9,8,9
AT2G40840,10,13,10,9,10,6
AT2G42100,10,15,17,18,18,17
AT2G42590,10,9,10,7,6,8
AT2G43090,10,11,9,11,8,7
AT3G09630,10,9,14,14,13,11
AT3G14100,10,4,9,16,5,12
AT3G19760,10,14,14,18,8,10
AT3G47370,10,7,9,10,8,9
AT3G51260,10,7,7,9,6,9
AT3G52990,10,9,8,10,6,4
AT3G56490,10,10,11,13,9,10
AT3G58570,10,12,8,9,11,8
AT3G60820,10,9,10,12,12,8
AT4G02480,10,9,4,14,7,10
AT4G08350,10,11,13,13,9,9
AT4G17520,10,10,10,11,7,8
AT4G20980,10,9,8,9,5,8
AT4G31990,10,10,11,9,5,6
AT4G38740,10,7,11,9,7,12
AT4G39330,10,8,11,16,6,12
AT5G04800,10,5,6,6,4,5
AT5G06850,10,7,6,9,8,11
AT5G43060,10,3,9,7,7,8
AT5G53460,10,5,10,14,5,8
AT5G58230,10,12,12,15,8,12
AT5G58470,10,8,10,11,6,12
AT5G59290,10,12,8,14,9,12
AT5G65430,10,8,13,13,7,8
AT5G67630,10,9,9,8,9,11
ATCG00170,10,10,15,15,14,13
AT1G01320,9,5,11,10,6,5
AT1G04510,9,4,4,5,5,6
AT1G04530,9,4,6,7,9,5
AT1G07140,9,7,5,7,4,3
AT1G09270,9,10,12,13,7,11
AT1G09310,9,9,11,11,9,11
AT1G12000,9,14,12,17,10,11
AT1G12310,9,11,9,11,8,8
AT1G13270,9,6,10,11,5,7
AT1G23740,9,5,5,7,3,6
AT1G26110,9,6,10,8,9,10
AT1G62750,9,11,8,8,6,6
AT1G73380,9,8,11,10,8,10
AT1G76550,9,5,7,10,3,9
AT2G16440,9,7,9,9,2,4
AT2G17410,9,7,6,8,5,7
AT2G18110,9,13,17,15,13,12
AT2G30860,9,8,8,12,9,12
AT2G34970,9,10,10,7,10,10
AT2G41680,9,6,6,10,6,10
AT2G45300,9,9,11,12,5,7
AT3G01090,9,8,7,7,5,5
AT3G01780,9,17,19,8,14,11
AT3G03710,9,5,5,11,3,5
AT3G09810,9,4,5,6,4,5
AT3G10610,9,5,6,6,4,5
AT3G10850,9,10,10,13,2,8
AT3G11510,9,9,9,13,8,8
AT3G14990,9,4,7,7,4,3
AT3G17900,9,9,9,8,0,10
AT3G27740,9,8,14,14,10,11
AT3G44110,9,9,9,9,8,9
AT3G47520,9,7,8,9,10,6
AT3G51240,9,10,7,7,9,7
AT3G54670,9,10,9,11,10,11
AT3G56090,9,8,10,10,8,11
AT3G58610,9,9,11,12,11,12
AT3G60830,9,9,11,12,6,9
AT4G00490,9,9,9,15,5,4
AT4G00660,9,7,10,10,6,10
AT4G13780,9,6,7,8,3,4
AT4G13930,9,10,8,11,8,9
AT4G16130,9,8,10,15,7,10
AT4G16340,9,13,11,7,8,5
AT4G17190,9,7,5,8,6,7
AT4G21580,9,8,9,9,7,7
AT4G22010,9,6,7,6,5,6
AT4G27440,9,10,9,9,7,7
AT4G30160,9,7,11,7,5,4
AT4G31180,9,8,8,11,8,6
AT4G37930,9,9,9,8,8,7
AT5G14740,9,9,10,10,9,10
AT5G19550,9,10,10,8,6,7
AT5G39570,9,9,9,10,7,9
AT5G46290,9,9,7,10,7,9
AT5G48230,9,5,6,8,5,6
AT5G50950,9,4,6,7,5,7
AT5G52650,9,6,9,10,4,4
AT5G52882,9,7,6,8,10,9
AT5G55230,9,8,9,12,9,8
AT5G61970,9,11,11,8,7,6
ATCG00180,9,6,10,6,8,6
ATCG00900,9,8,9,8,7,7
ATCG01240,9,8,9,8,7,7
AT1G01090,8,7,8,9,7,5
AT1G07660,8,8,10,7,4,5
AT1G07820,8,8,10,7,4,5
AT1G09340,8,8,9,7,6,7
AT1G13320,8,10,7,7,5,8
AT1G17720,8,7,12,8,8,6
AT1G18270,8,9,9,8,5,5
AT1G24180,8,6,9,8,6,6
AT1G24800,8,7,7,4,4,3
AT1G24881,8,7,7,4,4,3
AT1G25055,8,7,7,4,4,3
AT1G25150,8,7,7,4,4,3
AT1G25211,8,7,7,4,4,3
AT1G30460,8,6,7,5,6,11
AT1G34430,8,3,9,6,5,7
AT1G48050,8,14,12,8,2,0
AT1G59830,8,7,8,8,6,4
AT1G62390,8,6,8,8,6,9
AT1G75270,8,4,9,11,6,8
AT1G75950,8,8,7,7,6,8
AT2G03680,8,0,4,6,3,8
AT2G07360,8,7,11,15,7,10
AT2G16600,8,6,11,9,9,9
AT2G17870,8,13,11,12,8,12
AT2G18020,8,7,9,7,7,7
AT2G18450,8,4,7,10,7,9
AT2G21060,8,9,6,8,9,10
AT2G24200,8,9,10,10,5,9
AT2G27030,8,8,8,12,4,8
AT2G28740,8,8,10,7,4,5
AT2G36160,8,9,9,12,8,9
AT2G36250,8,8,6,6,4,5
AT2G36580,8,8,6,9,5,4
AT2G38400,8,3,6,9,5,6
AT2G41110,8,7,8,12,4,0
AT2G41220,8,7,7,8,3,4
AT2G41840,8,11,11,13,11,9
AT2G43030,8,5,6,6,8,8
AT2G44120,8,7,7,8,5,5
AT2G47470,8,6,8,9,7,8
AT2G47730,8,8,9,7,8,6
AT3G01340,8,6,8,8,7,9
AT3G02780,8,9,7,7,6,6
AT3G03570,8,10,9,9,10,11
AT3G13300,8,5,6,6,2,8
AT3G13930,8,9,9,8,7,8
AT3G14210,8,8,9,12,6,11
AT3G14420,8,9,10,7,6,6
AT3G18035,8,7,6,2,0,0
AT3G18130,8,6,11,8,10,7
AT3G19980,8,4,9,9,4,8
AT3G45930,8,8,10,7,4,5
AT3G46320,8,8,10,7,4,5
AT3G46440,8,10,6,10,7,10
AT3G48420,8,7,7,9,4,3
AT3G49010,8,3,7,9,6,6
AT3G49680,8,8,8,11,5,8
AT3G52150,8,7,4,8,4,7
AT3G52180,8,8,6,6,5,9
AT3G53260,8,8,9,10,7,6
AT3G53730,8,8,10,7,4,5
AT3G54930,8,8,5,8,7,11
AT3G55760,8,9,6,10,5,9
AT3G56800,8,0,8,12,4,0
AT3G58140,8,10,8,8,5,6
AT3G59480,8,3,6,8,4,7
AT4G02150,8,7,7,7,4,5
AT4G11380,8,14,13,12,13,11
AT4G14160,8,10,9,7,8,6
AT4G14570,8,4,6,12,3,5
AT4G14880,8,6,3,6,4,8
AT4G16060,8,3,4,8,2,5
AT4G20130,8,7,4,4,5,6
AT4G24620,8,8,6,6,7,4
AT4G28080,8,5,10,6,5,6
AT4G29010,8,5,7,11,5,9
AT4G29510,8,7,9,10,11,12
AT4G30190,8,7,4,4,8,4
AT4G31300,8,13,11,11,9,12
AT4G34430,8,4,7,4,2,4
AT4G34860,8,5,6,6,3,8
AT4G35260,8,8,8,7,5,4
AT4G35450,8,5,8,7,3,5
AT4G36130,8,7,8,8,6,8
AT5G10470,8,3,9,5,6,4
AT5G12110,8,8,6,7,10,6
AT5G14240,8,8,6,6,10,9
AT5G15020,8,10,10,7,6,7
AT5G16280,8,7,0,5,0,4
AT5G16440,8,9,6,8,5,8
AT5G21150,8,9,9,7,8,4
AT5G22330,8,5,7,7,3,8
AT5G24780,8,8,8,6,6,8
AT5G26830,8,4,8,10,5,9
AT5G27850,8,5,5,9,3,5
AT5G35430,8,4,5,7,6,7
AT5G35790,8,4,5,4,4,5
AT5G42190,8,8,7,6,5,6
AT5G43830,8,7,8,12,6,8
AT5G48180,8,10,9,12,8,5
AT5G53480,8,6,6,8,6,4
AT5G55220,8,5,8,3,3,5
AT5G59690,8,8,10,7,4,5
AT5G59970,8,8,10,7,4,5
AT5G60160,8,8,9,6,5,9
AT5G62270,8,4,6,5,4,7
AT5G64370,8,5,9,10,5,11
AT1G02050,7,6,6,6,3,5
AT1G07370,7,6,8,6,3,4
AT1G08830,7,6,5,8,3,5
AT1G10430,7,6,6,7,5,4
AT1G10670,7,9,9,13,10,10
AT1G11650,7,9,9,9,6,7
AT1G12050,7,6,6,6,4,4
AT1G12230,7,8,9,7,5,5
AT1G13880,7,8,9,7,7,5
AT1G14610,7,12,9,13,7,4
AT1G18500,7,11,13,15,6,12
AT1G20220,7,5,4,5,4,7
AT1G22780,7,6,6,8,4,6
AT1G24020,7,10,9,11,9,7
AT1G25350,7,4,5,6,4,2
AT1G25490,7,9,8,13,4,10
AT1G30470,7,6,7,5,4,2
AT1G30620,7,3,4,5,3,8
AT1G31230,7,12,11,13,7,3
AT1G32990,7,6,6,8,7,7
AT1G34030,7,6,6,8,4,6
AT1G47710,7,4,4,5,3,4
AT1G48850,7,3,5,7,2,5
AT1G50370,7,4,7,8,4,7
AT1G51690,7,5,5,8,7,8
AT1G51710,7,4,3,6,3,3
AT1G53240,7,6,7,8,6,7
AT1G54080,7,5,6,9,4,8
AT1G62820,7,7,8,10,6,6
AT1G62940,7,11,9,9,7,8
AT1G63660,7,13,9,9,14,7
AT1G70310,7,5,6,6,4,6
AT1G71840,7,2,5,5,3,7
AT1G72150,7,9,6,5,2,7
AT1G74030,7,10,6,7,9,5
AT1G74470,7,10,8,8,6,7
AT1G79440,7,10,13,4,7,5
AT2G01350,7,6,7,5,3,3
AT2G05170,7,5,5,6,4,5
AT2G15430,7,4,9,7,6,7
AT2G17130,7,5,6,6,4,4
AT2G19570,7,7,6,8,3,5
AT2G22400,7,6,7,9,4,6
AT2G28760,7,9,6,9,7,7
AT2G31390,7,7,8,7,8,6
AT2G32060,7,8,6,6,7,7
AT2G34810,7,5,5,3,3,0
AT2G37190,7,5,5,6,4,5
AT2G38270,7,6,9,8,4,7
AT2G38700,7,7,10,5,8,3
AT2G38770,7,5,5,6,5,4
AT2G40290,7,9,7,10,5,8
AT2G40490,7,6,11,10,7,8
AT2G41040,7,5,4,6,3,6
AT2G42910,7,13,14,12,9,4
AT2G43750,7,8,10,10,6,6
AT2G44350,7,7,10,10,6,5
AT2G45240,7,5,6,8,3,8
AT2G47250,7,4,12,15,3,9
AT2G47580,7,7,7,8,6,8
AT3G03950,7,6,9,7,6,7
AT3G04260,7,6,6,8,8,9
AT3G04910,7,6,5,6,5,5
AT3G05420,7,10,9,9,4,5
AT3G06860,7,10,11,12,9,10
AT3G10690,7,10,9,13,8,8
AT3G12780,7,10,11,12,7,9
AT3G13580,7,5,5,5,5,4
AT3G14310,7,6,5,7,5,7
AT3G18000,7,6,8,5,9,5
AT3G21110,7,7,6,5,7,6
AT3G22630,7,10,9,8,6,9
AT3G47650,7,4,4,6,5,7
AT3G48930,7,8,10,5,9,6
AT3G51800,7,4,8,6,5,4
AT3G52560,7,4,4,8,3,3
AT3G52580,7,8,9,11,8,7
AT3G53430,7,5,5,6,4,5
AT3G53900,7,7,7,6,5,9
AT3G55020,7,7,5,6,2,7
AT3G59630,7,2,5,3,0,2
AT3G61140,7,7,5,10,7,5
AT3G62870,7,7,8,7,3,4
AT3G63490,7,8,9,10,8,9
AT4G01370,7,4,9,7,5,8
AT4G09670,7,7,5,5,0,3
AT4G09800,7,6,6,8,4,6
AT4G10340,7,7,8,8,9,12
AT4G14710,7,7,6,11,4,7
AT4G15210,7,0,7,9,3,8
AT4G16720,7,6,7,10,7,6
AT4G16830,7,6,6,9,3,5
AT4G17390,7,6,7,10,7,6
AT4G18040,7,5,4,10,5,12
AT4G18480,7,13,11,10,8,7
AT4G19210,7,7,9,11,4,6
AT4G20050,7,5,6,6,5,4
AT4G24130,7,5,6,9,4,7
AT4G25740,7,6,8,9,5,4
AT4G26900,7,6,7,7,0,2
AT4G37210,7,4,4,4,0,2
AT4G39660,7,7,6,7,6,7
AT5G03650,7,3,2,6,3,3
AT5G03690,7,6,6,6,9,10
AT5G04430,7,11,10,11,7,9
AT5G05730,7,6,7,7,4,8
AT5G08640,7,5,6,10,6,7
AT5G10920,7,6,6,12,5,3
AT5G13650,7,6,9,8,7,8
AT5G14250,7,6,7,6,6,7
AT5G18380,7,8,8,6,6,7
AT5G22060,7,6,6,6,7,6
AT5G22580,7,4,5,6,4,7
AT5G26570,7,4,8,8,4,3
AT5G28840,7,6,7,10,11,10
AT5G35980,7,6,8,5,10,6
AT5G36210,7,2,6,5,2,0
AT5G39740,7,3,6,8,2,4
AT5G40370,7,5,5,5,4,5
AT5G42740,7,5,7,6,3,3
AT5G42980,7,8,10,9,9,9
AT5G44635,7,8,9,9,7,11
AT5G45930,7,11,7,8,4,6
AT5G47770,7,8,9,6,6,6
AT5G55670,7,8,6,8,4,7
AT5G56630,7,5,7,5,6,8
AT5G57870,7,10,9,9,7,10
AT5G64350,7,6,7,10,3,5
AT5G65010,7,3,4,6,3,5
AT1G02690,6,3,4,7,5,4
AT1G05190,6,8,7,7,7,5
AT1G05520,6,8,8,8,6,7
AT1G06030,6,4,5,5,4,5
AT1G06680,6,6,5,6,3,4
AT1G08190,6,2,3,5,3,7
AT1G09020,6,4,7,6,6,3
AT1G09770,6,3,6,6,3,5
AT1G11840,6,4,5,6,5,4
AT1G12840,6,10,8,6,5,3
AT1G12920,6,6,8,4,3,4
AT1G14410,6,4,5,5,5,6
AT1G15340,6,5,6,6,3,4
AT1G15930,6,10,8,7,8,7
AT1G16350,6,5,7,9,7,7
AT1G16970,6,8,4,6,0,0
AT1G17100,6,4,7,6,5,4
AT1G17370,6,3,5,9,5,7
AT1G18210,6,5,7,10,3,8
AT1G18540,6,6,6,5,10,4
AT1G23820,6,10,6,8,5,4
AT1G24190,6,4,3,7,3,6
AT1G29350,6,8,7,5,7,7
AT1G32200,6,3,5,7,2,5
AT1G33680,6,7,4,6,5,6
AT1G44900,6,10,8,16,9,6
AT1G48920,6,4,9,6,3,4
AT1G49670,6,8,7,6,9,5
AT1G60900,6,5,5,7,4,7
AT1G65450,6,6,8,7,6,6
AT1G65930,6,10,9,8,6,8
AT1G69250,6,5,3,3,2,0
AT1G70710,6,4,4,4,5,4
AT1G70820,6,7,4,4,2,3
AT1G72970,6,3,3,4,4,5
AT1G74050,6,9,8,3,9,4
AT1G74060,6,9,8,0,9,4
AT1G74970,6,5,5,7,8,9
AT1G75280,6,6,6,9,4,4
AT1G78150,6,3,0,5,0,3
AT1G78680,6,3,3,5,2,0
AT1G79530,6,8,7,7,4,9
AT1G79870,6,6,5,6,5,4
AT2G03750,6,10,8,5,7,4
AT2G09990,6,6,6,5,5,6
AT2G13560,6,10,12,11,8,5
AT2G14260,6,3,5,7,2,4
AT2G17420,6,5,9,12,8,12
AT2G18040,6,3,6,8,5,5
AT2G22125,6,8,14,12,7,5
AT2G24940,6,5,6,6,5,5
AT2G26060,6,7,7,5,3,5
AT2G27880,6,6,9,3,6,3
AT2G28470,6,3,4,6,0,5
AT2G28790,6,8,4,7,6,8
AT2G29320,6,8,7,6,6,5
AT2G31810,6,3,5,8,3,6
AT2G39770,6,5,6,5,7,10
AT2G42270,6,9,8,4,9,5
AT2G44040,6,5,4,3,3,7
AT2G44530,6,4,5,6,0,6
AT2G47610,6,7,7,7,4,4
AT3G02080,6,6,6,6,7,6
AT3G03380,6,4,8,3,4,2
AT3G05560,6,4,6,6,4,5
AT3G07030,6,5,4,4,5,3
AT3G10380,6,7,4,4,3,2
AT3G11270,6,8,7,6,8,9
AT3G14415,6,5,6,5,6,6
AT3G15190,6,6,8,8,6,7
AT3G15610,6,5,6,8,5,2
AT3G16400,6,6,3,8,4,4
AT3G17810,6,7,7,7,4,7
AT3G22330,6,4,7,4,6,3
AT3G22850,6,4,6,7,2,2
AT3G25520,6,6,7,7,2,5
AT3G25800,6,11,9,10,7,9
AT3G25810,6,3,3,5,5,7
AT3G25860,6,5,7,9,7,8
AT3G25920,6,6,6,7,10,7
AT3G26340,6,10,10,7,9,8
AT3G26420,6,7,4,4,2,7
AT3G27430,6,8,8,7,3,7
AT3G43190,6,3,4,9,3,5
AT3G45190,6,5,7,9,5,7
AT3G48500,6,7,4,8,3,6
AT3G50590,6,9,7,11,6,10
AT3G51840,6,11,8,8,4,3
AT3G53030,6,6,6,7,5,8
AT3G53180,6,12,9,4,8,9
AT3G54440,6,7,5,4,2,0
AT3G54470,6,5,6,13,5,9
AT3G57520,6,6,2,3,2,2
AT3G57610,6,5,7,11,3,4
AT3G58110,6,8,10,7,7,6
AT3G59890,6,4,5,4,3,4
AT4G02570,6,9,9,8,6,6
AT4G03190,6,11,7,6,9,9
AT4G05180,6,7,5,8,6,8
AT4G08900,6,6,4,9,4,0
AT4G10840,6,8,6,7,4,6
AT4G13400,6,4,5,7,6,6
AT4G14716,6,6,5,10,3,8
AT4G16390,6,4,3,6,4,6
AT4G17330,6,7,12,6,3,4
AT4G17830,6,5,7,6,4,3
AT4G18240,6,5,5,7,4,7
AT4G20440,6,7,7,10,6,10
AT4G20460,6,3,4,5,2,7
AT4G23460,6,11,12,11,10,9
AT4G23600,6,8,6,5,3,4
AT4G26270,6,4,5,5,4,7
AT4G31120,6,6,8,8,5,3
AT4G34350,6,9,8,6,6,5
AT4G34870,6,7,6,6,9,6
AT4G36020,6,5,3,7,3,4
AT4G36280,6,8,4,5,0,0
AT4G36690,6,6,5,7,5,7
AT5G04130,6,3,2,4,3,5
AT5G06060,6,9,8,10,7,7
AT5G09390,6,8,5,6,4,5
AT5G10240,6,4,6,6,4,5
AT5G11040,6,8,7,6,5,3
AT5G13680,6,4,3,9,7,5
AT5G13780,6,5,5,7,6,6
AT5G15610,6,11,9,8,12,6
AT5G16130,6,6,7,7,5,8
AT5G16450,6,5,6,5,5,5
AT5G16710,6,4,5,4,2,2
AT5G16780,6,4,6,7,5,3
AT5G17380,6,3,5,7,2,2
AT5G20280,6,7,8,7,5,5
AT5G27450,6,3,3,2,2,2
AT5G27770,6,4,6,6,4,5
AT5G38640,6,4,5,4,4,7
AT5G40580,6,7,6,6,2,6
AT5G41520,6,4,4,5,4,7
AT5G44320,6,8,7,6,5,7
AT5G44500,6,7,7,10,6,10
AT5G48650,6,4,5,6,0,4
AT5G52840,6,6,6,5,4,5
AT5G53620,6,7,8,8,5,5
AT5G53850,6,4,6,4,2,4
AT5G56680,6,6,0,6,3,3
AT5G57460,6,6,5,4,5,4
AT5G58330,6,6,7,6,6,9
AT5G59810,6,5,3,4,5,9
AT5G61020,6,7,5,6,6,6
AT5G63110,6,9,9,11,10,12
AT5G63860,6,4,6,8,6,0
AT5G65950,6,9,5,7,4,2
AT5G66570,6,8,10,6,8,5
AT5G67360,6,6,7,5,4,7
ATCG00160,6,6,7,8,5,7
ATCG00190,6,10,10,5,8,6
ATCG00780,6,2,6,6,5,4
AT1G02150,5,8,9,8,6,7
AT1G04170,5,9,9,5,8,5
AT1G06900,5,4,4,5,0,0
AT1G07320,5,5,5,6,6,3
AT1G07440,5,6,3,7,4,6
AT1G07770,5,5,5,7,3,6
AT1G12570,5,4,5,4,2,2
AT1G12780,5,4,7,9,7,5
AT1G12910,5,6,3,6,5,6
AT1G14320,5,4,4,6,8,4
AT1G18070,5,7,4,4,0,2
AT1G20580,5,4,4,6,4,4
AT1G23290,5,3,5,5,4,6
AT1G24360,5,3,3,3,3,0
AT1G26230,5,4,2,3,3,4
AT1G26460,5,3,2,2,2,0
AT1G27970,5,5,4,5,4,5
AT1G29370,5,9,9,5,6,7
AT1G29940,5,2,5,3,0,2
AT1G35310,5,3,5,5,4,4
AT1G42440,5,0,0,4,0,0
AT1G43190,5,6,6,5,4,7
AT1G44835,5,4,4,4,0,2
AT1G50480,5,4,5,8,2,3
AT1G52670,5,2,3,4,2,3
AT1G56190,5,6,10,10,4,7
AT1G60810,5,5,5,7,4,5
AT1G61150,5,6,6,6,4,3
AT1G61580,5,4,7,7,3,4
AT1G61730,5,2,0,0,0,0
AT1G63000,5,6,5,8,4,5
AT1G67230,5,9,6,13,7,4
AT1G69960,5,4,6,5,3,2
AT1G70600,5,3,5,5,4,6
AT1G71260,5,4,5,3,0,0
AT1G71500,5,7,6,9,4,6
AT1G71860,5,3,4,3,0,2
AT1G74040,5,8,9,10,5,10
AT1G75910,5,4,4,4,0,0
AT1G78380,5,3,0,6,2,3
AT2G02010,5,3,6,3,4,5
AT2G03640,5,4,5,5,0,6
AT2G03820,5,6,4,2,5,4
AT2G05710,5,13,10,8,3,4
AT2G14170,5,7,9,3,3,3
AT2G18790,5,7,5,6,4,4
AT2G19480,5,5,7,8,4,5
AT2G21580,5,2,5,4,2,4
AT2G22250,5,6,6,2,7,5
AT2G25170,5,6,5,3,4,4
AT2G29570,5,5,9,5,3,4
AT2G29690,5,4,8,5,6,2
AT2G30200,5,7,8,6,6,6
AT2G31320,5,4,5,0,0,0
AT2G34480,5,5,6,5,4,4
AT2G39080,5,6,5,6,4,3
AT2G40300,5,4,6,5,6,3
AT2G40930,5,2,2,3,0,4
AT2G45710,5,3,4,4,2,4
AT2G46290,5,7,5,8,6,6
AT3G01310,5,13,9,8,5,8
AT3G02770,5,4,5,3,4,4
AT3G02930,5,3,3,4,4,4
AT3G04600,5,8,10,8,7,9
AT3G04610,5,6,7,7,6,3
AT3G04790,5,4,4,5,2,6
AT3G05590,5,5,5,6,3,4
AT3G06820,5,4,2,3,3,3
AT3G07100,5,11,16,9,10,7
AT3G07720,5,6,2,5,3,5
AT3G08943,5,2,4,4,2,0
AT3G10340,5,9,6,7,5,4
AT3G12490,5,5,5,8,5,6
AT3G15660,5,5,6,7,3,5
AT3G16060,5,5,0,6,2,3
AT3G18490,5,3,5,5,5,4
AT3G19770,5,3,0,5,4,3
AT3G20790,5,6,6,6,4,7
AT3G20820,5,4,5,4,6,5
AT3G21750,5,5,6,5,7,4
AT3G22170,5,2,2,3,0,0
AT3G22230,5,0,3,4,3,3
AT3G22320,5,2,4,6,4,5
AT3G22990,5,4,4,4,8,6
AT3G23780,5,5,3,3,5,4
AT3G23830,5,5,4,2,2,5
AT3G25150,5,4,6,4,3,6
AT3G27830,5,4,6,5,5,5
AT3G27850,5,4,6,5,5,5
AT3G44340,5,12,10,9,6,7
AT3G46000,5,0,2,0,2,0
AT3G46040,5,4,4,5,2,5
AT3G47340,5,2,0,5,2,2
AT3G49240,5,4,5,5,5,5
AT3G52880,5,8,8,8,5,6
AT3G52960,5,3,6,9,6,6
AT3G53460,5,4,3,3,3,4
AT3G53580,5,5,5,7,5,5
AT3G54050,5,3,4,5,6,11
AT3G54860,5,4,3,7,3,3
AT3G56860,5,3,3,5,4,3
AT3G57890,5,4,8,7,4,3
AT3G59760,5,6,9,4,3,5
AT3G59990,5,4,5,5,2,3
AT3G61110,5,3,4,4,2,4
AT3G61820,5,0,6,2,2,3
AT4G02580,5,3,3,3,3,4
AT4G04640,5,4,4,6,2,5
AT4G09010,5,7,8,9,5,5
AT4G09020,5,9,9,6,9,5
AT4G09320,5,7,5,5,5,5
AT4G11010,5,6,5,6,2,4
AT4G11150,5,4,0,7,5,3
AT4G11820,5,6,4,5,6,3
AT4G15000,5,0,4,5,4,4
AT4G15410,5,16,8,7,0,0
AT4G22930,5,2,4,6,0,0
AT4G26110,5,2,6,10,2,6
AT4G26720,5,3,2,6,3,4
AT4G26760,5,4,6,6,3,5
AT4G27090,5,4,4,5,3,3
AT4G29590,5,3,3,3,3,2
AT4G29830,5,4,5,5,4,4
AT4G32720,5,5,7,5,4,4
AT4G32840,5,2,3,3,2,3
AT4G33090,5,7,10,8,10,7
AT4G33510,5,8,7,5,6,0
AT4G34555,5,0,6,0,0,0
AT4G34740,5,0,0,5,2,4
AT4G35250,5,6,6,3,2,5
AT4G37870,5,7,6,7,4,8
AT4G39280,5,4,5,6,0,4
AT5G04280,5,2,4,6,2,5
AT5G04740,5,3,6,2,4,2
AT5G08570,5,8,5,6,6,3
AT5G12140,5,2,3,2,0,4
AT5G13630,5,0,2,4,0,0
AT5G14060,5,5,5,3,4,4
AT5G14170,5,4,5,5,8,6
AT5G14320,5,0,4,6,5,5
AT5G16290,5,3,4,4,3,3
AT5G16715,5,6,9,7,5,4
AT5G18100,5,4,4,4,3,4
AT5G19370,5,8,8,5,8,8
AT5G19485,5,8,4,4,5,5
AT5G20630,5,4,5,7,5,6
AT5G20920,5,8,4,5,3,7
AT5G23740,5,5,5,5,4,3
AT5G27410,5,4,8,6,2,3
AT5G28060,5,4,4,4,3,5
AT5G28850,5,7,8,8,7,4
AT5G28900,5,7,8,8,7,4
AT5G45950,5,0,0,4,2,3
AT5G47010,5,7,10,7,8,5
AT5G47930,5,0,3,4,2,4
AT5G50320,5,4,6,8,6,3
AT5G53440,5,6,6,4,5,8
AT5G54440,5,6,8,12,6,8
AT5G54900,5,6,6,8,6,7
AT5G58590,5,3,4,6,2,2
AT5G59850,5,5,5,7,3,6
AT5G60100,5,6,11,6,10,11
AT5G60670,5,3,3,4,4,4
AT5G60980,5,3,6,6,2,4
AT5G61170,5,5,4,5,6,5
AT5G63570,5,4,5,6,6,6
AT5G63680,5,7,6,4,5,3
AT5G64040,5,6,0,6,5,6
AT5G66530,5,3,0,5,2,0
ATCG00740,5,6,5,5,4,6
ATCG00830,5,7,5,8,4,7
ATCG01060,5,8,9,5,7,4
ATCG01310,5,7,5,8,4,7
AT1G02140,4,3,6,6,3,4
AT1G02780,4,4,4,5,3,3
AT1G03230,4,4,5,2,2,2
AT1G03475,4,4,5,5,2,5
AT1G04080,4,0,3,5,4,3
AT1G04190,4,4,4,5,4,3
AT1G04990,4,4,3,3,2,3
AT1G06260,4,3,5,5,2,4
AT1G09590,4,2,4,4,3,2
AT1G09690,4,2,4,4,3,2
AT1G10200,4,3,3,4,2,3
AT1G10370,4,3,2,5,3,4
AT1G11660,4,0,3,4,0,5
AT1G12270,4,0,2,5,0,2
AT1G12380,4,0,0,2,0,4
AT1G12430,4,2,2,2,2,0
AT1G17290,4,7,6,5,4,4
AT1G20440,4,4,5,3,3,2
AT1G21540,4,6,3,4,4,4
AT1G21700,4,3,5,2,3,4
AT1G21720,4,3,3,5,0,4
AT1G26910,4,4,3,5,2,3
AT1G27400,4,5,3,3,6,5
AT1G29910,4,6,5,5,4,3
AT1G29920,4,6,5,5,4,3
AT1G29930,4,6,5,5,4,3
AT1G31730,4,5,4,5,2,2
AT1G32500,4,6,5,3,5,3
AT1G35680,4,2,2,5,3,4
AT1G35780,4,4,4,6,2,5
AT1G48350,4,3,2,2,3,3
AT1G48620,4,5,0,0,0,0
AT1G48900,4,6,7,4,3,2
AT1G50300,4,2,7,6,4,4
AT1G51510,4,4,6,5,4,4
AT1G52040,4,6,6,5,6,5
AT1G52380,4,3,2,3,3,0
AT1G52730,4,7,6,8,3,3
AT1G53580,4,3,5,3,4,4
AT1G56580,4,5,3,4,6,5
AT1G57660,4,2,4,4,3,2
AT1G57860,4,2,4,4,3,2
AT1G60780,4,5,4,8,6,7
AT1G62640,4,8,6,9,6,8
AT1G63680,4,6,5,3,6,3
AT1G64110,4,0,2,2,3,2
AT1G65560,4,2,2,2,2,0
AT1G66430,4,4,5,3,2,6
AT1G67280,4,3,6,6,4,4
AT1G67430,4,5,3,3,5,5
AT1G69200,4,7,4,3,3,4
AT1G69940,4,5,6,3,6,5
AT1G70060,4,0,5,4,0,2
AT1G70180,4,0,0,2,0,0
AT1G70290,4,4,2,4,2,0
AT1G71800,4,2,2,0,2,3
AT1G74960,4,5,8,9,5,5
AT1G75350,4,0,2,7,2,4
AT1G76300,4,4,0,4,4,3
AT1G77510,4,5,4,4,4,5
AT1G79230,4,6,5,7,2,7
AT1G79280,4,6,3,3,5,5
AT1G80210,4,2,0,3,0,0
AT2G02740,4,4,3,2,0,3
AT2G03150,4,2,7,4,4,2
AT2G04520,4,2,2,6,4,4
AT2G04690,4,6,5,7,5,7
AT2G13360,4,7,3,4,5,4
AT2G17280,4,2,2,4,0,3
AT2G17390,4,4,7,7,2,4
AT2G24020,4,0,3,3,0,2
AT2G24490,4,2,4,4,2,3
AT2G25080,4,2,4,4,2,3
AT2G27680,4,4,5,4,4,2
AT2G32920,4,5,7,4,5,4
AT2G33690,4,3,0,4,0,4
AT2G33730,4,4,5,6,8,4
AT2G34040,4,3,4,2,2,0
AT2G34420,4,6,5,5,4,3
AT2G34640,4,5,3,7,0,5
AT2G34730,4,6,2,4,3,6
AT2G34860,4,3,0,0,2,2
AT2G35110,4,9,4,3,3,6
AT2G35390,4,3,3,3,2,3
AT2G36060,4,4,4,4,2,3
AT2G36390,4,0,2,4,0,0
AT2G37270,4,3,3,5,3,4
AT2G38540,4,4,3,3,13,4
AT2G40030,4,8,6,4,0,2
AT2G40510,4,5,3,5,3,4
AT2G40590,4,5,0,0,3,4
AT2G42740,4,6,4,4,5,6
AT2G43360,4,2,0,0,0,0
AT2G43550,4,5,5,4,0,4
AT2G44310,4,3,2,3,4,0
AT3G01390,4,3,2,2,3,2
AT3G02320,4,4,2,4,0,3
AT3G02560,4,5,4,4,5,3
AT3G04470,4,4,6,7,5,5
AT3G04940,4,3,4,5,0,2
AT3G06050,4,4,4,3,6,6
AT3G06400,4,4,6,3,6,3
AT3G07300,4,4,0,5,3,4
AT3G07630,4,4,2,2,3,0
AT3G08530,4,2,5,5,0,6
AT3G08780,4,3,2,5,2,3
AT3G08947,4,3,3,4,2,0
AT3G10270,4,2,2,3,2,4
AT3G11130,4,3,5,5,0,6
AT3G11940,4,3,3,5,3,4
AT3G12270,4,6,6,2,2,0
AT3G15000,4,7,7,3,7,5
AT3G16980,4,3,2,3,0,3
AT3G18090,4,5,3,2,4,3
AT3G22220,4,4,4,5,4,2
AT3G22890,4,6,8,6,3,3
AT3G24830,4,5,4,4,4,4
AT3G25660,4,5,3,2,2,2
AT3G33530,4,3,3,3,3,0
AT3G44890,4,2,4,3,3,2
AT3G46460,4,2,2,3,3,3
AT3G47070,4,3,6,4,2,3
AT3G48690,4,2,2,3,0,2
AT3G48730,4,4,4,5,4,6
AT3G49250,4,6,5,5,7,6
AT3G49660,4,5,3,2,6,4
AT3G52090,4,2,3,2,0,0
AT3G52750,4,4,3,4,4,3
AT3G54090,4,3,4,6,3,5
AT3G55605,4,5,5,5,4,2
AT3G55700,4,5,0,2,5,5
AT3G56340,4,5,4,6,3,4
AT3G57660,4,6,4,4,2,3
AT3G58700,4,6,4,4,5,6
AT3G58730,4,5,5,4,3,4
AT4G00270,4,4,4,4,0,4
AT4G01290,4,5,5,3,7,7
AT4G02080,4,0,0,0,0,0
AT4G08870,4,5,6,8,2,0
AT4G09570,4,4,2,3,2,3
AT4G10260,4,5,6,3,3,3
AT4G11060,4,3,5,3,2,4
AT4G13560,4,5,3,3,4,3
AT4G13850,4,3,4,4,2,5
AT4G14110,4,2,4,4,2,3
AT4G15570,4,5,0,2,2,2
AT4G16155,4,3,2,6,5,6
AT4G18730,4,6,4,4,5,6
AT4G19410,4,3,3,4,3,3
AT4G21650,4,3,4,4,6,8
AT4G22670,4,4,5,5,2,5
AT4G24800,4,3,5,4,4,0
AT4G24830,4,0,2,2,2,2
AT4G25630,4,6,4,6,5,6
AT4G31790,4,2,3,2,2,3
AT4G32605,4,5,2,3,4,4
AT4G34030,4,3,3,3,4,4
AT4G34360,4,2,3,5,7,8
AT4G34980,4,7,5,4,4,4
AT5G03430,4,2,3,2,0,2
AT5G05990,4,4,4,6,3,4
AT5G06970,4,5,5,4,3,2
AT5G07410,4,5,6,4,8,6
AT5G07470,4,3,5,0,3,5
AT5G08280,4,4,5,4,3,3
AT5G10160,4,4,4,3,4,3
AT5G10740,4,0,2,0,0,0
AT5G11490,4,5,2,0,0,0
AT5G11520,4,6,7,8,3,5
AT5G11670,4,6,5,7,5,4
AT5G13280,4,4,6,4,2,2
AT5G13930,4,3,4,5,0,4
AT5G14660,4,4,4,2,3,3
AT5G15970,4,3,6,2,0,3
AT5G16270,4,2,0,4,3,5
AT5G16390,4,3,3,4,3,3
AT5G18420,4,4,7,3,4,3
AT5G18620,4,5,6,2,6,3
AT5G19180,4,5,4,6,0,2
AT5G20990,4,5,0,4,2,0
AT5G22510,4,3,4,4,2,2
AT5G22800,4,3,3,2,0,0
AT5G24400,4,3,3,4,4,4
AT5G24770,4,4,5,4,3,4
AT5G24940,4,0,2,0,0,2
AT5G28050,4,5,6,5,2,4
AT5G28740,4,3,3,3,0,0
AT5G35680,4,2,2,6,4,4
AT5G37720,4,4,2,0,0,5
AT5G38470,4,4,5,4,4,0
AT5G40490,4,2,0,4,0,5
AT5G40610,4,4,2,2,0,2
AT5G45775,4,6,4,4,5,6
AT5G47690,4,6,4,4,2,2
AT5G51110,4,4,3,5,6,3
AT5G51980,4,4,5,3,2,0
AT5G52470,4,6,4,6,5,6
AT5G52820,4,2,2,4,0,0
AT5G54160,4,5,8,8,5,5
AT5G54750,4,8,4,5,6,7
AT5G55260,4,2,0,5,3,3
AT5G56350,4,4,6,7,4,7
AT5G59845,4,3,0,2,0,0
AT5G60640,4,3,7,5,0,2
AT5G63420,4,2,0,3,0,3
AT5G64130,4,3,2,3,2,3
AT5G64570,4,5,5,5,3,5
AT5G65690,4,4,3,2,4,6
AT5G67100,4,4,0,2,0,0
AT5G67320,4,8,7,12,10,9
ATCG00750,4,4,3,4,3,3
ATCG00770,4,4,3,5,3,6
AT1G01080,3,4,3,0,4,2
AT1G01300,3,7,2,5,2,4
AT1G03220,3,2,3,2,0,2
AT1G04480,3,4,3,4,5,4
AT1G04710,3,0,2,3,0,3
AT1G06310,3,0,3,2,0,0
AT1G06950,3,2,4,3,4,3
AT1G07360,3,3,8,3,2,4
AT1G07990,3,3,3,3,3,0
AT1G08130,3,0,0,0,0,0
AT1G09080,3,2,4,3,2,0
AT1G09210,3,0,0,3,0,3
AT1G11910,3,0,3,2,2,3
AT1G12470,3,5,6,6,6,5
AT1G12520,3,2,3,3,2,2
AT1G13020,3,6,3,4,3,2
AT1G13180,3,0,0,3,0,0
AT1G13930,3,2,3,2,2,2
AT1G14000,3,0,2,0,0,0
AT1G15270,3,0,3,2,0,0
AT1G15950,3,2,3,3,0,0
AT1G16890,3,3,2,2,2,4
AT1G18250,3,4,5,5,2,0
AT1G19920,3,4,8,7,5,2
AT1G20920,3,3,2,6,6,8
AT1G21440,3,4,5,3,2,3
AT1G22060,3,0,0,0,0,0
AT1G27650,3,0,2,4,3,4
AT1G31160,3,4,3,4,3,3
AT1G31280,3,0,0,3,0,0
AT1G31970,3,0,0,2,0,3
AT1G32380,3,2,3,4,2,3
AT1G32440,3,4,7,3,3,0
AT1G34760,3,5,7,3,3,3
AT1G35220,3,4,0,4,4,3
AT1G43710,3,2,3,0,3,2
AT1G47900,3,7,2,3,6,2
AT1G48030,3,2,3,4,4,3
AT1G48520,3,6,3,3,0,0
AT1G48830,3,2,3,3,4,0
AT1G53280,3,4,3,2,2,3
AT1G55090,3,3,4,5,2,0
AT1G56560,3,5,6,4,4,0
AT1G60620,3,0,2,0,0,0
AT1G62380,3,4,5,8,5,5
AT1G64190,3,2,0,2,0,2
AT1G64510,3,3,3,4,4,2
AT1G64550,3,2,4,3,0,2
AT1G65980,3,2,4,5,3,5
AT1G66200,3,4,3,3,5,3
AT1G66240,3,2,3,4,3,2
AT1G66850,3,3,3,4,3,2
AT1G67680,3,11,10,6,5,4
AT1G69510,3,3,2,2,0,0
AT1G70770,3,4,7,4,3,4
AT1G71730,3,2,2,3,3,2
AT1G72340,3,2,0,0,2,0
AT1G74850,3,6,7,6,6,8
AT1G79340,3,3,3,6,2,3
AT1G79690,3,7,7,6,2,2
AT1G80380,3,0,0,0,0,2
AT2G01600,3,3,0,0,0,0
AT2G02160,3,4,3,6,3,3
AT2G07690,3,4,5,3,4,2
AT2G07734,3,4,5,4,3,2
AT2G10940,3,3,3,2,2,0
AT2G13540,3,6,5,2,0,3
AT2G14880,3,2,0,2,2,2
AT2G16485,3,4,8,2,4,4
AT2G17380,3,2,0,0,0,2
AT2G19730,3,4,3,3,7,0
AT2G20280,3,2,5,2,0,0
AT2G20890,3,3,4,5,5,3
AT2G21170,3,2,7,4,6,4
AT2G21250,3,2,2,2,0,0
AT2G22360,3,0,0,0,0,0
AT2G23080,3,2,0,3,0,2
AT2G23420,3,0,4,3,3,2
AT2G25650,3,7,3,4,3,2
AT2G27100,3,2,2,0,2,2
AT2G27530,3,4,5,2,2,2
AT2G27710,3,0,3,0,2,0
AT2G29310,3,3,2,3,2,3
AT2G30060,3,5,6,4,0,0
AT2G31060,3,0,0,3,0,0
AT2G31570,3,3,2,5,4,3
AT2G32700,3,2,2,2,0,0
AT2G33040,3,2,3,4,3,3
AT2G33370,3,4,3,4,5,4
AT2G33410,3,3,4,3,3,4
AT2G34680,3,8,6,4,0,0
AT2G35010,3,2,3,4,2,2
AT2G35490,3,0,3,4,0,0
AT2G35605,3,0,0,2,0,0
AT2G38020,3,5,0,3,0,0
AT2G38730,3,3,3,4,3,3
AT2G39460,3,4,3,2,2,3
AT2G42810,3,3,5,3,0,2
AT2G45540,3,11,6,9,6,10
AT2G47240,3,3,9,6,6,8
AT2G47640,3,4,4,2,5,3
AT2G47710,3,2,3,5,2,4
AT3G01320,3,2,2,0,2,0
AT3G04400,3,4,3,4,5,4
AT3G04870,3,0,3,2,0,2
AT3G04920,3,6,5,3,4,5
AT3G05060,3,2,5,5,4,5
AT3G06350,3,5,3,0,0,0
AT3G06810,3,3,0,2,0,2
AT3G06850,3,0,0,2,2,4
AT3G06930,3,10,7,4,4,4
AT3G07850,3,3,5,4,3,4
AT3G08030,3,6,4,4,0,3
AT3G09980,3,3,4,3,3,3
AT3G10090,3,3,3,3,0,3
AT3G10220,3,0,3,6,0,4
AT3G11200,3,2,0,3,3,2
AT3G11770,3,4,3,4,2,3
AT3G11930,3,3,2,0,4,4
AT3G12050,3,4,7,5,3,3
AT3G12290,3,2,3,2,2,2
AT3G13940,3,0,4,3,0,0
AT3G14040,3,3,5,4,3,4
AT3G14390,3,2,2,4,2,5
AT3G15970,3,3,4,4,3,0
AT3G16410,3,5,3,6,4,3
AT3G16520,3,6,7,4,5,3
AT3G16950,3,2,3,4,2,4
AT3G17020,3,2,0,3,2,3
AT3G17240,3,2,3,3,3,2
AT3G17820,3,3,3,6,2,3
AT3G18580,3,3,4,3,2,3
AT3G18790,3,3,2,0,3,3
AT3G21140,3,3,2,3,0,2
AT3G23660,3,3,4,3,2,0
AT3G23700,3,2,4,4,2,4
AT3G24430,3,8,4,9,5,6
AT3G24503,3,4,7,7,0,2
AT3G25050,3,0,0,4,0,2
AT3G27380,3,3,5,3,4,5
AT3G27530,3,6,6,3,5,3
AT3G27925,3,4,3,4,0,5
AT3G28220,3,2,3,3,3,6
AT3G28370,3,7,4,2,0,0
AT3G28500,3,2,3,3,3,2
AT3G42960,3,2,4,3,0,0
AT3G49910,3,3,3,3,5,3
AT3G50000,3,2,0,3,0,2
AT3G50370,3,2,4,3,0,0
AT3G53020,3,2,2,2,2,3
AT3G53740,3,2,4,3,2,4
AT3G55280,3,4,3,2,2,3
AT3G55430,3,3,3,0,4,4
AT3G60245,3,4,3,3,2,3
AT3G60300,3,4,3,0,3,9
AT3G62030,3,2,2,3,3,0
AT3G62840,3,4,4,2,5,3
AT3G63140,3,5,5,6,4,3
AT4G00430,3,2,0,0,3,3
AT4G02510,3,3,4,3,2,2
AT4G02840,3,3,4,3,3,5
AT4G03020,3,2,4,4,2,0
AT4G03110,3,0,0,2,0,0
AT4G03280,3,5,4,5,4,5
AT4G04460,3,2,2,0,0,0
AT4G04670,3,0,0,0,0,0
AT4G08520,3,2,2,3,2,2
AT4G08580,3,2,2,3,0,0
AT4G09040,3,0,2,4,3,0
AT4G11260,3,5,5,7,0,2
AT4G11600,3,3,4,3,3,2
AT4G14890,3,3,4,4,3,2
AT4G14930,3,4,5,5,3,0
AT4G15802,3,3,2,3,4,3
AT4G15900,3,0,0,3,0,2
AT4G17560,3,0,0,2,0,2
AT4G18100,3,4,3,4,3,2
AT4G19710,3,9,7,5,5,0
AT4G23100,3,3,5,4,5,2
AT4G24490,3,4,2,3,3,2
AT4G24680,3,6,3,3,0,4
AT4G26450,3,0,2,2,0,0
AT4G26840,3,3,4,3,2,3
AT4G26870,3,3,7,4,5,4
AT4G29340,3,3,5,2,2,4
AT4G29810,3,0,0,2,0,3
AT4G30800,3,6,5,2,4,0
AT4G32180,3,3,0,3,0,2
AT4G32330,3,3,3,3,0,4
AT4G32640,3,5,4,4,2,3
AT4G33400,3,4,6,3,4,5
AT4G34215,3,4,4,4,0,4
AT4G34270,3,0,2,0,2,0
AT4G34620,3,4,2,4,3,4
AT4G35100,3,4,4,3,3,4
AT4G35410,3,2,0,0,0,2
AT4G35460,3,3,4,7,0,7
AT4G35850,3,0,3,2,0,0
AT4G36940,3,0,5,3,3,2
AT4G37000,3,5,6,5,2,0
AT4G39520,3,2,2,3,3,3
AT4G39860,3,5,5,5,5,0
AT4G39960,3,0,0,0,0,0
AT5G02050,3,3,4,3,4,4
AT5G02960,3,5,2,5,3,3
AT5G03850,3,3,3,3,0,3
AT5G04230,3,6,3,4,4,2
AT5G04360,3,4,4,3,2,2
AT5G05470,3,2,3,3,0,3
AT5G07030,3,5,2,2,3,0
AT5G07440,3,3,3,0,2,0
AT5G07530,3,0,0,0,0,0
AT5G08100,3,0,2,2,0,2
AT5G08530,3,6,4,4,3,0
AT5G09660,3,4,5,3,3,3
AT5G09880,3,2,4,0,3,0
AT5G10010,3,0,0,3,0,0
AT5G10300,3,0,2,3,0,0
AT5G11880,3,3,3,4,3,4
AT5G11900,3,4,3,5,3,2
AT5G12410,3,3,5,3,0,3
AT5G13030,3,8,6,3,4,2
AT5G13530,3,7,5,3,5,6
AT5G13870,3,4,0,3,0,0
AT5G14910,3,2,2,5,3,3
AT5G15530,3,4,4,3,4,0
AT5G15810,3,3,2,3,0,4
AT5G17900,3,2,2,3,0,0
AT5G18400,3,4,3,5,3,3
AT5G19820,3,4,4,2,3,0
AT5G20250,3,4,2,0,0,0
AT5G20500,3,0,2,3,0,0
AT5G22880,3,0,3,0,0,3
AT5G23140,3,4,5,6,0,6
AT5G23880,3,0,0,0,0,2
AT5G23900,3,2,2,4,0,2
AT5G23940,3,5,5,2,7,4
AT5G24520,3,3,0,2,3,0
AT5G26667,3,0,7,3,4,0
AT5G27470,3,2,4,4,2,3
AT5G34850,3,2,3,4,0,0
AT5G37510,3,4,5,4,6,0
AT5G38830,3,3,4,3,4,2
AT5G40760,3,4,5,4,2,4
AT5G42950,3,0,2,2,0,2
AT5G44070,3,7,8,7,5,2
AT5G45390,3,3,2,3,2,2
AT5G47190,3,3,0,3,3,4
AT5G47880,3,3,3,2,2,2
AT5G48810,3,3,3,2,0,2
AT5G48960,3,2,3,3,3,0
AT5G49500,3,0,2,3,0,2
AT5G49980,3,2,3,2,0,2
AT5G53350,3,3,5,2,2,3
AT5G54600,3,5,5,5,5,4
AT5G55070,3,4,4,0,3,3
AT5G58490,3,6,5,3,4,0
AT5G59300,3,2,2,3,3,3
AT5G59420,3,0,2,2,0,0
AT5G61410,3,3,3,3,2,2
AT5G61580,3,0,2,2,0,3
AT5G61790,3,2,0,2,2,2
AT5G64830,3,0,0,0,0,0
AT5G66470,3,0,2,2,3,0
AT5G66880,3,3,0,3,0,2
AT5G67030,3,2,0,3,2,3
AT5G67380,3,2,0,3,0,2
AT5G67490,3,0,0,0,0,0
ATCG00790,3,5,4,4,3,4
ATCG00820,3,2,3,5,2,4
ATCG01020,3,0,0,2,0,0
ATMG00290,3,4,5,4,3,2
AT1G01620,2,2,0,0,0,2
AT1G01960,2,0,0,0,4,0
AT1G03110,2,0,0,0,0,0
AT1G03900,2,0,2,0,2,2
AT1G05180,2,0,2,3,0,0
AT1G05720,2,5,4,4,5,4
AT1G07750,2,2,4,3,3,0
AT1G08250,2,0,0,0,0,2
AT1G08360,2,2,4,2,0,0
AT1G09430,2,5,3,4,3,0
AT1G09490,2,2,3,2,0,0
AT1G09830,2,0,0,0,0,0
AT1G10060,2,0,0,0,0,2
AT1G10490,2,2,0,0,0,0
AT1G11750,2,2,0,0,3,0
AT1G13220,2,0,0,0,0,0
AT1G14670,2,2,0,0,3,2
AT1G14820,2,2,2,0,0,0
AT1G15250,2,0,0,0,0,2
AT1G15470,2,4,4,4,2,2
AT1G15820,2,2,3,0,0,3
AT1G17210,2,2,2,3,0,0
AT1G20370,2,5,3,3,0,0
AT1G21065,2,0,2,3,0,3
AT1G21600,2,5,7,3,2,2
AT1G23190,2,2,0,3,2,2
AT1G23800,2,3,2,2,0,3
AT1G23870,2,0,0,3,0,0
AT1G23900,2,0,2,2,0,0
AT1G24050,2,3,2,3,0,3
AT1G24100,2,0,3,2,0,0
AT1G24807,2,0,2,2,0,4
AT1G24909,2,0,0,2,0,4
AT1G25083,2,0,0,2,0,4
AT1G25155,2,0,0,2,0,4
AT1G25220,2,0,3,2,0,4
AT1G26480,2,5,6,2,4,2
AT1G26880,2,2,0,2,0,2
AT1G27310,2,2,2,2,0,4
AT1G27540,2,0,3,0,2,3
AT1G27580,2,0,2,0,2,2
AT1G27752,2,0,2,2,0,0
AT1G30120,2,2,2,3,2,3
AT1G30530,2,0,2,2,0,2
AT1G30680,2,3,0,2,0,0
AT1G32580,2,0,3,4,2,2
AT1G33410,2,0,0,0,0,0
AT1G35670,2,3,2,4,0,4
AT1G36240,2,2,2,2,2,0
AT1G36730,2,2,2,2,2,3
AT1G47420,2,3,4,2,2,2
AT1G49040,2,5,7,4,4,3
AT1G49480,2,4,0,5,2,5
AT1G49600,2,3,6,4,4,3
AT1G50500,2,3,0,0,3,2
AT1G50670,2,4,2,2,2,0
AT1G51160,2,0,2,2,3,2
AT1G51400,2,0,0,0,0,0
AT1G52300,2,0,0,0,0,2
AT1G52760,2,2,2,2,2,0
AT1G54100,2,4,2,2,0,0
AT1G54220,2,2,0,2,2,0
AT1G54570,2,3,4,0,0,4
AT1G55150,2,2,0,3,0,0
AT1G55320,2,0,2,0,0,0
AT1G56050,2,2,0,0,0,0
AT1G56340,2,6,4,6,2,5
AT1G59890,2,2,3,2,2,5
AT1G60070,2,0,0,3,2,3
AT1G60170,2,2,0,0,0,0
AT1G61010,2,3,3,4,2,3
AT1G61520,2,0,0,2,0,3
AT1G61850,2,3,0,2,3,0
AT1G63180,2,2,5,5,4,3
AT1G63210,2,5,4,3,3,2
AT1G63640,2,0,0,0,0,0
AT1G63770,2,0,4,0,0,0
AT1G63940,2,3,0,0,0,2
AT1G65150,2,2,0,3,3,2
AT1G66530,2,3,3,2,0,0
AT1G68020,2,4,3,4,4,2
AT1G68790,2,0,2,2,2,0
AT1G69620,2,2,0,2,0,2
AT1G70850,2,0,3,2,0,0
AT1G71310,2,0,2,2,2,2
AT1G72810,2,0,0,2,0,0
AT1G73060,2,2,0,0,0,0
AT1G73600,2,2,5,3,3,3
AT1G74910,2,0,2,0,0,0
AT1G75240,2,0,0,0,0,0
AT1G76080,2,5,2,2,3,0
AT1G76780,2,0,0,0,0,0
AT1G76850,2,2,3,2,0,3
AT1G77180,2,0,0,2,0,0
AT1G77440,2,2,3,4,0,3
AT1G77940,2,3,2,2,2,0
AT1G78370,2,3,3,2,0,3
AT1G78630,2,0,3,2,2,3
AT1G78870,2,2,2,0,2,2
AT1G79040,2,0,0,0,0,0
AT1G79470,2,7,3,5,4,3
AT1G79550,2,3,4,3,2,6
AT1G79650,2,0,0,0,0,0
AT1G79750,2,2,0,3,0,0
AT1G79850,2,5,4,4,3,3
AT1G80270,2,4,3,3,2,0
AT2G01520,2,0,0,3,0,2
AT2G01970,2,2,0,0,4,2
AT2G02560,2,4,5,2,0,0
AT2G02760,2,0,0,0,0,0
AT2G05830,2,3,0,4,0,0
AT2G06510,2,2,0,0,0,0
AT2G06990,2,3,2,3,3,0
AT2G16570,2,0,0,3,0,2
AT2G16950,2,2,3,0,2,0
AT2G17265,2,0,0,0,0,0
AT2G17790,2,2,4,0,0,0
AT2G18510,2,2,2,2,0,0
AT2G18740,2,0,3,4,4,3
AT2G19750,2,0,3,0,0,2
AT2G19870,2,0,0,0,2,0
AT2G20190,2,0,2,2,0,2
AT2G20340,2,0,0,3,6,4
AT2G20420,2,3,5,4,5,2
AT2G20450,2,0,0,2,0,3
AT2G20610,2,2,2,0,0,3
AT2G20930,2,0,0,0,0,0
AT2G21385,2,2,2,0,0,0
AT2G21470,2,0,2,2,0,0
AT2G22230,2,4,3,2,2,0
AT2G22480,2,2,0,2,0,0
AT2G22780,2,2,2,2,3,0
AT2G23090,2,0,0,0,0,0
AT2G23930,2,0,2,2,3,2
AT2G24210,2,2,3,2,4,3
AT2G24580,2,0,0,5,0,0
AT2G24590,2,0,3,4,3,3
AT2G25110,2,0,2,0,0,3
AT2G26780,2,4,3,3,3,5
AT2G27460,2,0,2,2,0,0
AT2G27600,2,3,5,3,3,5
AT2G27820,2,0,0,0,0,3
AT2G28680,2,2,4,4,3,2
AT2G29350,2,0,0,0,0,0
AT2G29360,2,0,0,0,0,0
AT2G29400,2,2,0,3,2,3
AT2G29580,2,3,3,2,0,2
AT2G30500,2,0,0,0,0,0
AT2G30870,2,2,3,2,3,2
AT2G30950,2,2,3,2,2,5
AT2G30970,2,3,0,0,0,0
AT2G31030,2,0,0,0,0,0
AT2G32900,2,3,2,0,3,2
AT2G33450,2,0,0,0,2,0
AT2G33610,2,0,0,2,0,0
AT2G34470,2,4,5,5,3,3
AT2G34850,2,2,2,0,0,4
AT2G36620,2,0,0,2,0,2
AT2G37220,2,2,2,2,2,0
AT2G37600,2,0,3,0,2,3
AT2G38660,2,0,0,0,0,2
AT2G39795,2,0,3,5,3,2
AT2G41540,2,0,2,0,2,2
AT2G42700,2,0,3,0,0,2
AT2G43160,2,3,3,3,3,0
AT2G43640,2,2,0,0,0,0
AT2G43710,2,8,2,4,0,0
AT2G43970,2,5,5,2,4,4
AT2G44050,2,0,4,3,5,3
AT2G44200,2,0,0,0,0,0
AT2G44760,2,0,0,0,0,0
AT2G45600,2,2,0,3,0,3
AT2G45640,2,0,0,0,0,0
AT2G45960,2,0,0,0,0,0
AT2G46520,2,0,0,3,3,2
AT2G46560,2,2,2,0,3,0
AT2G46580,2,0,2,2,0,0
AT3G01800,2,2,3,0,0,2
AT3G01980,2,3,2,0,2,0
AT3G02360,2,3,2,5,0,2
AT3G02540,2,2,2,2,0,0
AT3G02660,2,2,2,0,0,0
AT3G05190,2,3,5,5,2,3
AT3G05970,2,2,0,0,0,2
AT3G06730,2,5,2,0,2,0
AT3G08010,2,2,3,0,0,0
AT3G09100,2,4,3,3,0,2
AT3G09200,2,3,4,4,3,4
AT3G09500,2,0,0,0,0,0
AT3G09680,2,0,0,3,3,2
AT3G10050,2,0,3,3,0,2
AT3G10410,2,0,0,2,0,0
AT3G11500,2,0,2,2,3,2
AT3G12700,2,3,2,2,0,2
AT3G13060,2,0,0,3,0,0
AT3G13120,2,2,0,2,2,2
AT3G13235,2,2,4,3,0,0
AT3G14172,2,3,5,0,2,0
AT3G14930,2,3,2,0,2,0
AT3G15010,2,0,0,0,0,0
AT3G15360,2,2,0,3,0,2
AT3G15680,2,2,2,2,0,2
AT3G16050,2,4,6,3,3,2
AT3G16080,2,0,0,0,0,2
AT3G16110,2,2,2,5,0,4
AT3G16170,2,4,5,0,0,2
AT3G16630,2,3,2,2,0,0
AT3G18165,2,2,3,3,2,2
AT3G18380,2,0,0,0,0,0
AT3G18740,2,0,2,2,2,0
AT3G19820,2,0,0,0,0,2
AT3G20390,2,2,0,2,4,0
AT3G20630,2,2,3,0,0,3
AT3G20970,2,4,2,3,2,0
AT3G21200,2,2,4,6,2,2
AT3G22030,2,0,0,0,0,0
AT3G22310,2,2,4,0,4,2
AT3G22420,2,0,0,0,0,0
AT3G23840,2,0,2,0,2,2
AT3G25220,2,2,3,4,2,2
AT3G25545,2,0,0,0,0,0
AT3G25940,2,0,2,3,2,0
AT3G27190,2,0,3,2,0,0
AT3G28790,2,0,0,0,0,0
AT3G28830,2,2,0,2,0,4
AT3G28980,2,0,0,0,2,0
AT3G29160,2,0,2,0,0,0
AT3G44720,2,3,0,0,0,0
AT3G44850,2,0,3,2,0,0
AT3G46780,2,0,0,0,0,0
AT3G46820,2,3,0,2,3,2
AT3G46960,2,0,0,0,0,0
AT3G47470,2,2,0,2,0,2
AT3G48110,2,2,4,0,0,0
AT3G48800,2,0,2,0,0,0
AT3G50270,2,0,0,0,0,2
AT3G50500,2,2,3,3,0,0
AT3G52200,2,3,2,0,3,0
AT3G53560,2,0,2,3,0,0
AT3G53700,2,0,0,0,0,0
AT3G53970,2,0,0,3,0,2
AT3G54210,2,0,2,3,2,3
AT3G54230,2,3,5,4,4,3
AT3G54250,2,0,3,3,3,0
AT3G54360,2,3,3,0,2,0
AT3G55290,2,2,3,0,0,0
AT3G55330,2,0,0,0,0,0
AT3G56190,2,4,6,2,0,2
AT3G56240,2,3,4,2,4,2
AT3G57150,2,0,0,0,0,0
AT3G58560,2,3,6,4,4,2
AT3G60370,2,0,2,3,0,0
AT3G61540,2,2,0,0,0,0
AT3G62300,2,0,0,0,0,0
AT3G63540,2,0,4,4,0,0
AT4G00620,2,0,2,0,3,0
AT4G01897,2,3,4,3,0,2
AT4G02060,2,6,10,0,4,0
AT4G02425,2,0,2,2,0,0
AT4G02450,2,0,0,2,0,2
AT4G02660,2,0,0,0,0,0
AT4G03120,2,3,3,3,3,4
AT4G04770,2,2,2,3,0,0
AT4G10480,2,2,2,0,2,2
AT4G11740,2,0,2,0,0,0
AT4G12960,2,0,0,2,0,2
AT4G14030,2,8,8,8,4,3
AT4G14080,2,0,2,0,0,0
AT4G15020,2,6,4,3,7,4
AT4G15545,2,3,5,2,0,0
AT4G15560,2,0,0,0,0,0
AT4G15790,2,0,0,0,0,2
AT4G16180,2,2,0,0,2,5
AT4G16500,2,2,2,2,0,2
AT4G18060,2,3,0,0,2,0
AT4G19490,2,0,0,0,0,0
AT4G21620,2,0,0,0,0,2
AT4G21750,2,0,0,0,0,0
AT4G22220,2,0,2,2,0,0
AT4G23670,2,0,0,5,2,4
AT4G24220,2,0,2,0,2,0
AT4G24550,2,6,5,3,4,3
AT4G25210,2,4,0,2,0,0
AT4G25550,2,2,2,0,3,2
AT4G26910,2,3,3,0,3,2
AT4G27070,2,0,0,0,0,0
AT4G27270,2,0,2,0,0,0
AT4G27690,2,0,2,0,0,2
AT4G29350,2,2,7,7,3,4
AT4G29390,2,0,3,0,0,2
AT4G29670,2,0,2,3,2,4
AT4G29720,2,0,2,2,0,0
AT4G30200,2,0,0,2,0,0
AT4G30220,2,2,2,3,2,3
AT4G30310,2,3,3,3,0,0
AT4G30330,2,0,3,4,3,3
AT4G30530,2,0,0,0,2,2
AT4G30910,2,0,0,0,0,2
AT4G30920,2,4,3,3,2,2
AT4G31210,2,0,2,0,0,0
AT4G31340,2,0,0,0,0,0
AT4G31580,2,0,3,3,2,3
AT4G31870,2,2,0,0,0,0
AT4G32760,2,0,0,0,0,0
AT4G33150,2,0,3,0,0,0
AT4G33760,2,2,0,0,4,2
AT4G34050,2,4,4,5,3,3
AT4G34850,2,5,5,8,6,6
AT4G35420,2,0,3,0,2,0
AT4G39090,2,2,0,2,0,3
AT4G39680,2,5,4,3,0,0
AT5G05610,2,2,0,2,0,0
AT5G07340,2,2,0,0,0,0
AT5G07740,2,0,2,3,0,3
AT5G08300,2,0,0,0,0,0
AT5G08410,2,0,0,0,0,0
AT5G09440,2,0,3,3,0,2
AT5G10540,2,6,5,2,4,0
AT5G11310,2,0,0,0,0,0
AT5G11340,2,0,3,2,0,3
AT5G11580,2,8,4,0,8,4
AT5G13420,2,4,4,3,0,0
AT5G14040,2,0,0,2,0,0
AT5G14580,2,0,0,0,0,0
AT5G14720,2,9,3,4,0,0
AT5G14790,2,0,0,0,0,0
AT5G15230,2,2,0,2,0,2
AT5G15270,2,3,4,2,3,0
AT5G16470,2,0,3,2,0,0
AT5G16510,2,7,4,4,4,0
AT5G16880,2,0,3,0,0,0
AT5G16970,2,0,0,0,0,0
AT5G16990,2,0,0,0,0,0
AT5G17000,2,0,0,0,0,0
AT5G17050,2,2,3,2,0,2
AT5G17170,2,0,0,0,0,0
AT5G17510,2,2,3,2,3,0
AT5G17560,2,0,3,3,2,0
AT5G18525,2,3,5,0,2,0
AT5G19220,2,0,5,2,5,3
AT5G19300,2,3,0,0,0,0
AT5G19350,2,0,0,0,2,0
AT5G19460,2,0,2,0,0,0
AT5G22630,2,3,2,2,0,0
AT5G24350,2,0,2,2,4,2
AT5G24490,2,2,0,0,0,0
AT5G25060,2,0,2,0,0,0
AT5G27380,2,2,2,2,0,0
AT5G28500,2,0,0,2,2,0
AT5G35840,2,0,0,0,0,0
AT5G38890,2,0,2,0,0,0
AT5G40200,2,0,0,0,0,0
AT5G40650,2,2,3,0,3,4
AT5G40870,2,0,5,3,0,2
AT5G40950,2,2,2,0,0,0
AT5G42080,2,2,0,0,0,0
AT5G42220,2,7,4,3,3,2
AT5G42390,2,3,4,2,4,2
AT5G43810,2,2,3,3,2,3
AT5G46180,2,3,0,3,2,0
AT5G46280,2,2,4,4,5,0
AT5G46430,2,3,2,2,3,2
AT5G46630,2,5,0,3,3,2
AT5G48480,2,3,3,3,5,4
AT5G48580,2,2,5,3,2,0
AT5G48600,2,0,0,0,0,0
AT5G49020,2,4,2,3,0,0
AT5G50870,2,0,0,4,0,3
AT5G51070,2,3,2,2,3,0
AT5G51100,2,3,0,3,3,3
AT5G51660,2,6,5,4,4,2
AT5G52200,2,3,3,2,3,0
AT5G52410,2,0,0,0,0,0
AT5G54430,2,0,0,3,2,0
AT5G54770,2,2,4,4,5,3
AT5G55660,2,5,4,3,2,0
AT5G56260,2,4,3,3,0,0
AT5G56280,2,0,3,3,2,3
AT5G56670,2,0,3,0,0,2
AT5G56900,2,2,4,0,2,0
AT5G57330,2,0,3,0,0,0
AT5G57890,2,0,0,2,0,4
AT5G59160,2,0,0,2,3,0
AT5G59240,2,4,5,7,4,5
AT5G59320,2,0,0,2,0,0
AT5G59870,2,0,0,2,0,0
AT5G59880,2,0,0,3,0,2
AT5G60450,2,0,0,0,0,0
AT5G60600,2,0,2,3,0,0
AT5G61060,2,0,4,4,0,0
AT5G61140,2,2,2,0,0,0
AT5G62350,2,0,0,3,0,6
AT5G62390,2,5,0,0,0,0
AT5G62410,2,0,0,0,2,0
AT5G63310,2,0,0,0,0,2
AT5G63890,2,5,4,3,0,2
AT5G64070,2,2,4,0,3,0
AT5G64250,2,0,0,2,0,0
AT5G64610,2,2,0,0,0,0
AT5G64960,2,0,0,0,0,0
AT5G65460,2,0,3,2,0,0
ATCG00330,2,2,2,2,2,3
ATCG00470,2,4,0,2,0,3
ATCG00810,2,0,2,2,2,2
ATMG00070,2,0,4,3,2,5
ATMG00510,2,3,2,2,2,3
AT1G01050,0,0,0,3,0,2
AT1G01510,0,0,2,0,0,0
AT1G01800,0,2,2,2,0,0
AT1G02090,0,0,2,0,0,0
AT1G02305,0,2,2,0,2,2
AT1G02330,0,0,2,0,0,2
AT1G02560,0,0,0,0,0,2
AT1G02800,0,0,3,2,0,0
AT1G02840,0,0,0,2,0,0
AT1G02920,0,2,0,0,0,0
AT1G02930,0,2,0,0,0,0
AT1G03130,0,2,2,3,3,5
AT1G03310,0,0,0,2,0,0
AT1G03600,0,3,0,0,0,0
AT1G03680,0,2,0,0,0,0
AT1G03980,0,4,0,0,0,0
AT1G04870,0,2,0,0,0,0
AT1G04920,0,3,2,0,0,0
AT1G05020,0,0,0,0,0,2
AT1G05350,0,2,3,0,0,2
AT1G05680,0,2,0,0,2,0
AT1G06130,0,0,2,0,0,0
AT1G06190,0,2,0,0,0,0
AT1G06430,0,2,2,0,0,2
AT1G06550,0,3,4,0,2,0
AT1G06780,0,0,0,2,0,0
AT1G07450,0,0,2,0,2,0
AT1G07780,0,0,0,2,0,2
AT1G08260,0,0,2,0,0,0
AT1G08630,0,2,6,2,0,3
AT1G08980,0,2,0,0,0,0
AT1G09140,0,0,0,0,0,2
AT1G09150,0,0,0,2,0,0
AT1G09200,0,0,0,2,0,0
AT1G09300,0,0,2,0,0,0
AT1G09730,0,4,2,0,2,2
AT1G09795,0,3,4,3,0,0
AT1G09810,0,2,0,4,0,0
AT1G10170,0,0,0,2,2,0
AT1G10290,0,2,0,0,0,0
AT1G10390,0,0,0,2,0,0
AT1G10450,0,3,0,0,0,0
AT1G10500,0,0,0,2,0,0
AT1G10580,0,2,0,0,0,0
AT1G10590,0,2,0,0,2,2
AT1G10760,0,2,3,2,0,0
AT1G10930,0,0,3,2,4,2
AT1G10940,0,3,2,0,0,0
AT1G11300,0,0,0,2,0,0
AT1G11360,0,0,0,3,0,0
AT1G11720,0,2,0,0,0,0
AT1G12370,0,0,2,0,0,0
AT1G12800,0,2,0,0,0,0
AT1G13190,0,2,0,0,0,0
AT1G13370,0,0,0,2,0,0
AT1G13690,0,2,0,3,2,0
AT1G13870,0,0,2,0,0,0
AT1G14650,0,2,3,3,0,4
AT1G15130,0,0,2,0,0,0
AT1G15230,0,0,2,0,0,0
AT1G15290,0,4,3,0,0,0
AT1G15415,0,2,0,0,3,0
AT1G15480,0,0,0,2,0,0
AT1G15730,0,2,2,2,2,0
AT1G16080,0,0,0,2,0,0
AT1G16460,0,0,0,3,0,0
AT1G16720,0,2,0,2,2,0
AT1G17220,0,0,3,2,2,0
AT1G17640,0,0,0,2,0,0
AT1G17650,0,0,2,0,0,0
AT1G17890,0,2,4,3,3,2
AT1G18830,0,0,0,0,2,0
AT1G19660,0,0,0,0,0,2
AT1G19835,0,2,2,2,3,0
AT1G19850,0,0,0,2,0,0
AT1G19870,0,2,2,0,0,0
AT1G20140,0,3,2,0,0,0
AT1G20410,0,0,2,0,0,0
AT1G20450,0,0,2,2,2,2
AT1G20560,0,2,3,0,2,0
AT1G20910,0,0,0,0,2,0
AT1G20970,0,2,2,2,0,0
AT1G21380,0,0,0,2,0,0
AT1G21690,0,2,4,2,0,0
AT1G22270,0,0,2,3,0,4
AT1G22430,0,2,0,2,0,0
AT1G22840,0,2,0,2,0,0
AT1G23210,0,0,0,0,0,2
AT1G23860,0,2,0,0,0,3
AT1G24706,0,0,0,0,2,0
AT1G26320,0,0,0,0,3,0
AT1G26550,0,0,0,2,0,0
AT1G26610,0,0,0,2,0,0
AT1G28290,0,2,2,0,2,0
AT1G29220,0,2,0,0,0,0
AT1G29260,0,2,0,2,3,3
AT1G29590,0,2,0,0,0,0
AT1G30330,0,0,2,0,3,0
AT1G30480,0,3,6,0,0,0
AT1G30825,0,0,2,0,0,0
AT1G31070,0,3,4,4,3,0
AT1G31330,0,0,0,3,0,0
AT1G31812,0,0,3,3,0,0
AT1G31910,0,2,0,0,0,0
AT1G32470,0,3,3,4,0,2
AT1G32550,0,2,0,0,0,0
AT1G32790,0,2,0,0,0,0
AT1G32900,0,0,2,2,0,0
AT1G33590,0,3,0,0,0,0
AT1G35420,0,0,2,0,0,0
AT1G35470,0,4,0,0,0,0
AT1G35720,0,0,2,3,0,0
AT1G41830,0,2,0,0,0,0
AT1G43670,0,3,2,0,0,0
AT1G43850,0,2,0,0,0,0
AT1G45145,0,0,2,0,0,2
AT1G45332,0,0,0,3,0,0
AT1G47200,0,3,0,0,0,0
AT1G47490,0,0,2,0,0,0
AT1G47550,0,3,0,3,2,4
AT1G47560,0,2,0,2,0,2
AT1G47830,0,2,0,0,2,0
AT1G48160,0,0,0,2,0,0
AT1G48420,0,3,2,3,2,0
AT1G48610,0,3,0,0,0,0
AT1G49430,0,2,3,3,0,0
AT1G49540,0,5,0,0,2,0
AT1G49660,0,0,2,0,0,0
AT1G49970,0,3,0,0,2,0
AT1G50110,0,0,2,0,0,0
AT1G50120,0,0,2,0,0,0
AT1G50140,0,0,0,2,0,2
AT1G50250,0,3,0,0,0,0
AT1G50510,0,2,0,0,0,0
AT1G50570,0,0,0,2,0,0
AT1G50600,0,0,2,0,0,0
AT1G51380,0,0,0,2,2,2
AT1G51390,0,0,2,0,2,0
AT1G51560,0,2,0,2,0,0
AT1G51660,0,0,0,2,0,0
AT1G51760,0,2,2,0,0,0
AT1G51880,0,0,0,0,2,0
AT1G51980,0,0,2,0,0,0
AT1G52340,0,2,4,4,2,0
AT1G52510,0,0,0,0,2,0
AT1G52740,0,2,2,0,0,0
AT1G54170,0,0,2,0,0,2
AT1G54290,0,0,2,2,0,0
AT1G55210,0,3,2,3,2,0
AT1G56110,0,4,4,2,5,3
AT1G56660,0,4,0,0,2,0
AT1G56700,0,3,2,0,2,0
AT1G59610,0,2,0,0,0,0
AT1G59620,0,0,0,2,0,0
AT1G59760,0,2,0,0,0,0
AT1G60000,0,3,0,2,0,0
AT1G60850,0,0,0,2,0,0
AT1G60940,0,2,2,0,0,0
AT1G61870,0,0,0,0,4,0
AT1G62740,0,0,0,2,0,0
AT1G63160,0,0,0,0,0,2
AT1G64040,0,2,0,0,0,0
AT1G64280,0,0,0,0,0,3
AT1G64970,0,2,0,0,0,0
AT1G64980,0,3,3,3,3,0
AT1G65470,0,0,0,0,0,2
AT1G65480,0,3,0,0,3,3
AT1G65650,0,2,3,2,0,2
AT1G66120,0,0,2,0,0,0
AT1G66260,0,0,0,2,0,0
AT1G66580,0,3,0,5,0,0
AT1G66680,0,3,3,0,2,0
AT1G67700,0,0,3,0,2,0
AT1G68060,0,0,2,0,0,0
AT1G69010,0,3,0,0,0,0
AT1G69410,0,5,4,3,0,0
AT1G70730,0,2,0,2,0,0
AT1G71440,0,3,0,0,2,0
AT1G71770,0,3,3,2,0,0
AT1G71820,0,2,2,4,2,2
AT1G73180,0,3,2,0,0,0
AT1G73720,0,3,3,4,3,2
AT1G74310,0,0,3,0,0,0
AT1G74690,0,0,3,0,0,0
AT1G75310,0,2,0,0,0,0
AT1G75660,0,3,2,0,0,0
AT1G76160,0,0,3,0,0,0
AT1G76180,0,0,2,0,0,0
AT1G76510,0,2,0,0,0,0
AT1G76630,0,0,0,0,0,2
AT1G76680,0,0,3,2,0,0
AT1G76690,0,0,3,0,0,0
AT1G76940,0,2,0,0,0,0
AT1G77840,0,0,2,0,0,0
AT1G79050,0,4,3,2,3,2
AT1G79500,0,0,2,0,0,0
AT1G80360,0,0,0,2,0,0
AT1G80500,0,2,3,0,4,0
AT1G80600,0,3,0,2,0,0
AT2G01530,0,0,0,3,0,0
AT2G01690,0,0,3,0,2,0
AT2G02930,0,0,3,3,0,0
AT2G03010,0,0,0,0,0,2
AT2G03440,0,0,0,2,0,0
AT2G03870,0,0,0,0,2,0
AT2G04700,0,2,0,0,0,0
AT2G04740,0,0,2,0,0,2
AT2G13370,0,2,0,0,0,0
AT2G15500,0,0,2,0,0,0
AT2G16370,0,0,0,2,0,0
AT2G16505,0,0,0,0,2,3
AT2G17190,0,2,0,0,0,0
AT2G17200,0,2,0,0,0,0
AT2G17340,0,2,0,2,0,0
AT2G17700,0,2,2,0,0,0
AT2G18230,0,0,0,3,0,0
AT2G18700,0,0,0,2,0,0
AT2G19490,0,0,0,0,2,0
AT2G19670,0,2,2,0,0,0
AT2G19760,0,2,4,4,2,0
AT2G19770,0,3,0,3,0,3
AT2G19830,0,2,3,0,0,0
AT2G20270,0,2,2,2,0,0
AT2G20330,0,0,2,0,0,0
AT2G20490,0,0,0,0,0,2
AT2G20630,0,2,0,0,2,0
AT2G21260,0,2,2,0,0,0
AT2G21270,0,0,2,0,0,0
AT2G21630,0,0,0,0,0,3
AT2G22240,0,0,2,2,2,0
AT2G22795,0,2,2,0,3,0
AT2G23070,0,3,0,0,0,0
AT2G23820,0,0,0,0,2,0
AT2G24050,0,0,2,2,0,0
AT2G25060,0,0,0,0,2,0
AT2G26210,0,2,0,3,0,0
AT2G26990,0,2,4,3,3,0
AT2G27720,0,0,3,0,2,0
AT2G27730,0,2,0,0,0,0
AT2G28080,0,0,2,0,0,0
AT2G28620,0,0,0,0,0,2
AT2G29960,0,2,0,0,0,2
AT2G30410,0,0,2,2,0,0
AT2G30880,0,0,0,0,2,2
AT2G31970,0,0,2,0,0,0
AT2G32170,0,0,2,0,0,0
AT2G32240,0,0,0,0,4,0
AT2G32940,0,0,2,0,0,0
AT2G33430,0,0,3,4,0,2
AT2G33740,0,0,0,2,0,0
AT2G33850,0,4,3,0,0,0
AT2G34300,0,0,3,0,0,0
AT2G34560,0,3,2,0,0,0
AT2G34590,0,2,2,2,2,2
AT2G35050,0,0,2,0,0,0
AT2G35240,0,0,3,0,0,0
AT2G35370,0,2,3,3,0,2
AT2G35450,0,0,0,2,0,0
AT2G36950,0,0,5,0,0,0
AT2G37020,0,2,0,2,0,0
AT2G37500,0,2,0,0,0,0
AT2G37760,0,0,0,2,0,0
AT2G38560,0,0,0,3,0,0
AT2G38580,0,0,2,0,0,0
AT2G38810,0,2,2,0,0,0
AT2G39260,0,0,0,0,0,2
AT2G39670,0,0,0,2,0,0
AT2G39930,0,3,0,0,0,0
AT2G39940,0,0,2,0,0,0
AT2G40010,0,3,3,3,2,0
AT2G41430,0,0,2,0,0,0
AT2G41500,0,0,0,0,2,0
AT2G41900,0,0,0,2,0,0
AT2G42120,0,0,0,0,2,0
AT2G42370,0,0,2,0,0,0
AT2G42490,0,0,0,3,0,0
AT2G42680,0,2,0,0,0,0
AT2G43460,0,2,2,0,2,0
AT2G43530,0,2,2,2,2,2
AT2G43790,0,0,2,2,0,2
AT2G43910,0,0,0,2,0,2
AT2G43945,0,0,0,2,0,0
AT2G43980,0,0,0,2,0,0
AT2G44060,0,6,5,5,6,2
AT2G44370,0,0,2,0,0,0
AT2G44650,0,0,2,3,0,4
AT2G44920,0,2,2,0,0,0
AT2G46140,0,4,4,2,0,2
AT2G46860,0,0,0,3,0,0
AT2G47390,0,3,2,3,0,0
AT2G47620,0,4,0,0,2,0
AT2G47650,0,0,3,0,3,4
AT2G47790,0,0,2,3,0,2
AT2G47960,0,3,3,2,2,0
AT2G47970,0,3,5,4,0,2
AT2G47980,0,0,0,0,3,3
AT3G01510,0,2,0,0,0,0
AT3G01540,0,0,4,3,0,3
AT3G02090,0,0,0,0,0,2
AT3G02180,0,0,0,2,0,0
AT3G02630,0,3,2,0,0,0
AT3G02730,0,0,0,3,0,0
AT3G03340,0,0,0,0,0,4
AT3G04780,0,0,0,2,0,0
AT3G04820,0,2,0,0,0,0
AT3G05000,0,2,0,0,0,0
AT3G06010,0,0,2,0,0,0
AT3G06480,0,0,2,2,0,0
AT3G06670,0,0,0,3,0,0
AT3G07060,0,0,0,0,4,0
AT3G07110,0,2,3,2,2,3
AT3G07170,0,0,2,2,0,0
AT3G07590,0,2,2,2,2,3
AT3G07830,0,2,0,0,0,0
AT3G07880,0,0,0,0,2,0
AT3G08580,0,0,2,0,2,0
AT3G08770,0,0,0,2,2,0
AT3G09670,0,4,3,3,6,0
AT3G09740,0,0,2,0,3,0
AT3G10670,0,0,2,0,0,0
AT3G10740,0,0,2,0,0,0
AT3G11250,0,3,0,0,0,0
AT3G11700,0,0,0,2,2,0
AT3G11710,0,0,2,2,3,0
AT3G11780,0,0,0,2,0,0
AT3G11980,0,3,4,0,3,0
AT3G12080,0,2,0,3,0,0
AT3G12390,0,0,0,2,0,0
AT3G12860,0,0,2,2,2,3
AT3G13110,0,0,0,0,0,2
AT3G13210,0,0,2,0,0,0
AT3G13330,0,2,0,0,0,0
AT3G13990,0,0,0,2,0,0
AT3G14010,0,0,3,0,0,0
AT3G15180,0,2,2,0,2,0
AT3G15290,0,2,5,2,4,2
AT3G16290,0,0,0,0,2,0
AT3G16480,0,0,2,0,0,0
AT3G17170,0,0,2,2,0,0
AT3G17880,0,0,0,2,0,0
AT3G17940,0,5,2,3,0,0
AT3G18390,0,0,3,0,0,0
AT3G18410,0,0,0,0,0,2
AT3G18420,0,0,0,2,0,0
AT3G18520,0,2,2,0,0,0
AT3G18680,0,0,2,0,0,0
AT3G18860,0,0,2,0,0,0
AT3G19050,0,2,0,0,0,0
AT3G19130,0,0,2,0,0,0
AT3G19420,0,2,2,0,0,0
AT3G19450,0,0,2,0,0,0
AT3G19500,0,0,2,0,0,0
AT3G19590,0,2,0,0,0,0
AT3G19740,0,0,0,3,0,2
AT3G20250,0,0,3,3,5,4
AT3G20550,0,0,0,2,0,0
AT3G20800,0,0,2,0,0,0
AT3G21290,0,3,0,0,0,0
AT3G21810,0,0,0,0,3,4
AT3G22200,0,2,0,0,2,0
AT3G23450,0,0,2,3,3,3
AT3G24170,0,2,0,2,2,0
AT3G25110,0,0,2,0,0,0
AT3G25960,0,0,0,3,0,0
AT3G26380,0,2,0,0,0,0
AT3G26560,0,0,0,3,0,0
AT3G27300,0,3,4,2,0,0
AT3G27360,0,0,0,2,0,0
AT3G27440,0,0,3,0,0,0
AT3G28460,0,0,2,0,0,0
AT3G28710,0,0,0,0,2,0
AT3G28760,0,0,4,0,0,0
AT3G28770,0,2,0,0,0,0
AT3G29034,0,0,2,0,0,0
AT3G42050,0,3,3,3,0,0
AT3G42660,0,2,0,0,0,0
AT3G42790,0,0,2,3,0,0
AT3G42850,0,4,3,2,2,2
AT3G43810,0,8,0,0,0,0
AT3G44620,0,2,2,0,0,0
AT3G45310,0,2,2,3,3,0
AT3G45640,0,0,2,0,0,0
AT3G46740,0,2,2,0,0,0
AT3G46940,0,2,0,2,0,3
AT3G47000,0,2,0,0,0,0
AT3G47810,0,3,3,5,0,0
AT3G48530,0,2,2,2,0,0
AT3G48750,0,2,0,0,0,0
AT3G48860,0,2,0,0,0,0
AT3G49100,0,0,2,0,0,0
AT3G49390,0,0,0,0,2,0
AT3G49800,0,0,3,0,0,0
AT3G52370,0,0,0,2,0,0
AT3G52630,0,0,2,2,2,0
AT3G52690,0,0,0,0,0,2
AT3G53420,0,0,0,0,0,3
AT3G53520,0,0,0,0,2,0
AT3G53620,0,0,0,3,0,0
AT3G53990,0,0,0,3,2,3
AT3G54400,0,0,3,0,0,0
AT3G54540,0,5,4,0,16,2
AT3G54560,0,2,2,0,0,0
AT3G54610,0,2,0,0,0,0
AT3G54660,0,2,0,0,0,0
AT3G54890,0,0,0,0,0,2
AT3G54900,0,0,0,2,0,0
AT3G55010,0,0,2,0,0,2
AT3G55310,0,2,0,0,0,0
AT3G55400,0,4,2,2,0,2
AT3G55410,0,0,0,2,0,0
AT3G55620,0,0,2,0,0,0
AT3G55770,0,0,0,3,0,2
AT3G56070,0,2,2,0,0,0
AT3G56120,0,0,2,0,0,0
AT3G56130,0,3,5,4,4,5
AT3G56910,0,0,0,2,0,0
AT3G56940,0,3,2,3,4,4
AT3G57050,0,2,0,0,0,0
AT3G58580,0,0,0,2,0,0
AT3G58750,0,2,0,0,0,0
AT3G59290,0,0,3,0,0,0
AT3G59510,0,2,0,0,0,0
AT3G59540,0,2,2,0,2,0
AT3G59570,0,0,2,0,0,0
AT3G60210,0,0,3,0,0,0
AT3G61220,0,3,0,0,0,0
AT3G61430,0,2,0,0,0,0
AT3G61440,0,0,2,2,0,2
AT3G61650,0,2,2,2,3,3
AT3G61860,0,0,0,0,20,0
AT3G62010,0,0,0,2,3,0
AT3G62240,0,0,2,0,0,0
AT3G62330,0,0,3,0,2,0
AT3G62830,0,0,3,0,3,4
AT3G62940,0,2,0,0,0,0
AT3G63130,0,3,3,2,0,0
AT3G63170,0,0,3,2,0,0
AT3G63250,0,2,4,3,3,0
AT4G00820,0,0,0,3,2,0
AT4G01037,0,0,2,0,0,0
AT4G01050,0,0,2,0,2,0
AT4G01180,0,2,0,0,0,0
AT4G01480,0,0,0,3,0,2
AT4G01800,0,2,0,0,0,0
AT4G01810,0,0,0,2,0,0
AT4G02030,0,3,0,3,0,2
AT4G02520,0,0,3,4,0,0
AT4G02770,0,2,2,3,3,5
AT4G03430,0,0,0,3,2,2
AT4G04800,0,0,4,0,0,0
AT4G05390,0,0,0,0,0,2
AT4G08940,0,0,0,2,0,0
AT4G09520,0,2,0,0,2,0
AT4G10040,0,2,0,2,0,0
AT4G10610,0,2,2,2,0,2
AT4G10620,0,0,2,0,0,0
AT4G10790,0,0,0,2,0,0
AT4G10920,0,0,2,0,0,0
AT4G11175,0,0,2,0,0,0
AT4G11240,0,3,0,0,0,2
AT4G12610,0,0,2,0,0,0
AT4G12790,0,2,3,0,3,0
AT4G12880,0,3,3,2,0,0
AT4G13050,0,0,2,0,0,0
AT4G13460,0,2,2,0,0,0
AT4G13570,0,0,2,0,0,0
AT4G15950,0,3,0,2,0,0
AT4G16190,0,0,0,2,0,0
AT4G16265,0,0,0,0,0,2
AT4G16760,0,2,0,0,0,0
AT4G17090,0,3,3,5,0,0
AT4G17100,0,0,0,3,0,3
AT4G17770,0,0,3,2,0,0
AT4G17870,0,0,0,2,0,0
AT4G18430,0,0,0,2,0,0
AT4G18905,0,0,5,3,0,0
AT4G20020,0,0,3,0,0,0
AT4G20260,0,2,0,3,2,0
AT4G20400,0,0,2,0,0,0
AT4G20960,0,0,2,0,0,0
AT4G21660,0,0,3,0,0,0
AT4G21670,0,4,4,0,0,0
AT4G21800,0,0,2,2,0,2
AT4G22285,0,0,2,0,0,0
AT4G22380,0,2,3,0,3,0
AT4G25080,0,2,2,0,0,0
AT4G25340,0,0,2,0,0,0
AT4G26300,0,3,4,2,0,0
AT4G26500,0,2,2,2,0,0
AT4G26510,0,0,4,0,4,2
AT4G26520,0,0,0,2,0,0
AT4G26630,0,0,0,2,0,0
AT4G27060,0,0,2,0,0,0
AT4G27130,0,0,2,2,0,0
AT4G27180,0,2,0,0,0,0
AT4G27560,0,2,2,2,3,0
AT4G27570,0,4,3,2,3,0
AT4G27640,0,4,0,0,0,0
AT4G27660,0,0,0,0,2,0
AT4G27740,0,3,0,0,0,0
AT4G28250,0,0,0,0,0,2
AT4G28300,0,4,3,0,0,0
AT4G28400,0,2,0,0,2,0
AT4G28540,0,2,0,0,0,0
AT4G28706,0,0,2,0,0,0
AT4G28750,0,3,3,0,0,0
AT4G29130,0,0,3,0,0,0
AT4G29160,0,2,2,0,0,0
AT4G29380,0,2,0,0,0,0
AT4G29410,0,3,4,2,2,0
AT4G29840,0,0,0,2,3,2
AT4G31770,0,2,2,2,0,0
AT4G31840,0,2,0,0,0,0
AT4G32820,0,0,0,2,0,0
AT4G32930,0,0,0,2,0,0
AT4G33070,0,0,0,0,0,2
AT4G33080,0,3,2,3,0,0
AT4G33580,0,0,0,2,2,0
AT4G34230,0,0,2,0,0,0
AT4G34412,0,0,0,2,0,0
AT4G34660,0,3,0,0,0,3
AT4G34840,0,0,0,2,0,0
AT4G34890,0,3,2,2,2,0
AT4G35050,0,0,0,4,0,0
AT4G35780,0,2,0,0,0,0
AT4G36390,0,0,2,0,0,0
AT4G36540,0,0,2,0,0,0
AT4G36630,0,0,2,2,0,0
AT4G36800,0,2,0,0,0,0
AT4G36960,0,0,0,2,0,0
AT4G37040,0,0,2,0,0,0
AT4G37510,0,0,2,0,0,0
AT4G37740,0,4,0,0,0,0
AT4G37980,0,0,0,2,0,0
AT4G38220,0,2,3,2,0,0
AT4G38420,0,2,0,0,0,0
AT4G38440,0,0,0,2,0,0
AT4G38470,0,2,0,0,0,0
AT4G38600,0,3,6,4,4,2
AT4G38890,0,0,0,2,0,0
AT4G39000,0,0,0,0,0,2
AT4G39040,0,0,0,2,3,0
AT4G39120,0,0,0,2,0,0
AT4G39200,0,4,6,5,3,5
AT4G39420,0,0,0,3,0,0
AT4G39820,0,0,2,2,0,0
AT5G02610,0,2,0,0,0,0
AT5G03040,0,0,3,2,2,2
AT5G03630,0,3,4,6,3,0
AT5G03940,0,0,0,0,2,0
AT5G04290,0,2,0,0,0,0
AT5G04590,0,0,2,0,2,0
AT5G05270,0,0,2,0,0,0
AT5G05590,0,0,0,2,0,2
AT5G05620,0,2,2,2,3,3
AT5G05920,0,2,0,4,0,2
AT5G05980,0,0,0,2,0,0
AT5G06160,0,2,0,0,2,0
AT5G06390,0,2,0,0,2,0
AT5G06450,0,0,0,2,0,0
AT5G06460,0,0,4,2,0,2
AT5G07460,0,3,3,0,0,0
AT5G08370,0,0,2,0,0,0
AT5G08560,0,4,0,2,0,0
AT5G08650,0,0,0,3,0,0
AT5G09700,0,0,2,3,0,0
AT5G09730,0,0,2,0,0,0
AT5G10170,0,0,2,0,2,0
AT5G10390,0,0,0,2,0,0
AT5G10400,0,0,0,2,0,0
AT5G10560,0,0,0,0,0,2
AT5G10770,0,0,2,2,0,0
AT5G10860,0,0,4,3,2,0
AT5G11330,0,0,0,3,0,0
AT5G11810,0,0,2,0,2,0
AT5G12040,0,0,2,0,0,0
AT5G12350,0,0,2,0,0,0
AT5G12950,0,2,0,3,0,0
AT5G13110,0,0,0,2,0,0
AT5G13130,0,0,0,0,0,2
AT5G13180,0,0,3,0,0,0
AT5G13260,0,0,2,0,0,0
AT5G13310,0,2,2,0,0,0
AT5G13480,0,0,0,2,0,0
AT5G13510,0,2,0,0,0,2
AT5G13560,0,2,0,0,0,0
AT5G13850,0,0,0,2,0,0
AT5G13980,0,2,2,0,0,0
AT5G14030,0,0,2,0,2,0
AT5G14260,0,0,2,0,0,0
AT5G14610,0,0,0,3,0,3
AT5G15770,0,2,0,0,0,0
AT5G16240,0,0,2,2,0,0
AT5G16370,0,0,2,0,0,0
AT5G16400,0,0,0,2,0,0
AT5G16570,0,2,2,0,2,2
AT5G17020,0,0,0,2,2,0
AT5G17070,0,0,2,4,0,0
AT5G17440,0,0,0,0,2,4
AT5G17990,0,0,2,0,3,0
AT5G18110,0,0,0,0,0,2
AT5G18410,0,3,2,4,0,0
AT5G18510,0,0,0,0,0,2
AT5G18570,0,2,2,0,2,0
AT5G18820,0,0,3,0,2,0
AT5G19010,0,0,0,0,2,0
AT5G19140,0,2,3,3,0,0
AT5G19420,0,0,2,0,0,0
AT5G19440,0,2,0,3,0,0
AT5G19960,0,0,0,0,0,3
AT5G20070,0,2,3,2,2,0
AT5G20160,0,2,3,0,3,0
AT5G20940,0,0,0,2,0,0
AT5G20950,0,3,0,3,0,2
AT5G21030,0,0,0,2,0,2
AT5G21060,0,2,0,2,0,0
AT5G21160,0,2,0,0,0,2
AT5G21274,0,8,0,0,0,9
AT5G21326,0,2,2,0,2,2
AT5G22040,0,2,2,2,2,0
AT5G22440,0,0,3,2,0,0
AT5G22480,0,0,0,2,2,0
AT5G23110,0,2,0,0,0,0
AT5G23580,0,0,2,2,0,0
AT5G24300,0,3,4,3,2,3
AT5G24500,0,3,0,0,0,0
AT5G24840,0,0,2,0,0,0
AT5G25370,0,0,0,0,3,0
AT5G26210,0,2,2,0,0,2
AT5G26760,0,2,0,0,2,0
AT5G35170,0,2,0,0,0,0
AT5G36230,0,2,0,2,0,3
AT5G37020,0,0,0,0,3,0
AT5G37340,0,0,0,2,2,0
AT5G37600,0,2,2,0,2,2
AT5G37830,0,2,0,0,0,0
AT5G38600,0,4,2,0,3,0
AT5G38880,0,2,0,0,0,0
AT5G41330,0,0,2,3,0,0
AT5G41670,0,0,0,0,0,2
AT5G41770,0,2,0,0,3,3
AT5G41790,0,3,0,0,0,0
AT5G41880,0,0,0,2,0,0
AT5G41950,0,3,6,5,3,7
AT5G42100,0,0,2,0,0,0
AT5G42270,0,3,0,0,0,0
AT5G42470,0,3,2,2,0,0
AT5G42765,0,0,2,0,0,0
AT5G42890,0,0,0,2,0,3
AT5G43070,0,2,0,0,0,0
AT5G44200,0,0,0,0,2,0
AT5G44710,0,0,0,0,2,2
AT5G45210,0,0,0,2,0,0
AT5G45510,0,0,3,0,0,0
AT5G45990,0,2,0,0,0,0
AT5G46420,0,0,3,0,0,3
AT5G46560,0,0,2,0,0,0
AT5G46580,0,2,0,0,0,0
AT5G46790,0,2,2,2,0,0
AT5G47870,0,0,2,2,2,0
AT5G47910,0,2,0,0,2,0
AT5G48020,0,0,2,0,0,0
AT5G48370,0,2,0,2,0,0
AT5G48760,0,0,3,0,0,0
AT5G49190,0,0,0,0,2,0
AT5G49810,0,3,0,0,0,0
AT5G49840,0,0,0,0,0,2
AT5G51700,0,2,2,3,3,0
AT5G51720,0,2,3,2,2,0
AT5G51750,0,4,4,0,0,4
AT5G51820,0,0,2,0,0,0
AT5G51970,0,2,3,2,2,0
AT5G52560,0,3,3,0,2,0
AT5G53060,0,0,0,0,0,2
AT5G53120,0,0,2,0,0,2
AT5G53310,0,0,0,2,0,0
AT5G53530,0,2,2,0,0,0
AT5G53560,0,0,0,2,0,0
AT5G54670,0,2,0,0,0,0
AT5G54760,0,0,2,2,0,0
AT5G54960,0,0,2,3,2,0
AT5G55040,0,0,0,3,0,0
AT5G55210,0,3,3,0,2,2
AT5G55280,0,0,0,3,0,0
AT5G55300,0,2,0,0,0,0
AT5G55600,0,2,0,0,2,0
AT5G56190,0,0,2,0,0,0
AT5G56600,0,0,0,3,0,0
AT5G56950,0,0,2,2,0,2
AT5G57850,0,3,4,3,2,2
AT5G58030,0,0,3,0,0,2
AT5G58220,0,0,3,0,0,0
AT5G58240,0,0,2,0,3,0
AT5G58410,0,0,0,0,2,0
AT5G58450,0,3,3,5,0,0
AT5G58710,0,2,2,0,2,0
AT5G59210,0,0,0,0,0,2
AT5G59310,0,0,0,2,2,2
AT5G60040,0,2,0,0,0,0
AT5G60210,0,2,0,4,2,0
AT5G60340,0,0,0,3,0,0
AT5G60360,0,2,3,3,4,0
AT5G60540,0,0,0,2,0,0
AT5G60660,0,0,0,0,0,2
AT5G60990,0,0,2,0,0,0
AT5G61760,0,0,0,2,0,0
AT5G61940,0,0,2,0,0,0
AT5G61950,0,0,2,0,0,0
AT5G62190,0,0,2,0,0,0
AT5G62290,0,0,0,2,0,0
AT5G62530,0,2,2,0,0,0
AT5G62600,0,0,5,4,3,0
AT5G62930,0,2,3,2,0,0
AT5G63120,0,0,0,2,0,0
AT5G63260,0,0,0,2,2,0
AT5G63870,0,2,2,0,0,0
AT5G63980,0,0,0,3,0,0
AT5G64050,0,0,3,0,0,0
AT5G64270,0,0,2,2,0,2
AT5G64300,0,2,0,0,0,2
AT5G64460,0,2,0,2,2,0
AT5G65220,0,0,2,0,2,3
AT5G65350,0,0,0,2,0,0
AT5G65360,0,0,0,2,0,0
AT5G65620,0,4,3,0,3,0
AT5G65840,0,0,2,2,2,3
AT5G65910,0,0,2,0,0,0
AT5G66030,0,2,5,2,0,0
AT5G66120,0,0,0,2,2,0
AT5G67250,0,0,0,0,0,2
AT5G67290,0,0,0,2,0,0
ATCG00065,0,0,0,0,0,3
ATCG00270,0,0,0,2,0,0
ATCG00650,0,2,0,0,2,0
ATCG00840,0,0,0,2,0,2
ATCG00905,0,0,0,0,0,3
ATCG01120,0,2,4,0,3,2
ATCG01230,0,0,0,0,0,3
