Protein,WT,WT,AT3G44750,AT3G44750,AT5G22650,AT5G22650
AT1G50010,0,0,44,0,0,39
AT2G27840,0,0,28,25,23,25
AT1G78650,0,0,10,7,5,6
AT5G21274,0,0,8,0,4,3
AT3G43810,0,0,8,0,4,3
AT2G44510,0,0,5,5,9,7
AT3G10740,2,0,5,2,1,0
AT3G10380,1,0,4,1,1,2
AT3G52580,1,0,3,2,5,6
AT5G66590,0,0,3,0,15,5
AT1G73430,0,0,3,4,2,1
AT2G36390,2,0,3,3,0,0
AT1G56110,0,0,3,2,2,0
AT5G48600,2,0,3,2,2,0
AT3G04400,0,0,2,2,2,3
AT2G33370,0,0,2,2,2,3
AT1G04480,0,0,2,2,2,3
AT1G20970,2,0,2,1,1,3
AT1G75910,1,0,2,1,2,2
AT1G08600,2,0,2,0,3,2
AT4G23540,0,0,2,2,3,1
AT2G06210,0,0,2,2,1,1
AT5G49190,1,0,2,2,2,1
AT5G45390,3,0,2,2,2,1
AT5G27120,0,0,2,0,1,1
AT4G31120,2,0,2,2,0,0
AT5G51280,0,0,2,1,0,0
AT3G61820,0,0,2,1,2,0
AT2G46370,0,0,2,1,1,0
AT1G50710,0,0,2,1,1,0
AT5G55040,0,0,2,0,0,0
AT4G00040,0,0,2,0,0,0
AT4G00810,1,0,2,0,1,0
AT1G72610,0,0,1,1,21,8
AT4G31390,0,0,1,1,4,4
AT3G59600,0,0,1,1,1,4
AT1G76630,1,0,1,0,1,4
AT4G02230,2,0,1,0,1,4
AT4G03120,0,0,1,0,1,2
AT3G16080,0,0,1,0,4,2
AT1G52300,0,0,1,0,4,2
AT1G15250,0,0,1,0,4,2
AT4G01480,1,0,1,0,0,2
AT1G52670,1,0,1,0,2,2
AT4G09800,2,0,1,0,4,2
AT1G34030,2,0,1,0,4,2
AT1G22780,2,0,1,0,4,2
AT1G70600,3,0,1,0,4,2
AT1G23290,3,0,1,0,4,2
AT4G16265,1,0,1,2,0,1
AT3G05040,1,0,1,2,1,1
AT1G51990,1,0,1,2,0,1
AT1G10590,1,0,1,2,2,1
AT5G53350,0,0,1,1,0,1
AT4G39090,0,0,1,1,0,1
AT3G05060,0,0,1,1,3,1
AT1G75130,0,0,1,1,0,1
AT1G74470,0,0,1,1,1,1
AT1G33360,0,0,1,1,0,1
AT1G27752,0,0,1,1,1,1
AT2G40380,1,0,1,1,0,1
AT5G35680,2,0,1,1,1,1
AT5G04280,2,0,1,1,0,1
AT4G01400,2,0,1,1,2,1
AT5G53780,0,0,1,0,0,1
AT5G49530,0,0,1,0,0,1
AT5G45510,0,0,1,0,0,1
AT5G02310,0,0,1,0,1,1
AT3G11940,0,0,1,0,0,1
AT3G09690,0,0,1,0,0,1
AT2G37270,0,0,1,0,0,1
AT2G26570,0,0,1,0,1,1
AT1G79850,0,0,1,0,1,1
AT1G30900,0,0,1,0,1,1
AT1G10450,0,0,1,0,1,1
AT4G01150,1,0,1,0,0,1
AT3G52220,1,0,1,0,0,1
AT3G48860,1,0,1,0,1,1
AT2G47400,1,0,1,0,2,1
AT1G47830,1,0,1,0,0,1
AT1G06030,0,0,1,4,1,0
AT3G16980,1,0,1,3,1,0
AT3G50270,0,0,1,2,1,0
AT3G03910,0,0,1,2,1,0
AT1G63680,1,0,1,2,0,0
AT4G26870,2,0,1,2,0,0
AT5G63650,0,0,1,1,0,0
AT5G08590,0,0,1,1,0,0
AT5G04590,0,0,1,1,0,0
AT4G38092,0,0,1,1,0,0
AT4G10480,0,0,1,1,0,0
AT3G49660,0,0,1,1,0,0
AT3G49390,0,0,1,1,1,0
AT3G45530,0,0,1,1,0,0
AT3G18890,0,0,1,1,1,0
AT3G17590,0,0,1,1,0,0
AT3G06350,0,0,1,1,0,0
AT2G33610,0,0,1,1,0,0
AT2G30440,0,0,1,1,1,0
AT1G79730,0,0,1,1,0,0
AT1G74690,0,0,1,1,1,0
AT1G60940,0,0,1,1,0,0
AT1G48470,0,0,1,1,2,0
AT1G12240,0,0,1,1,1,0
AT1G10940,0,0,1,1,0,0
AT5G42820,1,0,1,1,1,0
AT5G19485,1,0,1,1,3,0
AT3G55750,1,0,1,1,4,0
AT2G34680,1,0,1,1,0,0
AT2G20790,1,0,1,1,0,0
AT1G74270,1,0,1,1,4,0
AT1G41880,1,0,1,1,4,0
AT1G07070,1,0,1,1,3,0
AT5G66980,0,0,1,0,0,0
AT5G65930,0,0,1,0,1,0
AT5G64570,0,0,1,0,0,0
AT5G63320,0,0,1,0,0,0
AT5G62680,0,0,1,0,0,0
AT5G60860,0,0,1,0,0,0
AT5G56760,0,0,1,0,0,0
AT5G48485,0,0,1,0,1,0
AT5G45730,0,0,1,0,0,0
AT5G45150,0,0,1,0,0,0
AT5G25060,0,0,1,0,0,0
AT5G18500,0,0,1,0,0,0
AT5G15280,0,0,1,0,0,0
AT5G12960,0,0,1,0,0,0
AT5G07980,0,0,1,0,0,0
AT5G07970,0,0,1,0,0,0
AT5G02970,0,0,1,0,0,0
AT5G02450,0,0,1,0,1,0
AT5G02280,0,0,1,0,0,0
AT4G39820,0,0,1,0,0,0
AT4G38190,0,0,1,0,1,0
AT4G37650,0,0,1,0,0,0
AT4G32820,0,0,1,0,0,0
AT4G30990,0,0,1,0,0,0
AT4G29450,0,0,1,0,1,0
AT4G25340,0,0,1,0,0,0
AT4G17070,0,0,1,0,1,0
AT4G16590,0,0,1,0,0,0
AT4G15890,0,0,1,0,0,0
AT4G10300,0,0,1,0,0,0
AT3G62330,0,0,1,0,1,0
AT3G57150,0,0,1,0,3,0
AT3G55605,0,0,1,0,0,0
AT3G49601,0,0,1,0,1,0
AT3G30320,0,0,1,0,0,0
AT3G29320,0,0,1,0,0,0
AT3G15180,0,0,1,0,0,0
AT3G14490,0,0,1,0,0,0
AT3G02400,0,0,1,0,0,0
AT2G47210,0,0,1,0,0,0
AT2G44310,0,0,1,0,0,0
AT2G42200,0,0,1,0,2,0
AT2G41475,0,0,1,0,1,0
AT2G38840,0,0,1,0,0,0
AT2G35390,0,0,1,0,0,0
AT2G30950,0,0,1,0,0,0
AT2G30880,0,0,1,0,0,0
AT2G20190,0,0,1,0,0,0
AT2G19670,0,0,1,0,0,0
AT2G06990,0,0,1,0,0,0
AT2G01210,0,0,1,0,0,0
AT1G80600,0,0,1,0,0,0
AT1G78820,0,0,1,0,0,0
AT1G76890,0,0,1,0,0,0
AT1G75930,0,0,1,0,2,0
AT1G74850,0,0,1,0,0,0
AT1G74560,0,0,1,0,0,0
AT1G65580,0,0,1,0,0,0
AT1G53070,0,0,1,0,0,0
AT1G47220,0,0,1,0,0,0
AT1G43710,0,0,1,0,0,0
AT1G35420,0,0,1,0,0,0
AT1G26620,0,0,1,0,0,0
AT1G25250,0,0,1,0,0,0
AT1G24270,0,0,1,0,0,0
AT1G18800,0,0,1,0,0,0
AT1G15510,0,0,1,0,0,0
AT1G09760,0,0,1,0,2,0
AT1G09170,0,0,1,0,0,0
AT1G06760,0,0,1,0,0,0
AT1G06430,0,0,1,0,0,0
AT5G36230,1,0,1,0,0,0
AT3G53740,1,0,1,0,2,0
AT3G33530,1,0,1,0,2,0
AT3G04550,1,0,1,0,0,0
AT2G04495,1,0,1,0,0,0
AT1G78060,1,0,1,0,0,0
AT1G65220,1,0,1,0,0,0
AT1G56700,1,0,1,0,0,0
AT5G55190,0,0,0,0,0,8
AT3G09630,2,0,0,2,7,5
AT5G59920,0,0,0,0,6,5
AT5G23900,0,0,0,0,3,4
AT3G18520,0,0,0,0,3,4
AT5G16280,0,0,0,2,1,3
AT5G41520,0,0,0,1,0,3
AT5G59850,1,0,0,1,0,3
AT3G46040,1,0,0,1,5,3
AT1G07770,1,0,0,1,4,3
ATCG01230,0,0,0,0,1,3
ATCG00905,0,0,0,0,1,3
ATCG00065,0,0,0,0,1,3
AT5G37780,0,0,0,0,4,3
AT3G60190,0,0,0,0,1,3
AT3G49910,0,0,0,0,7,3
AT3G28780,0,0,0,0,2,3
AT5G51750,1,0,0,0,2,3
AT3G12050,1,0,0,2,1,2
AT5G53560,0,0,0,1,0,2
AT1G54250,0,0,0,1,2,2
AT1G17760,0,0,0,1,1,2
AT4G00100,1,0,0,1,4,2
AT3G60770,1,0,0,1,4,2
AT1G15270,1,0,0,1,1,2
AT3G62010,2,0,0,1,1,2
ATCG01020,0,0,0,0,2,2
ATCG00330,0,0,0,0,1,2
ATCG00180,0,0,0,0,1,2
AT5G17770,0,0,0,0,0,2
AT4G18360,0,0,0,0,5,2
AT3G56910,0,0,0,0,3,2
AT3G53020,0,0,0,0,3,2
AT3G51560,0,0,0,0,1,2
AT3G02310,0,0,0,0,0,2
AT2G47710,0,0,0,0,1,2
AT2G46820,0,0,0,0,0,2
AT2G03850,0,0,0,0,0,2
AT1G66580,0,0,0,0,3,2
AT1G59610,0,0,0,0,0,2
AT1G02813,0,0,0,0,0,2
AT4G28300,1,0,0,0,2,2
AT3G08960,1,0,0,0,0,2
AT1G14320,1,0,0,0,3,2
AT5G48810,0,0,0,2,4,1
AT5G36790,0,0,0,2,0,1
AT5G36700,0,0,0,2,0,1
AT2G41620,0,0,0,2,1,1
AT1G44910,0,0,0,2,1,1
AT5G53530,1,0,0,2,0,1
AT4G27690,1,0,0,2,0,1
AT1G76180,1,0,0,2,1,1
AT5G65720,2,0,0,2,2,1
AT5G47760,0,0,0,1,0,1
AT5G43070,0,0,0,1,0,1
AT5G24350,0,0,0,1,0,1
AT5G16270,0,0,0,1,0,1
AT5G14540,0,0,0,1,1,1
AT4G37210,0,0,0,1,1,1
AT4G04810,0,0,0,1,0,1
AT3G57350,0,0,0,1,1,1
AT3G56340,0,0,0,1,0,1
AT2G44920,0,0,0,1,1,1
AT2G40590,0,0,0,1,0,1
AT2G40510,0,0,0,1,0,1
AT1G80270,0,0,0,1,0,1
AT1G47200,0,0,0,1,0,1
AT1G22860,0,0,0,1,1,1
AT1G20440,0,0,0,1,0,1
AT1G15130,0,0,0,1,0,1
AT1G14280,0,0,0,1,1,1
AT1G10290,0,0,0,1,0,1
AT5G02890,1,0,0,1,0,1
AT3G21140,1,0,0,1,0,1
AT2G27600,1,0,0,1,1,1
AT1G71270,1,0,0,1,1,1
AT4G15545,2,0,0,1,1,1
AT4G01900,2,0,0,1,0,1
AT3G18490,2,0,0,1,2,1
ATCG00770,0,0,0,0,1,1
AT5G64140,0,0,0,0,0,1
AT5G59180,0,0,0,0,2,1
AT5G48520,0,0,0,0,0,1
AT5G47380,0,0,0,0,0,1
AT5G37850,0,0,0,0,0,1
AT5G37550,0,0,0,0,0,1
AT5G37460,0,0,0,0,0,1
AT5G37140,0,0,0,0,0,1
AT5G35620,0,0,0,0,0,1
AT5G18620,0,0,0,0,0,1
AT5G17440,0,0,0,0,0,1
AT5G16130,0,0,0,0,2,1
AT5G15540,0,0,0,0,1,1
AT5G14410,0,0,0,0,0,1
AT5G13780,0,0,0,0,0,1
AT5G08180,0,0,0,0,2,1
AT5G07530,0,0,0,0,0,1
AT5G05740,0,0,0,0,0,1
AT5G05620,0,0,0,0,0,1
AT5G05470,0,0,0,0,0,1
AT5G04560,0,0,0,0,0,1
AT4G36630,0,0,0,0,0,1
AT4G32710,0,0,0,0,1,1
AT4G32551,0,0,0,0,1,1
AT4G32320,0,0,0,0,0,1
AT4G29810,0,0,0,0,0,1
AT4G27840,0,0,0,0,0,1
AT4G25520,0,0,0,0,0,1
AT4G25515,0,0,0,0,0,1
AT4G18670,0,0,0,0,0,1
AT4G17650,0,0,0,0,1,1
AT4G13340,0,0,0,0,0,1
AT4G13200,0,0,0,0,0,1
AT4G11320,0,0,0,0,0,1
AT4G01290,0,0,0,0,0,1
AT4G01070,0,0,0,0,0,1
AT3G62410,0,0,0,0,0,1
AT3G61650,0,0,0,0,0,1
AT3G50080,0,0,0,0,0,1
AT3G42880,0,0,0,0,0,1
AT3G25920,0,0,0,0,1,1
AT3G25440,0,0,0,0,0,1
AT3G24360,0,0,0,0,0,1
AT3G22590,0,0,0,0,0,1
AT3G20810,0,0,0,0,0,1
AT3G20500,0,0,0,0,0,1
AT3G20310,0,0,0,0,0,1
AT3G20290,0,0,0,0,0,1
AT3G18680,0,0,0,0,0,1
AT3G18035,0,0,0,0,3,1
AT3G13160,0,0,0,0,0,1
AT3G12060,0,0,0,0,0,1
AT3G09110,0,0,0,0,0,1
AT3G08690,0,0,0,0,1,1
AT3G06400,0,0,0,0,0,1
AT3G04260,0,0,0,0,0,1
AT3G03920,0,0,0,0,1,1
AT3G02560,0,0,0,0,4,1
AT3G02190,0,0,0,0,0,1
AT2G46080,0,0,0,0,0,1
AT2G43970,0,0,0,0,0,1
AT2G42230,0,0,0,0,0,1
AT2G41350,0,0,0,0,0,1
AT2G38000,0,0,0,0,0,1
AT2G36620,0,0,0,0,2,1
AT2G34860,0,0,0,0,0,1
AT2G33730,0,0,0,0,0,1
AT2G30620,0,0,0,0,0,1
AT2G19490,0,0,0,0,2,1
AT2G16440,0,0,0,0,1,1
AT2G01450,0,0,0,0,0,1
AT1G74740,0,0,0,0,0,1
AT1G72080,0,0,0,0,0,1
AT1G71410,0,0,0,0,1,1
AT1G69360,0,0,0,0,0,1
AT1G67440,0,0,0,0,0,1
AT1G67430,0,0,0,0,3,1
AT1G64230,0,0,0,0,1,1
AT1G63670,0,0,0,0,0,1
AT1G61250,0,0,0,0,0,1
AT1G57860,0,0,0,0,5,1
AT1G57660,0,0,0,0,5,1
AT1G43670,0,0,0,0,0,1
AT1G42960,0,0,0,0,0,1
AT1G34130,0,0,0,0,0,1
AT1G27400,0,0,0,0,3,1
AT1G22870,0,0,0,0,1,1
AT1G21830,0,0,0,0,0,1
AT1G20130,0,0,0,0,0,1
AT1G19990,0,0,0,0,0,1
AT1G18486,0,0,0,0,0,1
AT1G18250,0,0,0,0,0,1
AT1G17220,0,0,0,0,0,1
AT1G15140,0,0,0,0,0,1
AT1G14830,0,0,0,0,2,1
AT1G10417,0,0,0,0,0,1
AT1G10180,0,0,0,0,0,1
AT1G09700,0,0,0,0,0,1
AT1G09690,0,0,0,0,5,1
AT1G09590,0,0,0,0,5,1
AT1G07725,0,0,0,0,0,1
AT1G07320,0,0,0,0,0,1
AT1G03680,0,0,0,0,0,1
AT1G03600,0,0,0,0,0,1
AT1G01510,0,0,0,0,0,1
AT5G62300,1,0,0,0,3,1
AT5G62210,1,0,0,0,1,1
AT5G56710,1,0,0,0,1,1
AT5G45070,1,0,0,0,0,1
AT4G26230,1,0,0,0,1,1
AT3G61440,1,0,0,0,0,1
AT3G47370,1,0,0,0,2,1
AT3G45030,1,0,0,0,3,1
AT3G07230,1,0,0,0,1,1
AT2G43030,1,0,0,0,1,1
AT2G28680,1,0,0,0,0,1
AT2G22795,1,0,0,0,0,1
AT2G19740,1,0,0,0,1,1
AT1G56660,1,0,0,0,1,1
AT1G31970,1,0,0,0,0,1
AT1G30490,1,0,0,0,0,1
AT1G05190,1,0,0,0,1,1
AT4G12790,0,0,0,3,1,0
AT2G32240,0,0,0,3,0,0
AT5G26570,1,0,0,3,0,0
AT5G62270,0,0,0,2,0,0
AT5G04360,0,0,0,2,0,0
AT3G46460,0,0,0,2,0,0
AT3G23980,0,0,0,2,0,0
AT1G15480,0,0,0,2,2,0
AT1G15290,0,0,0,2,1,0
AT4G27560,2,0,0,2,1,0
ATCG01310,0,0,0,1,1,0
ATCG00830,0,0,0,1,1,0
ATCG00190,0,0,0,1,0,0
AT5G65160,0,0,0,1,0,0
AT5G64050,0,0,0,1,0,0
AT5G63420,0,0,0,1,0,0
AT5G60220,0,0,0,1,0,0
AT5G58240,0,0,0,1,0,0
AT5G55660,0,0,0,1,0,0
AT5G53440,0,0,0,1,0,0
AT5G51990,0,0,0,1,0,0
AT5G49360,0,0,0,1,0,0
AT5G48760,0,0,0,1,0,0
AT5G45050,0,0,0,1,0,0
AT5G40570,0,0,0,1,1,0
AT5G38880,0,0,0,1,1,0
AT5G37510,0,0,0,1,0,0
AT5G37130,0,0,0,1,0,0
AT5G25460,0,0,0,1,0,0
AT5G19420,0,0,0,1,0,0
AT5G18550,0,0,0,1,0,0
AT5G17270,0,0,0,1,0,0
AT5G15581,0,0,0,1,1,0
AT5G14580,0,0,0,1,0,0
AT5G14030,0,0,0,1,1,0
AT5G13630,0,0,0,1,0,0
AT5G12350,0,0,0,1,0,0
AT5G11420,0,0,0,1,0,0
AT5G10810,0,0,0,1,0,0
AT5G09730,0,0,0,1,0,0
AT5G09550,0,0,0,1,0,0
AT5G06360,0,0,0,1,0,0
AT5G05700,0,0,0,1,0,0
AT5G03150,0,0,0,1,0,0
AT5G02610,0,0,0,1,0,0
AT5G02570,0,0,0,1,0,0
AT4G39120,0,0,0,1,0,0
AT4G39050,0,0,0,1,1,0
AT4G38350,0,0,0,1,0,0
AT4G36800,0,0,0,1,0,0
AT4G33390,0,0,0,1,0,0
AT4G33220,0,0,0,1,0,0
AT4G29150,0,0,0,1,0,0
AT4G27450,0,0,0,1,0,0
AT4G20450,0,0,0,1,0,0
AT4G19890,0,0,0,1,0,0
AT4G18600,0,0,0,1,1,0
AT4G15320,0,0,0,1,0,0
AT4G15020,0,0,0,1,0,0
AT4G14900,0,0,0,1,0,0
AT4G02080,0,0,0,1,0,0
AT4G01240,0,0,0,1,0,0
AT4G00800,0,0,0,1,1,0
AT3G62560,0,0,0,1,0,0
AT3G59290,0,0,0,1,0,0
AT3G43270,0,0,0,1,0,0
AT3G24830,0,0,0,1,0,0
AT3G24800,0,0,0,1,0,0
AT3G23060,0,0,0,1,0,0
AT3G22440,0,0,0,1,0,0
AT3G20740,0,0,0,1,0,0
AT3G18860,0,0,0,1,0,0
AT3G18290,0,0,0,1,0,0
AT3G17710,0,0,0,1,0,0
AT3G14950,0,0,0,1,0,0
AT3G12280,0,0,0,1,0,0
AT3G11964,0,0,0,1,0,0
AT3G09480,0,0,0,1,0,0
AT3G07110,0,0,0,1,0,0
AT3G07050,0,0,0,1,0,0
AT2G47240,0,0,0,1,0,0
AT2G47090,0,0,0,1,0,0
AT2G44100,0,0,0,1,0,0
AT2G43620,0,0,0,1,0,0
AT2G41470,0,0,0,1,0,0
AT2G39260,0,0,0,1,1,0
AT2G37470,0,0,0,1,0,0
AT2G37100,0,0,0,1,0,0
AT2G36650,0,0,0,1,0,0
AT2G35830,0,0,0,1,0,0
AT2G35810,0,0,0,1,0,0
AT2G35610,0,0,0,1,0,0
AT2G34300,0,0,0,1,0,0
AT2G30660,0,0,0,1,0,0
AT2G29630,0,0,0,1,0,0
AT2G29450,0,0,0,1,0,0
AT2G29440,0,0,0,1,0,0
AT2G25900,0,0,0,1,0,0
AT2G25840,0,0,0,1,0,0
AT2G23520,0,0,0,1,0,0
AT2G22360,0,0,0,1,0,0
AT2G21380,0,0,0,1,0,0
AT2G20270,0,0,0,1,0,0
AT2G19810,0,0,0,1,0,0
AT2G18460,0,0,0,1,1,0
AT2G04700,0,0,0,1,0,0
AT2G04650,0,0,0,1,0,0
AT1G77550,0,0,0,1,0,0
AT1G77020,0,0,0,1,0,0
AT1G75460,0,0,0,1,0,0
AT1G74910,0,0,0,1,1,0
AT1G70150,0,0,0,1,0,0
AT1G69900,0,0,0,1,0,0
AT1G69200,0,0,0,1,0,0
AT1G62480,0,0,0,1,0,0
AT1G56330,0,0,0,1,0,0
AT1G51440,0,0,0,1,0,0
AT1G50410,0,0,0,1,0,0
AT1G49670,0,0,0,1,0,0
AT1G48760,0,0,0,1,0,0
AT1G47265,0,0,0,1,0,0
AT1G33590,0,0,0,1,1,0
AT1G28530,0,0,0,1,0,0
AT1G19740,0,0,0,1,0,0
AT1G17590,0,0,0,1,0,0
AT1G15940,0,0,0,1,0,0
AT1G10490,0,0,0,1,1,0
AT1G10200,0,0,0,1,0,0
AT1G10170,0,0,0,1,0,0
AT1G09180,0,0,0,1,0,0
AT1G06670,0,0,0,1,0,0
AT1G04950,0,0,0,1,0,0
AT5G53310,1,0,0,1,0,0
AT5G45480,1,0,0,1,0,0
AT5G37650,1,0,0,1,0,0
AT5G37470,1,0,0,1,0,0
AT5G20250,1,0,0,1,0,0
AT5G13440,1,0,0,1,1,0
AT5G13430,1,0,0,1,1,0
AT5G07920,1,0,0,1,0,0
AT5G07830,1,0,0,1,0,0
AT4G35410,1,0,0,1,1,0
AT4G21270,1,0,0,1,0,0
AT4G11911,1,0,0,1,0,0
AT4G10260,1,0,0,1,0,0
AT3G14040,1,0,0,1,0,0
AT3G10940,1,0,0,1,0,0
AT3G07850,1,0,0,1,0,0
AT3G02950,1,0,0,1,0,0
AT3G02660,1,0,0,1,0,0
AT2G42840,1,0,0,1,0,0
AT2G32720,1,0,0,1,1,0
AT2G26920,1,0,0,1,0,0
AT2G17380,1,0,0,1,1,0
AT1G80910,1,0,0,1,0,0
AT1G51680,1,0,0,1,0,0
AT1G21065,1,0,0,1,1,0
AT1G17650,1,0,0,1,0,0
AT1G10620,1,0,0,1,0,0
AT2G05830,2,0,0,1,0,0
AT1G71770,2,0,0,1,0,0
AT1G64980,2,0,0,1,0,0
AT1G51690,2,0,0,1,0,0
AT1G19870,2,0,0,1,1,0
ATCG00790,0,0,0,0,1,0
AT5G61605,0,0,0,0,1,0
AT5G59100,0,0,0,0,1,0
AT5G58005,0,0,0,0,1,0
AT5G57990,0,0,0,0,1,0
AT5G56130,0,0,0,0,1,0
AT5G54640,0,0,0,0,1,0
AT5G54300,0,0,0,0,1,0
AT5G53800,0,0,0,0,1,0
AT5G52910,0,0,0,0,1,0
AT5G52340,0,0,0,0,1,0
AT5G49400,0,0,0,0,2,0
AT5G44760,0,0,0,0,1,0
AT5G38490,0,0,0,0,1,0
AT5G24490,0,0,0,0,1,0
AT5G18860,0,0,0,0,1,0
AT5G18525,0,0,0,0,1,0
AT5G18180,0,0,0,0,1,0
AT5G17910,0,0,0,0,1,0
AT5G15400,0,0,0,0,1,0
AT5G13820,0,0,0,0,1,0
AT5G08720,0,0,0,0,1,0
AT5G08540,0,0,0,0,1,0
AT4G38830,0,0,0,0,1,0
AT4G35070,0,0,0,0,1,0
AT4G34070,0,0,0,0,1,0
AT4G31985,0,0,0,0,3,0
AT4G31340,0,0,0,0,2,0
AT4G27745,0,0,0,0,1,0
AT4G27230,0,0,0,0,1,0
AT4G26660,0,0,0,0,1,0
AT4G23320,0,0,0,0,1,0
AT4G23290,0,0,0,0,1,0
AT4G22140,0,0,0,0,1,0
AT4G20900,0,0,0,0,1,0
AT4G20260,0,0,0,0,1,0
AT4G19190,0,0,0,0,2,0
AT4G04770,0,0,0,0,2,0
AT3G63400,0,0,0,0,2,0
AT3G62060,0,0,0,0,1,0
AT3G60520,0,0,0,0,1,0
AT3G57940,0,0,0,0,1,0
AT3G57620,0,0,0,0,1,0
AT3G57110,0,0,0,0,1,0
AT3G55620,0,0,0,0,1,0
AT3G54310,0,0,0,0,1,0
AT3G54210,0,0,0,0,3,0
AT3G53700,0,0,0,0,1,0
AT3G52500,0,0,0,0,1,0
AT3G52230,0,0,0,0,1,0
AT3G51880,0,0,0,0,1,0
AT3G51330,0,0,0,0,2,0
AT3G51270,0,0,0,0,1,0
AT3G49990,0,0,0,0,1,0
AT3G49790,0,0,0,0,1,0
AT3G48500,0,0,0,0,1,0
AT3G48310,0,0,0,0,1,0
AT3G48150,0,0,0,0,1,0
AT3G47390,0,0,0,0,1,0
AT3G44785,0,0,0,0,1,0
AT3G26890,0,0,0,0,1,0
AT3G23740,0,0,0,0,1,0
AT3G23670,0,0,0,0,1,0
AT3G20670,0,0,0,0,1,0
AT3G17840,0,0,0,0,1,0
AT3G15690,0,0,0,0,1,0
AT3G14075,0,0,0,0,1,0
AT3G13990,0,0,0,0,1,0
AT3G05750,0,0,0,0,3,0
AT2G47340,0,0,0,0,1,0
AT2G45380,0,0,0,0,1,0
AT2G43520,0,0,0,0,1,0
AT2G37260,0,0,0,0,1,0
AT2G33450,0,0,0,0,1,0
AT2G31650,0,0,0,0,1,0
AT2G29370,0,0,0,0,1,0
AT2G29360,0,0,0,0,1,0
AT2G29350,0,0,0,0,1,0
AT2G28830,0,0,0,0,1,0
AT2G27980,0,0,0,0,1,0
AT2G26460,0,0,0,0,1,0
AT2G25210,0,0,0,0,3,0
AT2G24650,0,0,0,0,1,0
AT2G23300,0,0,0,0,1,0
AT2G21300,0,0,0,0,1,0
AT2G20490,0,0,0,0,1,0
AT2G17410,0,0,0,0,1,0
AT2G15325,0,0,0,0,1,0
AT1G80780,0,0,0,0,1,0
AT1G79250,0,0,0,0,1,0
AT1G74930,0,0,0,0,1,0
AT1G71710,0,0,0,0,1,0
AT1G68750,0,0,0,0,1,0
AT1G67020,0,0,0,0,1,0
AT1G66280,0,0,0,0,2,0
AT1G64350,0,0,0,0,1,0
AT1G60850,0,0,0,0,1,0
AT1G55650,0,0,0,0,1,0
AT1G54690,0,0,0,0,1,0
AT1G51060,0,0,0,0,1,0
AT1G50240,0,0,0,0,1,0
AT1G31120,0,0,0,0,1,0
AT1G30460,0,0,0,0,1,0
AT1G27430,0,0,0,0,1,0
AT1G23170,0,0,0,0,1,0
AT1G22770,0,0,0,0,1,0
AT1G21690,0,0,0,0,1,0
AT1G20550,0,0,0,0,1,0
AT1G15280,0,0,0,0,1,0
AT1G14800,0,0,0,0,1,0
AT1G08880,0,0,0,0,1,0
AT1G08300,0,0,0,0,1,0
AT1G07740,0,0,0,0,1,0
AT1G06280,0,0,0,0,1,0
AT1G04890,0,0,0,0,1,0
AT1G04020,0,0,0,0,1,0
AT1G01620,0,0,0,0,1,0
ATCG00660,1,0,0,0,0,0
AT5G66900,1,0,0,0,0,0
AT5G65700,1,0,0,0,0,0
AT5G64460,1,0,0,0,0,0
AT5G58710,1,0,0,0,0,0
AT5G52280,1,0,0,0,0,0
AT5G47140,1,0,0,0,0,0
AT5G46790,1,0,0,0,0,0
AT5G43530,1,0,0,0,0,0
AT5G42720,1,0,0,0,0,0
AT5G40760,1,0,0,0,1,0
AT5G39740,1,0,0,0,3,0
AT5G38270,1,0,0,0,0,0
AT5G36740,1,0,0,0,0,0
AT5G36670,1,0,0,0,0,0
AT5G30510,1,0,0,0,0,0
AT5G28030,1,0,0,0,0,0
AT5G26760,1,0,0,0,0,0
AT5G25210,1,0,0,0,0,0
AT5G24500,1,0,0,0,0,0
AT5G21060,1,0,0,0,0,0
AT5G19220,1,0,0,0,0,0
AT5G17990,1,0,0,0,0,0
AT5G17510,1,0,0,0,0,0
AT5G16920,1,0,0,0,0,0
AT5G12190,1,0,0,0,0,0
AT5G08560,1,0,0,0,0,0
AT5G08120,1,0,0,0,0,0
AT5G06670,1,0,0,0,0,0
AT5G05980,1,0,0,0,0,0
AT5G05920,1,0,0,0,0,0
AT5G05560,1,0,0,0,0,0
AT5G05050,1,0,0,0,0,0
AT5G04800,1,0,0,0,1,0
AT5G03800,1,0,0,0,0,0
AT4G39230,1,0,0,0,0,0
AT4G38710,1,0,0,0,0,0
AT4G37190,1,0,0,0,0,0
AT4G36020,1,0,0,0,0,0
AT4G34620,1,0,0,0,0,0
AT4G32910,1,0,0,0,0,0
AT4G32350,1,0,0,0,0,0
AT4G30340,1,0,0,0,0,0
AT4G30190,1,0,0,0,0,0
AT4G24620,1,0,0,0,0,0
AT4G18905,1,0,0,0,0,0
AT4G15950,1,0,0,0,0,0
AT4G13500,1,0,0,0,0,0
AT4G02580,1,0,0,0,0,0
AT4G01500,1,0,0,0,0,0
AT3G63340,1,0,0,0,0,0
AT3G63130,1,0,0,0,0,0
AT3G61970,1,0,0,0,0,0
AT3G61430,1,0,0,0,1,0
AT3G60900,1,0,0,0,0,0
AT3G59670,1,0,0,0,0,0
AT3G55920,1,0,0,0,0,0
AT3G55630,1,0,0,0,0,0
AT3G53620,1,0,0,0,0,0
AT3G51310,1,0,0,0,0,0
AT3G49670,1,0,0,0,0,0
AT3G48890,1,0,0,0,0,0
AT3G45950,1,0,0,0,0,0
AT3G29090,1,0,0,0,0,0
AT3G25520,1,0,0,0,3,0
AT3G23700,1,0,0,0,0,0
AT3G20700,1,0,0,0,0,0
AT3G13940,1,0,0,0,0,0
AT3G13060,1,0,0,0,0,0
AT3G10610,1,0,0,0,1,0
AT3G10070,1,0,0,0,0,0
AT3G04940,1,0,0,0,0,0
AT3G02890,1,0,0,0,0,0
AT2G47620,1,0,0,0,0,0
AT2G46870,1,0,0,0,0,0
AT2G46860,1,0,0,0,0,0
AT2G45960,1,0,0,0,1,0
AT2G42110,1,0,0,0,0,0
AT2G40840,1,0,0,0,1,0
AT2G39795,1,0,0,0,0,0
AT2G37980,1,0,0,0,0,0
AT2G37600,1,0,0,0,1,0
AT2G36910,1,0,0,0,0,0
AT2G36730,1,0,0,0,0,0
AT2G36310,1,0,0,0,0,0
AT2G35840,1,0,0,0,0,0
AT2G33740,1,0,0,0,0,0
AT2G33435,1,0,0,0,0,0
AT2G30400,1,0,0,0,0,0
AT2G30000,1,0,0,0,0,0
AT2G29960,1,0,0,0,0,0
AT2G27810,1,0,0,0,0,0
AT2G25280,1,0,0,0,0,0
AT2G24210,1,0,0,0,0,0
AT2G23530,1,0,0,0,0,0
AT2G20725,1,0,0,0,0,0
AT2G17020,1,0,0,0,0,0
AT2G14870,1,0,0,0,0,0
AT2G13895,1,0,0,0,0,0
AT2G05220,1,0,0,0,1,0
AT2G04780,1,0,0,0,2,0
AT2G04390,1,0,0,0,1,0
AT1G78630,1,0,0,0,1,0
AT1G77710,1,0,0,0,0,0
AT1G77700,1,0,0,0,0,0
AT1G75510,1,0,0,0,0,0
AT1G73180,1,0,0,0,0,0
AT1G67690,1,0,0,0,0,0
AT1G65610,1,0,0,0,0,0
AT1G63460,1,0,0,0,0,0
AT1G61400,1,0,0,0,0,0
AT1G60400,1,0,0,0,0,0
AT1G58390,1,0,0,0,0,0
AT1G51420,1,0,0,0,0,0
AT1G50110,1,0,0,0,0,0
AT1G34260,1,0,0,0,0,0
AT1G33410,1,0,0,0,0,0
AT1G32900,1,0,0,0,0,0
AT1G32750,1,0,0,0,0,0
AT1G26260,1,0,0,0,0,0
AT1G21740,1,0,0,0,0,0
AT1G20225,1,0,0,0,0,0
AT1G19660,1,0,0,0,0,0
AT1G16810,1,0,0,0,0,0
AT1G15910,1,0,0,0,0,0
AT1G14980,1,0,0,0,0,0
AT1G11360,1,0,0,0,0,0
AT1G09010,1,0,0,0,0,0
AT1G07615,1,0,0,0,0,0
AT1G07170,1,0,0,0,0,0
AT1G06110,1,0,0,0,0,0
AT1G03982,1,0,0,0,0,0
AT1G01580,1,0,0,0,0,0
AT1G01030,1,0,0,0,0,0
AT5G27450,2,0,0,0,0,0
AT5G19310,2,0,0,0,0,0
AT4G33400,2,0,0,0,0,0
AT4G12600,2,0,0,0,1,0
AT4G03110,2,0,0,0,0,0
AT3G06010,2,0,0,0,0,0
AT1G76160,2,0,0,0,0,0
AT1G70290,2,0,0,0,0,0
AT1G21860,2,0,0,0,0,0
AT1G21850,2,0,0,0,0,0
AT5G13280,3,0,0,0,0,0
AT1G71820,2,1,8,1,3,1
AT1G76850,2,1,5,5,3,3
AT1G47550,1,1,5,0,2,0
AT4G17520,4,1,4,4,6,4
AT1G60070,4,1,4,1,3,4
AT5G15680,0,1,4,0,3,4
AT4G24840,1,1,4,1,0,2
AT5G07470,1,1,4,4,2,1
AT4G35100,1,1,4,4,2,1
AT5G50320,0,1,4,3,4,1
AT1G21880,2,1,4,3,2,1
AT3G29075,1,1,4,2,3,1
AT3G57660,1,1,4,3,2,0
AT5G47820,1,1,4,2,2,0
AT1G49040,3,1,4,2,4,0
AT5G47210,3,1,3,5,8,6
AT5G42080,3,1,3,3,4,3
AT1G33140,3,1,3,3,5,3
AT1G33120,3,1,3,3,5,3
AT3G18740,3,1,3,5,1,2
AT1G36240,3,1,3,4,1,2
AT4G22670,4,1,3,4,1,1
AT2G28470,1,1,3,3,2,1
AT3G11500,4,1,3,3,0,1
AT2G23930,4,1,3,3,0,1
AT3G20820,2,1,3,2,2,1
AT3G18165,0,1,3,1,2,1
ATCG00470,1,1,3,1,2,1
AT5G55670,1,1,3,2,3,0
AT5G03320,1,1,3,2,0,0
AT2G37220,2,1,3,2,0,0
AT5G11980,0,1,3,1,1,0
AT1G76260,0,1,3,1,1,0
AT5G16300,1,1,3,1,0,0
AT1G47560,1,1,3,0,1,0
AT5G07410,2,1,2,4,5,4
AT2G45680,2,1,2,2,0,3
AT3G01570,2,1,2,0,1,3
AT5G60670,3,1,2,3,3,2
AT3G53430,3,1,2,3,3,2
AT2G37190,3,1,2,3,3,2
AT3G07590,1,1,2,2,1,2
AT2G06850,4,1,2,2,4,2
ATCG00670,1,1,2,1,3,2
AT1G75270,4,1,2,1,1,2
AT3G27050,1,1,2,0,1,2
AT4G17610,0,1,2,3,0,1
AT5G24400,3,1,2,3,1,1
AT1G77940,2,1,2,2,1,1
AT5G48120,0,1,2,1,1,1
AT1G49340,0,1,2,1,1,1
AT5G52470,1,1,2,1,2,1
AT4G25630,1,1,2,1,2,1
AT3G23450,1,1,2,1,3,1
AT5G18580,0,1,2,0,0,1
AT5G01160,0,1,2,0,1,1
AT4G28980,0,1,2,0,0,1
AT1G32220,2,1,2,4,1,0
AT1G72390,1,1,2,2,1,0
AT1G18070,3,1,2,2,0,0
AT2G44500,0,1,2,1,2,0
AT5G39680,1,1,2,1,0,0
AT3G26618,1,1,2,1,1,0
AT3G12700,1,1,2,1,1,0
AT2G03430,1,1,2,1,0,0
AT1G12920,1,1,2,1,1,0
AT5G20160,0,1,2,0,2,0
AT5G19440,0,1,2,0,1,0
AT4G22380,0,1,2,0,2,0
AT4G15790,0,1,2,0,0,0
AT5G57290,1,1,2,0,1,0
AT3G61220,1,1,2,0,0,0
AT3G46960,1,1,2,0,1,0
AT3G24880,1,1,2,0,2,0
AT3G24870,1,1,2,0,2,0
AT1G78870,1,1,2,0,0,0
AT1G16890,1,1,2,0,0,0
AT1G10890,1,1,2,0,1,0
AT5G26730,2,1,2,0,0,0
AT4G34740,2,1,2,0,0,0
AT5G24300,3,1,2,0,0,0
AT2G29690,3,1,2,0,0,0
AT3G04840,2,1,1,2,10,6
AT1G02780,2,1,1,0,3,6
AT2G44640,3,1,1,2,1,5
AT1G69620,1,1,1,2,1,4
AT1G26880,1,1,1,2,1,4
AT1G69940,1,1,1,2,5,3
AT5G45775,1,1,1,1,2,3
AT5G28060,1,1,1,1,2,3
AT4G18730,1,1,1,1,2,3
AT3G58700,1,1,1,1,2,3
AT2G42740,1,1,1,1,2,3
AT5G56600,2,1,1,4,1,2
AT3G52960,4,1,1,4,1,2
AT5G17070,1,1,1,2,1,2
AT3G15190,2,1,1,2,2,2
AT3G43148,0,1,1,1,1,2
AT3G22310,0,1,1,1,0,2
AT1G64550,0,1,1,1,1,2
AT1G15200,0,1,1,1,2,2
AT3G55280,1,1,1,1,4,2
AT3G46010,1,1,1,1,1,2
AT2G45820,1,1,1,1,4,2
AT2G39460,1,1,1,1,4,2
AT2G34420,1,1,1,1,2,2
AT2G01250,1,1,1,1,1,2
AT1G29930,1,1,1,1,2,2
AT1G29920,1,1,1,1,2,2
AT1G29910,1,1,1,1,2,2
AT5G16390,2,1,1,1,2,2
AT1G01050,1,1,1,0,0,2
AT3G62460,0,1,1,2,0,1
AT2G32060,0,1,1,2,2,1
AT5G27410,1,1,1,2,2,1
AT1G18540,1,1,1,2,4,1
AT2G04570,2,1,1,2,1,1
AT5G42740,3,1,1,2,0,1
AT5G54750,0,1,1,1,2,1
AT1G22730,0,1,1,1,1,1
AT4G34670,1,1,1,1,4,1
AT4G25050,1,1,1,1,1,1
AT4G11060,1,1,1,1,0,1
AT3G11050,1,1,1,1,4,1
AT3G06610,1,1,1,1,0,1
AT3G04230,1,1,1,1,3,1
AT2G44120,1,1,1,1,1,1
AT2G01530,1,1,1,1,1,1
AT1G60420,1,1,1,1,0,1
AT1G14940,1,1,1,1,1,1
AT5G51060,2,1,1,1,1,1
AT4G33520,2,1,1,1,0,1
AT2G04520,2,1,1,1,1,1
AT5G28350,0,1,1,0,0,1
AT5G16400,0,1,1,0,0,1
AT3G47810,0,1,1,0,3,1
AT4G30530,1,1,1,0,0,1
AT4G20460,1,1,1,0,0,1
AT2G34850,1,1,1,0,0,1
AT1G80500,1,1,1,0,2,1
AT1G30620,1,1,1,0,0,1
AT1G09770,1,1,1,0,0,1
AT1G01950,1,1,1,0,1,1
AT5G52840,1,1,1,4,3,0
AT3G16410,1,1,1,4,2,0
AT3G16400,1,1,1,4,2,0
AT3G18580,3,1,1,4,0,0
AT5G51110,2,1,1,3,2,0
AT4G03520,0,1,1,2,1,0
AT5G11880,1,1,1,2,0,0
AT3G63250,1,1,1,2,0,0
AT3G14390,1,1,1,2,0,0
AT2G18960,1,1,1,2,0,0
AT1G24180,1,1,1,2,0,0
AT1G24050,1,1,1,2,0,0
AT5G12950,2,1,1,2,0,0
AT2G16485,2,1,1,2,1,0
AT1G74060,3,1,1,2,5,0
AT1G74050,3,1,1,2,5,0
AT4G31180,4,1,1,2,0,0
AT4G10610,0,1,1,1,1,0
AT4G04020,0,1,1,1,0,0
AT4G03210,0,1,1,1,1,0
AT3G56110,0,1,1,1,1,0
AT3G25580,0,1,1,1,0,0
AT3G23890,0,1,1,1,0,0
AT3G17900,0,1,1,1,0,0
AT3G10220,0,1,1,1,0,0
AT3G05020,0,1,1,1,0,0
AT2G44870,0,1,1,1,0,0
AT2G38730,0,1,1,1,0,0
AT2G18990,0,1,1,1,0,0
AT1G75660,0,1,1,1,6,0
AT1G74580,0,1,1,1,2,0
AT1G68790,0,1,1,1,0,0
AT1G32790,0,1,1,1,1,0
AT1G15370,0,1,1,1,0,0
AT1G11475,0,1,1,1,0,0
AT5G55070,1,1,1,1,1,0
AT5G49980,1,1,1,1,0,0
AT5G47880,1,1,1,1,0,0
AT5G44635,1,1,1,1,0,0
AT5G25270,1,1,1,1,1,0
AT5G13340,1,1,1,1,0,0
AT5G11490,1,1,1,1,0,0
AT5G03040,1,1,1,1,0,0
AT4G30620,1,1,1,1,1,0
AT4G24270,1,1,1,1,0,0
AT4G10450,1,1,1,1,1,0
AT4G03220,1,1,1,1,1,0
AT3G29630,1,1,1,1,1,0
AT3G07640,1,1,1,1,0,0
AT2G35020,1,1,1,1,0,0
AT2G29540,1,1,1,1,2,0
AT2G06050,1,1,1,1,0,0
AT1G77630,1,1,1,1,1,0
AT1G71310,1,1,1,1,1,0
AT1G70730,1,1,1,1,0,0
AT1G66240,1,1,1,1,1,0
AT1G54630,1,1,1,1,0,0
AT1G54580,1,1,1,1,0,0
AT1G54410,1,1,1,1,1,0
AT1G53580,1,1,1,1,2,0
AT1G52340,1,1,1,1,0,0
AT1G48420,1,1,1,1,0,0
AT1G27650,1,1,1,1,1,0
AT5G48650,2,1,1,1,1,0
AT5G41010,2,1,1,1,1,0
AT2G41790,2,1,1,1,0,0
AT1G79260,2,1,1,1,0,0
AT1G70850,2,1,1,1,0,0
AT1G15470,2,1,1,1,0,0
AT5G62530,3,1,1,1,1,0
ATCG00650,0,1,1,0,2,0
AT5G55280,0,1,1,0,0,0
AT5G54670,0,1,1,0,0,0
AT5G52160,0,1,1,0,0,0
AT5G51940,0,1,1,0,1,0
AT5G21160,0,1,1,0,0,0
AT5G01010,0,1,1,0,0,0
AT4G27490,0,1,1,0,0,0
AT4G23710,0,1,1,0,0,0
AT4G09670,0,1,1,0,0,0
AT4G03205,0,1,1,0,0,0
AT3G57320,0,1,1,0,0,0
AT3G05450,0,1,1,0,0,0
AT2G41950,0,1,1,0,0,0
AT2G31060,0,1,1,0,0,0
AT2G04630,0,1,1,0,1,0
AT1G79280,0,1,1,0,0,0
AT1G30680,0,1,1,0,0,0
AT1G26230,0,1,1,0,0,0
AT5G44480,1,1,1,0,0,0
AT5G24840,1,1,1,0,0,0
AT5G24520,1,1,1,0,0,0
AT4G32930,1,1,1,0,0,0
AT4G29380,1,1,1,0,0,0
AT3G10670,1,1,1,0,3,0
AT3G10200,1,1,1,0,0,0
AT2G32600,1,1,1,0,1,0
AT2G31750,1,1,1,0,0,0
AT2G29210,1,1,1,0,0,0
AT2G01490,1,1,1,0,0,0
AT1G68060,1,1,1,0,0,0
AT1G48090,1,1,1,0,0,0
AT1G30120,1,1,1,0,1,0
AT1G26460,1,1,1,0,0,0
AT1G03330,1,1,1,0,0,0
AT2G30870,2,1,1,0,0,0
AT1G12410,2,1,1,0,0,0
AT5G40870,3,1,1,0,0,0
AT2G31610,3,1,0,3,5,7
AT2G34480,0,1,0,1,3,7
AT5G02960,1,1,0,1,5,7
ATCG00380,2,1,0,1,6,7
AT3G09680,1,1,0,0,4,7
AT3G53870,2,1,0,2,4,6
AT5G02870,3,1,0,3,8,4
AT4G37870,0,1,0,0,0,4
AT1G76550,4,1,0,4,0,2
AT1G59890,0,1,0,1,0,2
AT5G10240,1,1,0,1,1,2
AT2G45470,1,1,0,0,0,2
AT1G63000,1,1,0,3,0,1
AT1G29260,0,1,0,2,0,1
AT3G17810,1,1,0,2,1,1
AT1G51510,1,1,0,2,0,1
AT5G61410,2,1,0,2,1,1
AT1G30530,4,1,0,2,0,1
AT5G65620,0,1,0,1,0,1
AT5G45950,0,1,0,1,0,1
AT4G32720,0,1,0,1,0,1
AT4G26630,0,1,0,1,0,1
AT3G53970,0,1,0,1,1,1
AT3G45190,0,1,0,1,0,1
AT2G40030,0,1,0,1,1,1
AT2G03820,0,1,0,1,0,1
AT1G47980,0,1,0,1,0,1
AT1G45150,0,1,0,1,0,1
AT5G10540,1,1,0,1,0,1
AT5G07740,1,1,0,1,0,1
AT4G03280,1,1,0,1,0,1
AT3G19480,1,1,0,1,0,1
AT2G22240,1,1,0,1,0,1
AT1G17070,1,1,0,1,1,1
AT5G26210,2,1,0,1,0,1
AT5G17050,2,1,0,1,0,1
AT3G17020,2,1,0,1,1,1
AT2G17340,2,1,0,1,0,1
AT2G14285,2,1,0,1,1,1
AT4G30220,3,1,0,1,1,1
ATMG00090,0,1,0,0,0,1
AT5G62410,0,1,0,0,0,1
AT5G53300,0,1,0,0,1,1
AT5G42470,0,1,0,0,0,1
AT5G41700,0,1,0,0,1,1
AT5G27850,0,1,0,0,1,1
AT5G22110,0,1,0,0,0,1
AT4G29670,0,1,0,0,0,1
AT4G27960,0,1,0,0,1,1
AT4G26780,0,1,0,0,0,1
AT4G18130,0,1,0,0,0,1
AT3G54610,0,1,0,0,1,1
AT3G54280,0,1,0,0,2,1
AT3G05590,0,1,0,0,1,1
AT2G46110,0,1,0,0,2,1
AT2G19790,0,1,0,0,0,1
ATCG00740,1,1,0,0,0,1
AT5G66530,1,1,0,0,0,1
AT5G59970,1,1,0,0,3,1
AT5G59690,1,1,0,0,3,1
AT5G35790,1,1,0,0,2,1
AT3G60600,1,1,0,0,0,1
AT3G53730,1,1,0,0,3,1
AT3G46320,1,1,0,0,3,1
AT3G45930,1,1,0,0,3,1
AT2G43550,1,1,0,0,1,1
AT2G28740,1,1,0,0,3,1
AT1G72970,1,1,0,0,0,1
AT1G61150,1,1,0,0,0,1
AT1G32050,1,1,0,0,4,1
AT1G07820,1,1,0,0,3,1
AT1G07660,1,1,0,0,3,1
AT1G03310,1,1,0,0,0,1
AT2G47580,2,1,0,0,4,1
AT3G11710,1,1,0,4,0,0
AT4G33090,3,1,0,4,0,0
ATCG00170,0,1,0,3,3,0
AT2G17870,0,1,0,3,0,0
AT1G24706,0,1,0,3,0,0
AT2G28390,2,1,0,3,0,0
AT1G04530,2,1,0,3,2,0
AT5G65540,0,1,0,2,2,0
AT5G49810,0,1,0,2,0,0
AT1G78370,0,1,0,2,1,0
AT4G24830,1,1,0,2,0,0
AT4G24490,1,1,0,2,0,0
AT3G24170,1,1,0,2,0,0
AT3G16170,1,1,0,2,0,0
AT1G50390,1,1,0,2,1,0
AT5G66760,2,1,0,2,0,0
AT5G04885,2,1,0,2,0,0
AT3G62130,2,1,0,2,0,0
AT3G12290,2,1,0,2,0,0
AT1G73600,2,1,0,2,1,0
AT1G72150,2,1,0,2,0,0
AT1G53280,2,1,0,2,1,0
AT5G34850,3,1,0,2,1,0
ATMG00510,0,1,0,1,1,0
AT5G60360,0,1,0,1,0,0
AT5G58470,0,1,0,1,0,0
AT5G43850,0,1,0,1,0,0
AT5G19370,0,1,0,1,0,0
AT5G04420,0,1,0,1,0,0
AT4G34890,0,1,0,1,0,0
AT4G29700,0,1,0,1,0,0
AT4G25370,0,1,0,1,0,0
AT4G14890,0,1,0,1,0,0
AT3G46740,0,1,0,1,1,0
AT3G45310,0,1,0,1,0,0
AT3G45010,0,1,0,1,0,0
AT3G22480,0,1,0,1,0,0
AT3G14600,0,1,0,1,0,0
AT3G09560,0,1,0,1,0,0
AT3G02180,0,1,0,1,0,0
AT2G38270,0,1,0,1,1,0
AT2G29290,0,1,0,1,1,0
AT1G79020,0,1,0,1,0,0
AT1G32360,0,1,0,1,0,0
AT1G30880,0,1,0,1,0,0
AT1G17145,0,1,0,1,0,0
AT1G09020,0,1,0,1,0,0
AT1G02140,0,1,0,1,1,0
AT1G01320,0,1,0,1,1,0
AT5G65010,1,1,0,1,0,0
AT5G63890,1,1,0,1,0,0
AT5G59910,1,1,0,1,0,0
AT5G54940,1,1,0,1,0,0
AT5G54760,1,1,0,1,0,0
AT5G25610,1,1,0,1,1,0
AT5G22880,1,1,0,1,0,0
AT4G27130,1,1,0,1,0,0
AT4G24680,1,1,0,1,1,0
AT3G59920,1,1,0,1,0,0
AT3G46030,1,1,0,1,0,0
AT3G46000,1,1,0,1,0,0
AT3G45980,1,1,0,1,0,0
AT2G29570,1,1,0,1,0,0
AT2G28720,1,1,0,1,0,0
AT2G25950,1,1,0,1,0,0
AT2G20760,1,1,0,1,0,0
AT2G18510,1,1,0,1,0,0
AT1G79340,1,1,0,1,0,0
AT1G60000,1,1,0,1,0,0
AT1G54290,1,1,0,1,0,0
AT1G19880,1,1,0,1,0,0
AT1G15340,1,1,0,1,1,0
AT1G07790,1,1,0,1,0,0
AT1G07370,1,1,0,1,0,0
AT5G57330,2,1,0,1,0,0
AT5G11520,2,1,0,1,0,0
AT3G47070,2,1,0,1,1,0
AT3G32160,2,1,0,1,1,0
AT1G71730,2,1,0,1,0,0
AT5G59810,4,1,0,1,1,0
ATMG00290,0,1,0,0,0,0
AT5G66480,0,1,0,0,0,0
AT5G65690,0,1,0,0,2,0
AT5G63400,0,1,0,0,0,0
AT5G58040,0,1,0,0,0,0
AT5G53820,0,1,0,0,0,0
AT5G53120,0,1,0,0,0,0
AT5G50810,0,1,0,0,0,0
AT5G49510,0,1,0,0,0,0
AT5G46580,0,1,0,0,0,0
AT5G44090,0,1,0,0,0,0
AT5G40050,0,1,0,0,1,0
AT5G37310,0,1,0,0,0,0
AT5G35840,0,1,0,0,1,0
AT5G27380,0,1,0,0,0,0
AT5G22630,0,1,0,0,0,0
AT5G19630,0,1,0,0,0,0
AT5G16990,0,1,0,0,0,0
AT5G16970,0,1,0,0,0,0
AT5G16590,0,1,0,0,0,0
AT5G16470,0,1,0,0,0,0
AT5G15970,0,1,0,0,1,0
AT5G15770,0,1,0,0,0,0
AT5G13030,0,1,0,0,0,0
AT5G12400,0,1,0,0,0,0
AT5G11530,0,1,0,0,0,0
AT5G09860,0,1,0,0,1,0
AT5G08610,0,1,0,0,0,0
AT5G08550,0,1,0,0,0,0
AT5G08530,0,1,0,0,0,0
AT5G08260,0,1,0,0,0,0
AT5G07890,0,1,0,0,0,0
AT5G07730,0,1,0,0,0,0
AT5G07710,0,1,0,0,1,0
AT5G05970,0,1,0,0,0,0
AT5G05340,0,1,0,0,0,0
AT5G04290,0,1,0,0,0,0
AT5G03850,0,1,0,0,0,0
AT5G02880,0,1,0,0,1,0
AT4G38220,0,1,0,0,1,0
AT4G36810,0,1,0,0,0,0
AT4G34900,0,1,0,0,0,0
AT4G34138,0,1,0,0,1,0
AT4G32960,0,1,0,0,0,0
AT4G29720,0,1,0,0,0,0
AT4G29610,0,1,0,0,0,0
AT4G28080,0,1,0,0,1,0
AT4G26970,0,1,0,0,0,0
AT4G26510,0,1,0,0,0,0
AT4G24220,0,1,0,0,0,0
AT4G22930,0,1,0,0,0,0
AT4G21470,0,1,0,0,0,0
AT4G19410,0,1,0,0,0,0
AT4G14920,0,1,0,0,0,0
AT4G12290,0,1,0,0,0,0
AT4G08640,0,1,0,0,0,0
AT4G08240,0,1,0,0,0,0
AT4G04540,0,1,0,0,0,0
AT4G01610,0,1,0,0,0,0
AT4G00850,0,1,0,0,0,0
AT4G00620,0,1,0,0,0,0
AT3G62800,0,1,0,0,0,0
AT3G61540,0,1,0,0,0,0
AT3G61270,0,1,0,0,1,0
AT3G59570,0,1,0,0,0,0
AT3G58580,0,1,0,0,0,0
AT3G58560,0,1,0,0,0,0
AT3G58110,0,1,0,0,0,0
AT3G57870,0,1,0,0,0,0
AT3G55330,0,1,0,0,0,0
AT3G55140,0,1,0,0,0,0
AT3G54970,0,1,0,0,0,0
AT3G54540,0,1,0,0,0,0
AT3G51650,0,1,0,0,0,0
AT3G50910,0,1,0,0,0,0
AT3G49360,0,1,0,0,0,0
AT3G48425,0,1,0,0,0,0
AT3G47610,0,1,0,0,0,0
AT3G44720,0,1,0,0,0,0
AT3G27440,0,1,0,0,0,0
AT3G24430,0,1,0,0,0,0
AT3G21280,0,1,0,0,0,0
AT3G19870,0,1,0,0,0,0
AT3G17740,0,1,0,0,0,0
AT3G17712,0,1,0,0,0,0
AT3G15605,0,1,0,0,0,0
AT3G15010,0,1,0,0,0,0
AT3G14450,0,1,0,0,0,0
AT3G14010,0,1,0,0,0,0
AT3G13570,0,1,0,0,0,0
AT3G11760,0,1,0,0,0,0
AT3G10090,0,1,0,0,0,0
AT3G09540,0,1,0,0,0,0
AT3G07750,0,1,0,0,1,0
AT3G06730,0,1,0,0,0,0
AT3G05380,0,1,0,0,0,0
AT3G02880,0,1,0,0,0,0
AT3G01480,0,1,0,0,0,0
AT3G01100,0,1,0,0,0,0
AT2G47460,0,1,0,0,0,0
AT2G46040,0,1,0,0,0,0
AT2G44020,0,1,0,0,0,0
AT2G43220,0,1,0,0,0,0
AT2G42810,0,1,0,0,1,0
AT2G42690,0,1,0,0,0,0
AT2G39930,0,1,0,0,0,0
AT2G37520,0,1,0,0,0,0
AT2G36360,0,1,0,0,1,0
AT2G36130,0,1,0,0,0,0
AT2G34640,0,1,0,0,0,0
AT2G32700,0,1,0,0,0,0
AT2G29760,0,1,0,0,2,0
AT2G29430,0,1,0,0,0,0
AT2G28340,0,1,0,0,0,0
AT2G27820,0,1,0,0,0,0
AT2G27780,0,1,0,0,0,0
AT2G27210,0,1,0,0,0,0
AT2G25010,0,1,0,0,1,0
AT2G24190,0,1,0,0,0,0
AT2G21470,0,1,0,0,0,0
AT2G20890,0,1,0,0,0,0
AT2G20610,0,1,0,0,0,0
AT2G18540,0,1,0,0,0,0
AT2G17550,0,1,0,0,0,0
AT2G17200,0,1,0,0,1,0
AT2G13350,0,1,0,0,0,0
AT2G07734,0,1,0,0,0,0
AT2G07340,0,1,0,0,0,0
AT2G04270,0,1,0,0,0,0
AT2G01970,0,1,0,0,0,0
AT2G01350,0,1,0,0,0,0
AT1G80630,0,1,0,0,0,0
AT1G79790,0,1,0,0,0,0
AT1G77580,0,1,0,0,0,0
AT1G76880,0,1,0,0,1,0
AT1G74100,0,1,0,0,0,0
AT1G72540,0,1,0,0,0,0
AT1G69220,0,1,0,0,0,0
AT1G67280,0,1,0,0,0,0
AT1G65240,0,1,0,0,1,0
AT1G58050,0,1,0,0,0,0
AT1G55250,0,1,0,0,1,0
AT1G54100,0,1,0,0,0,0
AT1G52450,0,1,0,0,0,0
AT1G51710,0,1,0,0,0,0
AT1G50510,0,1,0,0,0,0
AT1G50300,0,1,0,0,0,0
AT1G48210,0,1,0,0,0,0
AT1G44160,0,1,0,0,0,0
AT1G43770,0,1,0,0,1,0
AT1G35720,0,1,0,0,0,0
AT1G32810,0,1,0,0,0,0
AT1G30010,0,1,0,0,0,0
AT1G29990,0,1,0,0,0,0
AT1G29600,0,1,0,0,0,0
AT1G27595,0,1,0,0,0,0
AT1G27440,0,1,0,0,0,0
AT1G24735,0,1,0,0,0,0
AT1G24560,0,1,0,0,0,0
AT1G20670,0,1,0,0,1,0
AT1G20560,0,1,0,0,0,0
AT1G20510,0,1,0,0,0,0
AT1G19730,0,1,0,0,0,0
AT1G19230,0,1,0,0,0,0
AT1G17890,0,1,0,0,0,0
AT1G16800,0,1,0,0,0,0
AT1G14670,0,1,0,0,0,0
AT1G13730,0,1,0,0,1,0
AT1G13020,0,1,0,0,0,0
AT1G12080,0,1,0,0,0,0
AT1G11750,0,1,0,0,0,0
AT1G10790,0,1,0,0,0,0
AT1G09880,0,1,0,0,0,0
AT1G09750,0,1,0,0,0,0
AT1G09140,0,1,0,0,0,0
AT1G08420,0,1,0,0,0,0
AT1G08250,0,1,0,0,0,0
AT1G07350,0,1,0,0,0,0
AT1G07210,0,1,0,0,0,0
AT1G06130,0,1,0,0,0,0
AT1G02110,0,1,0,0,0,0
AT1G01800,0,1,0,0,0,0
AT1G01730,0,1,0,0,1,0
AT1G01160,0,1,0,0,0,0
AT5G63550,1,1,0,0,0,0
AT5G51720,1,1,0,0,0,0
AT5G50870,1,1,0,0,0,0
AT5G46280,1,1,0,0,0,0
AT5G39510,1,1,0,0,0,0
AT5G38890,1,1,0,0,0,0
AT5G25090,1,1,0,0,0,0
AT5G13120,1,1,0,0,0,0
AT5G10170,1,1,0,0,0,0
AT5G05610,1,1,0,0,0,0
AT4G39800,1,1,0,0,0,0
AT4G34840,1,1,0,0,0,0
AT4G34350,1,1,0,0,0,0
AT4G33580,1,1,0,0,1,0
AT4G31770,1,1,0,0,0,0
AT4G17870,1,1,0,0,0,0
AT4G14385,1,1,0,0,1,0
AT4G12880,1,1,0,0,0,0
AT4G02460,1,1,0,0,0,0
AT3G58600,1,1,0,0,0,0
AT3G28760,1,1,0,0,0,0
AT3G18940,1,1,0,0,0,0
AT3G15360,1,1,0,0,0,0
AT3G14930,1,1,0,0,0,0
AT3G11200,1,1,0,0,0,0
AT3G02020,1,1,0,0,0,0
AT3G01860,1,1,0,0,0,0
AT2G36830,1,1,0,0,0,0
AT2G34590,1,1,0,0,1,0
AT2G13540,1,1,0,0,0,0
AT1G74040,1,1,0,0,0,0
AT1G71800,1,1,0,0,0,0
AT1G71260,1,1,0,0,0,0
AT1G55810,1,1,0,0,0,0
AT1G49970,1,1,0,0,0,0
AT1G30070,1,1,0,0,0,0
AT1G29220,1,1,0,0,0,0
AT1G24764,1,1,0,0,0,0
AT1G24360,1,1,0,0,0,0
AT1G14840,1,1,0,0,0,0
AT1G01080,1,1,0,0,0,0
AT5G64200,2,1,0,0,1,0
AT5G63740,2,1,0,0,0,0
AT5G19550,2,1,0,0,0,0
AT5G14060,2,1,0,0,0,0
AT5G10300,2,1,0,0,1,0
AT4G01897,2,1,0,0,0,0
AT3G63190,2,1,0,0,0,0
AT3G27190,2,1,0,0,0,0
AT3G25400,2,1,0,0,0,0
AT2G41680,2,1,0,0,0,0
AT2G26210,2,1,0,0,0,0
AT2G19570,2,1,0,0,0,0
AT1G74920,2,1,0,0,0,0
AT1G14000,2,1,0,0,0,0
AT1G08980,2,1,0,0,1,0
AT5G36210,4,1,0,0,0,0
AT2G33800,1,2,14,9,2,2
AT1G31780,4,2,7,3,5,4
AT5G03540,2,2,7,4,1,1
AT5G16510,2,2,5,5,6,5
AT1G48050,5,2,4,4,3,3
AT3G22990,2,2,4,3,3,3
AT1G20540,0,2,4,4,1,2
AT1G60200,4,2,4,5,1,1
AT2G39770,2,2,4,4,1,1
AT5G65950,0,2,4,2,1,1
AT4G38200,0,2,4,2,3,1
AT1G03910,3,2,4,0,2,1
AT2G43120,3,2,4,3,0,0
AT1G16610,1,2,4,2,1,0
AT2G25060,3,2,3,3,5,5
AT3G09200,4,2,3,3,3,4
AT1G17370,4,2,3,5,3,3
AT1G10760,1,2,3,1,1,3
AT3G07300,1,2,3,3,0,2
AT1G03060,1,2,3,1,1,2
AT5G46630,2,2,3,0,4,2
AT5G60210,3,2,3,0,0,2
AT3G56640,1,2,3,1,0,1
AT5G54440,1,2,3,5,0,0
AT3G02110,1,2,3,3,0,0
AT4G26390,3,2,3,3,1,0
AT2G34730,3,2,3,3,0,0
AT3G57060,1,2,3,2,3,0
AT3G49010,2,2,2,4,8,12
AT3G04920,2,2,2,2,4,6
AT2G10940,3,2,2,2,1,3
AT2G44530,1,2,2,4,2,2
AT1G16970,2,2,2,4,5,2
AT3G07390,0,2,2,2,3,2
AT3G20720,1,2,2,2,1,2
AT5G52360,2,2,2,2,0,2
AT4G25590,2,2,2,2,0,2
AT4G13520,2,2,2,2,2,2
AT3G13120,2,2,2,2,2,2
AT2G15690,2,2,2,2,0,2
AT5G18410,3,2,2,2,3,2
AT5G60980,5,2,2,2,3,2
AT5G56950,0,2,2,1,2,2
AT5G25070,1,2,2,1,1,2
AT1G66670,1,2,2,1,1,2
AT3G61530,1,2,2,0,0,2
AT2G43530,1,2,2,0,3,2
AT4G04910,2,2,2,0,3,2
AT1G24190,3,2,2,6,3,1
AT2G03150,0,2,2,3,3,1
AT3G22320,2,2,2,3,3,1
ATCG00800,3,2,2,3,2,1
AT1G35680,3,2,2,3,1,1
AT5G18820,0,2,2,2,1,1
ATCG00750,1,2,2,2,4,1
AT2G27880,1,2,2,2,2,1
AT2G27530,1,2,2,2,1,1
AT1G08520,1,2,2,2,3,1
AT5G15530,2,2,2,2,3,1
AT3G01310,2,2,2,2,0,1
AT2G21170,2,2,2,2,1,1
AT4G10840,3,2,2,2,2,1
AT3G27850,3,2,2,2,2,1
AT3G27830,3,2,2,2,2,1
AT4G16060,1,2,2,1,2,1
AT3G04290,1,2,2,1,2,1
AT5G64040,2,2,2,1,0,1
AT2G32090,2,2,2,1,3,1
AT4G11260,3,2,2,1,1,1
AT4G27500,1,2,2,0,1,1
AT4G30330,2,2,2,0,0,1
AT1G29940,0,2,2,3,0,0
AT3G53580,2,2,2,3,3,0
AT4G27570,3,2,2,3,1,0
AT5G16450,1,2,2,2,0,0
AT1G80210,1,2,2,2,0,0
AT3G04520,2,2,2,2,0,0
AT1G25211,2,2,2,2,1,0
AT1G25150,2,2,2,2,1,0
AT1G25055,2,2,2,2,1,0
AT1G24881,2,2,2,2,1,0
AT1G24800,2,2,2,2,1,0
AT1G01470,2,2,2,2,0,0
AT2G24490,3,2,2,2,0,0
AT3G53460,4,2,2,2,1,0
AT3G05000,1,2,2,1,0,0
AT5G58590,2,2,2,1,1,0
AT3G21200,2,2,2,1,0,0
AT3G60240,3,2,2,1,1,0
AT5G16240,0,2,2,0,1,0
AT5G47910,3,2,1,2,2,3
AT3G54050,0,2,1,0,1,3
AT2G24590,1,2,1,0,1,3
AT3G52200,2,2,1,2,2,2
AT2G13560,2,2,1,2,0,2
AT1G12430,0,2,1,1,1,2
AT5G20570,1,2,1,1,0,2
AT1G15930,1,2,1,1,1,2
AT2G27710,2,2,1,1,1,2
AT4G30200,0,2,1,0,1,2
AT3G14310,0,2,1,0,1,2
AT5G18380,2,2,1,3,4,1
AT3G21750,2,2,1,3,0,1
AT4G33650,3,2,1,3,2,1
AT3G59760,1,2,1,2,0,1
AT1G23190,1,2,1,2,1,1
AT1G09130,1,2,1,2,2,1
AT5G07460,2,2,1,2,1,1
AT4G17040,2,2,1,2,2,1
AT2G37020,2,2,1,2,1,1
AT2G03440,2,2,1,2,1,1
AT3G25150,4,2,1,2,1,1
AT5G55160,1,2,1,1,2,1
AT5G25150,1,2,1,1,2,1
AT4G33510,1,2,1,1,1,1
AT4G19210,1,2,1,1,1,1
AT3G23840,1,2,1,1,1,1
AT3G06820,1,2,1,1,2,1
AT1G62740,1,2,1,1,2,1
AT2G02930,2,2,1,1,1,1
AT1G50670,2,2,1,1,1,1
AT1G21440,2,2,1,1,0,1
AT3G59770,3,2,1,1,0,1
AT3G10270,3,2,1,1,0,1
AT1G49540,3,2,1,1,1,1
AT4G34215,4,2,1,1,0,1
AT5G63670,0,2,1,0,0,1
AT3G61480,0,2,1,0,0,1
AT1G52760,0,2,1,0,1,1
AT3G08780,2,2,1,4,1,0
AT4G00570,0,2,1,3,0,0
AT4G36350,2,2,1,3,1,0
AT3G17940,2,2,1,3,0,0
AT5G18100,4,2,1,3,2,0
AT4G05530,0,2,1,2,0,0
AT4G28550,1,2,1,2,0,0
AT1G47710,1,2,1,2,1,0
AT1G47500,1,2,1,2,0,0
AT1G47490,1,2,1,2,0,0
AT2G40490,2,2,1,2,0,0
AT3G59890,3,2,1,2,0,0
AT2G35010,3,2,1,2,0,0
AT3G42790,0,2,1,1,0,0
AT1G59760,0,2,1,1,0,0
AT1G23860,0,2,1,1,0,0
AT1G02150,0,2,1,1,0,0
AT5G51830,1,2,1,1,0,0
AT5G46210,1,2,1,1,1,0
AT5G10160,1,2,1,1,0,0
AT3G06530,1,2,1,1,3,0
AT1G79470,1,2,1,1,1,0
AT1G03475,1,2,1,1,1,0
AT5G28050,2,2,1,1,1,0
AT3G54900,2,2,1,1,0,0
AT3G52560,2,2,1,1,0,0
AT2G36060,2,2,1,1,0,0
AT2G05380,2,2,1,1,0,0
AT5G04130,3,2,1,1,0,0
AT4G13560,3,2,1,1,2,0
AT3G52090,3,2,1,1,3,0
AT1G12930,0,2,1,0,1,0
AT3G46940,1,2,1,0,1,0
AT1G63770,1,2,1,0,0,0
AT1G18500,1,2,1,0,0,0
AT3G10410,1,2,0,1,1,3
AT3G54760,2,2,0,1,4,3
AT1G44900,1,2,0,2,1,2
AT1G20340,2,2,0,1,2,2
AT1G07750,4,2,0,4,0,1
AT2G09990,1,2,0,2,3,1
AT4G10040,0,2,0,1,1,1
AT3G24480,0,2,0,1,2,1
AT2G41060,0,2,0,1,0,1
AT1G22840,0,2,0,1,1,1
AT3G20790,1,2,0,1,0,1
AT2G47790,2,2,0,1,0,1
AT4G23100,3,2,0,1,1,1
AT1G66430,0,2,0,0,2,1
AT2G35450,1,2,0,0,0,1
AT5G33370,2,2,0,4,1,0
AT2G02740,2,2,0,4,0,0
AT4G26300,2,2,0,3,0,0
AT3G54250,3,2,0,3,0,0
AT4G03190,0,2,0,2,0,0
AT1G17720,0,2,0,2,0,0
AT1G74260,2,2,0,2,0,0
AT1G33680,2,2,0,2,0,0
AT2G43910,3,2,0,2,0,0
AT2G43360,3,2,0,2,1,0
AT5G65750,0,2,0,1,0,0
AT5G38640,0,2,0,1,0,0
AT5G23250,0,2,0,1,0,0
AT5G10900,0,2,0,1,0,0
AT4G21650,0,2,0,1,0,0
AT3G55410,0,2,0,1,0,0
AT3G26420,0,2,0,1,0,0
AT2G35040,0,2,0,1,0,0
AT5G58030,1,2,0,1,0,0
AT5G28500,1,2,0,1,0,0
AT5G17710,1,2,0,1,2,0
AT4G14930,1,2,0,1,0,0
AT4G05190,1,2,0,1,0,0
AT2G43160,1,2,0,1,0,0
AT2G24696,1,2,0,1,1,0
AT2G18230,1,2,0,1,0,0
AT1G72810,1,2,0,1,0,0
AT1G64190,1,2,0,1,0,0
AT5G20070,2,2,0,1,0,0
AT3G48110,2,2,0,1,1,0
AT2G14170,2,2,0,1,0,0
AT1G79230,2,2,0,1,1,0
AT1G31730,2,2,0,1,1,0
AT4G14680,3,2,0,1,0,0
AT5G54960,4,2,0,1,2,0
AT5G42840,0,2,0,0,1,0
AT4G27320,0,2,0,0,0,0
AT4G27060,0,2,0,0,0,0
AT3G44600,0,2,0,0,0,0
AT3G29160,0,2,0,0,0,0
AT3G14810,0,2,0,0,0,0
AT3G01090,0,2,0,0,0,0
AT2G35120,0,2,0,0,0,0
AT2G32920,0,2,0,0,0,0
AT2G30060,0,2,0,0,0,0
AT2G18170,0,2,0,0,0,0
AT2G17265,0,2,0,0,0,0
AT2G17190,0,2,0,0,0,0
AT1G30820,0,2,0,0,0,0
AT1G20920,0,2,0,0,2,0
AT1G18030,0,2,0,0,0,0
AT1G07990,0,2,0,0,0,0
AT5G48370,1,2,0,0,0,0
AT5G23290,1,2,0,0,0,0
AT4G20020,1,2,0,0,0,0
AT3G56190,1,2,0,0,0,0
AT3G52630,1,2,0,0,0,0
AT3G51840,1,2,0,0,0,0
AT3G07030,1,2,0,0,0,0
AT2G32520,1,2,0,0,0,0
AT2G21270,1,2,0,0,0,0
AT1G48030,1,2,0,0,0,0
AT5G19140,2,2,0,0,0,0
AT4G02520,2,2,0,0,0,0
AT3G48420,2,2,0,0,0,0
AT2G41430,2,2,0,0,0,0
AT1G75220,2,2,0,0,2,0
AT3G20390,3,2,0,0,0,0
AT1G23900,4,2,0,0,0,0
AT1G12470,6,3,7,8,3,6
AT1G54080,4,3,6,5,2,4
AT3G52990,6,3,6,7,3,3
AT5G28840,4,3,6,3,3,0
AT2G46140,3,3,5,3,4,6
AT3G04490,2,3,5,1,4,6
AT5G67630,4,3,5,5,3,3
AT5G23740,6,3,5,5,7,2
AT5G37720,4,3,5,4,6,1
AT2G36810,0,3,5,0,2,1
AT5G06160,3,3,5,4,4,0
AT3G11510,2,3,4,4,6,5
AT4G18040,4,3,4,4,5,5
AT3G03570,1,3,4,3,0,4
AT1G17290,4,3,4,6,2,3
AT4G19490,3,3,4,6,3,2
AT1G01300,2,3,4,4,3,2
AT4G31880,3,3,4,6,3,1
AT2G27900,1,3,4,2,1,1
AT5G23940,3,3,4,2,0,1
AT2G35110,3,3,4,2,3,1
AT5G56350,4,3,4,3,2,0
AT5G47870,3,3,3,2,2,5
AT5G13930,7,3,3,10,7,4
AT2G02010,0,3,3,2,4,4
AT2G43180,4,3,3,2,4,4
AT5G36880,5,3,3,8,1,3
AT1G26110,1,3,3,5,4,3
AT1G08190,2,3,3,4,3,3
AT4G05180,1,3,3,2,2,3
AT3G52370,1,3,3,2,3,3
AT2G35860,0,3,3,1,2,3
AT5G61140,1,3,3,5,3,2
AT4G32640,6,3,3,4,2,2
AT1G35220,2,3,3,3,1,2
AT4G26430,5,3,3,3,1,2
AT5G55730,3,3,3,2,2,2
AT2G36580,4,3,3,7,2,1
AT2G29310,3,3,3,3,1,1
AT1G59900,4,3,3,3,2,1
AT3G23780,0,3,3,2,4,1
AT3G18090,0,3,3,2,4,1
AT5G28900,1,3,3,2,1,1
AT5G28850,1,3,3,2,1,1
AT4G02840,2,3,3,2,2,1
AT3G52180,2,3,3,2,1,1
AT3G27670,2,3,3,2,2,1
AT1G06260,2,3,3,2,1,1
AT1G02560,2,3,3,2,1,1
AT3G08030,1,3,3,1,1,1
AT5G47010,2,3,3,1,1,1
AT1G78580,3,3,3,1,0,1
AT2G18740,2,3,3,0,0,1
AT2G29300,2,3,3,3,1,0
AT1G70620,2,3,3,2,0,0
AT1G79690,3,3,3,2,0,0
AT4G32840,4,3,3,2,0,0
AT3G52750,2,3,3,1,0,0
AT2G36250,2,3,3,1,0,0
AT1G48860,6,3,3,1,0,0
AT4G39280,3,3,2,6,1,3
AT3G14067,2,3,2,4,1,3
AT3G20800,3,3,2,3,1,3
AT1G78380,4,3,2,3,2,3
AT1G12780,2,3,2,2,2,3
AT2G43710,4,3,2,2,1,3
AT1G23740,5,3,2,6,2,2
AT5G56630,2,3,2,3,2,2
AT4G26270,2,3,2,3,2,2
AT3G57610,5,3,2,3,2,2
AT5G47930,1,3,2,2,0,2
AT3G04790,2,3,2,2,2,2
AT5G47700,1,3,2,1,2,2
AT5G20920,1,3,2,1,4,2
AT1G49630,2,3,2,5,2,1
AT4G31990,3,3,2,4,2,1
AT3G06500,0,3,2,3,1,1
AT1G11840,2,3,2,3,3,1
ATCG01060,3,3,2,3,3,1
AT2G18040,5,3,2,3,1,1
AT3G05820,0,3,2,2,2,1
AT5G54190,2,3,2,2,3,1
AT3G05190,2,3,2,2,2,1
AT1G79550,2,3,2,2,2,1
AT1G10670,2,3,2,2,1,1
AT4G16500,3,3,2,2,2,1
AT4G04950,4,3,2,2,0,1
AT2G22230,1,3,2,1,0,1
AT1G17745,1,3,2,1,1,1
AT4G17330,2,3,2,1,1,1
AT3G02360,3,3,2,0,0,1
AT2G47940,2,3,2,6,1,0
AT5G07440,3,3,2,6,1,0
AT1G56360,1,3,2,4,2,0
AT3G62840,2,3,2,4,1,0
AT2G47640,2,3,2,4,1,0
AT5G26830,3,3,2,4,1,0
AT5G22330,3,3,2,3,2,0
AT5G62930,1,3,2,2,1,0
AT2G34970,1,3,2,2,0,0
AT5G53850,2,3,2,2,0,0
AT5G14910,2,3,2,2,0,0
AT4G35420,2,3,2,2,2,0
AT1G06680,2,3,2,2,2,0
AT2G38540,3,3,2,2,2,0
AT2G38360,1,3,2,1,1,0
AT5G01400,2,3,2,0,0,0
AT1G65150,3,3,2,0,0,0
AT1G32500,3,3,2,0,5,0
AT3G22330,1,3,1,1,1,5
AT1G20950,4,3,1,4,0,4
AT5G64420,4,3,1,6,2,3
AT4G31160,3,3,1,3,0,3
AT1G30470,5,3,1,3,4,3
AT5G48480,3,3,1,2,2,3
AT2G23810,1,3,1,3,2,2
AT5G62600,1,3,1,1,2,2
AT1G29370,1,3,1,1,1,2
AT1G29350,1,3,1,1,1,2
AT5G59890,2,3,1,1,1,2
AT3G57810,3,3,1,1,1,2
AT3G63140,2,3,1,4,1,1
AT5G63980,3,3,1,4,1,1
AT1G70060,3,3,1,4,1,1
AT1G06020,3,3,1,4,1,1
AT4G02570,2,3,1,3,3,1
AT2G45600,2,3,1,2,1,1
AT2G17130,3,3,1,2,2,1
AT1G35310,3,3,1,2,0,1
AT3G28220,4,3,1,2,1,1
AT1G60830,4,3,1,2,1,1
AT1G66850,0,3,1,1,2,1
AT2G27720,1,3,1,1,1,1
AT5G35980,3,3,1,1,1,1
AT2G41500,1,3,1,0,0,1
AT1G60970,2,3,1,0,0,1
AT1G19920,2,3,1,0,0,1
AT5G19350,1,3,1,3,6,0
AT2G44040,3,3,1,3,0,0
AT4G08350,5,3,1,3,0,0
AT5G67320,1,3,1,2,0,0
AT4G22320,1,3,1,2,0,0
AT1G62380,1,3,1,2,0,0
AT4G04640,2,3,1,2,0,0
AT2G27680,2,3,1,2,1,0
AT1G62750,3,3,1,2,0,0
AT2G04842,4,3,1,2,1,0
AT4G27180,1,3,1,1,0,0
AT4G11010,1,3,1,1,0,0
AT2G24020,2,3,1,1,1,0
AT5G57890,3,3,1,1,0,0
AT3G07480,3,3,1,1,0,0
AT1G31070,3,3,1,1,0,0
AT1G25220,3,3,1,1,0,0
AT1G25155,3,3,1,1,0,0
AT1G25083,3,3,1,1,0,0
AT1G24909,3,3,1,1,0,0
AT1G24807,3,3,1,1,0,0
AT5G52820,0,3,1,0,0,0
AT1G68540,0,3,1,0,0,0
AT5G16290,3,3,1,0,0,0
AT2G45300,4,3,1,0,0,0
AT1G31160,5,3,1,0,1,0
AT3G51800,4,3,0,4,2,3
AT1G09210,3,3,0,7,3,2
AT2G20420,3,3,0,2,1,2
AT5G04740,4,3,0,1,2,2
AT3G22200,1,3,0,3,1,1
AT4G35650,1,3,0,2,2,1
AT1G50480,4,3,0,1,1,1
AT5G44710,1,3,0,0,0,1
AT4G36130,2,3,0,0,1,1
AT2G33410,2,3,0,0,0,1
AT3G25230,3,3,0,3,1,0
AT4G00430,1,3,0,2,2,0
AT1G48520,1,3,0,2,0,0
AT4G02770,2,3,0,2,0,0
AT2G46580,2,3,0,2,1,0
AT1G03130,2,3,0,2,0,0
AT5G58490,3,3,0,2,0,0
AT4G39860,4,3,0,2,0,0
AT3G18000,4,3,0,2,1,0
AT5G41670,0,3,0,1,0,0
AT5G12040,0,3,0,1,0,0
AT5G08300,0,3,0,1,0,0
AT4G34050,0,3,0,1,0,0
AT3G56860,0,3,0,1,0,0
AT3G25660,0,3,0,1,0,0
AT5G26667,1,3,0,1,0,0
AT5G06460,1,3,0,1,0,0
AT3G63170,1,3,0,1,0,0
AT3G25545,1,3,0,1,0,0
AT1G51880,1,3,0,1,1,0
AT1G20450,1,3,0,1,0,0
AT2G26060,2,3,0,1,0,0
AT3G23900,3,3,0,1,3,0
AT1G35780,3,3,0,1,0,0
AT5G59420,0,3,0,0,0,0
AT5G59160,0,3,0,0,0,0
AT5G64250,1,3,0,0,0,0
AT5G48020,1,3,0,0,0,0
AT4G32915,1,3,0,0,0,0
AT1G69960,2,3,0,0,3,0
AT5G43060,5,4,10,10,13,8
AT4G11270,7,4,9,10,5,4
AT5G09390,5,4,8,10,4,4
AT2G05170,5,4,8,5,2,2
AT1G67930,3,4,8,2,0,1
AT1G21540,3,4,8,4,1,0
AT5G06120,2,4,7,2,3,7
AT5G59950,3,4,7,4,8,5
AT4G13930,8,4,7,8,6,4
AT1G63640,2,4,7,7,3,3
AT5G10470,3,4,7,6,2,2
AT4G13400,3,4,6,7,3,7
AT5G10360,6,4,6,6,9,3
AT2G47980,3,4,6,6,2,2
AT5G65460,2,4,6,5,3,1
AT2G46020,5,4,6,10,1,0
AT3G19770,3,4,5,4,3,5
AT4G14110,6,4,5,3,2,5
AT3G62030,5,4,5,4,4,4
AT4G21860,5,4,5,6,5,3
AT1G13280,4,4,5,5,2,3
AT3G47650,5,4,5,4,3,3
AT5G22060,3,4,5,3,2,3
AT5G47770,5,4,5,3,3,3
AT3G54860,3,4,5,1,3,3
AT1G04510,5,4,5,4,1,2
AT1G11430,4,4,5,5,1,1
AT5G03650,5,4,5,4,4,1
AT1G78680,2,4,5,4,0,0
AT2G38020,6,4,4,2,5,8
AT2G36160,2,4,4,4,6,5
AT2G14120,6,4,4,7,4,4
AT1G73380,4,4,4,5,0,4
AT3G42850,3,4,4,5,1,3
AT5G22580,5,4,4,3,3,3
AT5G16210,3,4,4,4,8,2
AT3G22230,5,4,4,4,2,2
AT4G30800,6,4,4,4,4,2
AT5G40290,2,4,4,5,1,1
AT1G76810,3,4,4,5,1,1
AT4G35460,4,4,4,4,1,1
AT5G22440,2,4,4,3,2,1
AT4G15802,4,4,4,2,0,1
AT4G09020,1,4,4,1,4,1
AT5G39850,3,4,3,4,12,14
AT5G44500,6,4,3,4,6,5
AT4G20440,6,4,3,4,6,5
AT3G54470,6,4,3,3,1,5
AT5G06390,3,4,3,4,4,4
AT2G16940,3,4,3,4,3,4
AT1G04170,3,4,3,4,3,4
AT2G35370,5,4,3,4,2,4
AT3G16050,3,4,3,4,4,3
AT1G02690,4,4,3,4,3,3
AT1G01100,3,4,3,2,2,3
AT3G28500,2,4,3,1,4,3
AT3G58570,3,4,3,4,2,2
AT2G34040,3,4,3,4,3,2
AT3G16520,7,4,3,4,3,2
AT1G14650,1,4,3,3,4,2
AT5G23140,2,4,3,2,3,2
AT3G61110,2,4,3,2,1,2
AT2G45710,2,4,3,2,1,2
AT1G17100,3,4,3,2,4,2
AT3G18790,4,4,3,2,2,2
AT5G05730,7,4,3,2,1,2
AT1G70830,3,4,3,8,1,1
AT1G65980,3,4,3,5,2,1
AT1G48850,2,4,3,4,0,1
AT5G20280,2,4,3,1,4,1
AT4G11600,1,4,3,0,2,1
AT2G04690,4,4,3,6,1,0
AT5G07350,4,4,3,5,1,0
AT3G53900,5,4,3,2,1,0
AT3G11270,3,4,2,3,5,8
AT3G51000,2,4,2,3,3,4
AT2G18020,2,4,2,3,5,4
AT4G31580,2,4,2,2,2,4
AT1G10430,3,4,2,2,3,4
AT2G43750,5,4,2,6,2,3
AT5G40370,5,4,2,4,3,3
AT1G16300,1,4,2,3,1,3
AT3G09810,4,4,2,2,0,3
AT4G13780,3,4,2,1,3,3
AT2G01520,2,4,2,4,1,2
AT5G13650,5,4,2,4,1,2
AT3G07720,6,4,2,4,0,2
AT3G42050,1,4,2,3,2,2
AT4G26840,4,4,2,3,1,2
AT5G59880,0,4,2,2,3,2
AT5G59290,2,4,2,2,2,2
AT4G24800,2,4,2,2,0,2
AT3G46440,2,4,2,2,2,2
AT3G04470,2,4,2,2,3,2
AT2G43790,4,4,2,2,3,2
AT3G02630,1,4,2,1,1,2
AT1G03630,1,4,2,1,0,2
AT5G53460,3,4,2,1,2,2
AT4G24550,4,4,2,7,0,1
AT3G02720,3,4,2,4,1,1
AT5G62790,4,4,2,4,1,1
AT3G03950,2,4,2,2,0,1
AT3G12270,3,4,2,2,1,1
AT1G07140,3,4,2,2,2,1
AT4G08520,3,4,2,1,0,1
AT1G67230,4,4,2,5,4,0
AT5G14240,0,4,2,4,1,0
AT3G21110,3,4,2,3,0,0
AT5G38470,4,4,2,3,0,0
AT5G20630,4,4,1,1,3,3
AT2G31390,4,4,1,4,1,2
AT2G35490,2,4,1,3,1,2
AT3G06050,3,4,1,3,0,2
AT3G56130,0,4,1,2,2,2
AT3G01540,1,4,1,3,2,1
AT3G23830,4,4,1,2,1,1
AT5G01650,0,4,1,1,0,1
AT1G65560,0,4,1,1,0,1
AT1G01090,5,4,1,4,1,0
AT2G22250,2,4,1,3,0,0
AT5G04430,3,4,1,3,1,0
AT1G32580,3,4,1,3,0,0
AT1G12230,2,4,1,2,0,0
AT3G15610,3,4,1,2,0,0
AT2G31570,3,4,1,2,1,0
AT1G52730,3,4,1,2,0,0
AT1G52380,3,4,1,2,0,0
AT2G17280,5,4,1,2,0,0
AT1G12910,3,4,1,1,0,0
AT4G13850,4,4,1,1,0,0
AT2G25080,4,4,1,1,0,0
AT4G28730,1,4,1,0,1,0
AT4G08870,1,4,1,0,0,0
AT3G12010,2,4,1,0,0,0
AT3G10690,0,4,0,1,2,4
AT3G54930,3,4,0,0,0,3
AT1G56340,4,4,0,6,4,2
AT1G65930,4,4,0,3,3,1
AT5G42390,1,4,0,3,0,0
AT1G18490,1,4,0,3,0,0
AT5G11670,2,4,0,2,2,0
AT2G03750,2,4,0,2,0,0
AT4G16760,3,4,0,2,0,0
AT5G42100,1,4,0,1,0,0
AT3G01180,1,4,0,1,0,0
AT4G14030,2,4,0,1,0,0
AT5G60640,1,4,0,0,1,0
AT3G22850,1,4,0,0,1,0
AT2G24580,1,4,0,0,0,0
AT5G55260,3,4,0,0,0,0
AT4G26720,3,4,0,0,1,0
AT1G02930,5,4,0,0,0,0
AT3G44750,5,5,60,56,49,51
AT2G28290,7,5,10,7,7,6
AT5G13680,9,5,10,9,5,4
AT5G13530,1,5,10,5,4,1
AT5G27970,3,5,9,11,8,7
AT1G13880,7,5,9,9,5,5
AT5G57460,7,5,9,12,4,2
AT2G45640,8,5,8,9,8,4
AT2G38400,2,5,8,10,2,2
AT1G43170,6,5,7,8,15,9
AT5G15020,5,5,7,9,4,4
AT5G23880,5,5,7,6,7,4
AT1G44835,4,5,7,7,3,3
AT4G29060,7,5,7,7,1,1
AT2G29320,4,5,7,6,1,1
AT3G14210,4,5,6,8,5,4
AT3G14100,7,5,6,8,4,4
AT4G29830,7,5,6,5,7,3
AT3G48930,9,5,6,6,10,2
AT3G49250,3,5,6,3,5,2
AT1G56560,1,5,6,4,5,1
AT4G21580,5,5,6,3,2,0
AT1G64330,7,5,5,4,7,4
AT5G65910,7,5,5,6,1,3
AT5G16960,2,5,5,4,3,3
AT3G19170,8,5,5,7,5,2
AT1G43690,3,5,5,4,0,1
AT1G08360,4,5,5,4,2,1
AT4G31840,1,5,4,4,4,7
AT1G65440,4,5,4,4,2,6
AT4G26110,5,5,4,4,5,5
AT3G16950,8,5,4,7,3,4
AT4G15210,2,5,4,6,2,3
AT5G14670,5,5,4,6,6,3
AT3G62290,5,5,4,6,6,3
AT2G47170,5,5,4,6,6,3
AT1G70490,5,5,4,6,6,3
AT1G23490,5,5,4,6,6,3
AT1G10630,5,5,4,6,6,3
AT1G80410,4,5,4,5,0,3
AT4G34850,3,5,4,4,0,2
AT4G26530,9,5,4,4,2,2
AT2G38700,8,5,4,5,0,1
AT1G62640,4,5,4,4,1,1
AT4G29510,5,5,4,4,2,1
AT4G17190,6,5,4,4,2,1
AT4G27000,5,5,4,3,3,1
AT3G13460,5,5,4,5,0,0
AT5G66030,6,5,4,4,8,0
AT5G63570,6,5,3,3,5,4
AT1G05720,3,5,3,0,1,4
AT3G57890,6,5,3,7,2,3
AT3G27740,8,5,3,6,5,3
AT4G10750,4,5,3,4,5,3
AT4G27440,4,5,3,3,3,3
AT3G13330,3,5,3,2,4,3
AT1G72560,3,5,3,5,4,2
AT4G16130,6,5,3,4,0,2
AT3G59510,5,5,3,2,0,2
AT5G63680,6,5,3,6,0,1
AT3G23660,3,5,3,4,0,1
AT3G48000,2,5,3,5,1,0
AT3G18060,7,5,3,4,2,0
AT1G27970,1,5,2,2,3,4
AT4G29340,6,5,2,2,5,4
AT4G09320,4,5,2,5,3,3
AT4G37930,5,5,2,5,2,3
AT2G19770,2,5,2,4,1,3
AT1G32200,4,5,2,4,0,3
AT1G20580,4,5,2,4,4,3
AT3G58140,2,5,2,4,1,2
AT1G70310,4,5,2,3,1,2
AT1G32470,4,5,2,3,2,2
AT1G74960,2,5,2,2,2,2
AT4G08900,6,5,2,2,2,2
AT3G48690,6,5,2,1,0,2
AT3G11700,4,5,2,6,5,1
AT1G80460,6,5,2,5,1,1
AT3G62310,2,5,2,3,0,1
AT2G47250,2,5,2,3,0,1
AT1G22410,2,5,2,3,2,1
AT1G09340,6,5,2,3,3,1
AT1G48600,5,5,2,6,1,0
AT5G13420,3,5,2,4,3,0
AT1G75280,6,5,2,4,0,0
AT1G08830,6,5,2,4,3,0
AT3G04610,4,5,2,3,2,0
AT1G16350,3,5,2,2,1,0
AT4G00490,4,5,2,1,1,0
AT3G50820,3,5,1,5,1,3
AT5G66570,4,5,1,5,2,3
AT4G32180,4,5,1,4,1,3
AT3G57520,4,5,1,2,2,3
AT3G06860,9,5,1,7,2,2
AT5G49650,6,5,1,4,3,2
AT4G35260,4,5,1,4,3,1
AT3G10340,4,5,1,4,2,1
AT2G25970,5,5,1,3,1,1
AT1G65010,7,5,1,3,2,1
AT1G68560,4,5,1,2,5,1
AT5G13480,5,5,1,5,4,0
AT3G59480,5,5,1,3,1,0
AT5G57850,1,5,1,2,0,0
AT1G65450,1,5,1,2,0,0
AT5G08280,3,5,1,2,5,0
AT3G14240,3,5,0,3,1,2
AT5G58330,4,5,0,6,4,1
AT4G39980,2,5,0,3,0,1
AT5G56740,4,5,0,3,1,1
AT1G79870,4,5,0,2,0,0
AT5G16710,1,5,0,1,0,0
AT5G03740,3,6,17,15,198,139
AT3G08530,6,6,11,8,5,4
AT3G11130,5,6,10,8,4,3
AT5G18420,5,6,9,7,10,9
AT5G49830,5,6,9,4,5,5
AT5G56360,6,6,9,7,2,3
AT2G46290,5,6,8,6,3,16
AT5G22510,4,6,8,6,4,4
AT5G51430,5,6,8,8,6,2
AT5G64760,7,6,7,7,7,6
AT3G06930,10,6,7,7,9,4
AT2G17420,5,6,7,7,1,2
AT3G55700,2,6,7,8,0,1
AT4G31700,7,6,7,6,7,1
AT5G05780,7,6,6,6,9,16
AT2G42590,6,6,6,4,4,6
AT1G13320,5,6,6,4,5,5
AT4G15000,4,6,6,6,3,4
AT4G26760,4,6,6,5,7,4
AT4G23670,7,6,6,4,4,4
AT4G30920,4,6,6,6,4,3
AT5G43990,7,6,6,4,1,3
AT1G13270,2,6,6,4,1,2
AT3G03380,7,6,6,6,6,1
AT1G06410,4,6,6,7,2,0
AT1G59359,4,6,5,4,7,8
AT1G58983,4,6,5,4,7,8
AT1G58684,4,6,5,4,7,8
AT1G58380,4,6,5,4,7,8
AT1G26570,7,6,5,6,5,6
AT3G15020,4,6,5,5,7,5
AT3G04620,5,6,5,4,5,5
AT4G18480,5,6,5,8,6,4
ATMG01190,7,6,5,7,5,4
AT2G07698,7,6,5,7,5,4
AT1G79750,5,6,5,1,4,4
AT4G24510,6,6,5,7,2,2
AT1G07440,4,6,5,6,2,2
AT5G42190,5,6,5,4,3,2
AT3G02930,3,6,5,1,1,2
AT1G21700,5,6,5,8,1,1
AT2G30200,4,6,5,4,1,0
AT2G44050,4,6,4,5,6,6
AT4G14716,5,6,4,7,10,5
AT3G02780,9,6,4,5,7,5
AT2G24940,7,6,4,5,3,4
AT1G60780,7,6,4,3,2,4
AT4G34360,6,6,4,1,3,4
AT5G42220,3,6,4,5,5,3
AT1G79830,7,6,4,7,4,2
AT2G19760,6,6,4,6,4,2
AT5G03290,8,6,4,6,3,2
AT5G50850,5,6,4,5,3,2
AT2G13360,6,6,4,5,6,2
AT1G12000,5,6,4,4,3,2
AT4G16390,3,6,4,3,2,2
AT1G14610,9,6,4,11,3,1
AT4G23680,6,6,4,5,2,1
AT2G43090,5,6,4,4,2,1
AT4G01370,3,6,4,4,4,0
AT4G17830,5,6,4,3,2,0
AT1G13690,4,6,3,4,5,4
AT3G06670,2,6,3,2,3,4
AT1G79530,2,6,3,7,2,3
AT1G25350,6,6,3,5,4,2
AT5G08570,7,6,3,7,0,0
AT3G62120,8,6,3,2,0,0
AT2G25170,2,6,2,6,5,4
AT2G44060,3,6,2,4,3,3
AT1G80480,2,6,2,3,2,3
AT5G26742,6,6,2,4,3,2
AT1G31230,5,6,2,3,2,2
AT1G62820,3,6,2,1,2,2
AT1G12050,2,6,2,5,1,1
AT5G43830,7,6,2,4,2,1
AT5G06060,6,6,2,3,1,1
AT5G55220,2,6,2,7,0,0
AT1G14410,1,6,2,4,2,0
AT3G22890,6,6,2,1,0,0
AT4G16155,8,6,1,6,0,2
AT1G06290,5,6,1,3,2,2
AT1G10370,4,6,1,3,0,1
AT1G12840,5,6,1,3,3,0
AT4G29840,3,6,0,2,0,0
AT1G59830,4,6,0,0,3,0
AT1G13980,5,7,11,4,9,7
AT1G05460,4,7,11,6,3,0
AT5G64270,13,7,10,17,6,8
AT1G11910,4,7,9,6,6,3
AT5G46290,7,7,9,7,4,1
AT4G39330,6,7,8,9,3,7
AT4G17390,5,7,8,5,6,7
AT4G16720,5,7,8,5,6,7
AT1G20760,6,7,8,9,7,6
AT3G19980,8,7,8,11,4,4
AT2G21060,6,7,8,9,2,3
AT5G64350,5,7,8,5,1,2
AT3G58500,6,7,7,6,7,6
AT2G41840,6,7,7,5,8,6
AT1G11650,6,7,7,5,0,2
AT1G06570,1,7,7,5,0,0
AT3G63095,5,7,6,4,6,7
AT4G38630,6,7,6,6,6,6
AT2G42500,7,7,6,6,6,6
AT5G04710,5,7,6,5,9,5
AT3G25800,8,7,6,5,4,5
AT1G75950,7,7,6,6,5,3
AT5G03470,4,7,6,5,2,3
AT3G44110,4,7,6,5,6,3
AT3G12490,7,7,6,8,2,2
AT1G05520,5,7,6,6,1,2
AT4G14570,2,7,6,8,3,1
ATCG01240,8,7,5,6,10,11
ATCG00900,8,7,5,6,10,11
AT1G56580,8,7,5,6,6,8
AT4G14710,6,7,5,9,11,6
AT1G02840,6,7,5,7,4,4
AT1G25490,7,7,5,7,4,4
AT3G15000,6,7,5,6,5,3
AT3G60740,7,7,5,6,4,3
AT2G33430,2,7,5,5,1,3
AT4G23600,8,7,5,6,2,2
AT3G14420,3,7,5,5,7,2
AT1G49600,7,7,5,5,1,2
AT1G31812,4,7,5,3,1,2
AT4G24130,7,7,5,9,4,1
AT3G13290,6,7,5,5,4,1
AT4G21280,7,7,4,6,6,7
AT2G45810,6,7,4,6,7,5
AT5G43960,8,7,4,6,5,4
AT3G12800,6,7,4,7,2,2
AT2G42520,6,7,4,5,3,2
AT1G23820,6,7,4,4,3,2
AT1G29880,3,7,4,6,1,1
AT4G02930,6,7,4,4,4,1
AT3G57410,4,7,4,2,1,1
AT3G53030,4,7,4,4,1,0
AT2G40290,5,7,3,5,1,2
AT5G13560,3,7,3,4,2,2
AT3G42660,3,7,3,4,2,2
AT2G42910,4,7,3,5,3,1
AT2G41740,5,7,3,4,0,0
AT4G14880,4,7,2,6,3,2
AT3G52880,2,7,2,3,2,1
AT5G39570,5,7,2,6,6,0
AT2G22780,2,7,2,1,0,0
AT3G03250,3,7,1,9,6,2
AT5G02050,5,7,1,3,3,1
AT5G57870,6,7,1,3,1,1
AT2G35240,3,7,0,2,0,0
AT3G03710,13,8,13,13,12,9
AT2G32080,6,8,13,9,9,6
AT5G20990,9,8,12,13,8,14
AT5G20290,10,8,11,13,18,19
AT2G40300,10,8,10,10,12,20
AT2G41530,8,8,10,11,4,4
AT3G14120,2,8,10,8,6,2
AT1G20220,5,8,9,9,9,10
AT5G13520,7,8,9,9,6,5
AT1G50500,6,8,9,9,3,4
AT5G15200,7,8,8,7,26,22
AT2G27030,6,8,8,7,4,3
AT1G60710,11,8,8,7,2,1
AT3G49430,10,8,7,10,5,7
AT2G15430,7,8,7,9,7,5
AT2G41110,6,8,7,7,4,3
AT1G66410,6,8,7,7,4,3
AT5G54770,6,8,6,10,5,6
AT1G48630,8,8,6,8,3,4
AT4G02150,8,8,6,6,2,3
AT1G09310,8,8,5,6,5,7
AT3G58730,4,8,5,5,7,7
AT4G36690,9,8,5,8,7,6
AT1G53240,5,8,5,6,8,6
AT5G42980,6,8,5,8,6,5
AT1G02050,8,8,5,6,5,4
AT1G34430,8,8,5,9,6,3
AT3G01390,5,8,5,4,6,3
AT3G06580,7,8,5,4,3,3
AT4G11820,8,8,5,6,1,2
AT4G29010,6,8,5,5,3,2
AT3G26060,8,8,5,5,5,2
AT5G67360,4,8,5,6,3,1
AT5G08690,9,8,4,10,7,9
AT5G08680,9,8,4,10,7,9
AT5G08670,9,8,4,10,7,9
AT4G00660,4,8,4,3,3,3
AT4G34200,5,8,4,10,1,1
AT3G02760,7,8,4,6,2,1
AT4G35450,5,8,4,5,2,1
AT2G30110,3,8,4,3,1,0
AT5G02530,8,8,3,5,7,5
AT4G22240,5,8,3,4,1,3
AT1G79440,7,8,3,7,2,1
AT1G75030,3,8,3,3,1,1
AT2G21130,8,8,2,9,2,4
AT3G56460,6,8,2,4,3,3
AT5G57655,10,8,1,4,2,3
AT1G13930,7,8,1,1,1,1
AT3G56800,6,8,0,7,4,3
AT5G22650,10,9,39,35,537,494
AT2G26990,11,9,16,9,15,9
AT4G34430,5,9,15,12,7,2
AT5G28740,7,9,14,18,8,7
AT1G71230,7,9,11,8,8,7
AT5G60790,10,9,11,11,6,6
AT3G55160,6,9,10,8,8,9
AT3G19760,10,9,10,11,8,3
AT1G11860,10,9,9,15,9,6
AT5G44320,10,9,9,10,7,6
AT5G40270,5,9,9,9,1,3
AT4G02030,6,9,9,8,5,2
AT1G21630,9,9,8,8,5,9
AT4G03020,8,9,8,12,7,6
AT1G50370,11,9,8,11,4,5
AT1G60900,10,9,8,9,4,5
AT2G31660,3,9,8,6,5,5
AT3G07100,5,9,8,9,1,4
AT1G50200,8,9,8,8,2,0
AT5G45620,8,9,7,3,3,8
AT5G20720,6,9,7,6,5,3
AT1G43190,7,9,7,5,6,2
AT2G05920,6,9,6,10,6,10
AT1G18080,8,9,6,11,6,8
AT4G19006,6,9,6,4,4,8
AT2G19480,6,9,6,4,4,5
AT3G28730,7,9,6,7,1,4
AT3G05420,11,9,6,10,0,3
AT3G18130,7,9,6,8,3,3
AT3G58610,7,9,6,6,4,3
AT2G30860,8,9,6,4,3,0
AT2G24270,12,9,5,8,7,7
AT5G24420,7,9,5,4,9,7
AT5G12140,8,9,5,6,6,5
AT5G61790,5,9,5,9,8,4
AT1G12310,5,9,5,3,5,4
AT1G27310,7,9,5,7,6,3
AT2G47470,10,9,5,8,6,2
AT3G49240,6,9,5,4,2,2
AT5G48180,5,9,5,6,1,0
AT4G13430,7,9,4,6,3,2
AT2G37660,7,9,4,5,2,1
AT2G39080,8,9,4,4,3,0
AT5G13380,6,9,3,5,1,2
AT1G74030,6,9,3,5,0,0
AT3G53110,5,9,2,6,2,2
AT3G54670,12,10,16,13,8,9
AT3G25860,12,10,14,12,10,12
AT4G39680,12,10,13,11,10,12
AT1G70580,10,10,12,13,7,7
AT3G55020,10,10,12,14,8,6
AT1G02090,12,10,12,7,9,6
AT5G64370,10,10,11,8,9,11
AT5G35430,8,10,11,12,9,10
AT5G40580,12,10,11,13,9,6
AT5G51200,6,10,11,4,14,4
AT3G55870,11,10,10,8,4,11
AT5G15610,11,10,10,7,8,11
AT1G61010,6,10,10,5,9,6
AT5G61970,9,10,10,7,4,3
AT1G72370,9,10,9,10,11,13
AT5G65730,8,10,9,9,12,12
AT1G64200,7,10,9,8,4,9
AT1G22300,7,10,9,6,10,9
AT5G02790,9,10,9,7,6,8
AT5G12110,8,10,8,9,11,10
AT2G27170,12,10,8,9,11,9
AT3G56490,8,10,8,8,5,8
AT2G16600,6,10,8,8,5,4
AT1G77440,9,10,7,6,8,6
AT3G55120,9,10,7,9,3,5
AT5G65430,7,10,7,8,4,4
AT4G26900,6,10,7,7,4,3
AT5G26860,6,10,7,7,3,2
AT1G68010,10,10,6,9,7,5
AT3G48730,10,10,6,6,8,4
AT2G38580,5,10,6,10,3,0
AT4G29350,7,10,5,7,5,3
AT1G62940,5,10,5,5,1,2
AT5G02240,8,10,5,7,3,1
AT4G34870,11,10,4,5,2,4
AT3G58510,9,10,4,8,4,2
AT3G49680,2,10,4,6,0,1
AT1G71840,6,10,4,6,1,1
AT5G09660,8,10,3,6,3,1
AT5G10920,4,10,2,6,1,3
AT4G35830,5,10,1,6,2,0
AT1G16030,17,11,20,14,25,18
AT2G26780,10,11,18,15,18,10
AT3G60860,13,11,15,10,15,13
AT4G02350,10,11,15,10,6,1
AT5G23540,14,11,14,13,15,10
AT5G08640,13,11,12,13,9,11
AT4G35800,6,11,12,15,18,9
AT3G27430,12,11,12,13,8,6
AT4G27520,11,11,12,10,11,6
AT2G42100,12,11,11,8,11,9
AT4G38130,11,11,11,8,7,7
AT5G49020,6,11,11,10,8,6
AT1G74970,8,11,10,12,7,7
AT5G08450,12,11,10,10,16,5
AT1G06000,12,11,10,7,6,3
AT4G08390,8,11,9,9,3,8
AT5G48880,9,11,9,9,4,7
AT3G05680,7,11,9,6,10,7
AT1G12570,17,11,9,9,7,5
AT5G20020,8,11,8,10,7,8
AT5G39320,11,11,8,12,8,7
AT1G35160,10,11,8,9,9,6
AT3G62530,6,11,7,9,6,6
AT3G62870,8,11,7,8,11,6
AT3G47520,10,11,7,9,5,3
AT4G09010,10,11,6,7,3,4
AT2G47610,8,11,5,8,11,6
AT2G27860,6,11,5,7,4,5
AT3G61240,7,11,5,6,4,4
AT2G44350,9,11,5,6,5,4
AT4G38740,11,11,4,11,2,5
AT5G48300,7,11,4,10,5,3
AT5G54900,7,11,4,4,2,3
AT3G53260,7,11,4,7,3,2
AT1G30580,9,11,4,9,3,0
AT4G18240,5,11,3,3,3,5
AT4G14080,6,11,3,4,1,1
AT3G48560,6,11,1,3,1,1
AT3G62250,13,12,17,18,23,22
AT2G47110,13,12,17,18,23,22
AT2G07360,12,12,17,11,4,6
AT1G23410,13,12,16,17,21,19
AT4G24820,11,12,16,12,7,12
AT4G02510,9,12,16,15,14,8
AT1G55090,11,12,15,15,14,14
AT2G24200,14,12,15,14,10,11
AT5G58420,14,12,14,15,26,24
AT5G07090,14,12,14,15,27,24
AT2G17360,14,12,14,15,27,24
AT2G23390,12,12,13,12,10,15
AT2G01140,12,12,13,13,12,10
AT1G62390,10,12,13,9,8,6
AT5G15490,12,12,12,13,10,8
AT4G21100,10,12,12,14,7,5
AT2G01690,5,12,12,6,5,4
AT4G34860,8,12,11,13,10,8
AT2G18790,10,12,11,8,11,8
AT5G55230,14,12,10,11,11,10
AT1G20020,10,12,10,9,9,8
AT4G37800,9,12,10,8,6,8
AT5G54160,8,12,9,10,6,4
AT5G10450,12,12,8,8,8,8
AT5G43330,12,12,8,11,8,6
AT3G55760,9,12,8,12,2,5
AT4G14160,9,12,8,8,3,4
AT4G39260,5,12,7,7,7,7
AT3G13930,6,12,7,10,5,6
AT3G44340,10,12,7,14,7,3
AT1G49760,14,12,6,11,3,3
AT1G08200,8,12,5,8,4,5
AT3G06480,7,12,4,11,6,4
AT1G31340,13,12,0,16,20,0
AT5G37640,13,12,0,0,0,0
AT5G20620,13,12,0,0,0,0
AT5G03240,13,12,0,0,0,0
AT4G05320,13,12,0,0,0,0
AT4G05050,13,12,0,0,0,0
AT4G02890,13,12,0,0,0,0
AT3G52590,13,12,0,0,0,0
AT2G36170,13,12,0,0,0,0
AT2G35635,13,12,0,0,0,0
AT1G65350,13,12,0,0,0,0
AT1G55060,13,12,0,0,0,0
AT1G04810,15,13,17,16,10,8
AT5G66140,16,13,16,18,25,18
AT4G21710,12,13,15,15,16,13
AT4G23460,11,13,15,12,11,10
AT1G09270,8,13,15,9,7,7
AT5G53620,16,13,13,13,6,12
AT5G56280,14,13,13,13,9,6
AT3G13300,12,13,13,14,8,2
AT1G72550,8,13,12,10,11,11
AT1G67680,8,13,12,7,8,5
AT5G06290,9,13,11,11,12,11
AT1G24020,11,13,10,11,7,14
AT5G27030,14,13,10,17,10,10
AT5G14170,8,13,10,14,6,9
AT3G16640,10,13,10,9,9,8
AT3G60830,12,13,10,11,12,5
AT5G61780,12,13,10,11,4,4
AT3G11910,12,13,10,16,9,3
AT5G06600,10,13,10,11,6,3
AT5G20010,9,13,9,11,8,8
AT2G37080,6,13,9,7,3,1
AT5G16050,9,13,8,9,11,13
AT3G15880,9,13,8,16,12,11
AT1G48410,6,13,8,12,5,4
AT2G35630,10,13,8,10,4,4
AT5G16440,12,13,7,7,9,7
AT2G33150,11,13,5,10,5,3
AT3G14990,8,13,5,9,4,2
AT2G45540,17,14,28,24,15,12
AT2G05120,17,14,18,20,13,13
AT4G11150,11,14,16,11,7,11
AT5G11580,9,14,16,14,12,7
AT1G18270,12,14,15,16,9,14
AT3G55610,12,14,15,10,7,9
AT4G25130,10,14,15,15,12,6
AT5G58410,18,14,14,21,16,11
AT5G58230,14,14,14,13,14,11
AT3G55800,14,14,14,15,11,10
AT3G29360,15,14,14,13,12,9
AT1G27090,13,14,14,12,12,6
AT1G75940,17,14,13,13,10,10
AT5G60100,15,14,13,11,6,10
AT5G66190,11,14,13,11,7,9
AT5G41950,9,14,13,11,10,6
AT3G12780,13,14,12,15,13,8
AT1G78300,12,14,12,10,10,8
AT4G20980,12,14,12,9,8,8
AT4G39660,10,14,12,10,13,7
AT3G22960,15,14,11,16,13,10
AT1G26630,15,14,11,8,8,8
AT3G23600,9,14,10,6,10,11
AT3G08947,13,14,10,15,14,10
AT1G21720,13,14,10,10,12,9
AT3G55440,10,14,10,13,11,7
AT4G20360,16,14,9,9,8,5
AT3G02520,10,14,8,9,10,11
AT3G16830,10,14,7,9,11,10
AT2G47510,14,14,7,13,7,8
AT5G43940,12,14,7,13,6,5
AT5G09650,11,14,6,10,5,11
AT1G52040,5,14,6,6,0,5
AT5G16730,17,15,21,18,10,8
AT3G09880,14,15,20,17,12,14
AT2G46560,9,15,20,11,10,4
AT1G48920,13,15,16,10,14,14
AT1G30630,12,15,15,12,9,16
AT2G28790,16,15,15,15,15,12
AT5G09900,15,15,14,13,10,10
AT1G15750,15,15,14,21,17,8
AT3G50590,5,15,14,8,5,5
AT5G56290,14,15,13,12,5,13
AT2G43770,13,15,13,16,9,12
AT4G34030,14,15,12,16,14,11
AT1G63660,15,15,12,14,8,6
AT5G63110,13,15,12,10,8,6
AT3G07770,12,15,11,11,6,14
AT5G38480,11,15,10,11,11,17
AT2G46610,16,15,10,14,9,9
AT5G06850,13,15,10,17,7,5
AT2G33340,13,15,10,12,7,5
AT5G35360,13,15,9,10,10,7
AT1G47128,9,15,6,10,8,11
AT2G05990,12,15,6,10,8,8
AT5G04140,11,15,5,7,1,3
AT5G24710,21,16,25,18,9,18
AT3G53180,19,16,19,18,20,22
AT3G51260,18,16,17,21,26,20
AT5G19510,22,16,17,20,20,16
AT1G72730,13,16,15,12,15,13
AT3G57560,9,16,15,8,7,12
AT1G65960,14,16,14,13,14,9
AT5G52920,16,16,14,14,7,7
AT3G04600,12,16,13,15,13,16
AT3G11630,14,16,13,17,16,15
AT3G11400,19,16,13,14,13,13
AT5G05010,12,16,12,11,11,10
AT3G60750,14,16,12,18,12,9
AT3G51240,14,16,11,13,4,5
AT3G03530,13,16,10,13,9,17
AT1G09620,12,16,10,13,4,4
AT5G14740,12,16,9,13,10,9
AT2G23350,13,16,9,15,8,3
AT2G47730,12,16,7,8,11,10
AT1G47250,18,17,24,20,20,14
AT4G09510,16,17,23,19,14,14
AT3G61140,16,17,22,17,20,17
AT1G56450,19,17,21,19,17,18
AT3G03110,19,17,19,20,20,15
AT4G27640,11,17,19,11,13,14
AT4G11380,15,17,19,16,12,13
AT5G12370,14,17,18,13,12,9
AT1G04690,18,17,18,16,8,7
AT5G37600,13,17,17,11,19,9
AT1G69740,15,17,16,18,10,14
AT1G23310,16,17,16,19,11,11
AT3G12145,15,17,15,18,13,13
AT1G80490,14,17,14,17,15,6
AT3G08943,12,17,13,15,15,11
AT1G18450,11,17,13,18,16,10
AT1G14810,12,17,12,11,6,6
AT3G10850,14,17,11,12,4,5
AT5G50920,14,17,9,16,5,8
AT3G25530,11,17,8,9,7,5
AT5G42790,21,18,26,23,19,20
AT5G36160,17,18,22,16,21,16
AT3G56090,18,18,19,21,25,33
AT5G22770,10,18,17,14,23,15
AT1G04080,14,18,17,19,15,13
AT1G06220,12,18,17,16,14,11
AT5G22780,11,18,16,13,24,14
AT4G23920,17,18,16,18,13,12
ATCG00120,20,18,15,21,21,21
AT3G06720,11,18,15,15,11,10
AT2G44160,16,18,15,14,12,9
AT4G10710,14,18,15,18,9,7
AT1G64520,13,18,14,13,10,13
AT2G21330,11,18,11,12,11,4
AT3G48870,10,18,8,13,6,8
AT5G48230,14,18,8,13,4,4
AT4G34110,12,18,8,12,6,3
AT2G05710,13,18,4,10,4,3
AT4G28470,18,19,24,23,22,17
AT1G67140,18,19,23,13,15,16
AT5G01410,18,19,22,20,19,17
ATCG00480,18,19,19,15,10,12
AT2G38230,17,19,19,17,17,10
AT1G29150,17,19,17,18,17,19
AT5G51660,11,19,17,18,18,10
AT4G33250,19,19,15,17,14,11
AT4G38970,10,19,14,12,16,14
AT2G19070,13,19,13,16,9,11
AT5G39500,17,20,34,24,26,18
AT5G65770,19,20,25,21,8,5
AT5G65780,19,20,24,20,7,5
AT2G29560,18,20,22,26,9,12
AT3G12915,16,20,22,15,12,9
AT3G42170,15,20,21,19,17,17
AT1G76010,17,20,21,25,15,15
AT3G44300,20,20,21,24,12,15
AT1G09100,18,20,20,20,15,21
AT2G34160,19,20,20,19,19,20
AT1G45000,13,20,18,16,12,17
AT5G43010,13,20,18,17,12,15
AT5G26000,13,20,18,17,15,14
AT3G26340,16,20,18,17,15,9
AT3G17820,14,20,16,17,20,27
AT5G42970,22,20,16,18,21,15
AT4G14800,15,20,15,14,15,19
AT1G19570,17,20,8,16,9,11
AT2G28190,11,20,7,13,3,4
AT1G21750,17,20,6,19,11,9
AT2G20140,14,21,23,25,14,19
AT2G38770,18,21,22,29,24,15
AT3G01780,19,21,22,26,12,13
AT2G39990,17,21,22,22,17,13
AT5G59370,24,21,21,20,18,17
AT3G46520,24,21,21,20,18,17
AT3G05900,15,21,21,21,16,13
AT1G10840,19,21,20,16,18,20
AT1G75990,17,21,20,22,20,17
AT4G34490,18,21,18,20,17,15
AT1G79930,15,21,18,19,10,7
AT1G48120,12,21,17,13,1,11
AT5G01600,15,21,16,16,17,21
AT3G22630,16,21,16,14,15,19
AT1G13440,21,21,15,23,15,12
AT2G26080,17,21,13,11,4,6
AT4G20050,16,21,13,10,8,3
AT3G06650,21,21,12,18,12,14
AT4G09000,16,21,11,12,11,11
AT4G29040,14,22,24,26,14,19
AT2G27020,21,22,21,26,25,49
AT2G16950,18,22,20,18,22,15
AT1G32060,18,22,19,22,13,17
AT4G01850,24,22,17,20,12,13
AT1G04410,21,22,17,19,16,13
AT2G36460,24,22,17,15,12,13
AT1G20630,26,22,17,18,14,10
AT5G49460,21,22,16,21,13,14
AT2G21660,15,22,15,15,13,15
AT2G37040,15,22,13,14,8,5
AT1G52410,12,22,9,17,7,7
AT2G17930,23,23,40,36,23,18
AT2G37690,19,23,28,21,25,20
AT5G25980,19,23,24,20,27,28
AT5G11170,23,23,24,25,17,16
AT3G22110,17,23,23,20,24,18
AT5G11200,22,23,23,24,16,16
AT3G01340,20,23,23,23,24,15
AT3G44320,21,23,21,23,13,19
AT1G79920,15,23,17,20,12,7
AT5G49910,19,24,36,29,47,27
AT3G59020,11,24,26,17,17,17
AT5G20830,22,24,26,17,20,12
AT2G39800,18,24,24,17,12,12
AT5G09590,20,24,23,24,26,26
AT5G58290,24,24,23,26,21,19
AT1G66200,15,24,20,14,20,30
AT4G31300,19,24,20,20,17,14
AT3G16470,21,24,18,20,18,8
AT3G04120,21,24,17,23,15,12
AT1G29900,16,24,14,12,5,8
AT5G53480,29,25,29,22,26,18
AT2G32730,23,25,29,27,19,17
AT3G02200,27,25,28,26,22,19
AT3G05530,24,25,25,26,19,26
AT5G20000,26,25,25,28,21,24
AT1G03090,17,25,24,23,22,12
AT1G64740,22,25,22,24,12,17
AT4G05420,22,25,21,20,11,7
AT5G14250,16,25,20,18,25,18
AT1G02500,25,25,19,23,14,17
AT3G01500,19,25,18,18,14,13
AT2G30050,18,25,17,16,14,15
ATCG00500,23,25,16,15,13,12
AT1G64880,27,25,15,20,16,15
AT2G46520,24,26,33,25,32,29
AT1G22920,17,26,30,22,30,29
AT4G37910,22,26,26,29,26,18
AT3G60820,20,26,24,28,29,28
AT3G53750,26,26,24,22,20,19
AT2G37620,26,26,24,22,20,19
AT2G04030,25,26,23,21,27,26
AT2G18110,16,26,21,18,24,25
AT1G79210,19,26,20,20,22,23
AT1G79990,23,27,28,23,20,15
AT5G19990,27,27,26,30,23,25
AT4G24190,25,27,26,25,20,23
AT3G13920,23,27,26,17,22,21
AT3G55220,25,27,26,23,23,15
AT3G55200,25,27,26,23,23,15
AT1G54270,21,27,25,17,20,18
AT1G29250,22,27,24,23,21,23
AT3G13860,29,27,23,30,26,33
AT1G16470,21,27,22,21,23,24
AT2G05840,20,27,22,23,25,19
AT2G19520,15,27,20,20,11,15
AT3G23810,24,27,19,21,14,17
AT3G13490,25,27,18,21,10,7
AT5G63840,16,27,17,20,9,17
AT3G03780,21,27,16,20,11,14
AT4G36080,24,28,37,32,14,15
AT5G35200,20,28,31,22,19,27
AT5G15650,24,28,30,31,38,36
AT3G17390,26,28,30,25,23,21
AT1G76030,27,28,29,31,31,37
AT1G20260,27,28,29,31,31,37
AT1G52400,23,28,29,26,31,30
AT5G60160,27,28,29,27,28,22
AT3G12110,25,28,27,26,21,16
AT3G14790,19,28,26,21,16,20
AT5G25757,26,28,23,23,21,34
AT5G25754,26,28,23,23,21,34
AT2G38040,20,28,23,21,18,25
AT1G53500,14,28,23,21,20,22
AT4G33680,29,28,18,19,20,21
AT4G35090,33,28,17,24,15,13
AT4G33010,21,28,14,19,9,9
AT4G24280,21,29,41,33,49,31
AT4G16340,27,29,34,33,29,19
AT4G38510,26,29,28,32,30,32
AT3G11830,25,29,28,28,21,21
AT1G52570,35,29,27,30,24,28
AT1G35580,22,29,26,33,20,21
AT3G27530,33,30,37,40,30,27
AT3G20050,30,30,36,27,29,24
AT1G13060,18,30,29,29,26,23
AT1G80070,29,31,33,27,35,26
AT1G53750,25,31,30,33,26,23
AT5G35590,22,31,29,31,27,19
AT1G20200,25,31,28,33,27,26
AT5G46070,24,31,27,23,24,17
AT4G29270,21,31,21,19,6,15
AT1G71220,22,31,19,23,11,13
AT1G52030,24,31,18,21,16,14
AT3G29410,30,32,37,31,25,36
AT3G02230,27,32,34,32,36,36
AT1G24510,27,32,34,30,25,23
AT1G75780,30,32,33,26,29,27
AT5G16070,32,32,29,37,30,22
AT4G13940,29,32,26,26,20,23
AT1G07890,24,32,24,22,6,14
AT1G02080,34,33,41,34,45,33
AT4G38600,22,34,33,28,33,22
AT3G14290,24,34,30,29,31,29
AT3G18190,32,34,29,33,25,36
AT3G15980,30,34,26,25,21,19
AT5G11710,26,34,17,15,6,10
AT5G12250,36,35,40,35,33,27
AT5G35630,36,35,35,31,28,19
AT5G26710,24,35,29,36,33,33
AT3G18780,27,35,27,28,23,19
AT1G49240,27,35,27,28,23,19
AT4G38680,21,35,12,19,5,8
AT1G42970,40,36,43,39,29,36
AT3G52140,27,36,39,38,29,26
AT1G20010,36,36,37,32,34,33
AT5G09810,33,36,37,32,32,22
AT3G02530,33,36,35,35,34,25
AT1G12900,30,36,31,29,19,26
AT2G39730,20,36,27,26,36,25
AT5G20890,32,37,36,34,23,19
AT1G71080,39,38,41,39,30,40
AT3G57290,33,38,40,36,33,34
AT2G40660,23,38,38,43,24,36
AT5G17020,36,38,34,34,39,37
AT1G53850,27,38,31,32,32,34
AT1G52360,31,38,30,25,25,24
AT3G12580,40,39,66,49,89,52
AT5G19780,37,39,38,39,30,31
AT5G19770,37,39,38,39,30,31
AT5G17920,33,39,25,37,19,23
AT4G20890,45,40,46,39,43,35
AT2G20580,29,40,44,38,37,31
AT1G09640,34,40,39,39,35,38
AT4G16143,35,40,38,40,26,36
AT2G27040,37,40,16,32,11,12
AT5G44340,52,42,49,42,41,39
AT5G26360,46,42,43,45,42,32
AT2G02560,34,42,40,34,31,31
AT3G03960,41,42,38,38,32,38
AT3G59970,35,42,29,29,17,17
AT1G20960,47,43,45,49,44,33
AT5G42020,41,43,40,37,44,41
AT2G36880,36,43,38,37,27,25
AT3G63460,46,44,52,49,44,57
AT2G46280,43,44,43,44,30,54
AT5G28540,41,44,41,40,44,44
AT4G31490,37,44,38,40,37,28
AT1G01960,42,45,54,47,49,44
AT1G78570,35,45,42,41,37,38
AT4G31480,39,45,40,39,37,28
AT5G47690,37,45,39,38,42,41
AT2G36530,40,45,31,35,25,25
AT5G66420,38,46,45,41,43,33
AT5G24770,27,46,25,15,24,21
AT5G19820,41,47,52,40,32,58
AT1G04820,45,47,44,45,34,39
AT3G14940,47,47,43,46,50,56
AT5G60390,42,48,43,45,43,50
AT1G07940,42,48,43,45,43,50
AT1G07930,42,48,43,45,43,50
AT1G07920,42,48,43,45,43,50
AT3G26650,39,48,39,38,25,31
AT3G52930,48,48,31,33,24,20
AT4G14960,46,49,45,46,36,35
AT3G56150,47,49,45,49,43,29
AT1G20620,51,49,44,39,33,38
AT5G02490,47,50,85,52,105,69
AT5G56030,35,50,34,39,35,36
AT2G33210,45,51,48,49,46,44
AT5G25780,43,51,44,39,38,34
AT5G56010,36,51,36,42,36,35
AT5G23860,57,52,53,49,50,41
AT4G20850,51,53,62,59,56,52
AT1G78900,57,53,52,55,54,47
AT3G43300,57,54,62,55,57,55
AT5G56500,45,54,61,58,59,67
AT4G34450,49,54,52,51,40,37
AT5G27640,50,55,52,48,46,36
AT2G29550,57,55,50,52,53,44
AT3G44690,53,55,49,44,29,44
AT1G30230,41,55,45,39,41,38
AT3G03540,41,55,42,48,34,56
AT3G45140,47,55,40,43,34,35
AT3G09820,47,55,33,42,26,54
AT5G62700,67,56,64,61,58,52
AT5G62690,67,56,64,61,58,52
AT1G55860,54,58,65,65,53,53
AT1G64790,45,58,65,54,45,44
AT5G24780,34,58,36,24,39,49
AT1G62020,49,59,51,48,49,41
AT5G03300,40,59,32,40,24,46
AT1G57720,52,60,63,56,51,42
AT4G11420,56,60,55,57,43,36
AT1G69830,53,61,52,48,40,55
AT3G23990,56,64,59,61,53,70
AT2G21390,52,64,58,55,54,43
AT3G09440,61,65,118,79,160,97
AT2G22125,56,68,73,55,55,50
AT2G28000,71,68,63,70,56,48
AT3G15730,58,71,66,68,67,79
AT1G56070,63,71,64,61,47,42
AT4G10320,64,72,82,80,71,84
AT1G70320,75,76,78,82,72,64
AT5G02500,66,79,141,91,200,162
AT1G53310,79,80,78,74,82,83
AT2G42600,74,80,76,72,83,83
AT1G55490,70,84,83,88,81,80
AT3G13470,68,84,81,85,83,86
AT1G09780,73,93,69,80,73,92
AT2G17630,77,99,67,83,58,81
AT5G38430,79,111,115,106,78,94
AT5G03340,111,129,117,103,112,106
AT3G44310,133,137,159,167,71,81
AT3G09840,121,139,128,114,123,120
AT1G67090,116,148,156,134,133,147
AT1G36160,139,157,160,144,155,128
AT5G38420,116,157,151,132,132,149
AT1G19480,155,166,142,145,112,152
AT4G35630,162,199,145,178,125,183
AT3G08590,241,305,208,243,162,270
ATCG00490,556,764,729,675,1186,1192
AT4G25500,722,887,736,775,966,1081
