Protein,WT,WT.1,AT4G24970,AT4G24970
AT4G24970,0,6,114,95
AT1G79350,0,0,28,28
AT5G50780,0,0,31,26
AT5G04290,0,0,32,24
AT3G23780,0,0,30,23
AT2G17930,0,0,38,20
AT1G31340,0,10,22,20
AT4G36080,0,0,26,18
AT2G16485,0,0,21,18
AT5G47690,0,3,24,18
AT5G15020,0,0,23,17
AT5G18960,0,0,16,17
AT3G42170,0,0,23,16
AT1G08600,0,0,15,16
AT2G32700,0,0,14,16
AT4G14960,0,12,19,16
AT1G50010,0,12,19,16
AT5G44800,0,0,25,15
AT4G31160,0,0,19,15
AT1G44900,0,3,19,15
AT1G12380,0,0,18,14
AT4G02480,0,0,16,14
AT2G27170,0,2,23,14
AT4G37800,0,10,15,14
AT1G43850,0,0,23,13
AT3G12280,0,0,19,13
AT4G00450,0,0,18,13
AT5G14170,0,0,16,13
AT5G67100,0,0,15,13
AT1G55325,0,0,15,13
AT3G56860,0,0,13,13
AT3G22170,0,0,12,13
AT3G48050,0,2,14,13
AT4G32551,0,0,19,12
AT5G43990,0,0,18,12
AT5G07980,0,0,15,12
AT3G63500,0,0,12,12
AT3G22380,0,0,9,12
AT3G48670,0,0,19,11
AT1G09060,0,0,18,11
AT5G44180,0,0,15,11
AT2G17410,0,0,14,11
AT1G59890,0,0,14,11
AT4G15020,0,0,13,11
AT5G46210,0,0,12,11
AT5G67320,0,0,11,11
AT5G22060,0,2,13,11
AT5G67530,0,2,11,11
AT3G53750,0,7,9,11
AT3G22520,0,0,13,10
AT3G03940,0,0,13,10
AT3G06250,0,0,12,10
AT1G30330,0,0,12,10
AT3G14180,0,0,11,10
AT3G13670,0,0,11,10
AT4G38600,0,0,10,10
AT3G22220,0,0,10,10
AT4G25520,0,0,9,10
AT1G28420,0,0,9,10
AT3G48060,0,2,9,10
AT3G17390,0,3,13,10
AT3G46520,0,7,10,10
AT5G46280,0,0,19,9
AT4G36290,0,0,15,9
AT5G60410,0,0,13,9
AT5G35840,0,0,11,9
AT1G62870,0,0,11,9
AT3G07780,0,0,9,9
AT1G06230,0,0,7,9
AT1G76320,0,0,6,9
AT4G15900,0,2,12,9
AT2G06210,0,2,12,9
AT5G62300,0,6,5,9
AT3G45030,0,6,5,9
AT2G02090,0,0,12,8
AT4G34430,0,0,11,8
AT4G02020,0,0,11,8
AT2G40930,0,0,11,8
AT1G67630,0,0,11,8
AT5G18190,0,0,10,8
AT5G37020,0,0,8,8
AT4G21670,0,0,8,8
AT4G02570,0,0,8,8
AT3G07220,0,0,8,8
AT4G24270,0,0,7,8
AT5G64960,0,0,6,8
AT1G15910,0,0,6,8
AT4G16420,0,0,5,8
AT4G38130,0,4,9,8
AT3G05060,0,7,13,8
AT1G67120,0,0,19,7
AT1G79000,0,0,17,7
AT1G19100,0,0,14,7
AT4G20400,0,0,13,7
AT5G07940,0,0,12,7
AT2G38770,0,0,12,7
AT3G49250,0,0,11,7
AT1G21700,0,0,11,7
AT1G08060,0,0,11,7
AT2G42200,0,0,10,7
AT3G48430,0,0,9,7
AT1G07670,0,0,9,7
AT5G25150,0,0,8,7
AT4G21750,0,0,8,7
AT3G21060,0,0,8,7
AT1G66580,0,0,6,7
AT5G55040,0,0,4,7
AT2G18750,0,0,3,7
AT1G05910,0,0,3,7
AT2G39800,0,2,10,7
AT4G29730,0,2,9,7
AT5G27640,0,3,9,7
AT3G24830,0,4,7,7
AT3G47370,0,4,5,7
AT1G52040,0,6,7,7
AT5G62090,0,0,15,6
AT2G23740,0,0,14,6
AT1G17210,0,0,14,6
AT2G27110,0,0,11,6
AT5G65540,0,0,10,6
AT3G01460,0,0,10,6
AT2G48160,0,0,10,6
AT2G13370,0,0,10,6
AT1G05950,0,0,10,6
AT3G06670,0,0,9,6
AT3G03380,0,0,9,6
AT2G39810,0,0,9,6
AT4G06634,0,0,8,6
AT3G54610,0,0,8,6
AT3G49600,0,0,8,6
AT3G43240,0,0,8,6
AT2G25760,0,0,8,6
AT2G22300,0,0,8,6
AT5G35210,0,0,7,6
AT5G17510,0,0,7,6
AT5G15540,0,0,7,6
AT3G07050,0,0,7,6
AT1G73100,0,0,7,6
AT1G14740,0,0,7,6
AT5G42970,0,0,6,6
AT5G13480,0,0,6,6
AT3G61150,0,0,6,6
AT5G66730,0,0,5,6
AT5G11060,0,0,5,6
AT3G52100,0,0,5,6
AT3G51120,0,0,5,6
AT3G19820,0,0,5,6
AT5G27740,0,0,4,6
AT4G15802,0,0,4,6
AT3G57080,0,0,4,6
AT1G21690,0,0,4,6
AT1G10450,0,0,4,6
AT5G65360,0,0,3,6
AT5G65350,0,0,3,6
AT5G10400,0,0,3,6
AT5G10390,0,0,3,6
AT3G27360,0,0,3,6
AT1G13370,0,0,3,6
AT1G09200,0,0,3,6
AT1G79730,0,2,13,6
AT1G20920,0,2,12,6
AT2G34480,0,2,9,6
AT5G10270,0,2,7,6
AT4G21660,0,2,3,6
AT1G56110,0,3,8,6
AT5G25780,0,3,7,6
AT4G18100,0,4,4,6
AT3G54280,0,0,14,5
AT3G45830,0,0,12,5
AT5G48160,0,0,11,5
AT3G18790,0,0,11,5
AT3G52250,0,0,10,5
AT3G06010,0,0,10,5
AT2G02560,0,0,10,5
AT5G62190,0,0,9,5
AT5G13590,0,0,9,5
AT5G07970,0,0,9,5
AT3G02310,0,0,9,5
AT2G05250,0,0,9,5
AT2G05230,0,0,9,5
AT1G51710,0,0,9,5
AT4G04890,0,0,8,5
AT3G42660,0,0,8,5
AT3G12680,0,0,8,5
AT3G09670,0,0,8,5
AT2G36480,0,0,8,5
AT2G33150,0,0,8,5
AT2G31970,0,0,8,5
AT1G70320,0,0,8,5
AT1G60170,0,0,8,5
AT5G51660,0,0,7,5
AT4G22285,0,0,7,5
AT2G20330,0,0,7,5
AT2G16390,0,0,7,5
AT5G57580,0,0,6,5
AT5G24280,0,0,6,5
AT4G03090,0,0,6,5
AT3G60850,0,0,6,5
AT5G65010,0,0,5,5
AT5G41880,0,0,5,5
AT5G25220,0,0,5,5
AT4G38890,0,0,5,5
AT4G00730,0,0,5,5
AT3G56190,0,0,5,5
AT3G12380,0,0,5,5
AT2G02070,0,0,5,5
AT1G36370,0,0,5,5
AT1G14580,0,0,5,5
AT5G46430,0,0,4,5
AT5G27650,0,0,4,5
AT5G15210,0,0,4,5
AT3G18380,0,0,4,5
AT3G12130,0,0,4,5
AT5G10980,0,0,3,5
AT4G40040,0,0,3,5
AT4G40030,0,0,3,5
AT3G24340,0,0,3,5
AT2G21470,0,0,2,5
AT4G38680,0,0,0,5
AT4G21100,0,2,7,5
AT2G44120,0,2,7,5
AT1G24260,0,2,6,5
AT2G01250,0,2,5,5
AT3G26420,0,2,4,5
AT1G76010,0,2,4,5
AT4G10760,0,3,8,5
AT1G48410,0,3,5,5
AT1G01090,0,4,7,5
AT1G19480,0,4,2,5
ATCG00380,0,5,6,5
AT5G61150,0,5,6,5
AT5G62270,0,6,10,5
AT4G21280,0,6,7,5
AT4G05420,0,7,9,5
AT1G69740,0,8,4,5
AT4G18130,0,0,14,4
AT1G08260,0,0,12,4
AT3G22590,0,0,11,4
AT4G27980,0,0,10,4
AT5G15800,0,0,9,4
AT4G14920,0,0,9,4
AT2G47620,0,0,9,4
AT2G04865,0,0,9,4
AT1G77470,0,0,9,4
AT5G55300,0,0,8,4
AT3G19120,0,0,8,4
AT1G55860,0,0,8,4
AT5G61460,0,0,7,4
AT4G30200,0,0,7,4
AT3G61140,0,0,7,4
AT3G57300,0,0,7,4
AT3G05680,0,0,7,4
AT2G32730,0,0,7,4
AT1G63020,0,0,7,4
AT4G15880,0,0,6,4
AT4G01310,0,0,6,4
AT3G18165,0,0,6,4
AT2G41620,0,0,6,4
AT2G25560,0,0,6,4
AT1G76510,0,0,6,4
AT1G54080,0,0,6,4
AT1G17130,0,0,6,4
AT1G13940,0,0,6,4
AT1G03280,0,0,6,4
AT5G55310,0,0,5,4
AT5G48760,0,0,5,4
AT5G15920,0,0,5,4
AT4G31180,0,0,5,4
AT4G11560,0,0,5,4
AT3G54340,0,0,5,4
AT3G18035,0,0,5,4
AT3G14890,0,0,5,4
AT2G30470,0,0,5,4
AT1G76880,0,0,5,4
AT1G55110,0,0,5,4
AT1G32730,0,0,5,4
AT1G29030,0,0,5,4
AT1G14440,0,0,5,4
AT1G02065,0,0,5,4
AT5G44160,0,0,4,4
AT5G27120,0,0,4,4
AT4G02670,0,0,4,4
AT3G60830,0,0,4,4
AT3G18190,0,0,4,4
AT3G13810,0,0,4,4
AT1G54060,0,0,4,4
AT1G21580,0,0,4,4
AT1G03840,0,0,4,4
AT5G20240,0,0,3,4
AT5G19900,0,0,3,4
AT5G17020,0,0,3,4
AT5G05550,0,0,3,4
AT3G61600,0,0,3,4
AT3G45260,0,0,3,4
AT3G10490,0,0,3,4
AT3G09200,0,0,3,4
AT2G26460,0,0,3,4
AT2G06510,0,0,3,4
AT1G77270,0,0,3,4
AT1G61010,0,0,3,4
AT1G27360,0,0,3,4
AT1G17070,0,0,3,4
AT1G02890,0,0,3,4
AT3G19450,0,0,2,4
AT3G18990,0,0,2,4
AT1G10490,0,0,2,4
AT5G55070,0,0,0,4
AT5G09410,0,0,0,4
AT4G13780,0,0,0,4
AT3G07100,0,0,0,4
AT2G41630,0,0,0,4
AT2G18960,0,2,9,4
AT3G16980,0,2,7,4
AT4G32720,0,2,6,4
AT3G53430,0,2,6,4
AT3G20630,0,2,6,4
AT2G37190,0,2,6,4
AT1G67580,0,2,5,4
AT5G60670,0,2,4,4
AT5G26360,0,2,4,4
AT4G35100,0,2,4,4
AT4G39960,0,2,2,4
ATCG00500,0,2,0,4
AT3G20050,0,3,5,4
AT5G03740,0,3,3,4
AT3G51800,0,3,3,4
AT3G49010,0,3,3,4
AT5G09860,0,4,8,4
AT5G54160,0,4,6,4
AT5G48180,0,4,5,4
AT5G27850,0,4,3,4
AT3G63460,0,5,10,4
AT4G10480,0,5,4,4
AT1G15930,0,5,4,4
AT3G55440,0,5,3,4
AT1G02140,0,5,2,4
AT1G14410,0,10,8,4
AT5G20200,0,0,13,3
AT1G24190,0,0,11,3
AT3G20010,0,0,9,3
AT5G10240,0,0,8,3
AT4G32620,0,0,8,3
AT2G41060,0,0,8,3
AT4G31880,0,0,7,3
AT4G22350,0,0,7,3
AT1G33240,0,0,7,3
AT5G14250,0,0,6,3
AT5G04940,0,0,6,3
AT3G14600,0,0,6,3
AT3G14100,0,0,6,3
AT1G33410,0,0,6,3
AT1G20910,0,0,6,3
AT5G64910,0,0,5,3
AT5G62670,0,0,5,3
AT5G51410,0,0,5,3
AT5G35790,0,0,5,3
AT5G13310,0,0,5,3
AT5G05010,0,0,5,3
AT5G01400,0,0,5,3
AT4G24200,0,0,5,3
AT4G16143,0,0,5,3
AT4G11380,0,0,5,3
AT3G57290,0,0,5,3
AT3G54350,0,0,5,3
AT3G13350,0,0,5,3
AT3G11100,0,0,5,3
AT3G05675,0,0,5,3
AT2G37630,0,0,5,3
AT2G19540,0,0,5,3
AT2G02080,0,0,5,3
AT1G67320,0,0,5,3
AT1G58025,0,0,5,3
AT1G14850,0,0,5,3
AT5G55230,0,0,4,3
AT5G49160,0,0,4,3
AT5G39550,0,0,4,3
AT5G28300,0,0,4,3
AT5G25520,0,0,4,3
AT5G09900,0,0,4,3
AT5G09390,0,0,4,3
AT4G18465,0,0,4,3
AT4G16150,0,0,4,3
AT4G02290,0,0,4,3
AT4G00380,0,0,4,3
AT3G48750,0,0,4,3
AT3G22990,0,0,4,3
AT3G18524,0,0,4,3
AT3G13580,0,0,4,3
AT2G28450,0,0,4,3
AT2G19560,0,0,4,3
AT1G72390,0,0,4,3
AT1G53645,0,0,4,3
AT1G23230,0,0,4,3
AT1G09760,0,0,4,3
AT1G08130,0,0,4,3
AT5G62000,0,0,3,3
AT5G60690,0,0,3,3
AT5G56710,0,0,3,3
AT5G53480,0,0,3,3
AT5G47430,0,0,3,3
AT5G46760,0,0,3,3
AT5G45400,0,0,3,3
AT5G45300,0,0,3,3
AT5G16260,0,0,3,3
AT5G11530,0,0,3,3
AT5G08130,0,0,3,3
AT4G33400,0,0,3,3
AT4G30100,0,0,3,3
AT4G05180,0,0,3,3
AT3G27300,0,0,3,3
AT3G17310,0,0,3,3
AT3G11710,0,0,3,3
AT2G40010,0,0,3,3
AT2G37470,0,0,3,3
AT2G32765,0,0,3,3
AT2G26430,0,0,3,3
AT2G23760,0,0,3,3
AT2G01710,0,0,3,3
AT1G70600,0,0,3,3
AT1G63480,0,0,3,3
AT1G50410,0,0,3,3
AT1G48950,0,0,3,3
AT1G30630,0,0,3,3
AT1G24280,0,0,3,3
AT1G23290,0,0,3,3
AT1G14510,0,0,3,3
AT1G13790,0,0,3,3
AT5G64610,0,0,2,3
AT5G61970,0,0,2,3
AT5G45190,0,0,2,3
AT5G44200,0,0,2,3
AT5G23900,0,0,2,3
AT4G39100,0,0,2,3
AT4G30220,0,0,2,3
AT3G56090,0,0,2,3
AT3G19980,0,0,2,3
AT3G15290,0,0,2,3
AT2G02470,0,0,2,3
AT1G71840,0,0,2,3
AT1G68530,0,0,2,3
AT1G54360,0,0,2,3
AT1G50370,0,0,2,3
AT1G20110,0,0,2,3
AT5G41370,0,0,0,3
AT5G41360,0,0,0,3
AT5G24470,0,0,0,3
AT5G18090,0,0,0,3
AT5G13110,0,0,0,3
AT5G05610,0,0,0,3
AT4G29000,0,0,0,3
AT4G28990,0,0,0,3
AT4G04950,0,0,0,3
AT3G11964,0,0,0,3
AT2G30000,0,0,0,3
AT2G03820,0,0,0,3
AT1G78650,0,0,0,3
AT1G54490,0,0,0,3
AT1G48050,0,0,0,3
AT1G07170,0,0,0,3
AT4G30190,0,2,8,3
AT5G49880,0,2,7,3
AT3G55610,0,2,7,3
AT5G60600,0,2,6,3
AT3G53020,0,2,5,3
AT5G20830,0,2,4,3
AT4G11420,0,2,4,3
AT1G49670,0,2,4,3
AT5G61790,0,2,3,3
AT1G78580,0,2,3,3
AT1G76550,0,2,3,3
ATCG01240,0,2,2,3
ATCG00900,0,2,2,3
AT5G64040,0,2,2,3
AT5G63420,0,2,0,3
AT1G65960,0,3,6,3
AT1G43190,0,3,5,3
AT1G13190,0,3,4,3
AT1G08360,0,3,4,3
AT5G22040,0,3,3,3
AT5G16130,0,3,3,3
AT4G34555,0,3,3,3
AT1G29880,0,3,3,3
AT1G02780,0,3,3,3
AT2G16360,0,3,2,3
AT4G39200,0,3,0,3
AT3G13930,0,4,6,3
AT3G05900,0,4,3,3
AT5G39320,0,4,2,3
AT2G21580,0,4,2,3
AT5G37720,0,5,4,3
AT3G56340,0,5,4,3
AT3G18740,0,5,4,3
AT5G15490,0,5,3,3
AT5G14740,0,5,3,3
AT3G29360,0,5,3,3
AT3G27850,0,6,3,3
AT3G27830,0,6,3,3
AT5G53150,0,0,13,2
AT4G04920,0,0,10,2
AT5G15810,0,0,8,2
AT1G20370,0,0,8,2
AT5G60040,0,0,7,2
AT4G15180,0,0,7,2
AT3G44530,0,0,7,2
AT5G35910,0,0,6,2
AT5G22330,0,0,6,2
AT3G11540,0,0,6,2
AT1G64520,0,0,6,2
AT1G30460,0,0,6,2
AT1G29965,0,0,6,2
AT1G25490,0,0,6,2
AT5G64220,0,0,5,2
AT5G23080,0,0,5,2
AT5G22760,0,0,5,2
AT5G22010,0,0,5,2
AT4G26630,0,0,5,2
AT4G16130,0,0,5,2
AT4G13460,0,0,5,2
AT3G12980,0,0,5,2
AT3G10650,0,0,5,2
AT2G36200,0,0,5,2
AT2G26250,0,0,5,2
AT2G19940,0,0,5,2
AT1G69120,0,0,5,2
AT1G55250,0,0,5,2
AT1G52980,0,0,5,2
AT1G16710,0,0,5,2
AT1G11650,0,0,5,2
AT1G05490,0,0,5,2
AT5G60660,0,0,4,2
AT5G13950,0,0,4,2
AT5G08550,0,0,4,2
AT5G08430,0,0,4,2
AT4G38180,0,0,4,2
AT4G29510,0,0,4,2
AT4G24820,0,0,4,2
AT4G18960,0,0,4,2
AT4G15950,0,0,4,2
AT4G15090,0,0,4,2
AT4G13750,0,0,4,2
AT3G53620,0,0,4,2
AT3G24490,0,0,4,2
AT3G18860,0,0,4,2
AT3G10040,0,0,4,2
AT3G03140,0,0,4,2
AT3G02710,0,0,4,2
AT1G80680,0,0,4,2
AT1G54440,0,0,4,2
AT1G22770,0,0,4,2
AT1G20670,0,0,4,2
AT1G17980,0,0,4,2
AT1G15940,0,0,4,2
AT1G13320,0,0,4,2
AT1G11060,0,0,4,2
AT1G01350,0,0,4,2
ATCG00770,0,0,3,2
AT5G63110,0,0,3,2
AT5G54260,0,0,3,2
AT5G53930,0,0,3,2
AT5G45620,0,0,3,2
AT5G42080,0,0,3,2
AT5G35430,0,0,3,2
AT5G35330,0,0,3,2
AT5G28530,0,0,3,2
AT5G23680,0,0,3,2
AT5G20920,0,0,3,2
AT5G18750,0,0,3,2
AT5G14270,0,0,3,2
AT5G05230,0,0,3,2
AT4G32200,0,0,3,2
AT4G31360,0,0,3,2
AT4G24490,0,0,3,2
AT4G22745,0,0,3,2
AT4G19210,0,0,3,2
AT4G17060,0,0,3,2
AT3G59540,0,0,3,2
AT3G52090,0,0,3,2
AT3G28790,0,0,3,2
AT3G25800,0,0,3,2
AT3G13200,0,0,3,2
AT3G12640,0,0,3,2
AT3G09480,0,0,3,2
AT3G06510,0,0,3,2
AT3G06290,0,0,3,2
AT3G04930,0,0,3,2
AT3G02680,0,0,3,2
AT3G02320,0,0,3,2
AT2G43460,0,0,3,2
AT2G39340,0,0,3,2
AT2G35940,0,0,3,2
AT2G35530,0,0,3,2
AT2G33835,0,0,3,2
AT2G17700,0,0,3,2
AT1G77300,0,0,3,2
AT1G62750,0,0,3,2
AT1G62360,0,0,3,2
AT1G54850,0,0,3,2
AT1G52740,0,0,3,2
AT1G50620,0,0,3,2
AT1G35460,0,0,3,2
AT1G28060,0,0,3,2
AT1G27370,0,0,3,2
AT1G26540,0,0,3,2
AT1G22760,0,0,3,2
AT1G22020,0,0,3,2
AT1G09520,0,0,3,2
AT5G63960,0,0,2,2
AT5G63700,0,0,2,2
AT5G60910,0,0,2,2
AT5G58003,0,0,2,2
AT5G55210,0,0,2,2
AT5G52920,0,0,2,2
AT5G51590,0,0,2,2
AT5G42470,0,0,2,2
AT5G26210,0,0,2,2
AT4G36920,0,0,2,2
AT4G35780,0,0,2,2
AT4G34660,0,0,2,2
AT4G29410,0,0,2,2
AT4G23900,0,0,2,2
AT4G12670,0,0,2,2
AT4G11010,0,0,2,2
AT4G10840,0,0,2,2
AT4G09960,0,0,2,2
AT4G08150,0,0,2,2
AT4G00270,0,0,2,2
AT3G62120,0,0,2,2
AT3G53420,0,0,2,2
AT3G48710,0,0,2,2
AT3G48190,0,0,2,2
AT3G25150,0,0,2,2
AT3G18520,0,0,2,2
AT3G15680,0,0,2,2
AT3G04740,0,0,2,2
AT2G44100,0,0,2,2
AT2G38810,0,0,2,2
AT2G36130,0,0,2,2
AT2G31320,0,0,2,2
AT2G25930,0,0,2,2
AT2G24440,0,0,2,2
AT2G23070,0,0,2,2
AT2G16365,0,0,2,2
AT1G75350,0,0,2,2
AT1G65150,0,0,2,2
AT1G62830,0,0,2,2
AT1G59610,0,0,2,2
AT1G55340,0,0,2,2
AT1G51580,0,0,2,2
AT1G48600,0,0,2,2
AT1G48560,0,0,2,2
AT1G17920,0,0,2,2
AT1G11840,0,0,2,2
AT1G06290,0,0,2,2
AT1G05230,0,0,2,2
ATMG00640,0,0,0,2
AT5G66570,0,0,0,2
AT5G64760,0,0,0,2
AT5G64360,0,0,0,2
AT5G63670,0,0,0,2
AT5G61000,0,0,0,2
AT5G60140,0,0,0,2
AT5G59390,0,0,0,2
AT5G56280,0,0,0,2
AT5G55390,0,0,0,2
AT5G42520,0,0,0,2
AT5G10900,0,0,0,2
AT5G03650,0,0,0,2
AT5G03290,0,0,0,2
AT4G32850,0,0,0,2
AT4G30935,0,0,0,2
AT4G30840,0,0,0,2
AT4G28250,0,0,0,2
AT4G26760,0,0,0,2
AT4G19600,0,0,0,2
AT4G17090,0,0,0,2
AT4G15790,0,0,0,2
AT4G13570,0,0,0,2
AT4G04800,0,0,0,2
AT3G62830,0,0,0,2
AT3G61820,0,0,0,2
AT3G61430,0,0,0,2
AT3G55870,0,0,0,2
AT3G55360,0,0,0,2
AT3G54560,0,0,0,2
AT3G54490,0,0,0,2
AT3G52860,0,0,0,2
AT3G52180,0,0,0,2
AT3G50820,0,0,0,2
AT3G49240,0,0,0,2
AT3G28900,0,0,0,2
AT3G19510,0,0,0,2
AT3G18210,0,0,0,2
AT3G10330,0,0,0,2
AT3G03460,0,0,0,2
AT2G45880,0,0,0,2
AT2G45730,0,0,0,2
AT2G45460,0,0,0,2
AT2G44900,0,0,0,2
AT2G44440,0,0,0,2
AT2G38950,0,0,0,2
AT2G24530,0,0,0,2
AT2G24200,0,0,0,2
AT2G23380,0,0,0,2
AT2G20280,0,0,0,2
AT2G15690,0,0,0,2
AT1G72810,0,0,0,2
AT1G68560,0,0,0,2
AT1G61730,0,0,0,2
AT1G60710,0,0,0,2
AT1G51690,0,0,0,2
AT1G49480,0,0,0,2
AT1G32440,0,0,0,2
AT1G24460,0,0,0,2
AT1G24360,0,0,0,2
AT1G24050,0,0,0,2
AT1G19485,0,0,0,2
AT1G17790,0,0,0,2
AT1G13740,0,0,0,2
AT1G06410,0,0,0,2
AT1G04850,0,0,0,2
AT1G04530,0,0,0,2
AT1G04190,0,0,0,2
AT1G19880,0,2,7,2
AT1G70770,0,2,6,2
AT5G43060,0,2,5,2
AT2G44530,0,2,5,2
AT2G32600,0,2,4,2
AT5G14320,0,2,3,2
AT4G37870,0,2,3,2
AT3G25920,0,2,3,2
AT3G12490,0,2,3,2
AT2G27530,0,2,3,2
AT1G70180,0,2,3,2
AT1G31817,0,2,3,2
AT1G06550,0,2,3,2
AT5G54760,0,2,2,2
AT4G35850,0,2,2,2
AT4G27130,0,2,2,2
AT4G14160,0,2,2,2
AT1G54290,0,2,2,2
AT3G06050,0,2,0,2
AT2G47240,0,2,0,2
AT1G72150,0,2,0,2
AT1G32580,0,2,0,2
AT1G66260,0,3,5,2
AT4G02580,0,3,4,2
AT5G50850,0,3,3,2
AT3G07110,0,3,3,2
AT3G07660,0,3,2,2
AT1G71260,0,3,0,2
AT1G60900,0,4,4,2
AT3G58610,0,4,3,2
AT2G43030,0,4,3,2
AT1G60830,0,4,3,2
AT1G26570,0,4,3,2
AT1G05520,0,4,3,2
AT5G44710,0,4,2,2
AT5G05270,0,4,0,2
AT5G04420,0,5,6,2
AT2G37040,0,5,0,2
AT1G06680,0,5,0,2
ATMG00090,0,10,6,2
AT2G35635,0,0,22,0
AT5G23880,0,0,9,0
AT3G01320,0,0,7,0
AT2G44950,0,0,7,0
AT4G34450,0,0,6,0
AT4G32910,0,0,6,0
AT4G16430,0,0,6,0
AT4G12610,0,0,6,0
AT3G11830,0,0,6,0
AT1G30580,0,0,6,0
AT1G29970,0,0,6,0
AT1G14900,0,0,6,0
AT5G36230,0,0,5,0
AT5G28060,0,0,5,0
AT4G20300,0,0,5,0
AT4G16310,0,0,5,0
AT3G50000,0,0,5,0
AT3G22320,0,0,5,0
AT2G17510,0,0,5,0
AT1G73360,0,0,5,0
AT1G69060,0,0,5,0
AT1G50920,0,0,5,0
AT1G30470,0,0,5,0
AT5G63650,0,0,4,0
AT5G42920,0,0,4,0
AT5G28040,0,0,4,0
AT5G22450,0,0,4,0
AT5G20930,0,0,4,0
AT5G13020,0,0,4,0
AT5G08590,0,0,4,0
AT5G01160,0,0,4,0
AT4G15570,0,0,4,0
AT4G10930,0,0,4,0
AT4G00990,0,0,4,0
AT3G63070,0,0,4,0
AT3G57660,0,0,4,0
AT3G24880,0,0,4,0
AT3G24870,0,0,4,0
AT3G17450,0,0,4,0
AT3G06530,0,0,4,0
AT3G04920,0,0,4,0
AT2G47310,0,0,4,0
AT2G46860,0,0,4,0
AT2G41740,0,0,4,0
AT2G38560,0,0,4,0
AT2G32260,0,0,4,0
AT2G26990,0,0,4,0
AT2G24700,0,0,4,0
AT1G79020,0,0,4,0
AT1G77940,0,0,4,0
AT1G76890,0,0,4,0
AT1G32810,0,0,4,0
AT1G22410,0,0,4,0
AT1G18610,0,0,4,0
AT1G03830,0,0,4,0
AT5G67270,0,0,3,0
AT5G65750,0,0,3,0
AT5G63120,0,0,3,0
AT5G60160,0,0,3,0
AT5G59830,0,0,3,0
AT5G53430,0,0,3,0
AT5G47010,0,0,3,0
AT5G42980,0,0,3,0
AT5G40480,0,0,3,0
AT5G20160,0,0,3,0
AT5G16990,0,0,3,0
AT5G16310,0,0,3,0
AT5G08620,0,0,3,0
AT5G08610,0,0,3,0
AT5G06460,0,0,3,0
AT5G02570,0,0,3,0
AT4G37750,0,0,3,0
AT4G36250,0,0,3,0
AT4G35050,0,0,3,0
AT4G33510,0,0,3,0
AT4G32820,0,0,3,0
AT4G27910,0,0,3,0
AT4G22380,0,0,3,0
AT4G21430,0,0,3,0
AT4G20330,0,0,3,0
AT4G16340,0,0,3,0
AT4G02720,0,0,3,0
AT3G59290,0,0,3,0
AT3G42790,0,0,3,0
AT3G29075,0,0,3,0
AT3G28500,0,0,3,0
AT3G14040,0,0,3,0
AT3G13290,0,0,3,0
AT3G11250,0,0,3,0
AT3G09180,0,0,3,0
AT3G07850,0,0,3,0
AT3G07610,0,0,3,0
AT3G04260,0,0,3,0
AT3G03110,0,0,3,0
AT2G47970,0,0,3,0
AT2G38110,0,0,3,0
AT2G32950,0,0,3,0
AT2G31670,0,0,3,0
AT2G30620,0,0,3,0
AT1G80010,0,0,3,0
AT1G77620,0,0,3,0
AT1G76870,0,0,3,0
AT1G76810,0,0,3,0
AT1G76110,0,0,3,0
AT1G75510,0,0,3,0
AT1G74970,0,0,3,0
AT1G68010,0,0,3,0
AT1G62970,0,0,3,0
AT1G59760,0,0,3,0
AT1G48850,0,0,3,0
AT1G32990,0,0,3,0
AT1G31970,0,0,3,0
AT1G30490,0,0,3,0
AT1G26830,0,0,3,0
AT1G26110,0,0,3,0
AT1G17450,0,0,3,0
AT1G14650,0,0,3,0
AT1G13690,0,0,3,0
AT1G12910,0,0,3,0
AT1G07750,0,0,3,0
AT1G06950,0,0,3,0
AT1G06760,0,0,3,0
AT1G05805,0,0,3,0
AT1G04790,0,0,3,0
AT1G04050,0,0,3,0
AT1G01510,0,0,3,0
ATMG00070,0,0,2,0
ATCG00470,0,0,2,0
ATCG00160,0,0,2,0
AT5G66880,0,0,2,0
AT5G66750,0,0,2,0
AT5G66320,0,0,2,0
AT5G64170,0,0,2,0
AT5G63610,0,0,2,0
AT5G63200,0,0,2,0
AT5G61380,0,0,2,0
AT5G60940,0,0,2,0
AT5G60840,0,0,2,0
AT5G60100,0,0,2,0
AT5G59880,0,0,2,0
AT5G59840,0,0,2,0
AT5G58030,0,0,2,0
AT5G57800,0,0,2,0
AT5G57655,0,0,2,0
AT5G54810,0,0,2,0
AT5G52650,0,0,2,0
AT5G51980,0,0,2,0
AT5G51230,0,0,2,0
AT5G51200,0,0,2,0
AT5G50670,0,0,2,0
AT5G50570,0,0,2,0
AT5G50410,0,0,2,0
AT5G49530,0,0,2,0
AT5G48370,0,0,2,0
AT5G47930,0,0,2,0
AT5G47910,0,0,2,0
AT5G46880,0,0,2,0
AT5G46190,0,0,2,0
AT5G44620,0,0,2,0
AT5G44090,0,0,2,0
AT5G42390,0,0,2,0
AT5G42190,0,0,2,0
AT5G41410,0,0,2,0
AT5G40200,0,0,2,0
AT5G36740,0,0,2,0
AT5G36670,0,0,2,0
AT5G28050,0,0,2,0
AT5G27220,0,0,2,0
AT5G24930,0,0,2,0
AT5G23940,0,0,2,0
AT5G23710,0,0,2,0
AT5G23610,0,0,2,0
AT5G23540,0,0,2,0
AT5G19010,0,0,2,0
AT5G18550,0,0,2,0
AT5G18440,0,0,2,0
AT5G17900,0,0,2,0
AT5G16560,0,0,2,0
AT5G14620,0,0,2,0
AT5G14600,0,0,2,0
AT5G12400,0,0,2,0
AT5G12190,0,0,2,0
AT5G12140,0,0,2,0
AT5G11670,0,0,2,0
AT5G11520,0,0,2,0
AT5G10060,0,0,2,0
AT5G07410,0,0,2,0
AT5G05670,0,0,2,0
AT5G04130,0,0,2,0
AT5G03780,0,0,2,0
AT5G03680,0,0,2,0
AT5G02740,0,0,2,0
AT5G02030,0,0,2,0
AT4G36870,0,0,2,0
AT4G35830,0,0,2,0
AT4G34980,0,0,2,0
AT4G34350,0,0,2,0
AT4G33950,0,0,2,0
AT4G32460,0,0,2,0
AT4G32180,0,0,2,0
AT4G31120,0,0,2,0
AT4G29160,0,0,2,0
AT4G27070,0,0,2,0
AT4G25730,0,0,2,0
AT4G24550,0,0,2,0
AT4G23650,0,0,2,0
AT4G20980,0,0,2,0
AT4G17620,0,0,2,0
AT4G17410,0,0,2,0
AT4G14890,0,0,2,0
AT4G14716,0,0,2,0
AT4G14710,0,0,2,0
AT4G11130,0,0,2,0
AT4G08520,0,0,2,0
AT4G04885,0,0,2,0
AT4G03280,0,0,2,0
AT4G02840,0,0,2,0
AT4G02800,0,0,2,0
AT4G01370,0,0,2,0
AT4G00430,0,0,2,0
AT3G63490,0,0,2,0
AT3G62010,0,0,2,0
AT3G61110,0,0,2,0
AT3G59990,0,0,2,0
AT3G59480,0,0,2,0
AT3G58630,0,0,2,0
AT3G54540,0,0,2,0
AT3G50500,0,0,2,0
AT3G48150,0,0,2,0
AT3G47850,0,0,2,0
AT3G46060,0,0,2,0
AT3G45190,0,0,2,0
AT3G44680,0,0,2,0
AT3G29320,0,0,2,0
AT3G28920,0,0,2,0
AT3G27690,0,0,2,0
AT3G26340,0,0,2,0
AT3G25860,0,0,2,0
AT3G25810,0,0,2,0
AT3G23390,0,0,2,0
AT3G22960,0,0,2,0
AT3G21200,0,0,2,0
AT3G19670,0,0,2,0
AT3G18290,0,0,2,0
AT3G18000,0,0,2,0
AT3G17970,0,0,2,0
AT3G17900,0,0,2,0
AT3G16857,0,0,2,0
AT3G16050,0,0,2,0
AT3G15270,0,0,2,0
AT3G15020,0,0,2,0
AT3G13870,0,0,2,0
AT3G13445,0,0,2,0
AT3G12810,0,0,2,0
AT3G12290,0,0,2,0
AT3G11500,0,0,2,0
AT3G10270,0,0,2,0
AT3G10220,0,0,2,0
AT3G09880,0,0,2,0
AT3G09500,0,0,2,0
AT3G09360,0,0,2,0
AT3G08780,0,0,2,0
AT3G08740,0,0,2,0
AT3G08020,0,0,2,0
AT3G06820,0,0,2,0
AT3G06340,0,0,2,0
AT3G03740,0,0,2,0
AT3G01280,0,0,2,0
AT2G47730,0,0,2,0
AT2G47580,0,0,2,0
AT2G46520,0,0,2,0
AT2G46340,0,0,2,0
AT2G45710,0,0,2,0
AT2G44050,0,0,2,0
AT2G41475,0,0,2,0
AT2G40630,0,0,2,0
AT2G40620,0,0,2,0
AT2G39840,0,0,2,0
AT2G37570,0,0,2,0
AT2G36490,0,0,2,0
AT2G35010,0,0,2,0
AT2G33810,0,0,2,0
AT2G30860,0,0,2,0
AT2G29210,0,0,2,0
AT2G28900,0,0,2,0
AT2G27600,0,0,2,0
AT2G25010,0,0,2,0
AT2G24790,0,0,2,0
AT2G23930,0,0,2,0
AT2G22430,0,0,2,0
AT2G22360,0,0,2,0
AT2G22090,0,0,2,0
AT2G21270,0,0,2,0
AT2G19070,0,0,2,0
AT2G18900,0,0,2,0
AT2G18770,0,0,2,0
AT2G18740,0,0,2,0
AT2G16860,0,0,2,0
AT2G16400,0,0,2,0
AT2G14120,0,0,2,0
AT2G05170,0,0,2,0
AT2G05100,0,0,2,0
AT2G04235,0,0,2,0
AT1G80210,0,0,2,0
AT1G79950,0,0,2,0
AT1G79340,0,0,2,0
AT1G76940,0,0,2,0
AT1G75940,0,0,2,0
AT1G75910,0,0,2,0
AT1G74860,0,0,2,0
AT1G73960,0,0,2,0
AT1G73820,0,0,2,0
AT1G73670,0,0,2,0
AT1G70830,0,0,2,0
AT1G70060,0,0,2,0
AT1G69940,0,0,2,0
AT1G69770,0,0,2,0
AT1G69010,0,0,2,0
AT1G66680,0,0,2,0
AT1G66350,0,0,2,0
AT1G64050,0,0,2,0
AT1G56290,0,0,2,0
AT1G55520,0,0,2,0
AT1G54990,0,0,2,0
AT1G54390,0,0,2,0
AT1G53160,0,0,2,0
AT1G53025,0,0,2,0
AT1G43710,0,0,2,0
AT1G32240,0,0,2,0
AT1G32060,0,0,2,0
AT1G31870,0,0,2,0
AT1G27595,0,0,2,0
AT1G26460,0,0,2,0
AT1G18560,0,0,2,0
AT1G18150,0,0,2,0
AT1G16970,0,0,2,0
AT1G14710,0,0,2,0
AT1G14570,0,0,2,0
AT1G13270,0,0,2,0
AT1G13060,0,0,2,0
AT1G10240,0,0,2,0
AT1G09270,0,0,2,0
AT1G06770,0,0,2,0
AT1G06190,0,0,2,0
AT1G05890,0,0,2,0
AT1G04730,0,0,2,0
AT1G03140,0,0,2,0
AT1G02190,0,0,2,0
AT1G01560,0,0,2,0
AT1G01320,0,0,2,0
AT1G01030,0,0,2,0
AT5G64390,0,2,5,0
ATCG00170,0,2,4,0
AT3G22890,0,2,4,0
AT2G47940,0,2,4,0
AT2G30110,0,2,4,0
AT5G44500,0,2,3,0
AT5G07440,0,2,3,0
AT4G36690,0,2,3,0
AT4G20440,0,2,3,0
AT2G26060,0,2,3,0
AT1G72550,0,2,3,0
AT5G48480,0,2,2,0
AT3G52990,0,2,2,0
AT2G40660,0,2,2,0
AT2G36580,0,2,2,0
AT1G10930,0,2,2,0
AT1G09430,0,2,2,0
AT5G54940,0,2,0,0
AT5G16880,0,2,0,0
AT5G16720,0,2,0,0
AT5G15230,0,2,0,0
AT4G35000,0,2,0,0
AT4G34740,0,2,0,0
AT4G31770,0,2,0,0
AT4G29840,0,2,0,0
AT4G27320,0,2,0,0
AT4G21860,0,2,0,0
AT4G21650,0,2,0,0
AT4G20260,0,2,0,0
AT4G16500,0,2,0,0
AT3G44890,0,2,0,0
AT3G28220,0,2,0,0
AT3G25530,0,2,0,0
AT3G18490,0,2,0,0
AT3G15190,0,2,0,0
AT3G02090,0,2,0,0
AT2G42530,0,2,0,0
AT2G38580,0,2,0,0
AT2G31390,0,2,0,0
AT2G30870,0,2,0,0
AT2G25950,0,2,0,0
AT2G19830,0,2,0,0
AT1G79440,0,2,0,0
AT1G79210,0,2,0,0
AT1G73230,0,2,0,0
AT1G64370,0,2,0,0
AT1G52670,0,2,0,0
AT1G31330,0,2,0,0
AT1G23800,0,2,0,0
AT1G17880,0,2,0,0
AT1G16470,0,2,0,0
AT1G14980,0,2,0,0
AT1G06000,0,2,0,0
AT1G03475,0,2,0,0
AT1G01300,0,2,0,0
AT5G60640,0,3,5,0
AT5G04800,0,3,5,0
AT4G36960,0,3,5,0
AT3G10610,0,3,5,0
AT2G05220,0,3,5,0
AT2G04390,0,3,5,0
AT5G62530,0,3,4,0
AT4G14800,0,3,4,0
AT3G22630,0,3,3,0
AT3G02230,0,3,3,0
AT1G34430,0,3,3,0
ATMG00510,0,3,2,0
AT5G14670,0,3,2,0
AT5G13650,0,3,2,0
AT4G13230,0,3,2,0
AT4G10340,0,3,2,0
AT3G62290,0,3,2,0
AT2G47170,0,3,2,0
AT1G70490,0,3,2,0
AT1G53240,0,3,2,0
AT1G23490,0,3,2,0
AT1G16870,0,3,2,0
AT1G10630,0,3,2,0
AT5G46750,0,3,0,0
AT5G23570,0,3,0,0
AT4G38710,0,3,0,0
AT4G23920,0,3,0,0
AT4G20050,0,3,0,0
AT4G03190,0,3,0,0
AT4G02230,0,3,0,0
AT3G27740,0,3,0,0
AT2G29960,0,3,0,0
AT2G20420,0,3,0,0
AT1G69410,0,3,0,0
AT1G63680,0,3,0,0
AT1G54780,0,3,0,0
AT1G44575,0,3,0,0
AT1G08830,0,3,0,0
AT3G44320,0,4,6,0
AT1G59359,0,4,5,0
AT1G58983,0,4,5,0
AT1G58684,0,4,5,0
AT1G58380,0,4,5,0
AT4G36020,0,4,4,0
AT4G12640,0,4,4,0
ATCG01060,0,4,3,0
AT2G43160,0,4,3,0
AT1G53580,0,4,3,0
AT5G15650,0,4,2,0
AT4G33865,0,4,2,0
AT3G44010,0,4,2,0
AT3G43980,0,4,2,0
AT3G51840,0,4,0,0
AT2G04280,0,4,0,0
AT2G03440,0,4,0,0
AT1G01080,0,4,0,0
AT4G33680,0,5,3,0
AT5G59370,0,7,0,0
AT3G18780,0,9,8,0
AT2G46020,2,3,26,25
AT2G06990,2,2,21,16
AT1G04510,2,5,20,16
AT4G20890,2,6,22,16
AT4G02060,2,2,16,15
AT5G09880,2,6,11,14
AT5G58420,2,13,16,14
AT4G26450,2,2,15,13
AT3G44110,2,3,15,13
AT1G09730,2,0,11,12
AT3G15730,2,10,14,11
AT2G03150,2,0,10,10
AT2G15430,2,0,9,9
AT5G14610,2,4,19,9
AT3G03960,2,6,10,9
AT4G17390,2,7,6,9
AT4G16720,2,7,6,9
AT3G09100,2,0,9,8
AT1G18450,2,0,9,8
AT5G58290,2,3,11,8
AT1G79990,2,3,7,8
AT4G09800,2,4,5,8
AT1G34030,2,4,5,8
AT1G22780,2,4,5,8
AT1G09100,2,5,8,8
AT3G25520,2,6,7,8
AT1G75240,2,0,10,7
AT3G54170,2,0,8,7
AT5G10010,2,2,11,7
AT1G61620,2,2,8,7
AT5G26710,2,2,5,7
AT1G24510,2,2,2,7
AT1G36160,2,3,11,7
AT5G13780,2,3,5,7
AT5G66760,2,4,9,7
AT1G45000,2,4,6,7
AT4G24510,2,5,8,7
AT5G43010,2,5,6,7
AT3G53740,2,5,6,7
AT2G02160,2,6,11,7
AT5G39740,2,6,6,7
AT1G72370,2,7,9,7
AT3G44600,2,0,9,6
AT1G63160,2,0,7,6
AT2G15400,2,0,5,6
AT2G21150,2,0,4,6
AT3G61240,2,2,7,6
AT1G11860,2,3,8,6
AT5G25060,2,4,12,6
AT5G43940,2,4,7,6
AT5G66680,2,5,6,6
AT5G45775,2,5,5,6
AT4G18730,2,5,5,6
AT3G58700,2,5,5,6
AT2G42740,2,5,5,6
AT1G20630,2,6,6,6
AT2G18020,2,7,11,6
AT3G01500,2,8,6,6
AT2G47510,2,8,4,6
AT5G56900,2,0,8,5
AT2G33610,2,0,6,5
AT5G12410,2,0,5,5
AT2G47980,2,2,14,5
AT2G44730,2,2,12,5
AT5G67630,2,2,10,5
AT1G09620,2,2,8,5
AT4G16265,2,2,6,5
AT5G10450,2,2,5,5
AT3G46740,2,2,4,5
AT2G37600,2,3,5,5
AT1G15200,2,3,4,5
AT5G40760,2,4,5,5
AT5G59950,2,5,6,5
AT3G14120,2,6,11,5
AT4G30800,2,6,6,5
AT2G29560,2,7,8,5
AT4G28980,2,7,7,5
AT3G62330,2,8,6,5
AT5G58230,2,0,7,4
AT5G48880,2,0,7,4
AT3G52660,2,0,7,4
AT1G52570,2,0,7,4
AT5G55160,2,0,6,4
AT4G23860,2,0,6,4
AT3G18640,2,0,6,4
AT3G04610,2,0,5,4
AT3G60240,2,0,4,4
AT4G19190,2,0,3,4
AT5G63550,2,0,2,4
AT5G65430,2,2,4,4
AT5G19350,2,2,2,4
AT4G13430,2,3,5,4
AT1G51510,2,3,3,4
AT4G03020,2,4,7,4
AT3G25840,2,4,7,4
AT5G42820,2,4,6,4
ATCG01310,2,5,5,4
ATCG00830,2,5,5,4
AT5G23740,2,7,6,4
AT4G27500,2,0,5,3
AT1G62390,2,0,5,3
AT1G32750,2,0,5,3
AT1G29150,2,0,5,3
AT3G02360,2,0,4,3
AT2G18230,2,0,4,3
AT1G60780,2,0,4,3
AT3G43590,2,0,3,3
AT1G57860,2,0,3,3
AT1G57660,2,0,3,3
AT1G55500,2,0,3,3
AT1G09690,2,0,3,3
AT1G09590,2,0,3,3
AT3G51240,2,0,2,3
AT3G15010,2,0,2,3
AT2G42590,2,0,2,3
AT2G40590,2,0,0,3
AT2G16780,2,0,0,3
AT2G13560,2,0,0,3
AT1G44835,2,0,0,3
AT5G55670,2,2,5,3
AT2G45810,2,2,5,3
AT2G32910,2,2,5,3
AT1G18950,2,2,2,3
AT2G44160,2,3,6,3
AT5G40270,2,3,5,3
AT5G54900,2,3,4,3
AT4G02510,2,3,4,3
AT2G40510,2,3,3,3
AT2G05070,2,3,2,3
AT4G26110,2,4,8,3
AT2G41840,2,4,7,3
AT5G66190,2,4,5,3
AT5G49910,2,4,5,3
AT4G24280,2,4,5,3
AT3G20550,2,4,5,3
AT2G27020,2,4,5,3
AT1G20020,2,4,5,3
AT3G12145,2,4,4,3
AT5G46290,2,4,3,3
AT3G56130,2,4,3,3
AT5G50950,2,4,2,3
AT4G35785,2,4,2,3
AT1G04670,2,4,2,3
AT1G17745,2,5,3,3
AT4G36130,2,6,9,3
AT2G39330,2,10,3,3
AT3G62530,2,0,7,2
AT1G12920,2,0,6,2
AT5G38840,2,0,5,2
AT3G26618,2,0,5,2
AT5G48230,2,0,4,2
AT5G47880,2,0,4,2
AT5G28900,2,0,4,2
AT5G28850,2,0,4,2
AT2G42600,2,0,4,2
AT1G17720,2,0,4,2
AT5G43330,2,0,3,2
AT4G31430,2,0,3,2
AT4G27000,2,0,3,2
AT3G16170,2,0,3,2
AT1G79010,2,0,3,2
AT1G49600,2,0,3,2
ATMG00290,2,0,2,2
AT5G38890,2,0,2,2
AT5G19370,2,0,2,2
AT4G29130,2,0,2,2
AT3G19130,2,0,2,2
AT3G12800,2,0,2,2
AT3G02950,2,0,2,2
AT2G35120,2,0,2,2
AT2G24020,2,0,2,2
AT2G07734,2,0,2,2
AT2G05990,2,0,2,2
AT2G05710,2,0,2,2
AT1G50200,2,0,2,2
AT1G16700,2,0,2,2
AT5G54600,2,0,0,2
AT5G27330,2,0,0,2
AT3G63140,2,0,0,2
AT3G55750,2,0,0,2
AT1G48830,2,0,0,2
AT1G41880,2,0,0,2
AT1G21440,2,0,0,2
AT1G10390,2,0,0,2
AT1G29350,2,2,8,2
AT1G29370,2,2,7,2
AT4G00660,2,2,6,2
AT2G35340,2,2,5,2
AT4G33080,2,2,4,2
AT2G40290,2,2,4,2
AT5G42790,2,2,3,2
AT1G75950,2,2,3,2
AT1G47250,2,2,3,2
AT1G53310,2,2,2,2
AT1G04270,2,2,2,2
ATCG01230,2,2,0,2
ATCG00905,2,2,0,2
ATCG00065,2,2,0,2
AT3G14940,2,2,0,2
AT1G71770,2,2,0,2
AT3G59970,2,3,5,2
AT3G53460,2,3,3,2
AT3G04770,2,3,3,2
AT5G57870,2,3,2,2
AT3G09980,2,3,2,2
AT1G03130,2,3,2,2
AT5G58710,2,3,0,2
AT3G60245,2,4,4,2
AT4G22670,2,4,3,2
AT3G20820,2,4,3,2
AT2G20450,2,4,2,2
AT1G05190,2,5,5,2
AT1G04170,2,6,3,2
AT3G63095,2,7,4,2
AT2G33040,2,7,4,2
AT5G16780,2,0,5,0
AT4G25210,2,0,5,0
AT5G25757,2,0,4,0
AT5G25754,2,0,4,0
AT3G58750,2,0,4,0
AT1G20330,2,0,4,0
AT1G14610,2,0,4,0
AT5G16070,2,0,3,0
AT5G15520,2,0,3,0
AT4G37980,2,0,3,0
AT4G08310,2,0,3,0
AT3G52960,2,0,3,0
AT3G02530,2,0,3,0
AT3G02080,2,0,3,0
AT2G33410,2,0,3,0
AT1G52730,2,0,3,0
AT5G53460,2,0,2,0
AT5G35180,2,0,2,0
AT5G14720,2,0,2,0
AT5G05730,2,0,2,0
AT4G39980,2,0,2,0
AT4G00570,2,0,2,0
AT3G55410,2,0,2,0
AT3G55020,2,0,2,0
AT3G48560,2,0,2,0
AT3G47520,2,0,2,0
AT3G23450,2,0,2,0
AT3G17170,2,0,2,0
AT3G15610,2,0,2,0
AT3G04600,2,0,2,0
AT1G66070,2,0,2,0
AT1G64330,2,0,2,0
AT1G48350,2,0,2,0
AT1G19520,2,0,2,0
AT1G10590,2,0,2,0
AT1G10200,2,0,2,0
AT5G67360,2,0,0,0
AT5G62810,2,0,0,0
AT5G62790,2,0,0,0
AT5G56940,2,0,0,0
AT5G53850,2,0,0,0
AT5G49210,2,0,0,0
AT5G25070,2,0,0,0
AT5G20280,2,0,0,0
AT5G18570,2,0,0,0
AT4G36600,2,0,0,0
AT4G34850,2,0,0,0
AT4G34490,2,0,0,0
AT4G33580,2,0,0,0
AT4G30160,2,0,0,0
AT4G24680,2,0,0,0
AT4G01290,2,0,0,0
AT4G00620,2,0,0,0
AT3G58730,2,0,0,0
AT3G19840,2,0,0,0
AT3G14010,2,0,0,0
AT3G13990,2,0,0,0
AT3G08030,2,0,0,0
AT2G27730,2,0,0,0
AT2G22170,2,0,0,0
AT2G07340,2,0,0,0
AT2G03750,2,0,0,0
AT2G02790,2,0,0,0
AT1G65260,2,0,0,0
AT1G64660,2,0,0,0
AT1G52380,2,0,0,0
AT1G34760,2,0,0,0
AT1G15130,2,0,0,0
AT1G14380,2,0,0,0
AT5G61170,2,2,3,0
AT5G55940,2,2,3,0
AT3G13060,2,2,3,0
AT3G11940,2,2,2,0
AT2G37270,2,2,2,0
AT2G10940,2,2,2,0
AT5G14040,2,2,0,0
AT4G18480,2,2,0,0
AT3G52920,2,2,0,0
AT3G24170,2,2,0,0
AT2G37080,2,2,0,0
AT2G22475,2,2,0,0
AT1G18500,2,2,0,0
AT1G56340,2,3,4,0
AT1G48030,2,3,4,0
AT5G35680,2,3,3,0
AT3G17240,2,3,3,0
AT2G04520,2,3,3,0
AT4G28080,2,3,2,0
AT3G26060,2,3,2,0
AT3G16080,2,3,2,0
AT2G21870,2,3,2,0
AT1G52300,2,3,2,0
AT1G15690,2,3,2,0
AT1G15250,2,3,2,0
AT1G08200,2,3,2,0
AT5G56680,2,3,0,0
AT5G01600,2,3,0,0
AT3G46580,2,3,0,0
AT2G43090,2,4,5,0
AT4G02450,2,4,2,0
AT5G58190,2,4,0,0
AT3G14415,2,4,0,0
AT2G27860,2,5,3,0
AT3G14420,2,5,2,0
AT5G04140,2,5,0,0
AT1G01790,2,5,0,0
AT2G22795,2,7,0,0
AT3G48000,2,9,2,0
AT5G20720,2,9,0,0
AT5G18620,3,3,38,34
AT4G35800,3,7,31,28
AT2G25170,3,0,33,27
AT5G27030,3,0,24,23
AT2G18790,3,0,21,21
AT2G05120,3,4,13,18
AT3G16830,3,2,15,17
AT1G04080,3,6,17,17
AT5G44340,3,7,23,16
AT1G75780,3,6,22,14
AT1G02500,3,9,16,14
AT5G07090,3,13,17,14
AT2G17360,3,13,17,14
AT3G58110,3,2,14,12
AT4G34670,3,7,10,12
AT4G03430,3,8,19,12
AT1G75660,3,2,10,11
AT2G19520,3,4,15,11
AT4G01850,3,4,14,11
AT3G05530,3,5,11,11
AT2G36880,3,6,15,11
AT1G24706,3,8,20,11
AT5G38600,3,9,13,11
AT3G13460,3,12,12,11
AT4G37120,3,0,15,10
AT3G54670,3,0,14,10
AT4G16250,3,0,9,10
AT4G31490,3,2,12,10
AT1G52360,3,5,10,10
AT5G08690,3,11,13,10
AT5G08680,3,11,13,10
AT5G08670,3,11,13,10
AT5G06160,3,0,9,9
AT4G31480,3,2,12,9
AT2G29580,3,3,12,9
AT4G26840,3,3,11,9
AT2G18110,3,5,4,9
AT4G13930,3,6,11,9
AT1G74060,3,9,8,9
AT1G74050,3,9,8,9
AT1G20200,3,2,8,8
AT3G04120,3,4,6,8
AT4G34200,3,5,6,8
AT1G13440,3,5,6,8
AT4G35090,3,8,10,8
AT5G12110,3,8,8,8
AT1G26910,3,0,8,7
AT1G65660,3,0,6,7
AT1G75990,3,2,5,7
AT4G20460,3,3,11,7
AT5G16270,3,4,7,7
AT1G10580,3,5,12,7
AT5G30510,3,5,7,7
AT5G27770,3,5,6,7
AT3G05560,3,6,6,7
AT5G14240,3,6,5,7
AT5G60790,3,6,4,7
AT1G18080,3,8,12,7
ATMG01190,3,11,4,7
AT2G07698,3,11,4,7
AT4G39260,3,13,7,7
AT3G58570,3,0,9,6
AT4G02930,3,4,6,6
AT1G24020,3,4,6,6
AT3G57150,3,4,4,6
AT1G67430,3,5,7,6
AT4G15000,3,6,7,6
AT1G27400,3,6,7,6
AT1G27650,3,6,6,6
AT5G35360,3,7,12,6
AT2G34040,3,7,10,6
AT2G32060,3,8,6,6
AT1G07790,3,0,4,5
AT1G53720,3,2,6,5
AT5G22880,3,2,4,5
AT4G04910,3,2,4,5
AT2G03640,3,3,6,5
AT1G24180,3,3,5,5
AT3G62840,3,4,5,5
AT2G47640,3,4,5,5
AT5G59850,3,4,4,5
AT1G07770,3,4,4,5
AT4G33010,3,5,9,5
AT2G42520,3,5,9,5
AT2G17870,3,5,5,5
AT3G55760,3,6,7,5
AT1G33140,3,6,7,5
AT1G33120,3,6,7,5
AT3G22230,3,6,6,5
AT5G17440,3,0,8,4
AT4G11150,3,0,7,4
AT3G11200,3,0,4,4
AT1G61040,3,0,2,4
AT1G32490,3,2,11,4
AT5G40580,3,2,3,4
AT3G27430,3,2,3,4
AT3G07480,3,3,5,4
AT5G36880,3,4,4,4
AT4G10450,3,4,4,4
AT3G01390,3,4,4,4
AT5G65620,3,4,3,4
AT5G03300,3,5,7,4
AT5G39850,3,5,5,4
AT5G28840,3,5,4,4
AT3G12270,3,5,2,4
AT2G23350,3,6,7,4
AT3G14290,3,6,3,4
AT1G53850,3,6,3,4
AT5G26000,3,7,4,4
AT5G61020,3,8,8,4
AT1G09340,3,8,7,4
AT4G09980,3,0,5,3
AT2G43410,3,0,5,3
AT2G19480,3,0,5,3
AT2G40060,3,0,4,3
AT1G27090,3,0,4,3
AT1G13220,3,0,4,3
AT4G17190,3,0,3,3
AT3G06860,3,0,3,3
AT5G15450,3,0,2,3
AT1G54170,3,0,0,3
AT1G10840,3,2,6,3
AT5G10540,3,2,2,3
AT3G15970,3,2,2,3
AT2G30060,3,2,2,3
AT1G19550,3,2,0,3
AT5G20890,3,3,5,3
AT5G53440,3,3,4,3
AT5G37780,3,3,4,3
AT5G21274,3,3,4,3
AT3G56800,3,3,4,3
AT3G43810,3,3,4,3
AT2G41110,3,3,4,3
AT2G27030,3,3,4,3
AT1G66410,3,3,4,3
AT1G50300,3,3,4,3
AT1G27900,3,3,4,3
AT3G46040,3,3,3,3
AT3G22310,3,3,3,3
AT3G44750,3,4,4,3
AT5G47890,3,5,3,3
AT2G24270,3,5,2,3
AT1G05460,3,5,2,3
AT1G55310,3,6,4,3
AT3G16470,3,7,6,3
AT5G19960,3,13,5,3
AT1G79550,3,0,4,2
AT1G20220,3,0,4,2
AT1G04690,3,0,4,2
AT4G24580,3,0,3,2
AT3G62460,3,0,3,2
AT2G32080,3,0,3,2
AT5G60210,3,0,2,2
AT4G29010,3,0,2,2
AT1G10290,3,0,0,2
AT1G04410,3,2,6,2
AT5G66140,3,2,3,2
AT3G51260,3,2,3,2
AT4G23710,3,2,0,2
AT1G73460,3,3,6,2
AT5G11880,3,3,5,2
AT3G53110,3,3,5,2
AT3G14390,3,3,4,2
AT5G58590,3,3,3,2
AT2G34590,3,3,3,2
AT1G30120,3,3,3,2
AT1G26880,3,3,3,2
AT3G60820,3,3,0,2
AT5G02960,3,4,4,2
AT4G02770,3,4,3,2
AT5G35590,3,4,2,2
AT4G17520,3,5,6,2
AT4G31300,3,5,3,2
AT4G21460,3,5,0,2
AT5G37600,3,0,4,0
AT4G01480,3,0,4,0
AT1G01050,3,0,4,0
AT3G03710,3,0,3,0
AT1G62940,3,0,3,0
AT5G10860,3,0,2,0
AT4G24830,3,0,2,0
AT3G52140,3,0,2,0
AT1G45150,3,0,2,0
AT1G17220,3,0,2,0
AT1G09210,3,0,2,0
AT5G18810,3,0,0,0
AT4G15545,3,0,0,0
AT2G40840,3,0,0,0
AT1G19870,3,0,0,0
AT1G60810,3,2,4,0
AT1G10670,3,2,4,0
AT1G60420,3,2,3,0
AT5G52280,3,2,2,0
AT4G17720,3,2,0,0
AT3G47120,3,3,4,0
AT4G09320,3,3,3,0
AT1G14670,3,3,2,0
AT5G59810,3,3,0,0
AT2G05840,3,3,0,0
AT4G24770,3,4,3,0
AT2G28680,3,4,3,0
AT5G16840,3,4,2,0
AT2G03740,3,4,0,0
AT4G34860,3,5,2,0
AT3G56490,3,5,2,0
AT1G12000,3,5,0,0
AT3G06400,4,3,34,31
AT2G16440,4,0,16,22
AT2G27040,4,5,23,22
AT1G07360,4,7,17,18
AT1G20010,4,7,25,16
AT5G19510,4,9,13,16
AT5G64270,4,7,17,15
AT1G43170,4,17,17,14
AT3G48930,4,11,13,13
AT4G00830,4,4,14,12
AT2G39730,4,7,13,12
AT3G04840,4,8,11,12
AT1G52030,4,13,14,12
AT1G73720,4,6,19,11
AT3G06480,4,3,10,10
AT2G47250,4,4,15,10
AT5G55660,4,8,11,10
AT5G01410,4,4,11,9
AT5G26830,4,5,10,9
AT1G68790,4,6,16,9
AT5G52470,4,6,10,9
AT4G25630,4,6,10,9
AT3G06650,4,6,9,9
AT2G33730,4,6,8,9
AT1G12900,4,7,9,9
AT1G14320,4,3,8,8
AT3G15000,4,4,5,8
AT3G14790,4,6,11,8
AT5G49460,4,7,9,8
AT2G36160,4,7,9,8
AT1G47128,4,7,8,8
AT1G23860,4,8,7,8
AT5G56500,4,9,10,8
AT1G18540,4,10,5,8
AT3G21810,4,13,11,8
AT5G53060,4,2,11,7
AT5G02530,4,2,9,7
AT3G59920,4,2,5,7
AT5G19990,4,4,10,7
AT2G43770,4,4,10,7
AT5G20000,4,4,9,7
AT2G16940,4,5,9,7
AT4G29040,4,5,6,7
AT2G46280,4,6,13,7
AT4G37210,4,6,11,7
AT1G53500,4,6,11,7
AT5G64200,4,6,7,7
AT5G35200,4,7,12,7
AT5G48300,4,8,7,7
AT4G21150,4,9,10,7
AT3G11400,4,2,8,6
ATCG00800,4,3,6,6
AT2G23390,4,4,5,6
AT1G26630,4,4,5,6
AT4G22140,4,4,4,6
AT2G20140,4,5,6,6
AT3G60770,4,6,10,6
AT3G08580,4,6,7,6
AT3G49910,4,6,6,6
AT1G49760,4,6,5,6
AT5G65730,4,7,8,6
AT3G16640,4,7,7,6
AT2G38040,4,0,9,5
AT3G03340,4,0,8,5
AT2G45640,4,2,7,5
AT1G59900,4,2,7,5
AT1G50480,4,2,5,5
AT5G58470,4,3,6,5
AT3G28730,4,4,8,5
AT3G62300,4,6,11,5
AT3G58510,4,7,12,5
AT4G00100,4,7,9,5
AT2G22400,4,0,8,4
AT2G40650,4,0,4,4
AT5G04430,4,2,6,4
AT3G22330,4,2,6,4
AT1G22300,4,2,6,4
AT2G18510,4,2,2,4
AT2G33800,4,3,7,4
AT3G56150,4,3,4,4
AT1G66200,4,4,5,4
AT3G55460,4,4,4,4
AT2G02740,4,5,8,4
AT1G03910,4,0,8,3
AT3G56070,4,0,3,3
AT1G14840,4,0,2,3
AT2G01750,4,0,0,3
AT4G38630,4,2,6,3
AT5G56130,4,2,3,3
AT5G40490,4,3,7,3
AT3G23900,4,4,6,3
AT2G05920,4,4,6,3
AT1G02050,4,4,5,3
AT2G25970,4,4,2,3
AT1G19570,4,4,0,3
AT3G16000,4,8,6,3
AT3G13300,4,3,3,2
AT1G69620,4,3,3,2
AT1G55170,4,4,2,2
AT1G05320,4,4,0,2
AT1G29900,4,5,5,2
AT2G01140,4,5,3,2
AT5G43960,4,6,4,2
AT3G26400,4,0,2,0
AT1G73450,4,0,2,0
AT5G01590,4,3,0,0
AT3G02930,4,8,2,0
AT5G67590,4,10,4,0
AT2G29550,5,15,33,25
AT5G23860,5,16,33,25
AT2G33340,5,7,26,24
AT2G07690,5,0,29,23
AT4G21710,5,6,27,22
AT4G17330,5,0,30,19
AT3G11910,5,8,20,19
AT5G12250,5,7,26,17
AT5G41770,5,8,17,14
AT3G01540,5,6,19,13
AT1G52400,5,12,13,12
AT5G06600,5,6,16,11
AT2G21390,5,7,21,11
AT1G20620,5,7,12,11
AT3G26650,5,8,13,11
AT1G79930,5,11,15,11
AT5G13010,5,3,21,10
AT3G15980,5,5,8,10
AT4G39680,5,7,9,10
AT1G62740,5,8,12,10
AT4G24190,5,9,11,10
AT5G02870,5,10,15,10
AT5G52840,5,14,11,10
AT5G40340,5,0,15,9
AT5G46070,5,2,15,9
AT2G44710,5,3,12,9
AT1G35160,5,4,9,9
AT2G20580,5,5,16,9
AT4G20850,5,12,12,9
AT2G47610,5,13,10,9
AT2G36530,5,4,8,8
AT5G51280,5,5,10,8
AT5G22650,5,7,6,8
AT3G62870,5,10,9,8
AT1G62020,5,3,19,7
AT5G17920,5,4,12,7
AT3G52580,5,5,8,7
AT5G47770,5,0,6,6
AT1G18070,5,3,5,6
AT3G52930,5,4,11,6
AT1G16350,5,4,8,6
AT1G64740,5,5,10,6
AT3G55280,5,6,3,6
AT2G39460,5,6,3,6
AT4G27090,5,7,6,6
AT1G75560,5,8,10,6
AT1G44910,5,0,6,5
AT2G37220,5,4,6,5
AT1G29910,5,5,2,5
AT2G34420,5,5,0,5
AT1G29930,5,5,0,5
AT1G29920,5,5,0,5
AT1G12840,5,6,5,5
AT4G10750,5,10,7,5
AT1G19920,5,2,5,4
AT2G19730,5,4,5,4
AT1G18800,5,4,3,4
AT2G38230,5,5,6,4
AT1G63660,5,0,2,3
AT3G07770,5,5,6,3
AT1G79470,5,5,4,3
AT3G17820,5,6,5,3
AT2G41500,5,2,4,2
AT1G24764,5,0,4,0
AT2G21330,5,6,0,0
AT4G38970,5,10,5,0
AT2G40030,6,3,46,49
AT1G80490,6,6,26,30
AT5G44635,6,0,25,24
AT3G15880,6,0,22,21
AT5G28740,6,6,29,20
AT1G30230,6,5,11,14
AT5G59970,6,8,16,14
AT5G59690,6,8,16,14
AT3G53730,6,8,16,14
AT3G46320,6,8,16,14
AT3G45930,6,8,16,14
AT2G28740,6,8,16,14
AT1G07820,6,8,16,14
AT1G07660,6,8,16,14
AT3G62310,6,5,21,13
AT5G10360,6,13,15,12
AT4G31700,6,14,13,12
AT1G79920,6,11,14,11
ATCG00120,6,20,14,11
AT5G50920,6,7,12,10
AT3G18130,6,8,6,10
AT1G42970,6,10,12,10
AT3G09630,6,12,14,10
AT5G07350,6,4,15,9
AT3G63400,6,6,7,9
AT1G53750,6,7,13,9
AT4G20360,6,13,9,9
AT1G78300,6,5,12,8
AT2G33210,6,6,10,8
AT2G24590,6,11,12,8
AT2G34160,6,11,9,8
AT2G47330,6,4,9,7
AT1G76030,6,6,12,7
AT1G20260,6,6,12,7
AT1G56190,6,6,11,7
AT4G38510,6,6,10,7
AT3G13570,6,10,9,7
AT4G04640,6,12,5,7
AT1G74560,6,3,4,6
AT1G79830,6,8,9,6
AT5G42950,6,3,5,5
AT1G07140,6,8,5,5
AT2G01970,6,4,4,4
AT1G13020,6,4,4,3
AT3G05420,6,6,6,3
AT1G35580,6,7,6,3
AT3G03950,6,3,3,2
AT3G18240,6,5,0,2
AT5G06850,6,12,5,2
AT5G66030,6,5,3,0
AT5G62700,7,19,37,27
AT5G62690,7,19,37,27
AT1G09770,7,7,26,25
AT5G08450,7,10,26,21
AT5G38420,7,14,11,21
AT5G26742,7,16,16,17
AT1G04820,7,12,19,16
AT5G38410,7,14,11,16
AT5G38430,7,14,9,16
AT5G35630,7,6,15,13
AT1G80930,7,8,14,13
AT3G53870,7,8,12,12
AT5G38480,7,8,8,11
AT3G13470,7,14,13,11
AT2G21660,7,15,9,11
AT5G15270,7,17,15,11
AT2G27100,7,4,14,10
AT3G04400,7,8,8,10
AT2G33370,7,8,8,10
AT1G04480,7,8,8,10
AT1G48630,7,7,6,9
AT5G47210,7,13,8,9
AT5G53620,7,13,7,9
AT4G39330,7,7,9,8
AT4G34110,7,9,12,8
AT2G16600,7,9,9,8
AT4G34870,7,6,7,7
AT5G24770,7,7,7,7
AT3G53500,7,10,10,7
AT1G20760,7,10,9,7
AT4G02430,7,12,5,7
AT4G37910,7,4,6,6
AT5G09590,7,4,4,6
AT2G47470,7,5,9,6
AT3G52300,7,6,6,6
ATCG01130,7,10,3,6
AT1G21630,7,18,12,6
AT1G69830,7,4,9,5
AT3G22110,7,9,5,5
AT1G68060,7,2,3,3
AT1G21750,7,8,6,3
AT4G32420,7,8,5,3
AT4G09510,7,9,4,3
AT1G15750,8,5,31,31
AT1G67090,8,13,14,23
AT3G55220,8,16,23,23
AT3G55200,8,16,23,23
AT5G20290,8,25,18,22
AT5G03340,8,15,17,21
AT4G10710,8,8,29,20
AT3G53230,8,14,12,15
AT2G31610,8,9,11,13
AT4G09000,8,7,13,12
AT5G35530,8,9,9,12
AT1G55490,8,14,12,12
AT5G24780,8,19,11,12
AT5G18380,8,7,10,11
AT5G61780,8,7,23,10
AT2G09990,8,7,9,10
AT3G12780,8,9,12,10
AT4G29270,8,11,9,10
AT1G71220,8,13,13,10
AT1G16610,8,15,10,10
AT5G16050,8,6,7,9
AT2G21130,8,6,7,9
AT5G55190,8,11,9,9
AT5G20020,8,11,9,9
AT5G20010,8,11,9,9
AT4G31580,8,13,12,9
AT3G24080,8,23,8,9
AT5G52640,8,6,5,8
AT1G12270,8,9,9,8
AT3G23990,8,13,13,8
AT2G13540,8,5,12,7
AT3G61860,8,10,11,7
AT2G37550,8,8,9,6
AT1G80410,8,9,16,6
AT1G33680,8,11,9,4
AT3G50370,8,7,0,2
AT3G11130,9,14,22,22
AT3G54760,9,8,21,20
AT3G44310,9,27,37,19
AT1G78900,9,14,15,17
AT3G60750,9,15,14,16
AT1G78570,9,13,21,15
AT5G19770,9,10,19,12
ATCG00480,9,28,14,12
AT5G08530,9,15,14,11
AT5G15200,9,6,12,10
AT2G46610,9,8,9,8
AT1G30620,9,7,7,7
AT3G54230,9,15,11,7
AT1G35720,9,8,6,4
AT5G19780,9,0,19,0
AT1G06220,10,15,25,29
AT4G08350,10,11,30,24
AT3G09840,10,16,18,23
AT3G08530,10,15,20,21
AT1G77180,10,9,15,18
AT1G65930,10,9,20,14
AT2G04030,10,14,15,14
AT1G03350,10,23,12,14
AT2G28000,10,14,13,13
AT3G45140,10,10,16,12
AT5G09650,10,19,8,11
AT4G37930,10,9,8,10
AT3G25230,10,11,11,10
AT1G29250,10,12,12,10
AT5G41790,10,22,12,10
AT1G12430,10,6,13,9
AT2G28290,11,10,46,38
AT1G57720,11,23,21,22
AT5G11710,11,14,18,19
AT1G07890,11,12,15,14
AT5G22640,11,18,11,13
AT4G29060,11,11,12,12
AT2G37620,11,7,9,11
AT3G02520,11,7,7,10
AT5G37510,11,14,17,10
AT1G49240,11,9,8,9
AT1G48120,11,10,12,6
AT1G09780,12,30,31,27
AT1G54270,12,18,21,25
AT3G26560,12,16,28,24
AT5G11170,12,27,30,24
AT5G11200,12,27,28,23
AT1G48920,12,10,24,20
AT4G38740,12,9,10,14
AT1G09140,12,22,9,14
AT5G25980,12,22,16,13
AT3G12110,12,5,13,9
AT5G58040,12,7,9,9
AT5G56360,12,30,14,7
AT5G56030,13,17,36,34
AT5G56000,13,15,29,25
AT3G13920,13,19,22,24
AT1G71080,13,23,16,20
AT1G09640,13,18,20,17
AT5G39570,13,18,16,14
AT1G20960,14,26,81,57
AT5G56010,14,19,35,36
AT4G35630,14,21,25,36
AT3G12580,14,15,23,24
AT5G60390,14,22,31,24
AT1G07940,14,22,31,24
AT1G07930,14,22,31,24
AT1G07920,14,22,31,24
AT5G28540,14,17,24,18
AT5G42020,14,18,24,18
AT2G37340,14,13,11,11
AT1G65440,15,16,49,44
AT5G09810,15,8,14,16
AT5G02490,16,18,30,29
AT2G17630,16,26,27,29
AT3G44690,16,22,18,18
AT5G63840,16,33,18,14
AT1G80070,17,40,72,53
AT5G02500,17,25,37,33
AT3G09440,17,20,31,30
AT3G19760,17,21,20,23
AT3G49430,17,30,21,22
AT3G23810,17,20,22,20
AT1G52410,17,55,17,20
AT1G02840,17,23,18,18
AT3G49601,18,15,20,16
AT5G16730,18,38,20,14
AT1G60650,18,13,13,10
AT1G56070,19,29,39,36
AT3G62250,19,13,25,23
AT2G47110,19,13,25,23
AT1G67230,19,17,26,17
AT2G32240,19,28,24,15
AT5G04280,20,19,13,18
AT1G65010,20,26,24,15
AT4G13940,21,28,27,25
AT5G65780,22,24,36,29
ATCG00490,23,57,49,78
AT5G65770,23,24,37,30
AT4G10320,24,28,32,28
AT3G50670,27,18,23,18
AT4G25500,29,52,72,55
AT1G64880,31,40,35,35
AT1G79280,34,20,40,40
AT3G08590,49,61,61,68
