Protein,WT,AT3G49850,AT5G41580,AT5G67580,AT1G49950
AT5G41580,0,0,46,0,0
AT2G35635,0,15,17,16,21
AT1G31340,0,15,17,16,21
AT1G14610,0,4,12,7,4
AT1G67680,0,7,11,8,6
AT1G74030,0,5,10,5,7
AT1G01960,0,5,9,3,6
AT1G50200,0,0,8,3,8
AT2G04690,0,0,8,3,5
AT3G51000,0,4,8,7,4
AT1G75270,0,7,8,5,3
AT2G39080,0,7,7,3,10
AT5G54750,0,5,7,2,5
AT5G10300,0,2,7,4,0
AT3G44340,0,9,6,7,8
AT1G69410,0,7,6,7,7
AT2G40490,0,2,6,0,7
AT4G35460,0,5,6,8,5
AT5G13930,0,0,6,4,5
AT3G02720,0,4,6,0,5
AT2G47980,0,4,6,8,4
AT2G47790,0,2,6,4,3
AT5G04420,0,0,6,3,2
AT4G23100,0,0,6,3,2
AT5G65950,0,0,6,5,0
AT5G16280,0,2,6,4,0
AT1G77510,0,2,5,4,8
AT2G30860,0,5,5,6,7
AT1G48050,0,5,5,10,5
AT2G31390,0,0,5,5,5
AT3G14420,0,3,5,4,5
AT2G46140,0,3,5,4,5
AT5G45930,0,5,5,2,5
AT4G11010,0,5,5,8,4
AT5G56950,0,0,5,6,4
AT3G06350,0,2,5,3,4
AT4G14930,0,0,5,4,3
AT5G59890,0,0,5,3,3
AT2G47010,0,3,5,4,2
AT4G32640,0,4,5,3,2
AT1G45150,0,0,5,4,0
AT3G14930,0,2,5,3,0
AT1G59830,0,0,4,2,6
AT5G49980,0,0,4,5,5
AT1G12270,0,3,4,3,5
AT1G72550,0,2,4,5,4
AT2G21270,0,4,4,4,4
AT5G09660,0,0,4,4,4
AT5G20920,0,2,4,3,4
AT5G11670,0,2,4,3,4
AT3G48500,0,0,4,3,4
AT2G43710,0,0,4,2,4
AT1G04170,0,0,4,2,4
AT2G13540,0,0,4,0,4
AT3G14310,0,0,4,6,3
AT5G59160,0,0,4,5,3
AT2G32060,0,3,4,3,3
AT4G28730,0,0,4,3,3
AT5G47870,0,4,4,0,3
AT3G48420,0,2,4,0,3
AT2G46520,0,2,4,0,3
AT4G23460,0,0,4,0,3
AT4G11380,0,0,4,0,3
AT1G18490,0,0,4,0,3
AT1G03110,0,0,4,0,3
AT4G14030,0,0,4,4,2
AT1G64980,0,5,4,3,2
AT2G28680,0,4,4,3,2
AT2G16940,0,0,4,3,2
ATCG00750,0,2,4,2,2
AT5G17510,0,2,4,2,2
AT2G37080,0,0,4,2,2
AT1G66850,0,0,4,2,2
AT5G36790,0,3,4,0,2
AT5G36700,0,3,4,0,2
AT1G74260,0,3,4,0,2
AT2G45240,0,0,4,0,2
AT3G57890,0,2,4,5,0
ATCG00470,0,0,4,3,0
AT5G35430,0,0,4,3,0
AT4G01070,0,0,4,3,0
AT2G43360,0,0,4,3,0
AT1G01100,0,0,4,3,0
AT5G15020,0,3,4,2,0
AT2G35450,0,0,4,2,0
AT1G54250,0,0,4,2,0
AT4G17100,0,2,4,0,0
AT3G53580,0,2,4,0,0
AT5G49830,0,0,4,0,0
AT3G15180,0,0,4,0,0
AT2G25280,0,0,4,0,0
AT2G14260,0,0,4,0,0
AT1G47550,0,0,4,0,0
AT1G08520,0,0,4,0,0
AT5G07350,0,2,3,3,11
AT1G30580,0,5,3,3,6
AT1G12000,0,4,3,3,5
AT3G04610,0,3,3,3,5
AT1G13270,0,3,3,2,5
AT1G31160,0,0,3,0,5
AT1G54080,0,4,3,5,4
AT3G13330,0,3,3,5,4
AT4G32330,0,2,3,4,4
AT3G07720,0,2,3,4,4
AT4G39860,0,4,3,3,4
AT2G18040,0,4,3,3,4
AT3G03710,0,2,3,3,4
AT2G33740,0,2,3,3,4
AT2G04570,0,2,3,3,4
AT3G24170,0,5,3,2,4
AT4G26300,0,0,3,2,4
AT1G69250,0,0,3,2,4
AT5G22780,0,0,3,5,3
AT4G13560,0,3,3,4,3
AT1G51510,0,3,3,4,3
AT5G53850,0,3,3,3,3
AT2G42690,0,2,3,3,3
AT1G79340,0,2,3,3,3
AT1G05720,0,2,3,3,3
AT5G05920,0,0,3,3,3
AT2G28470,0,0,3,3,3
AT3G05750,0,4,3,2,3
AT4G27440,0,2,3,2,3
AT2G38270,0,2,3,2,3
AT2G30060,0,2,3,2,3
AT1G62940,0,2,3,2,3
AT5G03740,0,0,3,2,3
AT1G26230,0,0,3,2,3
AT5G26830,0,3,3,0,3
AT3G51840,0,3,3,0,3
AT3G27740,0,2,3,0,3
AT3G59920,0,0,3,0,3
AT1G50500,0,0,3,0,3
AT1G47420,0,0,3,0,3
AT4G10260,0,2,3,4,2
AT5G16510,0,3,3,3,2
AT4G11600,0,0,3,3,2
AT4G02770,0,3,3,2,2
AT2G18510,0,3,3,2,2
AT1G03130,0,3,3,2,2
AT5G23290,0,2,3,2,2
AT1G74960,0,2,3,2,2
AT4G16760,0,0,3,2,2
AT3G07880,0,0,3,2,2
AT5G16960,0,0,3,0,2
AT5G04710,0,0,3,0,2
AT3G42790,0,0,3,0,2
AT3G23660,0,0,3,0,2
AT3G17020,0,0,3,0,2
AT3G06930,0,0,3,0,2
AT2G36360,0,0,3,0,2
AT1G35420,0,0,3,0,2
AT1G25490,0,0,3,0,2
AT1G18210,0,0,3,0,2
AT1G10760,0,0,3,0,2
AT4G09670,0,3,3,4,0
AT4G22930,0,3,3,3,0
AT2G32520,0,0,3,3,0
AT1G79750,0,0,3,3,0
AT3G29090,0,2,3,2,0
AT2G30000,0,2,3,2,0
AT1G07170,0,2,3,2,0
AT4G39820,0,0,3,2,0
AT3G54900,0,0,3,2,0
AT3G54090,0,0,3,2,0
AT2G38020,0,0,3,2,0
AT1G06410,0,0,3,2,0
AT1G24190,0,6,3,0,0
AT3G16050,0,3,3,0,0
AT4G21650,0,2,3,0,0
AT2G10940,0,2,3,0,0
AT5G63420,0,0,3,0,0
AT5G12370,0,0,3,0,0
AT5G10470,0,0,3,0,0
AT5G05970,0,0,3,0,0
AT5G04885,0,0,3,0,0
AT4G38600,0,0,3,0,0
AT3G63130,0,0,3,0,0
AT3G52580,0,0,3,0,0
AT3G46970,0,0,3,0,0
AT3G25220,0,0,3,0,0
AT2G41680,0,0,3,0,0
AT2G03550,0,0,3,0,0
AT2G02560,0,0,3,0,0
AT1G31230,0,0,3,0,0
AT1G09795,0,0,3,0,0
AT4G14080,0,0,2,3,6
AT1G52730,0,2,2,0,6
AT5G07440,0,4,2,3,5
AT3G11130,0,0,2,0,5
AT3G08530,0,0,2,0,5
AT3G53260,0,2,2,3,4
AT1G78630,0,2,2,3,4
AT4G28980,0,0,2,3,4
AT1G75280,0,2,2,2,4
AT1G26480,0,2,2,2,4
AT1G80600,0,0,2,2,4
AT5G52240,0,2,2,0,4
AT5G22510,0,0,2,0,4
AT3G02360,0,0,2,0,4
AT1G62740,0,0,2,0,4
AT5G22770,0,0,2,5,3
AT2G04842,0,0,2,4,3
AT2G38700,0,4,2,3,3
AT4G13850,0,2,2,3,3
AT5G20080,0,0,2,3,3
AT1G07320,0,0,2,3,3
AT5G64570,0,2,2,2,3
AT5G45775,0,2,2,2,3
AT4G18730,0,2,2,2,3
AT3G58700,0,2,2,2,3
AT2G42740,0,2,2,2,3
AT3G59510,0,0,2,2,3
AT2G30870,0,0,2,2,3
AT1G68540,0,0,2,2,3
AT3G17940,0,3,2,0,3
AT3G59760,0,0,2,0,3
AT3G54440,0,0,2,0,3
AT3G49240,0,0,2,0,3
AT2G16950,0,0,2,0,3
AT5G52820,0,0,2,6,2
AT1G48030,0,2,2,3,2
AT4G39980,0,0,2,3,2
AT4G04020,0,0,2,3,2
AT3G08947,0,0,2,3,2
AT2G17390,0,0,2,3,2
AT3G17240,0,2,2,2,2
AT2G37020,0,2,2,2,2
AT5G28900,0,0,2,2,2
AT5G28850,0,0,2,2,2
AT3G15690,0,0,2,2,2
AT2G44120,0,0,2,2,2
AT2G01250,0,0,2,2,2
AT4G02450,0,2,2,0,2
AT1G02780,0,2,2,0,2
AT5G26570,0,0,2,0,2
AT5G09620,0,0,2,0,2
AT5G09550,0,0,2,0,2
AT3G61220,0,0,2,0,2
AT3G52630,0,0,2,0,2
AT3G52150,0,0,2,0,2
AT2G44100,0,0,2,0,2
AT2G41060,0,0,2,0,2
AT2G34480,0,0,2,0,2
AT2G22240,0,0,2,0,2
AT1G01080,0,0,2,0,2
AT1G60200,0,3,2,4,0
AT5G51100,0,0,2,4,0
AT5G51750,0,3,2,3,0
AT4G31770,0,2,2,3,0
AT3G59600,0,2,2,3,0
AT3G13235,0,2,2,3,0
AT5G49530,0,0,2,3,0
AT4G31840,0,0,2,3,0
AT4G20130,0,0,2,3,0
AT3G08943,0,0,2,3,0
AT1G51690,0,3,2,2,0
AT3G63170,0,2,2,2,0
AT3G49250,0,2,2,2,0
AT3G20740,0,2,2,2,0
AT5G28500,0,0,2,2,0
AT5G16240,0,0,2,2,0
AT4G33520,0,0,2,2,0
AT4G32915,0,0,2,2,0
AT4G27640,0,0,2,2,0
AT4G08900,0,0,2,2,0
AT3G55605,0,0,2,2,0
AT3G27050,0,0,2,2,0
AT3G21750,0,0,2,2,0
AT3G06610,0,0,2,2,0
AT3G02630,0,0,2,2,0
AT1G56560,0,0,2,2,0
AT1G03230,0,0,2,2,0
AT1G02560,0,0,2,2,0
AT5G16715,0,4,2,0,0
AT5G64250,0,3,2,0,0
AT5G17900,0,3,2,0,0
AT4G08580,0,3,2,0,0
AT3G22890,0,3,2,0,0
AT2G23820,0,3,2,0,0
AT2G03680,0,3,2,0,0
AT1G19920,0,3,2,0,0
AT5G67490,0,2,2,0,0
AT5G54960,0,2,2,0,0
AT5G40490,0,2,2,0,0
AT5G20280,0,2,2,0,0
AT5G20070,0,2,2,0,0
AT5G14030,0,2,2,0,0
AT3G17820,0,2,2,0,0
AT3G08780,0,2,2,0,0
AT2G36390,0,2,2,0,0
AT1G71310,0,2,2,0,0
AT5G65010,0,0,2,0,0
AT5G64050,0,0,2,0,0
AT5G63620,0,0,2,0,0
AT5G62930,0,0,2,0,0
AT5G60210,0,0,2,0,0
AT5G56680,0,0,2,0,0
AT5G56630,0,0,2,0,0
AT5G27410,0,0,2,0,0
AT5G19180,0,0,2,0,0
AT5G18820,0,0,2,0,0
AT5G18420,0,0,2,0,0
AT5G18170,0,0,2,0,0
AT5G16400,0,0,2,0,0
AT5G16210,0,0,2,0,0
AT5G14530,0,0,2,0,0
AT5G10240,0,0,2,0,0
AT5G10170,0,0,2,0,0
AT5G05990,0,0,2,0,0
AT4G39120,0,0,2,0,0
AT4G37210,0,0,2,0,0
AT4G27595,0,0,2,0,0
AT4G26270,0,0,2,0,0
AT4G21660,0,0,2,0,0
AT4G20960,0,0,2,0,0
AT4G18240,0,0,2,0,0
AT4G15790,0,0,2,0,0
AT4G13360,0,0,2,0,0
AT4G12880,0,0,2,0,0
AT4G09040,0,0,2,0,0
AT4G03190,0,0,2,0,0
AT3G55330,0,0,2,0,0
AT3G47810,0,0,2,0,0
AT3G46740,0,0,2,0,0
AT3G15680,0,0,2,0,0
AT3G12670,0,0,2,0,0
AT3G12170,0,0,2,0,0
AT3G12010,0,0,2,0,0
AT3G05625,0,0,2,0,0
AT3G02660,0,0,2,0,0
AT2G35110,0,0,2,0,0
AT2G33410,0,0,2,0,0
AT2G32720,0,0,2,0,0
AT2G29630,0,0,2,0,0
AT2G27600,0,0,2,0,0
AT2G20610,0,0,2,0,0
AT2G17340,0,0,2,0,0
AT2G04700,0,0,2,0,0
AT1G80210,0,0,2,0,0
AT1G78820,0,0,2,0,0
AT1G78580,0,0,2,0,0
AT1G76550,0,0,2,0,0
AT1G73630,0,0,2,0,0
AT1G68790,0,0,2,0,0
AT1G52760,0,0,2,0,0
AT1G52340,0,0,2,0,0
AT1G51160,0,0,2,0,0
AT1G25350,0,0,2,0,0
AT1G16970,0,0,2,0,0
AT1G15340,0,0,2,0,0
AT1G09020,0,0,2,0,0
AT1G08110,0,0,2,0,0
AT1G06130,0,0,2,0,0
AT1G49950,0,0,0,0,76
AT2G17410,0,11,0,10,50
AT4G32620,0,5,0,6,46
AT5G10710,0,5,0,7,45
AT3G17340,0,0,0,0,44
AT5G04670,0,2,0,2,40
AT1G22950,0,30,0,27,35
AT3G03140,0,3,0,4,31
AT1G76510,0,3,0,5,27
AT3G10490,0,0,0,2,24
AT5G64610,0,0,0,0,22
AT3G17460,0,4,0,3,20
AT1G20910,0,0,0,0,14
AT3G10480,0,0,0,0,12
AT5G09740,0,0,0,0,10
AT3G56800,0,0,0,0,9
AT1G80810,0,0,0,0,8
AT2G17540,0,7,0,8,6
AT1G63680,0,3,0,3,6
AT1G45145,0,0,0,0,6
AT5G62530,0,0,0,3,5
AT5G08570,0,4,0,2,5
AT1G06570,0,0,0,0,5
AT3G62030,0,3,0,4,4
AT5G65750,0,0,0,4,4
AT3G25150,0,0,0,2,4
AT1G67280,0,2,0,0,4
AT5G42740,0,0,0,0,4
AT4G34050,0,0,0,0,4
AT4G01897,0,0,0,0,4
AT3G26740,0,0,0,0,4
AT2G45300,0,0,0,0,4
AT2G40930,0,0,0,0,4
AT1G22410,0,0,0,0,4
AT1G19730,0,0,0,0,4
AT3G61260,0,3,0,3,3
AT1G35720,0,3,0,3,3
AT2G31980,0,0,0,3,3
AT5G63680,0,4,0,2,3
AT2G44310,0,2,0,2,3
AT1G79230,0,2,0,2,3
AT5G47010,0,0,0,2,3
AT5G16710,0,0,0,2,3
AT3G56860,0,0,0,2,3
AT2G45540,0,0,0,2,3
AT5G52840,0,4,0,0,3
AT5G44480,0,2,0,0,3
AT5G07410,0,2,0,0,3
AT4G20460,0,2,0,0,3
AT3G02180,0,2,0,0,3
AT5G65720,0,0,0,0,3
AT5G62300,0,0,0,0,3
AT5G51430,0,0,0,0,3
AT4G34840,0,0,0,0,3
AT4G32930,0,0,0,0,3
AT4G24830,0,0,0,0,3
AT4G20400,0,0,0,0,3
AT4G14300,0,0,0,0,3
AT3G45030,0,0,0,0,3
AT3G25110,0,0,0,0,3
AT2G34470,0,0,0,0,3
AT2G26780,0,0,0,0,3
AT1G69940,0,0,0,0,3
AT1G29260,0,0,0,0,3
AT1G09010,0,0,0,0,3
AT3G52180,0,3,0,5,2
AT5G11520,0,2,0,4,2
AT5G65620,0,0,0,4,2
AT2G47960,0,0,0,4,2
AT5G24520,0,5,0,3,2
AT5G43850,0,0,0,3,2
AT4G24680,0,0,0,3,2
AT1G48860,0,0,0,3,2
AT5G28840,0,2,0,2,2
AT3G02770,0,2,0,2,2
AT3G02540,0,2,0,2,2
AT1G09070,0,2,0,2,2
ATMG01190,0,0,0,2,2
ATCG00740,0,0,0,2,2
AT5G61060,0,0,0,2,2
AT5G60340,0,0,0,2,2
AT5G10540,0,0,0,2,2
AT2G07698,0,0,0,2,2
AT1G71770,0,0,0,2,2
AT1G50670,0,0,0,2,2
AT1G33590,0,0,0,2,2
AT1G30690,0,0,0,2,2
AT4G16390,0,4,0,0,2
AT5G14260,0,2,0,0,2
AT5G13310,0,2,0,0,2
AT4G38350,0,2,0,0,2
AT4G23570,0,2,0,0,2
AT4G09570,0,2,0,0,2
AT3G48560,0,2,0,0,2
AT3G12290,0,2,0,0,2
AT1G48520,0,2,0,0,2
AT5G66530,0,0,0,0,2
AT5G64430,0,0,0,0,2
AT5G63260,0,0,0,0,2
AT5G58450,0,0,0,0,2
AT5G52960,0,0,0,0,2
AT5G51980,0,0,0,0,2
AT5G51830,0,0,0,0,2
AT5G50870,0,0,0,0,2
AT5G49360,0,0,0,0,2
AT5G42540,0,0,0,0,2
AT5G27380,0,0,0,0,2
AT5G24470,0,0,0,0,2
AT5G21150,0,0,0,0,2
AT5G19150,0,0,0,0,2
AT5G05270,0,0,0,0,2
AT5G03290,0,0,0,0,2
AT5G01400,0,0,0,0,2
AT4G37000,0,0,0,0,2
AT4G36940,0,0,0,0,2
AT4G30220,0,0,0,0,2
AT4G29720,0,0,0,0,2
AT4G28080,0,0,0,0,2
AT4G27320,0,0,0,0,2
AT4G23710,0,0,0,0,2
AT4G20260,0,0,0,0,2
AT4G04910,0,0,0,0,2
AT4G04640,0,0,0,0,2
AT4G02620,0,0,0,0,2
AT4G02230,0,0,0,0,2
AT4G00620,0,0,0,0,2
AT3G61540,0,0,0,0,2
AT3G60600,0,0,0,0,2
AT3G53900,0,0,0,0,2
AT3G46010,0,0,0,0,2
AT3G24080,0,0,0,0,2
AT3G18890,0,0,0,0,2
AT3G15840,0,0,0,0,2
AT3G07660,0,0,0,0,2
AT2G43120,0,0,0,0,2
AT2G35010,0,0,0,0,2
AT2G24020,0,0,0,0,2
AT2G16570,0,0,0,0,2
AT1G78370,0,0,0,0,2
AT1G75330,0,0,0,0,2
AT1G69510,0,0,0,0,2
AT1G68890,0,0,0,0,2
AT1G64180,0,0,0,0,2
AT1G47500,0,0,0,0,2
AT1G47200,0,0,0,0,2
AT1G41880,0,0,0,0,2
AT1G35670,0,0,0,0,2
AT1G33420,0,0,0,0,2
AT1G32990,0,0,0,0,2
AT1G32500,0,0,0,0,2
AT1G31780,0,0,0,0,2
AT1G21600,0,0,0,0,2
AT1G16890,0,0,0,0,2
AT1G16190,0,0,0,0,2
AT1G15470,0,0,0,0,2
AT1G15130,0,0,0,0,2
AT1G04190,0,0,0,0,2
AT5G67580,0,0,0,42,0
AT5G66000,0,50,0,32,0
AT4G35510,0,10,0,14,0
AT5G11530,0,4,0,5,0
AT4G15410,0,0,0,5,0
AT4G24770,0,0,0,4,0
AT2G20270,0,0,0,4,0
AT5G44070,0,2,0,3,0
AT1G12080,0,2,0,3,0
AT5G63870,0,0,0,3,0
AT5G23310,0,0,0,3,0
AT2G41430,0,0,0,3,0
AT1G60940,0,0,0,3,0
AT1G10940,0,0,0,3,0
AT1G10620,0,0,0,3,0
AT2G05520,0,4,0,2,0
AT2G32090,0,3,0,2,0
AT1G78150,0,3,0,2,0
AT5G64130,0,2,0,2,0
AT5G59910,0,2,0,2,0
AT5G22880,0,2,0,2,0
AT5G16840,0,2,0,2,0
AT3G46030,0,2,0,2,0
AT3G45980,0,2,0,2,0
AT3G28220,0,2,0,2,0
AT3G23900,0,2,0,2,0
AT2G28720,0,2,0,2,0
AT1G07790,0,2,0,2,0
AT5G59870,0,0,0,2,0
AT5G54640,0,0,0,2,0
AT5G49970,0,0,0,2,0
AT5G47700,0,0,0,2,0
AT5G27450,0,0,0,2,0
AT5G18550,0,0,0,2,0
AT5G15230,0,0,0,2,0
AT5G12040,0,0,0,2,0
AT5G11720,0,0,0,2,0
AT4G38460,0,0,0,2,0
AT4G35100,0,0,0,2,0
AT4G30530,0,0,0,2,0
AT4G27230,0,0,0,2,0
AT4G24800,0,0,0,2,0
AT4G11060,0,0,0,2,0
AT3G55620,0,0,0,2,0
AT3G49990,0,0,0,2,0
AT3G18165,0,0,0,2,0
AT3G17900,0,0,0,2,0
AT3G13570,0,0,0,2,0
AT3G12270,0,0,0,2,0
AT3G05350,0,0,0,2,0
AT2G46560,0,0,0,2,0
AT2G43910,0,0,0,2,0
AT2G31890,0,0,0,2,0
AT2G24590,0,0,0,2,0
AT2G03640,0,0,0,2,0
AT1G71260,0,0,0,2,0
AT1G60000,0,0,0,2,0
AT1G51060,0,0,0,2,0
AT1G21350,0,0,0,2,0
AT1G20950,0,0,0,2,0
AT3G49850,0,54,0,0,0
AT3G18210,0,14,0,0,0
AT3G54350,0,8,0,0,0
AT2G34730,0,4,0,0,0
AT3G52560,0,3,0,0,0
AT3G18840,0,3,0,0,0
ATCG00790,0,2,0,0,0
AT5G63400,0,2,0,0,0
AT5G57410,0,2,0,0,0
AT5G49020,0,2,0,0,0
AT5G42950,0,2,0,0,0
AT5G37850,0,2,0,0,0
AT5G36230,0,2,0,0,0
AT5G10860,0,2,0,0,0
AT5G02570,0,2,0,0,0
AT4G39090,0,2,0,0,0
AT4G34350,0,2,0,0,0
AT4G32840,0,2,0,0,0
AT3G53650,0,2,0,0,0
AT3G52220,0,2,0,0,0
AT3G44750,0,2,0,0,0
AT3G16170,0,2,0,0,0
AT3G09480,0,2,0,0,0
AT2G37760,0,2,0,0,0
AT2G37470,0,2,0,0,0
AT2G32920,0,2,0,0,0
AT2G32600,0,2,0,0,0
AT2G26210,0,2,0,0,0
AT2G25950,0,2,0,0,0
AT2G17265,0,2,0,0,0
AT1G56360,0,2,0,0,0
AT1G32220,0,2,0,0,0
AT1G29990,0,2,0,0,0
AT1G14000,0,2,0,0,0
AT4G34850,2,2,8,7,10
AT5G50920,2,5,8,5,10
AT1G06290,2,7,8,6,8
AT4G18480,2,6,8,5,8
AT3G23830,2,3,8,4,7
AT1G05520,2,2,8,3,7
AT4G26900,2,6,8,7,6
AT1G29880,2,3,7,6,7
AT4G36020,2,9,7,5,7
AT3G62120,2,0,7,5,6
AT2G22125,2,4,7,8,5
AT1G62750,2,2,7,2,4
AT1G52670,2,2,7,5,2
AT2G41500,2,4,7,3,0
AT2G17930,2,0,7,3,0
AT1G49600,2,5,6,6,7
AT2G01690,2,4,6,6,7
AT2G46580,2,3,6,6,6
AT2G43750,2,4,6,5,6
AT2G22780,2,3,6,5,6
AT5G47690,2,2,6,4,6
AT1G02080,2,2,6,3,6
AT3G59480,2,6,6,6,5
AT5G39500,2,0,6,7,4
AT4G02930,2,3,6,5,3
AT4G36080,2,0,6,5,3
AT1G43190,2,0,6,5,3
AT5G56740,2,4,6,4,3
AT3G48000,2,5,6,3,3
AT1G29370,2,5,6,3,3
AT5G57850,2,3,6,2,3
AT4G35450,2,2,5,5,7
AT5G49650,2,4,5,6,6
AT3G11700,2,7,5,5,5
AT1G12780,2,3,5,5,4
AT2G21170,2,2,5,4,4
AT4G17830,2,4,5,3,4
AT3G53030,2,3,5,3,4
AT5G59810,2,3,5,2,4
AT3G50670,2,4,5,5,3
AT1G05460,2,0,5,4,3
AT3G54470,2,0,5,0,2
AT3G55400,2,2,5,0,0
AT1G10370,2,2,5,0,0
AT5G63980,2,4,4,9,11
AT4G13430,2,4,4,3,9
AT2G41740,2,4,4,5,8
AT2G37220,2,3,4,2,8
AT3G56460,2,8,4,0,8
AT3G22200,2,5,4,5,6
AT1G10670,2,0,4,2,6
AT4G04950,2,2,4,0,6
AT4G21580,2,3,4,6,5
AT5G17310,2,5,4,2,5
AT5G23940,2,0,4,6,4
AT3G06860,2,4,4,5,4
AT1G13690,2,0,4,5,4
AT1G06680,2,2,4,4,4
AT4G03520,2,4,4,2,4
AT5G55260,2,2,4,2,4
AT4G14880,2,6,4,3,3
AT3G49910,2,4,4,3,3
AT1G31070,2,3,4,3,3
AT5G63890,2,0,4,3,3
AT1G03475,2,3,4,2,3
AT2G14170,2,5,4,0,3
AT4G02520,2,2,4,0,3
AT5G53460,2,0,4,0,3
AT1G75660,2,0,4,0,3
AT1G17720,2,2,4,4,2
AT4G34200,2,4,4,3,2
AT3G58110,2,2,4,3,2
AT1G49540,2,0,4,3,2
AT4G34215,2,5,4,0,2
AT4G22320,2,4,4,0,0
AT2G43030,2,3,4,0,0
AT5G17560,2,0,4,0,0
AT2G24490,2,0,4,0,0
AT1G50480,2,4,3,5,7
AT2G36580,2,2,3,3,6
AT4G34740,2,2,3,4,5
AT1G59900,2,2,3,3,5
AT1G62380,2,4,3,4,4
AT3G62330,2,2,3,3,4
AT3G46000,2,2,3,3,4
AT2G17280,2,2,3,0,4
AT1G01300,2,5,3,5,3
AT3G14040,2,0,3,5,3
AT3G07850,2,0,3,5,3
AT1G02930,2,3,3,4,3
AT1G74920,2,0,3,4,3
AT3G63190,2,3,3,3,3
AT2G41790,2,3,3,3,3
AT4G20020,2,2,3,3,3
AT2G35120,2,2,3,3,3
AT5G55160,2,0,3,3,3
AT1G79870,2,3,3,2,3
AT1G78380,2,0,3,2,3
AT1G61150,2,2,3,0,3
AT3G07590,2,2,3,3,2
AT1G02920,2,2,3,3,2
AT2G47250,2,0,3,2,2
AT2G13560,2,0,3,2,2
AT3G07390,2,2,3,0,2
AT3G04400,2,2,3,0,2
AT2G33370,2,2,3,0,2
AT2G02930,2,2,3,0,2
AT1G04480,2,2,3,0,2
AT4G10710,2,4,3,5,0
AT3G53970,2,4,3,3,0
AT4G31180,2,2,3,3,0
AT3G58730,2,2,3,3,0
AT5G57890,2,0,3,3,0
AT2G03150,2,0,3,3,0
AT1G25220,2,0,3,3,0
AT1G25155,2,0,3,3,0
AT1G25083,2,0,3,3,0
AT1G24909,2,0,3,3,0
AT1G24807,2,0,3,3,0
AT4G10750,2,5,3,2,0
AT1G33680,2,3,3,2,0
AT1G31812,2,2,3,2,0
AT1G74850,2,0,3,2,0
AT1G20970,2,2,3,0,0
AT3G07100,2,4,2,6,7
AT5G56350,2,4,2,4,6
AT3G53460,2,2,2,2,5
AT5G56360,2,8,2,0,5
AT3G20820,2,3,2,5,4
AT5G64040,2,5,2,3,4
AT4G30920,2,3,2,3,4
AT4G03280,2,3,2,3,4
AT5G16450,2,3,2,2,4
AT5G54760,2,3,2,3,3
AT4G27130,2,3,2,3,3
AT1G54290,2,3,2,3,3
AT1G19870,2,3,2,3,3
AT3G24480,2,2,2,3,3
AT1G80410,2,3,2,2,3
AT4G08520,2,2,2,2,3
AT5G51720,2,0,2,2,3
AT3G08030,2,0,2,2,3
AT3G58140,2,3,2,0,3
AT3G06730,2,2,2,0,3
AT3G18000,2,0,2,0,3
AT1G03630,2,0,2,0,3
AT2G29310,2,3,2,3,2
AT5G56600,2,2,2,3,2
AT5G52360,2,2,2,3,2
AT4G25590,2,2,2,3,2
AT3G10220,2,0,2,3,2
AT2G37600,2,2,2,2,2
AT2G34420,2,2,2,2,2
AT1G29930,2,2,2,2,2
AT1G29920,2,2,2,2,2
AT1G29910,2,2,2,2,2
AT2G34640,2,5,2,0,2
AT5G12410,2,2,2,0,2
AT4G30330,2,0,2,0,2
AT3G55020,2,0,2,0,2
AT2G35020,2,0,2,0,2
AT2G18740,2,0,2,0,2
AT5G45140,2,0,2,3,0
AT3G48860,2,0,2,3,0
AT5G47770,2,4,2,2,0
AT1G35310,2,3,2,2,0
AT1G80500,2,2,2,2,0
AT5G64200,2,0,2,2,0
AT5G55730,2,0,2,2,0
AT5G50320,2,0,2,2,0
AT1G70620,2,0,2,2,0
AT3G58610,2,2,2,0,0
AT1G66200,2,2,2,0,0
AT5G28740,2,0,2,0,0
AT4G16130,2,0,2,0,0
AT3G22850,2,0,2,0,0
AT1G52380,2,0,2,0,0
AT1G13020,2,2,0,2,5
AT5G04290,2,0,0,0,5
AT3G55410,2,0,0,6,4
AT3G48690,2,3,0,3,4
AT5G04590,2,0,0,2,4
AT3G09630,2,3,0,6,3
AT2G27880,2,3,0,6,3
AT4G36130,2,2,0,4,3
AT5G60640,2,0,0,4,3
AT2G44530,2,4,0,3,3
AT1G20340,2,3,0,2,3
AT1G66240,2,0,0,2,3
AT5G53530,2,2,0,0,3
AT4G27690,2,2,0,0,3
AT5G27970,2,0,0,0,3
AT1G35680,2,3,0,4,2
AT2G27810,2,0,0,3,2
AT5G16300,2,0,0,2,2
AT3G52200,2,0,0,2,2
AT5G62670,2,3,0,0,2
AT2G43530,2,2,0,0,2
AT5G46180,2,0,0,0,2
AT4G12700,2,0,0,0,2
AT2G04280,2,0,0,0,2
AT1G10200,2,0,0,0,2
AT1G01620,2,0,0,0,2
AT5G60040,2,2,0,3,0
AT3G55280,2,2,0,3,0
AT2G39460,2,2,0,3,0
AT1G70060,2,4,0,2,0
AT3G54960,2,3,0,2,0
AT5G61410,2,2,0,2,0
AT2G32700,2,2,0,2,0
AT1G53580,2,2,0,2,0
AT4G29670,2,0,0,2,0
AT3G09740,2,0,0,2,0
AT2G33800,2,0,0,2,0
AT2G09990,2,0,0,2,0
AT1G59760,2,0,0,2,0
AT1G18270,2,0,0,2,0
AT4G01150,2,3,0,0,0
AT1G08190,2,3,0,0,0
AT5G35680,2,2,0,0,0
AT2G25060,2,2,0,0,0
AT2G04520,2,2,0,0,0
AT1G10590,2,2,0,0,0
ATMG00290,2,0,0,0,0
AT5G62210,2,0,0,0,0
AT5G51060,2,0,0,0,0
AT5G43070,2,0,0,0,0
AT5G16590,2,0,0,0,0
AT4G31810,2,0,0,0,0
AT4G14342,2,0,0,0,0
AT3G61820,2,0,0,0,0
AT3G61110,2,0,0,0,0
AT3G52090,2,0,0,0,0
AT3G29075,2,0,0,0,0
AT3G22800,2,0,0,0,0
AT3G05060,2,0,0,0,0
AT2G45710,2,0,0,0,0
AT2G34860,2,0,0,0,0
AT2G07734,2,0,0,0,0
AT1G76300,2,0,0,0,0
AT1G57860,2,0,0,0,0
AT1G57660,2,0,0,0,0
AT1G32550,2,0,0,0,0
AT1G17745,2,0,0,0,0
AT1G09690,2,0,0,0,0
AT1G09590,2,0,0,0,0
AT2G44160,3,9,11,11,10
AT5G61780,3,7,9,7,15
AT1G50370,3,6,9,9,12
AT4G29840,3,6,9,4,6
AT4G16340,3,5,9,6,4
AT4G29010,3,8,8,8,15
AT1G07440,3,7,8,4,3
AT1G27970,3,3,8,4,3
AT5G57655,3,5,8,5,2
AT5G54900,3,5,7,8,11
AT5G05730,3,3,7,8,8
AT4G37930,3,3,7,3,7
AT5G23880,3,6,7,9,6
AT2G38770,3,5,7,9,6
AT1G62640,3,4,7,6,5
AT4G11820,3,4,7,4,5
AT1G09770,3,5,7,3,3
AT4G26530,3,3,7,0,3
AT3G19980,3,5,6,7,10
AT4G39330,3,4,6,6,9
AT3G52370,3,3,6,7,7
AT2G19570,3,5,6,7,5
AT4G23680,3,3,6,4,5
AT4G02150,3,4,6,6,4
AT2G45600,3,4,6,6,4
AT5G57870,3,5,6,5,4
AT1G29350,3,5,6,3,4
AT2G34970,3,2,6,3,3
AT4G34490,3,4,6,3,2
AT5G04430,3,6,5,5,9
AT3G13930,3,3,5,9,8
AT1G79440,3,3,5,7,8
AT2G30200,3,4,5,0,7
AT4G09020,3,7,5,10,6
AT1G78680,3,4,5,6,6
AT2G35860,3,3,5,7,5
AT3G12050,3,4,5,5,5
AT4G31990,3,3,5,5,5
AT4G26720,3,2,5,3,4
AT5G53480,3,2,5,6,3
AT3G22330,3,3,5,5,3
AT4G34670,3,6,5,4,3
AT5G62790,3,3,5,4,3
AT4G00490,3,6,5,3,3
AT5G50850,3,4,5,5,2
AT4G16500,3,3,5,3,2
AT3G23780,3,0,5,0,0
AT2G47940,3,8,4,6,9
AT5G55220,3,7,4,4,6
AT2G20420,3,3,4,0,6
AT1G65450,3,3,4,6,5
AT1G68560,3,2,4,4,5
ATCG01060,3,5,4,3,5
AT1G21440,3,4,4,2,5
AT4G26840,3,3,4,5,4
AT4G37870,3,2,4,4,4
AT1G48420,3,3,4,3,4
AT3G62840,3,2,4,5,3
AT2G47640,3,2,4,5,3
AT5G48480,3,3,4,4,3
AT4G02840,3,2,4,4,3
AT5G28060,3,5,4,3,3
AT2G35240,3,3,4,3,3
AT1G26570,3,3,4,3,3
AT1G72390,3,2,4,2,3
AT1G65440,3,0,4,2,3
AT5G06390,3,4,4,0,3
AT3G22320,3,3,4,4,2
AT1G12470,3,3,4,3,2
AT1G69200,3,5,4,6,0
AT1G47710,3,4,4,4,0
AT3G18090,3,0,4,0,0
AT2G47400,3,0,4,0,0
AT2G05170,3,0,4,0,0
AT4G15210,3,0,3,0,8
AT4G22670,3,2,3,3,7
AT5G67320,3,5,3,8,5
AT5G50950,3,4,3,6,5
AT5G43830,3,5,3,5,5
AT1G18070,3,4,3,5,5
AT5G38470,3,5,3,4,5
AT2G45820,3,4,3,4,5
AT3G18740,3,3,3,4,5
AT1G36240,3,3,3,4,5
AT5G36880,3,2,3,3,5
AT1G32580,3,4,3,4,4
AT5G02530,3,3,3,4,4
AT1G77940,3,3,3,3,4
AT1G04530,3,3,3,3,4
AT5G61020,3,2,3,3,4
AT2G38540,3,2,3,3,4
AT1G18500,3,4,3,0,4
AT2G25080,3,3,3,0,4
AT5G60980,3,4,3,4,3
AT4G02030,3,2,3,4,3
AT2G31610,3,2,3,3,3
AT4G17190,3,3,3,2,3
AT3G53870,3,2,3,2,3
AT4G18905,3,0,3,0,3
AT1G20540,3,0,3,7,2
AT5G36210,3,4,3,4,2
AT3G49010,3,4,3,3,2
AT3G59890,3,3,3,3,2
AT3G53740,3,3,3,3,2
AT3G05000,3,2,3,2,2
AT2G36160,3,2,3,0,2
AT1G74470,3,0,3,0,2
AT5G16270,3,2,3,3,0
AT3G21110,3,0,3,3,0
AT1G17370,3,4,3,2,0
AT5G58030,3,3,3,2,0
ATCG00800,3,2,3,0,0
AT2G46020,3,2,3,0,0
AT1G62480,3,0,3,0,0
AT1G11430,3,0,3,0,0
AT5G19550,3,4,2,3,6
AT5G66030,3,0,2,2,6
AT2G03440,3,0,2,3,5
AT5G54430,3,0,2,2,4
ATCG00180,3,4,2,4,3
AT1G14320,3,5,2,3,3
AT2G18790,3,4,2,2,3
AT3G52990,3,3,2,2,3
AT5G59300,3,2,2,0,3
AT3G46460,3,2,2,0,3
AT5G62270,3,2,2,4,2
AT5G26667,3,3,2,3,2
AT3G14120,3,0,2,2,2
AT5G53560,3,4,2,0,2
AT3G16980,3,0,2,0,2
AT5G40450,3,2,2,3,0
AT5G20990,3,2,2,3,0
AT3G55610,3,4,2,2,0
AT3G09680,3,2,2,0,0
AT5G18400,3,0,2,0,0
AT4G14890,3,0,2,0,0
AT3G57870,3,0,2,0,0
AT2G33610,3,0,2,0,0
AT2G03850,3,0,2,0,0
AT1G50300,3,0,2,0,0
AT1G76180,3,4,0,0,6
AT4G11260,3,3,0,0,5
AT2G31570,3,0,0,4,4
AT2G01970,3,2,0,2,4
AT2G18960,3,0,0,3,3
AT5G30510,3,4,0,2,3
AT1G14670,3,2,0,2,3
AT2G34850,3,2,0,0,3
AT1G69620,3,2,0,0,3
AT5G47910,3,2,0,3,2
AT3G18790,3,3,0,2,2
AT1G15200,3,0,0,2,2
AT5G06160,3,6,0,0,2
AT5G65910,3,0,0,0,2
AT3G62460,3,0,0,0,2
AT3G07480,3,0,0,0,2
AT1G18250,3,0,0,0,2
AT5G27850,3,3,0,4,0
AT1G66580,3,4,0,3,0
AT4G27500,3,2,0,3,0
AT1G63640,3,2,0,3,0
AT4G30200,3,0,0,3,0
AT3G21140,3,0,0,3,0
AT3G11500,3,0,0,3,0
AT2G23930,3,0,0,3,0
AT3G56340,3,2,0,2,0
AT3G55140,3,2,0,2,0
AT5G18380,3,0,0,2,0
AT2G40590,3,2,0,0,0
AT2G40510,3,2,0,0,0
AT2G27720,3,2,0,0,0
AT2G25700,3,2,0,0,0
AT5G57290,3,0,0,0,0
AT5G52470,3,0,0,0,0
AT4G27060,3,0,0,0,0
AT4G25630,3,0,0,0,0
AT3G02110,3,0,0,0,0
AT2G30970,3,0,0,0,0
AT2G18170,3,0,0,0,0
AT1G63940,3,0,0,0,0
AT4G34110,4,10,14,15,16
AT3G06580,4,11,14,13,11
AT3G52140,4,2,12,3,5
AT4G03020,4,7,10,8,8
AT1G75950,4,12,10,9,6
AT4G26110,4,7,10,7,6
AT1G02050,4,6,9,10,9
AT1G11910,4,6,9,10,7
AT1G07750,4,6,9,4,7
AT1G53240,4,4,8,7,11
ATCG01240,4,6,8,6,9
ATCG00900,4,6,8,6,9
AT4G36690,4,0,8,3,4
AT5G67360,4,4,8,6,2
AT5G43060,4,8,7,8,9
AT3G18060,4,6,7,4,8
AT3G19170,4,7,7,3,8
AT2G07360,4,2,7,6,6
AT1G80460,4,5,7,8,5
AT1G12840,4,6,7,4,5
AT3G63140,4,3,7,3,5
AT2G24200,4,7,7,6,4
AT5G46290,4,5,7,5,4
AT1G60900,4,5,7,0,4
AT3G49680,4,7,7,5,3
AT1G70830,4,6,6,9,10
AT3G15020,4,4,6,7,9
AT1G62820,4,4,6,6,8
AT1G06260,4,7,6,7,7
AT2G42590,4,6,6,6,7
AT5G58590,4,5,6,6,7
AT5G02050,4,4,6,4,7
AT5G12140,4,4,6,7,5
AT4G09320,4,6,6,6,5
AT1G27310,4,4,6,6,5
AT3G16520,4,6,6,4,5
AT3G54760,4,5,6,4,5
AT4G27520,4,4,6,4,4
AT1G23820,4,6,6,6,3
AT5G54770,4,2,6,4,3
AT1G24050,4,4,6,3,3
AT3G04920,4,7,6,4,2
AT4G26760,4,5,5,3,7
AT1G11840,4,7,5,0,7
AT5G28050,4,7,5,5,6
AT3G03250,4,7,5,4,6
AT3G01390,4,4,5,4,6
AT4G15802,4,5,5,6,5
AT3G18490,4,6,5,3,5
AT1G48600,4,4,5,3,5
AT1G80480,4,4,5,7,4
AT3G03950,4,6,5,5,4
AT2G44040,4,5,5,5,4
AT2G40290,4,5,5,5,4
AT4G14110,4,4,5,5,4
AT3G57810,4,4,5,5,4
AT5G59880,4,3,5,5,4
AT5G22330,4,5,5,4,4
AT1G08980,4,3,5,4,4
AT5G44710,4,5,5,3,4
ATCG00380,4,6,5,6,3
AT5G57460,4,3,5,5,3
AT4G22240,4,2,5,4,3
AT1G64330,4,4,5,3,3
AT1G21065,4,3,5,0,3
AT3G52880,4,3,4,5,8
AT2G43090,4,6,4,5,6
AT1G71730,4,0,4,3,5
AT1G70600,4,5,4,4,4
AT1G23290,4,5,4,4,4
AT3G06050,4,4,4,4,4
AT2G01520,4,6,4,2,4
AT1G20580,4,2,4,2,4
AT1G17290,4,4,4,6,3
AT5G34850,4,2,4,5,3
AT5G57330,4,2,4,2,3
AT2G32240,4,3,4,4,2
AT5G19440,4,4,3,7,6
AT3G61430,4,4,3,6,6
AT2G45960,4,4,3,6,6
AT2G02740,4,6,3,4,6
AT5G04280,4,0,3,4,6
AT3G55120,4,5,3,7,5
AT4G00430,4,4,3,5,5
AT1G32470,4,3,3,4,5
AT2G25970,4,6,3,3,5
AT5G24400,4,6,3,7,4
AT3G16410,4,6,3,4,4
AT3G16400,4,6,3,4,4
AT5G16390,4,2,3,4,4
AT1G32050,4,4,3,3,4
AT3G62310,4,3,3,3,4
AT5G23140,4,2,3,3,3
AT5G04360,4,2,3,3,3
AT1G44835,4,5,3,2,3
AT3G11510,4,3,3,2,3
AT5G13680,4,2,3,2,3
AT3G10740,4,0,3,0,3
AT2G43550,4,3,3,2,2
AT5G60670,4,2,3,2,0
AT3G53430,4,2,3,2,0
AT2G37190,4,2,3,2,0
AT1G65150,4,4,2,3,5
AT2G26060,4,4,2,2,5
AT5G02870,4,3,2,6,4
AT5G27030,4,3,2,5,4
AT3G12700,4,3,2,4,4
AT5G18100,4,4,2,3,4
AT1G20440,4,6,2,4,3
AT4G33400,4,2,2,4,3
ATCG00190,4,3,2,3,3
AT3G18580,4,2,2,2,3
AT4G31580,4,0,2,0,3
AT3G12800,4,4,2,4,2
AT5G02960,4,3,2,2,2
AT1G26880,4,0,2,0,2
AT1G20140,4,2,2,0,0
AT3G16950,4,6,0,7,6
AT4G01290,4,0,0,3,5
AT4G30190,4,3,0,4,3
AT5G03850,4,3,0,3,3
AT3G26420,4,3,0,3,3
AT3G10090,4,3,0,3,3
AT1G30620,4,2,0,2,3
AT5G14670,4,0,0,0,3
AT3G62290,4,0,0,0,3
AT2G47170,4,0,0,0,3
AT1G70490,4,0,0,0,3
AT1G23490,4,0,0,0,3
AT1G10630,4,0,0,0,3
AT4G36740,4,3,0,2,0
AT2G47580,4,0,0,2,0
AT2G35490,4,2,0,0,0
AT5G58040,4,0,0,0,0
AT4G26430,4,0,0,0,0
AT4G19490,4,0,0,0,0
AT1G29900,5,7,14,9,15
AT3G14067,5,6,14,10,11
AT2G37040,5,5,12,9,10
AT1G09340,5,7,12,8,6
AT4G01370,5,5,11,6,13
AT1G48630,5,4,11,10,10
AT1G79550,5,6,11,6,10
AT5G42190,5,14,11,11,9
AT1G49760,5,9,10,13,13
AT2G19480,5,5,10,9,11
AT2G47470,5,9,10,12,10
AT2G27860,5,6,10,9,10
AT2G21130,5,11,10,9,9
AT5G39320,5,6,10,8,9
AT3G14240,5,6,10,8,8
AT1G71840,5,5,10,11,6
AT5G19820,5,0,9,7,10
AT2G43790,5,6,9,6,8
AT4G23600,5,3,9,6,8
AT4G00570,5,3,9,8,7
AT4G34860,5,7,9,6,6
AT3G57410,5,6,9,6,6
AT1G14650,5,8,8,10,7
AT1G13930,5,9,7,9,8
AT3G19760,5,6,7,9,8
AT5G54160,5,10,7,6,6
AT4G21860,5,7,7,6,6
AT3G04260,5,3,7,7,5
AT5G40270,5,7,7,5,4
AT1G65980,5,6,6,3,8
AT3G50820,5,5,6,4,7
AT4G13930,5,8,6,7,6
AT3G57610,5,7,6,7,6
AT3G09200,5,5,6,5,6
AT1G63660,5,10,6,5,4
AT2G44050,5,5,6,6,3
AT5G07340,5,6,5,5,9
AT5G22060,5,5,5,2,6
AT5G03650,5,7,5,9,5
AT5G42220,5,6,5,6,5
AT1G75030,5,5,5,4,5
AT2G05120,5,5,5,7,4
AT2G35370,5,7,5,6,4
AT3G18035,5,10,5,5,4
AT3G15190,5,6,5,5,4
AT2G38730,5,5,5,7,2
AT2G40840,5,4,5,3,0
AT5G22580,5,7,4,5,6
AT1G13280,5,9,4,4,6
AT5G12110,5,5,4,4,6
AT2G29320,5,5,4,5,5
AT5G07740,5,4,4,4,5
AT5G07460,5,4,4,0,5
AT3G28500,5,6,4,8,4
AT5G40370,5,4,4,5,4
AT3G53110,5,3,4,4,4
AT1G15930,5,4,4,3,4
AT4G14160,5,3,4,6,3
AT5G17020,5,4,4,2,3
AT1G18540,5,6,4,5,2
AT4G29510,5,5,4,4,2
AT2G16780,5,4,4,0,2
AT3G54860,5,3,4,3,0
AT1G20450,5,3,3,3,7
AT5G59970,5,8,3,5,4
AT5G59690,5,8,3,5,4
AT3G53730,5,8,3,5,4
AT3G46320,5,8,3,5,4
AT3G45930,5,8,3,5,4
AT2G28740,5,8,3,5,4
AT1G07820,5,8,3,5,4
AT1G07660,5,8,3,5,4
AT1G02690,5,3,3,4,4
AT5G13480,5,9,3,3,3
AT4G24620,5,3,3,3,3
AT5G13530,5,0,3,3,3
AT1G72150,5,4,2,7,5
AT2G18020,5,3,2,4,4
AT2G34040,5,5,2,3,2
ATCG00660,5,3,2,2,0
AT4G16155,5,7,0,7,6
AT3G19770,5,3,0,2,3
AT3G23450,5,2,0,2,3
ATCG01310,5,0,0,2,3
ATCG00830,5,0,0,2,3
AT5G04740,5,0,0,2,2
AT2G41475,5,2,0,0,2
AT2G05710,6,14,21,13,23
AT5G43940,6,12,15,8,15
AT4G35830,6,10,14,7,10
AT5G52920,6,13,14,8,9
AT5G11580,6,8,12,13,10
AT1G59359,6,7,12,11,9
AT1G58983,6,7,12,11,9
AT1G58684,6,7,12,11,9
AT1G58380,6,7,12,11,9
AT2G30110,6,4,12,9,9
AT4G09010,6,9,11,8,14
AT5G14250,6,6,11,8,11
AT3G14100,6,7,11,7,6
AT3G56130,6,7,10,9,10
AT2G38580,6,7,10,5,4
AT3G18130,6,4,9,8,9
AT5G64270,6,9,9,7,6
AT3G60770,6,8,9,7,6
AT3G27530,6,9,9,5,6
AT5G67630,6,5,9,7,4
AT2G17420,6,5,8,12,10
AT2G44060,6,3,8,7,8
AT5G23740,6,7,8,7,7
AT1G70310,6,5,8,9,6
AT5G43960,6,3,8,9,6
AT5G48300,6,4,8,5,6
AT5G07470,6,7,8,4,5
AT1G04510,6,5,8,5,4
AT3G05420,6,6,8,4,3
AT3G06480,6,4,7,10,7
AT5G14240,6,4,7,8,7
AT4G02510,6,6,7,6,7
AT1G11650,6,4,7,6,7
AT3G13300,6,9,7,7,6
AT4G00100,6,7,7,6,6
AT4G30800,6,6,7,6,5
AT5G61970,6,6,7,6,4
AT3G02780,6,8,7,4,4
AT4G05180,6,11,6,5,7
AT4G17520,6,7,6,7,6
AT2G45810,6,5,6,7,6
AT5G58330,6,4,6,3,6
AT3G59770,6,3,6,12,5
AT1G12910,6,6,6,8,5
AT2G19770,6,8,6,5,4
AT3G55700,6,4,5,7,12
AT5G20630,6,5,5,8,9
AT5G64350,6,5,5,8,7
AT3G52960,6,4,5,5,7
AT5G06060,6,6,5,8,6
AT1G34430,6,5,5,8,5
AT2G39800,6,6,5,7,4
AT3G47650,6,6,5,6,4
AT5G37720,6,4,5,6,4
AT4G24510,6,5,5,5,4
AT4G31160,6,4,5,4,4
AT5G15530,6,4,5,3,4
AT5G55670,6,5,5,6,2
AT2G26990,6,2,5,7,0
AT1G08830,6,7,4,5,8
AT4G29060,6,3,4,0,8
AT5G22650,6,3,4,4,5
AT5G56280,6,7,4,3,2
AT2G27710,6,5,4,3,0
AT5G48810,6,4,3,6,7
AT1G01090,6,4,3,3,7
AT3G20390,6,5,3,4,5
AT3G27850,6,4,3,3,4
AT3G27830,6,4,3,3,4
AT3G22230,6,6,3,5,3
AT5G04140,7,20,23,20,24
AT5G10920,7,5,18,12,14
AT4G34430,7,17,14,17,14
AT2G16600,7,8,13,13,12
AT1G53310,7,13,12,16,14
AT5G13520,7,10,12,10,14
AT3G60750,7,8,12,8,14
AT1G56580,7,9,12,11,11
AT4G24130,7,12,12,11,10
AT5G48880,7,8,12,8,10
AT5G14740,7,8,12,7,10
AT5G01600,7,8,12,10,8
AT5G02240,7,10,11,9,16
AT5G15490,7,7,11,10,11
AT1G72370,7,10,11,6,9
AT2G41840,7,6,11,10,8
AT2G19070,7,8,11,7,8
AT2G37660,7,9,10,10,17
AT3G12490,7,9,10,12,12
AT1G08200,7,8,10,10,11
AT1G17100,7,9,10,11,10
AT2G33430,7,5,10,8,8
AT1G56190,7,8,10,6,8
AT1G21700,7,4,10,7,3
AT2G47730,7,8,9,8,14
AT4G27000,7,11,9,7,11
AT1G07140,7,9,9,6,11
AT3G47520,7,7,9,10,9
AT4G34870,7,7,9,8,8
AT1G79690,7,8,9,9,6
AT1G12230,7,7,9,7,6
AT2G13360,7,4,9,7,6
AT4G14570,7,8,9,3,4
AT5G63570,7,8,8,8,12
AT5G65430,7,11,8,9,9
AT2G41110,7,7,8,8,9
AT5G44500,7,6,8,7,8
AT4G20440,7,6,8,7,8
AT3G14990,7,7,8,6,8
AT5G13420,7,6,8,6,7
AT1G61010,7,8,8,9,5
AT5G20720,7,8,7,8,11
AT5G08690,7,8,7,7,9
AT5G08680,7,8,7,7,9
AT5G08670,7,8,7,7,9
AT5G22440,7,9,7,9,8
AT3G13460,7,5,7,5,8
AT2G15430,7,7,7,9,7
AT5G48180,7,7,7,7,7
AT3G51800,7,4,7,5,7
AT3G11270,7,6,7,7,4
AT4G29830,7,3,7,5,4
AT3G02930,7,4,7,11,2
AT5G42980,7,6,6,7,14
AT5G05010,7,8,6,9,8
AT5G59950,7,4,6,4,8
AT4G15000,7,9,6,7,6
AT3G16830,7,5,6,6,6
AT1G65930,7,7,5,11,9
AT3G04470,7,6,5,6,7
AT3G15880,7,8,5,10,6
AT5G08280,7,4,5,7,6
AT5G60790,7,5,4,4,8
AT1G26110,7,3,4,8,5
AT1G74060,7,7,4,8,4
AT1G74050,7,7,4,8,3
ATCG00170,7,3,4,5,2
AT1G14410,7,7,3,3,4
AT1G04690,8,13,19,13,20
AT2G33340,8,14,17,11,7
AT4G20360,8,9,17,12,6
AT1G09620,8,10,16,17,14
AT5G24420,8,11,15,17,15
AT5G20830,8,7,14,11,10
AT1G60710,8,10,14,10,9
AT3G48730,8,9,12,10,14
AT5G06290,8,8,12,12,13
AT3G22960,8,8,12,11,11
ATCG00120,8,11,11,9,10
AT5G45620,8,9,11,11,9
AT4G34030,8,6,11,10,7
AT1G06000,8,13,10,9,10
AT3G15000,8,9,10,9,9
AT4G19006,8,7,10,8,9
AT4G35800,8,14,10,7,5
AT2G41530,8,10,9,10,12
AT5G66570,8,8,9,5,11
AT1G12310,8,8,9,9,10
AT5G56290,8,5,9,9,5
AT1G11860,8,8,8,8,12
AT3G14210,8,8,8,7,8
AT1G16350,8,6,8,6,7
AT4G23670,8,7,8,7,5
AT1G23740,8,7,7,6,10
AT2G38230,8,8,7,9,9
AT5G47210,8,6,7,8,9
AT2G44350,8,6,7,7,9
AT3G25230,8,9,6,9,13
AT5G64760,8,8,6,7,8
AT3G07770,8,4,6,5,7
AT2G27530,8,8,6,8,6
AT1G12050,8,6,6,6,4
AT1G02090,8,4,5,3,5
AT1G03910,8,0,0,2,0
AT3G43300,9,12,20,12,12
AT2G05990,9,15,19,14,16
AT2G05920,9,8,17,17,16
AT1G68010,9,15,16,8,11
AT5G39570,9,9,16,8,10
AT5G46070,9,10,16,9,6
AT3G50590,9,12,15,13,8
AT5G16440,9,8,14,9,13
AT3G25530,9,10,14,12,12
AT2G47510,9,13,13,13,14
AT3G51240,9,11,13,13,14
AT1G79280,9,15,13,10,14
AT5G55230,9,10,13,17,13
AT4G09510,9,16,13,13,12
AT2G24940,9,8,13,10,9
AT5G14170,9,8,13,12,8
AT4G39260,9,11,12,13,17
AT5G01410,9,9,12,14,14
AT2G33150,9,11,12,12,13
AT5G20010,9,11,12,9,11
AT3G26060,9,11,11,10,13
AT1G74970,9,9,11,11,10
AT2G32080,9,8,11,10,6
AT1G09310,9,8,10,8,10
AT4G29340,9,9,10,12,6
AT4G25130,9,11,9,7,13
AT4G11150,9,8,9,8,12
AT2G18110,9,7,9,12,11
AT2G27030,9,8,9,9,9
AT1G21630,9,12,9,8,7
AT5G21274,9,8,9,9,0
AT3G43810,9,8,9,9,0
AT3G44110,9,9,8,7,12
AT3G58500,9,9,8,3,12
AT3G56490,9,11,8,12,11
AT4G17390,9,10,8,10,8
AT4G16720,9,10,8,10,8
AT1G20760,9,7,8,10,4
AT2G42910,9,6,7,10,7
AT5G26742,9,6,7,6,7
AT4G00660,9,5,7,11,6
AT3G61240,9,6,7,8,6
AT3G58570,9,4,7,6,0
AT5G63840,9,9,6,12,12
AT2G17870,9,8,6,11,10
AT4G38130,9,5,6,4,4
AT5G05780,9,9,5,11,8
AT4G13400,9,4,5,8,6
AT4G20050,10,14,23,14,19
AT3G01780,10,17,22,14,15
AT5G35630,10,14,21,13,22
AT1G52040,10,11,19,17,17
AT3G04120,10,15,19,12,15
AT1G13440,10,14,18,12,14
AT5G24710,10,13,18,16,12
AT1G18450,10,11,17,14,12
AT5G48230,10,11,16,14,16
AT1G47128,10,10,16,12,11
AT2G36460,10,15,15,17,19
AT1G24020,10,11,15,12,11
ATCG00480,10,11,14,10,16
AT3G12145,10,14,14,14,15
AT3G59970,10,10,14,11,14
AT1G12570,10,13,14,12,12
AT5G15610,10,10,14,10,8
AT3G29360,10,9,13,12,16
AT2G21330,10,16,13,13,15
AT5G66140,10,16,13,13,14
AT3G62530,10,11,13,13,13
AT4G38740,10,14,12,14,13
AT4G21710,10,13,12,14,12
ATCG00500,10,9,12,10,12
AT1G77440,10,9,12,11,7
AT5G08640,10,10,11,9,16
AT4G14716,10,11,11,13,12
AT4G14710,10,11,11,13,11
AT3G63095,10,9,11,12,10
AT1G65960,10,5,11,7,10
AT1G32200,10,11,11,9,8
AT1G56340,10,11,10,12,15
AT5G58470,10,8,10,12,11
AT5G43990,10,11,10,13,6
AT4G31700,10,8,9,8,12
AT2G42500,10,8,9,5,11
AT3G04620,10,9,9,14,9
AT5G40580,10,10,9,9,8
AT3G27430,10,10,9,9,8
AT4G33090,10,5,9,8,8
AT1G55090,10,8,9,10,7
AT3G09880,10,5,9,7,7
AT1G67230,10,11,9,7,6
AT3G03570,10,6,9,5,6
AT5G60160,10,12,8,11,14
AT3G60240,10,8,8,8,12
AT1G79830,10,8,8,10,8
AT1G75940,10,10,8,8,5
AT3G04840,10,10,7,9,6
AT1G65010,11,17,19,13,17
AT1G18080,11,11,18,14,15
AT3G54670,11,12,17,13,15
AT2G24270,11,12,16,10,20
AT2G28190,11,16,16,17,18
AT3G10850,11,14,16,17,16
AT3G51260,11,17,15,14,16
AT1G69740,11,12,15,10,15
AT1G14810,11,11,15,11,10
AT2G42600,11,15,14,15,18
AT1G15750,11,15,13,14,12
AT4G38630,11,13,13,14,12
AT2G47610,11,16,12,16,11
AT5G15200,11,7,11,12,9
AT4G34360,11,6,11,12,9
AT3G04600,11,9,11,7,9
AT1G09210,11,11,11,5,6
AT4G21280,11,12,10,11,12
AT2G40300,11,6,10,11,8
AT3G61140,11,9,10,9,8
AT5G41950,11,8,9,11,6
AT1G08360,11,12,8,10,8
AT2G23390,11,10,7,9,7
AT3G03530,11,10,6,9,10
AT2G45640,11,8,4,9,9
AT2G26080,12,13,26,17,18
AT1G79930,12,21,23,16,19
AT2G01140,12,15,19,18,21
AT3G13920,12,14,18,13,17
AT1G54270,12,12,18,12,15
AT3G01500,12,11,17,15,14
AT3G48930,12,15,17,13,14
AT2G30050,12,12,17,14,13
AT3G53180,12,13,16,11,10
AT1G03090,12,16,15,20,13
AT3G22630,12,15,14,16,15
AT4G24820,12,15,14,13,13
AT3G12780,12,11,14,10,13
AT2G19760,12,10,14,10,13
AT5G65730,12,10,13,12,13
AT1G30630,12,11,13,21,12
AT5G53620,12,13,13,19,10
AT5G10360,12,9,11,10,12
AT5G10450,12,14,11,12,11
AT5G26860,12,8,10,5,6
AT5G61790,12,11,9,13,16
AT2G42100,12,12,8,12,10
AT1G52410,12,13,8,10,10
AT1G79920,13,22,25,18,22
AT4G23920,13,18,23,20,20
AT4G38510,13,15,22,25,19
AT1G79990,13,18,22,16,15
AT1G32060,13,14,20,18,15
AT3G29410,13,12,19,16,11
AT4G08390,13,17,18,13,14
AT1G09270,13,10,18,14,12
AT5G58230,13,12,17,16,19
AT3G56090,13,12,17,15,9
AT1G21720,13,10,16,15,13
AT3G16640,13,16,15,11,16
AT4G14800,13,15,15,18,15
AT2G38400,13,10,15,21,13
AT3G57560,13,10,15,13,6
AT1G22300,13,13,14,11,16
AT1G20020,13,17,14,17,14
AT3G62870,13,18,14,19,13
AT1G22920,13,11,14,22,12
AT3G01340,13,13,14,18,12
AT3G07030,13,12,13,15,18
AT3G55440,13,14,13,15,16
AT2G21060,13,13,13,14,14
AT5G06850,13,13,13,16,10
AT2G27170,13,14,13,10,9
AT5G09650,13,10,11,17,18
AT5G06600,13,10,11,12,14
AT5G08450,13,8,11,9,8
AT4G18040,13,7,7,9,11
AT1G48920,13,13,6,14,12
AT1G76030,14,15,25,26,21
AT1G20260,14,15,25,26,21
AT5G51660,14,16,22,18,12
AT3G06650,14,21,21,19,19
AT5G66190,14,20,21,22,17
AT1G23310,14,13,20,12,15
AT2G28290,14,19,19,22,22
AT3G06720,14,15,19,19,14
AT3G62250,14,17,18,18,22
AT2G47110,14,17,18,18,22
AT3G13490,14,18,18,16,18
AT1G21750,14,19,16,18,26
AT4G29350,14,12,16,16,14
AT1G48410,14,17,16,13,13
AT3G11630,14,14,15,19,20
AT1G42970,14,15,15,13,17
AT5G02790,14,15,14,15,17
AT4G24190,14,14,14,17,12
AT1G26630,14,14,13,16,16
AT4G39680,14,15,13,11,10
AT1G02840,14,9,11,15,12
AT1G78570,14,7,10,7,11
AT3G25860,14,14,8,12,10
AT1G64740,15,14,28,18,17
AT5G15650,15,28,25,28,19
AT5G17920,15,18,23,32,32
AT1G78300,15,18,22,16,20
AT5G16730,15,12,22,18,15
AT2G23350,15,21,21,19,24
AT3G23810,15,14,21,15,15
AT3G26340,15,14,20,17,13
AT5G43330,15,15,19,18,18
AT5G38480,15,16,19,17,18
AT1G27090,15,13,19,15,18
AT5G16050,15,17,18,17,17
AT5G64370,15,14,18,20,12
AT3G42170,15,11,17,20,14
AT1G80490,15,13,16,14,13
AT5G59370,15,20,15,19,17
AT3G46520,15,20,15,19,17
AT1G71220,15,15,14,14,18
AT2G27040,16,22,30,28,31
AT5G49460,16,22,24,20,19
AT3G60830,16,14,22,23,12
AT1G19570,16,15,21,17,24
AT1G20220,16,19,21,22,20
AT5G44320,16,13,19,16,16
AT1G62390,16,11,18,18,18
AT3G11400,16,15,18,17,18
AT2G28790,16,18,17,22,19
AT3G11910,16,12,16,19,19
AT3G12110,16,19,16,19,17
AT5G42970,16,16,15,14,16
AT2G42520,16,12,15,10,7
AT4G21100,16,13,14,19,17
AT1G43170,16,13,14,13,12
AT5G09390,16,13,8,10,10
AT3G02230,17,26,28,28,21
AT1G10840,17,18,26,21,17
AT4G13940,17,19,22,19,22
AT3G55760,17,16,21,19,19
AT2G05840,17,24,20,24,21
AT1G12900,17,17,20,17,18
AT3G55800,17,20,20,17,16
AT3G58510,17,14,19,13,12
AT3G53750,17,20,16,20,19
AT2G37620,17,20,16,20,19
AT1G55860,17,13,16,16,17
AT4G37800,17,13,13,14,14
AT5G24770,18,24,36,63,49
AT5G49910,18,23,36,24,27
AT2G20140,18,21,29,23,20
AT4G29040,18,20,29,22,20
AT3G26650,18,23,26,19,22
AT4G38970,18,17,25,21,24
AT4G39660,18,10,25,22,19
AT2G29560,18,21,24,22,17
AT1G29150,18,23,21,21,22
AT1G45000,18,21,21,20,20
AT1G64790,18,10,21,13,18
AT3G12915,18,16,19,19,19
AT3G22110,18,20,19,24,18
AT1G35160,18,16,18,16,18
AT2G21660,18,20,16,18,23
AT5G09900,18,15,16,12,15
AT5G23540,18,13,14,16,13
AT3G49430,18,15,14,11,12
AT4G24280,19,27,36,27,28
AT1G06220,19,21,28,31,22
AT3G63460,19,16,27,20,19
AT1G56450,19,18,23,22,19
AT5G43010,19,21,21,20,21
AT1G13880,19,17,21,18,16
AT1G13060,19,16,20,24,19
AT4G05420,19,16,19,22,22
AT3G05900,19,18,14,15,14
AT5G36160,19,13,14,13,14
AT4G34450,20,26,38,33,26
AT2G43770,20,24,30,22,25
AT4G33010,20,19,28,23,28
AT4G01850,20,29,27,26,30
AT4G37910,20,20,26,20,22
AT3G23600,20,16,25,21,25
AT2G27020,20,22,25,25,22
AT5G35360,20,20,23,17,16
AT1G47250,20,20,21,18,18
AT3G60820,20,21,19,23,23
AT4G31300,20,20,19,18,17
AT5G63110,20,12,16,17,15
AT4G33250,20,19,15,19,19
AT3G55870,20,12,15,21,13
AT3G44320,21,26,30,25,23
AT1G16470,21,19,26,26,25
AT1G04810,21,22,24,27,24
AT1G79210,21,18,24,23,24
AT1G75990,21,24,22,24,20
AT2G38040,21,19,22,20,13
AT1G75780,21,18,21,23,26
AT3G02520,21,21,21,18,20
AT3G18780,21,20,21,24,17
AT1G49240,21,20,21,24,17
AT1G35580,21,21,20,26,17
AT5G35200,21,17,19,19,16
AT5G58420,21,20,18,22,14
AT5G07090,21,20,18,22,14
AT2G17360,21,20,18,22,14
AT5G60100,21,29,17,36,24
AT2G19520,21,17,16,21,19
AT5G19510,21,15,14,15,16
AT1G20630,22,30,30,26,33
AT5G25980,22,23,30,32,29
AT3G16470,22,24,29,30,24
AT5G09590,22,18,27,20,26
AT2G39990,22,19,26,25,18
AT1G53850,23,24,34,29,25
AT3G14290,23,25,32,27,25
AT1G04410,23,22,31,23,30
AT1G07890,23,27,30,32,23
AT5G35590,23,29,26,30,26
AT4G09000,23,24,24,25,29
AT5G20290,23,31,24,29,28
AT1G20010,23,22,22,27,29
AT1G64520,23,13,19,22,22
AT1G09640,24,24,38,31,39
AT3G02200,24,22,29,27,26
AT4G20980,24,15,28,24,28
AT5G09810,24,25,25,23,26
AT2G46610,24,0,0,0,25
AT5G19780,25,28,36,30,24
AT5G19770,25,28,36,30,24
AT5G03300,25,34,35,33,45
AT3G17390,25,34,35,27,34
AT1G02500,25,34,33,28,33
AT1G48120,25,19,30,27,19
AT3G44300,25,27,26,20,21
AT1G24510,26,35,43,48,39
AT5G16070,26,30,37,32,28
AT1G76010,26,35,36,41,30
AT5G56030,26,30,33,32,32
AT5G56010,26,31,32,32,34
AT5G42790,26,32,29,30,27
AT4G31480,26,26,28,28,26
AT5G12250,26,26,26,29,33
AT4G33680,27,26,36,28,30
AT3G15980,27,24,34,29,25
AT3G11830,27,30,32,37,34
AT1G09100,27,24,31,30,29
AT2G37690,27,22,29,25,19
AT3G09820,28,35,40,37,46
AT3G55220,28,31,39,34,36
AT3G55200,28,31,39,34,36
AT5G60390,28,26,35,29,31
AT1G07940,28,26,35,29,31
AT1G07930,28,26,35,29,31
AT1G07920,28,26,35,29,31
AT1G52030,28,28,32,30,39
AT5G66420,28,27,32,34,26
AT1G70320,28,19,31,25,25
AT2G39730,28,27,30,28,30
AT4G31490,28,25,27,29,26
AT4G38680,29,28,43,29,73
AT5G38430,29,29,41,36,44
AT4G35090,29,33,40,33,36
AT5G26000,29,30,34,38,37
AT1G20200,29,27,32,33,25
AT1G53750,29,29,32,30,25
AT3G20050,29,28,30,33,32
AT3G02530,30,29,40,37,30
AT3G45140,30,25,32,31,43
AT2G04030,30,22,25,22,24
AT3G18190,31,33,46,40,28
AT2G36530,31,37,45,40,49
AT4G28470,31,32,41,35,30
AT1G30230,31,27,34,33,36
AT1G50010,32,29,49,41,35
AT1G04820,32,29,49,41,35
AT4G14960,32,29,49,38,35
AT3G52930,32,36,40,36,39
AT3G13860,32,37,39,35,31
AT4G29270,33,20,36,34,31
AT4G20890,33,25,35,36,34
AT5G11170,33,32,34,35,35
AT5G44340,34,27,38,40,37
AT2G34160,34,33,36,42,38
AT5G25757,34,33,30,32,26
AT5G25754,34,33,30,32,26
AT5G58290,35,31,39,41,34
AT1G80070,35,32,39,46,32
AT5G65780,35,38,37,31,25
AT5G65770,35,38,37,31,25
AT5G20000,35,31,33,27,30
AT5G20890,36,35,41,41,33
AT3G05530,36,32,39,38,37
AT1G52360,36,26,38,34,29
AT5G02490,37,38,58,45,55
AT1G20620,37,43,53,52,59
AT2G29550,37,37,40,41,45
AT1G78900,37,48,37,45,47
AT5G19990,37,33,34,28,32
AT2G36880,38,45,49,41,46
AT3G12580,38,40,49,37,42
AT1G62020,38,32,44,39,31
AT3G57290,38,32,43,44,36
AT5G23860,38,34,41,38,42
AT1G52400,38,33,34,36,32
AT1G52570,38,34,30,45,37
AT5G24780,39,44,70,95,97
AT1G67090,39,43,54,47,54
AT1G57720,39,35,50,48,52
AT1G29250,39,36,38,46,45
AT1G69830,39,27,36,33,35
AT5G38420,40,46,57,46,60
AT2G46280,41,40,49,49,44
AT2G21390,42,43,57,46,32
AT1G09780,43,46,55,50,55
AT5G62700,43,43,50,46,51
AT5G62690,43,43,50,46,51
AT3G03960,44,39,45,41,35
AT5G26360,45,52,65,64,49
AT2G40660,45,42,47,43,39
AT5G56500,46,60,82,68,66
AT4G16143,47,33,45,40,32
AT2G32730,47,38,42,44,38
AT3G09440,48,56,70,55,70
AT1G20960,48,50,64,70,61
AT2G33210,49,52,55,58,53
AT3G03540,50,41,37,39,44
AT4G11420,52,59,67,58,57
AT3G56150,55,50,55,58,57
AT5G26710,55,42,38,38,40
AT2G28000,56,68,80,74,61
AT5G42020,56,52,59,56,55
AT5G11710,56,53,51,57,48
AT5G28540,57,53,63,58,60
AT5G27640,58,55,70,69,59
AT2G20580,58,58,61,64,53
AT1G56070,59,57,69,75,73
AT2G17630,60,63,82,76,68
AT5G25780,60,53,60,60,51
AT3G23990,64,63,71,68,70
AT5G02500,66,71,91,73,87
AT4G10320,66,50,60,66,72
AT3G15730,68,67,79,79,83
AT4G20850,71,72,73,85,69
AT3G44690,71,72,71,77,75
AT3G13470,74,83,116,98,98
AT1G71080,75,54,62,50,68
AT1G55490,78,80,115,102,96
AT5G03340,84,79,102,100,81
AT4G35630,85,89,127,109,115
AT1G64880,93,66,70,69,81
AT3G09840,107,102,127,123,102
AT3G44310,108,122,125,101,100
AT1G19480,108,97,116,118,99
AT1G36160,111,99,124,114,106
ATCG00490,155,167,240,221,241
AT3G08590,165,162,196,183,184
AT4G25500,819,857,819,830,774
