Protein,WT,WT.1,AT1G43770,AT1G43770,AT4G11560,AT4G11560
AT1G43770,0,0,189,238,76,77
AT1G08060,0,0,137,156,134,132
AT4G11560,0,0,128,220,1747,1524
AT5G59370,21,0,25,19,0,19
AT1G32470,0,0,20,3,0,0
AT5G41580,0,0,14,18,13,15
AT1G21750,0,0,12,0,0,2
AT1G53240,0,0,11,0,0,2
AT1G13930,0,0,10,0,0,0
AT1G56340,0,0,9,0,3,3
AT3G14415,2,0,9,0,0,0
AT4G24190,0,0,9,0,0,0
AT3G15020,0,0,9,0,0,2
ATMG01190,0,0,8,0,3,0
AT2G07698,0,0,8,0,3,0
AT2G41110,7,0,8,6,0,0
AT1G57860,5,0,8,4,0,5
AT4G02480,0,0,8,5,0,0
AT1G49430,0,0,8,0,0,0
AT5G07030,0,0,7,0,0,2
AT3G08030,0,0,7,0,0,2
AT2G42600,0,0,7,0,0,2
AT2G20420,0,0,7,0,0,0
AT2G05070,2,0,6,0,3,0
AT2G45290,0,0,6,2,3,3
AT1G09210,0,0,6,0,3,3
AT1G69410,7,0,6,4,0,0
AT1G78680,2,0,6,2,0,0
AT1G15690,2,0,6,0,0,0
ATCG00350,0,0,6,0,0,0
AT5G11520,0,0,6,0,0,0
AT5G08280,0,0,6,0,0,0
AT3G27690,0,0,6,0,0,0
AT2G05100,0,0,6,0,0,0
AT1G62750,0,0,6,0,0,0
AT1G23190,0,0,6,0,0,0
AT5G64350,5,0,5,2,4,3
AT2G15430,0,0,5,2,3,3
AT5G39570,3,0,5,0,2,3
AT1G09310,3,0,5,2,2,2
AT5G02050,2,0,5,0,2,4
AT4G39330,0,0,5,0,2,3
AT1G10840,0,0,5,0,2,3
AT1G22410,5,0,5,3,0,0
AT5G54160,2,0,5,0,0,3
AT4G04950,2,0,5,0,0,0
AT2G37660,2,0,5,0,0,0
ATCG00540,0,0,5,0,0,0
AT5G19550,0,0,5,2,0,0
AT5G15090,0,0,5,0,0,0
AT4G21650,0,0,5,0,0,0
AT4G17530,0,0,5,2,0,0
AT4G11150,0,0,5,0,0,0
AT3G14040,0,0,5,0,0,0
AT3G07850,0,0,5,0,0,0
AT2G25080,0,0,5,0,0,0
AT2G18960,0,0,5,0,0,0
AT2G04690,0,0,5,0,0,0
AT1G74920,0,0,5,0,0,0
AT1G62480,0,0,5,0,0,0
AT1G20950,0,0,5,0,0,0
AT1G06260,0,0,5,0,0,0
AT3G03920,0,0,4,2,6,4
AT2G28240,0,0,4,8,6,4
AT2G20450,0,0,4,3,5,8
AT3G02200,0,0,4,0,4,4
AT4G30920,0,0,4,0,2,3
AT2G27020,0,0,4,0,2,0
AT2G10940,0,0,4,0,2,2
AT1G15930,0,0,4,0,2,2
AT1G11840,0,0,4,0,2,3
AT4G04910,2,0,4,0,0,0
AT2G06850,2,0,4,0,0,2
ATCG00680,0,0,4,0,0,0
ATCG00340,0,0,4,0,0,0
AT5G53480,0,0,4,0,0,0
AT5G52650,0,0,4,0,0,0
AT5G47200,0,0,4,2,0,0
AT5G34850,0,0,4,0,0,0
AT5G26830,0,0,4,0,0,0
AT5G19820,0,0,4,0,0,0
AT5G07440,0,0,4,0,0,0
AT4G35450,0,0,4,0,0,0
AT4G25740,0,0,4,0,0,0
AT4G15210,0,0,4,0,0,0
AT4G15020,0,0,4,0,0,0
AT4G12800,0,0,4,0,0,0
AT3G56460,0,0,4,0,0,0
AT3G52880,0,0,4,0,0,0
AT3G47470,0,0,4,0,0,0
AT3G25230,0,0,4,0,0,0
AT3G08580,0,0,4,0,0,0
AT2G47470,0,0,4,0,0,0
AT1G70830,0,0,4,2,0,3
AT1G70730,0,0,4,0,0,0
AT1G64190,0,0,4,0,0,0
AT1G53850,0,0,4,0,0,0
AT1G48030,0,0,4,0,0,0
AT1G33590,0,0,4,0,0,0
AT1G28290,0,0,4,0,0,2
AT1G20450,0,0,4,0,0,0
AT1G20440,0,0,4,0,0,0
AT1G20340,0,0,4,0,0,0
AT1G03230,0,0,4,0,0,0
AT5G11240,0,0,3,0,5,5
AT1G08830,5,0,3,3,4,6
AT5G20160,0,0,3,3,4,3
AT4G34555,0,0,3,0,4,3
AT4G22380,0,0,3,3,4,3
AT1G34760,0,0,3,0,4,4
AT5G47930,0,0,3,3,3,4
AT5G42080,0,0,3,0,3,2
AT2G38730,0,0,3,0,3,4
AT4G17520,2,0,3,2,2,2
AT2G45440,0,0,3,0,2,0
AT2G30200,0,0,3,0,2,0
AT1G35720,0,0,3,0,2,0
AT4G14160,4,0,3,3,0,0
AT5G58330,2,0,3,0,0,0
AT4G02730,2,0,3,0,0,0
AT3G19820,2,0,3,0,0,0
AT2G24490,2,0,3,0,0,0
AT1G20130,2,0,3,0,0,0
ATCG01230,0,0,3,2,0,0
ATCG01060,0,0,3,0,0,2
ATCG00905,0,0,3,2,0,0
ATCG00280,0,0,3,0,0,0
ATCG00270,0,0,3,0,0,0
ATCG00065,0,0,3,2,0,0
AT5G61020,0,0,3,0,0,0
AT5G59290,0,0,3,0,0,0
AT5G58030,0,0,3,0,0,0
AT5G57655,0,0,3,0,0,0
AT5G55280,0,0,3,0,0,0
AT5G41670,0,0,3,0,0,0
AT5G40760,0,0,3,0,0,2
AT5G36790,0,0,3,0,0,0
AT5G36700,0,0,3,0,0,0
AT5G21326,0,0,3,0,0,0
AT5G17870,0,0,3,2,0,0
AT5G15230,0,0,3,0,0,0
AT5G01930,0,0,3,0,0,0
AT4G28750,0,0,3,0,0,0
AT4G27520,0,0,3,0,0,0
AT4G24770,0,0,3,0,0,0
AT4G21150,0,0,3,0,0,0
AT4G11600,0,0,3,2,0,0
AT4G10840,0,0,3,0,0,0
AT4G09650,0,0,3,0,0,0
AT4G09320,0,0,3,0,0,0
AT4G02080,0,0,3,0,0,0
AT3G63190,0,0,3,0,0,0
AT3G62560,0,0,3,0,0,0
AT3G62030,0,0,3,0,0,0
AT3G56940,0,0,3,0,0,0
AT3G48890,0,0,3,0,0,0
AT3G47340,0,0,3,0,0,0
AT3G46440,0,0,3,0,0,0
AT3G29320,0,0,3,0,0,0
AT3G23400,0,0,3,0,0,0
AT3G22460,0,0,3,2,0,0
AT3G22200,0,0,3,0,0,0
AT3G18490,0,0,3,0,0,0
AT3G17810,0,0,3,0,0,0
AT3G16410,0,0,3,0,0,0
AT3G16400,0,0,3,2,0,0
AT3G12290,0,0,3,0,0,0
AT3G10920,0,0,3,0,0,0
AT3G07480,0,0,3,0,0,0
AT3G07300,0,0,3,0,0,0
AT3G04290,0,0,3,0,0,0
AT3G02360,0,0,3,0,0,0
AT3G01280,0,0,3,0,0,0
AT2G41220,0,0,3,0,0,2
AT2G40300,0,0,3,0,0,0
AT2G39330,0,0,3,0,0,0
AT2G32060,0,0,3,0,0,0
AT2G20890,0,0,3,0,0,0
AT2G17870,0,0,3,0,0,0
AT1G79440,0,0,3,0,0,0
AT1G79280,0,0,3,0,0,0
AT1G79230,0,0,3,0,0,0
AT1G75280,0,0,3,0,0,0
AT1G66200,0,0,3,0,0,0
AT1G63680,0,0,3,0,0,3
AT1G56330,0,0,3,0,0,0
AT1G49600,0,0,3,0,0,0
AT1G43670,0,0,3,0,0,0
AT1G27450,0,0,3,0,0,0
AT1G24360,0,0,3,0,0,0
AT1G23740,0,0,3,0,0,2
AT1G15340,0,0,3,0,0,0
AT1G12080,0,0,3,0,0,0
AT1G03630,0,0,3,0,0,3
AT5G43640,0,0,2,0,8,8
AT4G13710,0,0,2,2,5,2
AT1G08910,0,0,2,3,5,5
AT4G10710,0,0,2,0,3,3
AT3G57150,0,0,2,0,3,0
AT2G21580,0,0,2,0,3,6
AT3G18060,5,0,2,3,2,0
AT4G16390,0,0,2,0,2,3
AT3G60880,0,0,2,0,2,0
AT3G25800,0,0,2,2,2,2
AT2G18510,0,0,2,2,2,0
AT1G35420,0,0,2,0,2,0
AT1G32990,0,0,2,0,2,0
AT4G17720,2,0,2,2,0,0
AT3G01540,2,0,2,0,0,0
AT1G79470,2,0,2,0,0,0
AT1G48860,2,0,2,0,0,0
AT1G47980,2,0,2,0,0,0
AT1G01050,2,0,2,0,0,0
ATCG00820,0,0,2,0,0,0
ATCG00720,0,0,2,0,0,0
ATCG00650,0,0,2,0,0,0
ATCG00180,0,0,2,0,0,2
ATCG00020,0,0,2,0,0,0
AT5G65760,0,0,2,0,0,0
AT5G65620,0,0,2,0,0,0
AT5G64040,0,0,2,2,0,0
AT5G60640,0,0,2,0,0,0
AT5G60160,0,0,2,0,0,0
AT5G59300,0,0,2,0,0,0
AT5G58230,0,0,2,0,0,0
AT5G54440,0,0,2,3,0,0
AT5G52240,0,0,2,0,0,0
AT5G46180,0,0,2,0,0,0
AT5G42790,0,0,2,0,0,0
AT5G41520,0,0,2,0,0,0
AT5G37600,0,0,2,0,0,0
AT5G36230,0,0,2,0,0,0
AT5G35590,0,0,2,0,0,0
AT5G26667,0,0,2,0,0,0
AT5G25460,0,0,2,0,0,0
AT5G19940,0,0,2,0,0,0
AT5G17770,0,0,2,0,0,0
AT5G13980,0,0,2,0,0,0
AT5G03520,0,0,2,0,0,0
AT5G02850,0,0,2,0,0,0
AT4G35420,0,0,2,0,0,0
AT4G34620,0,0,2,0,0,0
AT4G34490,0,0,2,0,0,0
AT4G33090,0,0,2,0,0,0
AT4G31300,0,0,2,0,0,0
AT4G29060,0,0,2,0,0,0
AT4G28080,0,0,2,0,0,0
AT4G26510,0,0,2,0,0,0
AT4G25080,0,0,2,0,0,0
AT4G24830,0,0,2,0,0,0
AT4G24550,0,0,2,0,0,0
AT4G23670,0,0,2,0,0,0
AT4G23100,0,0,2,0,0,0
AT4G22670,0,0,2,0,0,0
AT4G15790,0,0,2,0,0,0
AT4G14800,0,0,2,0,0,0
AT4G13780,0,0,2,0,0,0
AT4G11240,0,0,2,0,0,0
AT4G08520,0,0,2,0,0,0
AT4G04460,0,0,2,0,0,0
AT4G03280,0,0,2,0,0,0
AT3G63410,0,0,2,0,0,0
AT3G60245,0,0,2,0,0,0
AT3G58730,0,0,2,0,0,0
AT3G58660,0,0,2,2,0,0
AT3G56190,0,0,2,0,0,0
AT3G53580,0,0,2,0,0,0
AT3G52750,0,0,2,0,0,0
AT3G49470,0,0,2,0,0,0
AT3G46460,0,0,2,0,0,0
AT3G28220,0,0,2,0,0,0
AT3G21090,0,0,2,0,0,0
AT3G15610,0,0,2,0,0,0
AT3G13860,0,0,2,0,0,0
AT3G13670,0,0,2,2,0,0
AT3G10950,0,0,2,0,0,0
AT3G07590,0,0,2,0,0,0
AT3G07390,0,0,2,0,0,0
AT3G05560,0,0,2,0,0,0
AT3G03940,0,0,2,2,0,0
AT2G45470,0,0,2,0,0,0
AT2G45300,0,0,2,0,0,0
AT2G36250,0,0,2,0,0,0
AT2G27680,0,0,2,0,0,0
AT2G27210,0,0,2,0,0,0
AT2G25280,0,0,2,0,0,0
AT2G25060,0,0,2,0,0,0
AT2G22780,0,0,2,0,0,0
AT2G21870,0,0,2,0,0,0
AT2G21170,0,0,2,0,0,0
AT2G20260,0,0,2,0,0,0
AT2G19570,0,0,2,0,0,0
AT2G19540,0,0,2,0,0,0
AT2G17280,0,0,2,0,0,0
AT2G02470,0,0,2,0,0,0
AT1G79850,0,0,2,0,0,3
AT1G79210,0,0,2,0,0,0
AT1G78820,0,0,2,0,0,0
AT1G78380,0,0,2,0,0,0
AT1G76180,0,0,2,0,0,2
AT1G75660,0,0,2,0,0,0
AT1G70710,0,0,2,0,0,0
AT1G66430,0,0,2,0,0,0
AT1G63770,0,0,2,0,0,0
AT1G61520,0,0,2,0,0,0
AT1G59830,0,0,2,0,0,0
AT1G56450,0,0,2,0,0,0
AT1G55860,0,0,2,2,0,2
AT1G55480,0,0,2,0,0,0
AT1G52760,0,0,2,0,0,0
AT1G52730,0,0,2,0,0,0
AT1G49480,0,0,2,0,0,0
AT1G48850,0,0,2,0,0,0
AT1G47710,0,0,2,0,0,0
AT1G47250,0,0,2,0,0,0
AT1G44575,0,0,2,0,0,0
AT1G32500,0,0,2,0,0,0
AT1G31330,0,0,2,0,0,2
AT1G26550,0,0,2,0,0,0
AT1G21440,0,0,2,0,0,0
AT1G16470,0,0,2,0,0,0
AT1G15820,0,0,2,0,0,0
AT1G15420,0,0,2,0,0,0
AT1G10760,0,0,2,0,0,0
AT1G10370,0,0,2,0,0,0
AT1G09750,0,0,2,0,0,0
AT1G09630,0,0,2,0,0,0
AT1G08420,0,0,2,0,0,0
AT1G07750,0,0,2,0,0,0
AT1G06290,0,0,2,0,0,0
AT1G04710,0,0,2,0,0,0
AT1G02560,0,0,2,0,0,0
AT5G16680,0,0,0,0,281,289
AT3G02890,0,0,0,0,172,207
AT5G61110,0,0,0,0,38,50
AT5G61100,0,0,0,0,23,19
AT5G01270,0,0,0,0,16,17
AT5G03740,0,0,0,0,15,10
AT2G01810,0,0,0,0,14,12
AT5G61120,0,0,0,0,10,7
AT5G02570,0,0,0,0,8,0
AT3G53650,0,0,0,0,8,0
AT3G17880,0,0,0,0,8,8
ATCG00160,0,0,0,4,6,8
AT3G54560,0,0,0,0,6,6
AT2G38810,0,0,0,0,6,6
AT1G52740,0,0,0,0,6,6
AT1G48610,0,0,0,0,6,7
AT5G54640,0,0,0,0,5,10
AT4G27230,0,0,0,0,5,10
AT3G20670,0,0,0,0,5,4
AT1G54690,0,0,0,0,5,6
AT1G51060,0,0,0,0,5,10
AT1G08880,0,0,0,0,5,6
AT5G67240,0,0,0,0,4,2
AT5G63140,0,0,0,0,4,6
AT5G27670,0,0,0,0,4,5
AT4G25890,0,0,0,0,4,7
AT1G71040,0,0,0,2,4,0
AT1G61093,0,0,0,0,4,0
AT1G48620,0,0,0,0,4,5
AT1G26480,0,0,0,0,4,0
AT1G09050,0,0,0,0,4,6
AT1G09040,0,0,0,0,4,5
AT1G04000,0,0,0,0,4,4
AT3G09500,2,0,0,0,3,4
AT5G45140,0,0,0,0,3,2
AT4G10750,0,0,0,0,3,0
AT4G02990,0,0,0,0,3,2
AT3G54900,0,0,0,0,3,2
AT3G27010,0,0,0,0,3,0
AT1G80750,0,0,0,0,3,4
AT1G67750,0,0,0,0,3,0
AT1G13320,0,0,0,0,3,4
AT5G04800,3,0,0,2,2,2
AT3G10610,3,0,0,2,2,2
AT2G05220,3,0,0,2,2,2
AT2G04390,3,0,0,2,2,2
AT2G07715,2,0,0,0,2,2
AT5G56710,0,0,0,0,2,0
AT5G48810,0,0,0,0,2,0
AT5G11580,0,0,0,0,2,0
AT5G11470,0,0,0,0,2,4
AT5G04130,0,0,0,0,2,0
AT4G37210,0,0,0,0,2,0
AT4G26230,0,0,0,0,2,0
AT4G17560,0,0,0,0,2,3
AT4G05410,0,0,0,0,2,0
AT4G03120,0,0,0,0,2,0
AT3G60820,0,0,0,0,2,0
AT3G55350,0,0,0,0,2,4
AT3G10270,0,0,0,0,2,0
AT3G07030,0,0,0,0,2,2
AT3G02080,0,0,0,0,2,3
AT2G40360,0,0,0,0,2,0
AT2G39700,0,0,0,0,2,3
AT2G30260,0,0,0,0,2,2
AT2G19740,0,0,0,0,2,0
AT2G18220,0,0,0,0,2,0
AT1G77470,0,0,0,0,2,0
AT1G18850,0,0,0,0,2,0
AT1G17580,0,0,0,0,2,0
AT5G37640,4,0,0,0,0,0
AT5G20620,4,0,0,0,0,0
AT5G03240,4,0,0,0,0,0
AT4G05320,4,0,0,0,0,0
AT4G05050,4,0,0,0,0,0
AT4G02890,4,0,0,0,0,0
AT3G52590,4,0,0,0,0,0
AT2G36170,4,0,0,0,0,0
AT2G35635,4,0,0,0,0,0
AT1G65350,4,0,0,0,0,0
AT1G55060,4,0,0,0,0,0
AT5G07530,3,0,0,2,0,0
AT4G30220,3,0,0,0,0,2
AT4G26870,3,0,0,2,0,0
AT3G11400,3,0,0,0,0,2
AT2G37990,3,0,0,0,0,0
AT1G19880,3,0,0,0,0,0
AT5G67030,2,0,0,0,0,0
AT5G65260,2,0,0,0,0,0
AT5G60360,2,0,0,0,0,0
AT5G60340,2,0,0,2,0,0
AT5G24400,2,0,0,2,0,0
AT5G16450,2,0,0,0,0,0
AT5G08610,2,0,0,0,0,0
AT4G21460,2,0,0,0,0,0
AT4G01480,2,0,0,0,0,0
AT3G29075,2,0,0,0,0,0
AT3G18240,2,0,0,0,0,0
AT3G06480,2,0,0,0,0,0
AT2G34040,2,0,0,0,0,0
AT2G31980,2,0,0,0,0,0
AT2G30000,2,0,0,0,0,0
AT2G24020,2,0,0,0,0,0
AT1G21065,2,0,0,0,0,0
AT1G16610,2,0,0,0,0,0
AT1G14000,2,0,0,0,0,0
AT1G10200,2,0,0,0,0,0
AT1G07170,2,0,0,0,0,0
AT5G66420,0,0,0,3,0,0
AT5G52840,0,0,0,3,0,0
AT5G45990,0,0,0,2,0,2
AT5G40200,0,0,0,0,0,2
AT5G23535,0,0,0,0,0,2
AT5G18190,0,0,0,2,0,0
AT5G16130,0,0,0,3,0,0
AT5G06910,0,0,0,0,0,2
AT5G03290,0,0,0,0,0,3
AT5G02560,0,0,0,0,0,3
AT4G35800,0,0,0,0,0,3
AT4G34740,0,0,0,2,0,0
AT4G26630,0,0,0,0,0,3
AT4G26390,0,0,0,2,0,0
AT4G14455,0,0,0,0,0,3
AT4G03430,0,0,0,0,0,3
AT4G01897,0,0,0,2,0,0
AT3G62820,0,0,0,0,0,2
AT3G61860,0,0,0,22,0,0
AT3G56130,0,0,0,0,0,2
AT3G54340,0,0,0,0,0,2
AT3G52500,0,0,0,0,0,3
AT3G49601,0,0,0,2,0,0
AT3G23450,0,0,0,2,0,0
AT3G23390,0,0,0,0,0,2
AT3G12050,0,0,0,3,0,0
AT3G11940,0,0,0,0,0,3
AT3G10220,0,0,0,0,0,2
AT3G05070,0,0,0,0,0,2
AT3G02560,0,0,0,0,0,2
AT3G01980,0,0,0,0,0,2
AT2G38270,0,0,0,0,0,2
AT2G37270,0,0,0,0,0,3
AT2G37020,0,0,0,0,0,2
AT2G34640,0,0,0,2,0,0
AT2G29570,0,0,0,0,0,2
AT2G29540,0,0,0,0,0,2
AT2G16950,0,0,0,0,0,2
AT2G16570,0,0,0,2,0,0
AT2G14170,0,0,0,3,0,0
AT2G02010,0,0,0,0,0,2
AT2G01520,0,0,0,2,0,0
AT1G69120,0,0,0,2,0,0
AT1G62380,0,0,0,0,0,2
AT1G61870,0,0,0,0,0,2
AT1G54100,0,0,0,0,0,2
AT1G51560,0,0,0,2,0,0
AT1G32490,0,0,0,0,0,2
AT1G31812,0,0,0,2,0,0
AT1G31730,0,0,0,0,0,2
AT1G17220,0,0,0,2,0,0
AT1G16740,0,0,0,0,0,2
AT1G09140,0,0,0,0,0,2
AT1G05720,0,0,0,0,0,3
AT1G05190,0,0,0,0,0,3
AT1G01080,0,0,0,0,0,2
AT3G14420,0,2,11,0,0,3
AT1G09340,2,2,9,4,2,4
AT5G55220,2,2,9,2,0,0
AT2G24200,0,2,8,0,5,5
AT3G03250,0,2,8,2,2,0
AT3G50820,0,2,8,2,0,0
AT1G79550,0,2,8,0,0,0
AT1G53310,0,2,8,0,0,2
AT2G47730,2,2,7,6,6,4
AT5G62300,0,2,7,2,5,4
AT3G45030,0,2,7,2,5,4
AT2G34420,4,2,7,0,4,2
AT1G29930,4,2,7,0,4,2
AT1G29920,4,2,7,0,4,2
AT1G29910,4,2,7,0,4,2
AT2G24940,3,2,7,5,2,0
AT2G29320,3,2,7,5,0,0
AT4G27090,4,2,6,6,7,12
AT5G27640,0,2,6,2,6,5
AT3G47370,0,2,6,0,4,3
AT2G16600,0,2,6,4,2,0
AT1G03475,0,2,6,0,2,0
AT1G08200,5,2,6,4,0,3
AT2G45640,0,2,6,0,0,2
AT2G38540,0,2,6,2,0,2
AT1G17745,0,2,6,2,0,0
AT2G39990,0,2,5,0,3,0
AT3G54470,2,2,5,4,2,4
AT5G48480,4,2,5,2,0,0
AT3G60240,2,2,5,2,0,0
AT5G55730,0,2,5,0,0,3
AT5G20950,0,2,5,0,0,0
AT4G04640,0,2,5,0,0,0
AT3G52140,0,2,5,2,0,0
AT3G17940,0,2,5,0,0,0
AT3G07100,0,2,5,0,0,2
AT2G37040,0,2,5,0,0,3
AT2G04842,0,2,5,0,0,0
AT4G30930,0,2,4,0,4,4
AT3G49680,3,2,4,3,3,4
AT5G09660,0,2,4,2,3,3
AT4G23680,0,2,4,2,2,2
AT1G12780,2,2,4,2,0,2
AT5G28840,0,2,4,0,0,2
AT4G36250,0,2,4,0,0,0
AT4G02290,0,2,4,2,0,0
AT3G63140,0,2,4,2,0,0
AT3G60830,0,2,4,4,0,2
AT3G19170,0,2,4,2,0,0
AT3G16830,0,2,4,3,0,0
AT2G41740,0,2,4,0,0,3
AT3G21110,0,2,3,0,6,6
AT4G35100,2,2,3,2,4,4
AT3G61110,2,2,3,3,4,4
AT2G45710,2,2,3,3,4,4
AT5G42100,0,2,3,0,4,0
AT5G27120,2,2,3,3,3,0
AT3G16650,2,2,3,4,3,2
AT1G68560,2,2,3,2,3,3
AT1G15730,0,2,3,0,3,2
AT1G06020,4,2,3,0,2,2
AT5G35680,2,2,3,2,2,0
AT4G36740,0,2,3,4,2,0
AT1G70320,0,2,3,2,2,3
AT1G53645,0,2,3,0,2,2
AT1G48830,0,2,3,0,2,4
AT4G08350,3,2,3,0,0,2
AT4G16500,2,2,3,2,0,0
AT3G51800,2,2,3,0,0,0
AT1G49760,2,2,3,2,0,0
AT5G49650,0,2,3,0,0,0
AT5G43060,0,2,3,0,0,0
AT5G28500,0,2,3,0,0,0
AT5G22330,0,2,3,0,0,0
AT5G19370,0,2,3,2,0,0
AT5G01600,0,2,3,0,0,0
AT2G36870,0,2,3,0,0,5
AT2G29310,0,2,3,2,0,2
AT2G18170,0,2,3,3,0,0
AT2G05830,0,2,3,0,0,0
AT1G48050,0,2,3,0,0,0
AT4G30330,0,2,2,2,3,3
AT4G02840,0,2,2,0,3,5
AT2G47990,0,2,2,0,3,5
AT1G25490,0,2,2,0,3,2
AT1G19520,6,2,2,2,2,3
ATMG00560,2,2,2,2,2,3
AT5G41770,2,2,2,2,2,5
AT5G09880,3,2,2,0,0,0
AT1G18070,3,2,2,0,0,3
AT1G73600,2,2,2,2,0,0
AT1G29370,2,2,2,2,0,0
AT1G29350,2,2,2,2,0,0
AT5G05010,0,2,2,0,0,0
AT4G01290,0,2,2,0,0,0
AT3G60300,0,2,2,6,0,4
AT2G43550,0,2,2,2,0,0
AT2G43530,0,2,2,2,0,0
AT2G35840,0,2,2,0,0,2
AT2G31750,0,2,2,0,0,0
AT2G26210,0,2,2,0,0,0
AT2G25970,0,2,2,0,0,0
AT1G74850,0,2,2,0,0,0
AT1G72970,0,2,2,0,0,0
AT1G20330,0,2,2,0,0,0
AT1G09010,0,2,2,0,0,2
AT5G59870,0,2,0,0,4,4
AT4G02770,0,2,0,0,4,2
AT1G03130,0,2,0,0,4,2
AT3G58140,3,2,0,3,3,0
AT3G44850,2,2,0,2,3,0
AT3G13200,0,2,0,3,3,2
AT1G10620,0,2,0,2,3,0
AT5G40040,3,2,0,0,2,3
AT1G16870,2,2,0,0,2,3
AT5G46070,0,2,0,0,2,2
AT3G16780,0,2,0,2,2,2
AT3G06610,0,2,0,0,2,0
AT2G19490,0,2,0,2,2,2
AT5G64200,4,2,0,0,0,0
AT5G02610,3,2,0,3,0,0
AT4G31180,3,2,0,2,0,0
AT5G56350,2,2,0,2,0,3
AT1G43690,2,2,0,0,0,0
ATMG00080,0,2,0,0,0,2
ATCG00740,0,2,0,0,0,0
AT5G64250,0,2,0,0,0,4
AT5G56950,0,2,0,0,0,0
AT5G46630,0,2,0,0,0,0
AT5G44710,0,2,0,2,0,0
AT5G43900,0,2,0,0,0,2
AT5G36210,0,2,0,0,0,0
AT5G19150,0,2,0,0,0,0
AT5G13780,0,2,0,0,0,0
AT5G13310,0,2,0,0,0,0
AT5G12940,0,2,0,0,0,3
AT5G11490,0,2,0,0,0,0
AT5G05980,0,2,0,0,0,0
AT5G05920,0,2,0,2,0,0
AT5G05620,0,2,0,0,0,0
AT4G32551,0,2,0,0,0,0
AT4G31840,0,2,0,0,0,0
AT4G29670,0,2,0,0,0,0
AT4G28706,0,2,0,0,0,0
AT4G28090,0,2,0,0,0,0
AT4G11175,0,2,0,0,0,0
AT4G08900,0,2,0,3,0,0
AT4G04920,0,2,0,0,0,0
AT3G61650,0,2,0,0,0,0
AT3G60370,0,2,0,0,0,0
AT3G60190,0,2,0,0,0,3
AT3G57870,0,2,0,0,0,0
AT3G57520,0,2,0,0,0,2
AT3G55605,0,2,0,0,0,0
AT3G52640,0,2,0,0,0,0
AT3G50500,0,2,0,0,0,0
AT3G48170,0,2,0,0,0,0
AT3G14120,0,2,0,0,0,0
AT3G12270,0,2,0,0,0,0
AT3G12170,0,2,0,0,0,0
AT3G06980,0,2,0,0,0,0
AT3G06350,0,2,0,0,0,0
AT2G41790,0,2,0,0,0,0
AT2G35390,0,2,0,0,0,0
AT2G35020,0,2,0,0,0,2
AT2G34470,0,2,0,2,0,0
AT2G30620,0,2,0,0,0,0
AT2G22400,0,2,0,0,0,0
AT2G22125,0,2,0,0,0,0
AT1G77750,0,2,0,0,0,0
AT1G76850,0,2,0,0,0,0
AT1G73180,0,2,0,0,0,0
AT1G72550,0,2,0,0,0,0
AT1G65260,0,2,0,0,0,0
AT1G63810,0,2,0,0,0,0
AT1G60780,0,2,0,0,0,0
AT1G59760,0,2,0,0,0,0
AT1G49670,0,2,0,0,0,0
AT1G31070,0,2,0,0,0,2
AT1G30680,0,2,0,0,0,0
AT1G30530,0,2,0,0,0,0
AT1G21630,0,2,0,0,0,3
AT1G18490,0,2,0,0,0,0
AT1G14830,0,2,0,0,0,3
AT1G12470,0,2,0,0,0,0
AT1G09830,0,2,0,0,0,0
AT1G06760,0,2,0,2,0,3
AT5G20720,3,3,14,4,0,2
AT5G14740,6,3,13,3,6,4
AT4G37930,0,3,12,0,0,2
AT1G79690,5,3,11,4,4,8
AT4G31990,0,3,10,0,3,4
AT3G14990,0,3,10,3,2,5
AT1G73230,3,3,9,4,2,2
AT3G02930,7,3,8,7,3,2
AT1G02050,2,3,8,2,0,5
AT4G27440,0,3,8,4,0,3
AT4G22240,0,3,8,3,0,5
AT4G20050,0,3,8,0,0,0
AT5G55070,4,3,7,5,5,7
AT5G45620,3,3,7,2,2,0
AT4G11820,3,3,7,5,2,2
AT3G12490,3,3,7,6,2,0
AT3G58500,3,3,6,4,3,5
AT2G42500,3,3,6,4,3,5
AT4G26910,2,3,6,5,3,3
AT3G02110,2,3,6,3,3,2
AT1G59610,0,3,6,4,3,5
AT4G34870,2,3,6,2,2,3
AT5G23940,0,3,6,0,2,0
AT1G29880,0,3,6,0,2,3
AT1G12050,4,3,5,4,4,4
AT3G28900,2,3,5,4,4,7
AT4G29510,2,3,5,4,2,3
AT3G56150,0,3,5,4,2,4
AT3G06860,0,3,5,0,2,2
AT3G04260,0,3,5,0,2,4
AT2G16940,5,3,5,0,0,0
AT5G02240,2,3,5,0,0,0
AT2G43090,2,3,5,5,0,2
AT5G54770,0,3,5,0,0,3
AT4G19006,0,3,5,2,0,0
AT4G17830,0,3,5,0,0,0
AT3G57290,0,3,5,3,0,2
AT3G54050,0,3,5,0,0,0
AT2G30860,0,3,5,0,0,0
AT1G80460,0,3,5,0,0,0
AT1G23820,0,3,5,3,0,0
AT5G22880,0,3,4,2,11,6
AT1G07790,0,3,4,2,11,6
AT2G28720,0,3,4,2,10,5
AT4G02230,2,3,4,2,5,3
AT1G02813,3,3,4,0,4,3
AT3G46040,0,3,4,0,4,2
AT2G36580,2,3,4,4,3,2
AT1G07770,2,3,4,2,3,2
AT5G59890,0,3,4,2,3,3
AT3G06050,3,3,4,3,2,2
AT3G52200,2,3,4,5,2,0
AT3G13460,2,3,4,2,2,0
AT2G38580,5,3,4,4,0,3
AT2G31390,4,3,4,0,0,3
AT1G07440,3,3,4,0,0,2
AT5G59850,2,3,4,2,0,2
AT3G48560,2,3,4,0,0,0
AT5G63840,0,3,4,0,0,0
AT5G59910,0,3,4,2,0,0
AT5G11670,0,3,4,0,0,0
AT5G07740,0,3,4,7,0,0
AT5G01650,0,3,4,3,0,0
AT4G32760,0,3,4,2,0,0
AT4G26110,0,3,4,0,0,4
AT3G52960,0,3,4,0,0,2
AT3G46030,0,3,4,2,0,0
AT3G45980,0,3,4,2,0,0
AT2G47710,0,3,4,0,0,2
AT2G39080,0,3,4,2,0,0
AT2G37220,0,3,4,0,0,0
AT2G19480,0,3,4,0,0,0
AT2G18790,0,3,4,0,0,0
AT1G65980,0,3,4,2,0,0
AT1G18270,0,3,4,0,0,0
AT3G62840,4,3,3,3,6,6
AT2G47640,4,3,3,3,6,6
AT4G38130,3,3,3,0,4,5
AT3G47650,2,3,3,2,4,4
AT3G56910,3,3,3,3,3,4
AT4G29410,2,3,3,0,3,4
AT4G27000,0,3,3,2,3,4
AT3G23620,0,3,3,2,3,2
AT2G18740,0,3,3,3,3,4
AT1G71260,0,3,3,5,3,2
AT5G47210,4,3,3,3,2,3
AT5G22580,4,3,3,4,2,3
AT2G04520,3,3,3,2,2,0
AT3G52990,2,3,3,4,2,2
AT5G52360,0,3,3,0,2,2
AT4G35460,0,3,3,2,2,4
AT4G25590,0,3,3,0,2,3
AT4G21100,0,3,3,0,2,0
AT4G15802,0,3,3,2,2,3
AT3G08947,0,3,3,0,2,3
AT5G67510,3,3,3,0,0,4
AT5G07350,2,3,3,0,0,2
AT5G04360,2,3,3,0,0,0
AT1G32580,2,3,3,3,0,0
AT5G61410,0,3,3,2,0,0
AT5G50850,0,3,3,0,0,4
AT4G39200,0,3,3,0,0,0
AT4G28980,0,3,3,0,0,0
AT3G52180,0,3,3,0,0,2
AT3G18165,0,3,3,2,0,2
AT3G10740,0,3,3,3,0,0
AT2G41475,0,3,3,4,0,2
AT2G39770,0,3,3,3,0,0
AT1G74030,0,3,3,0,0,2
AT1G29260,0,3,3,3,0,0
AT1G27970,0,3,3,0,0,2
AT5G09500,0,3,2,0,10,10
AT1G17370,2,3,2,0,5,5
AT2G19730,3,3,2,2,4,4
AT5G51550,2,3,2,2,4,6
AT5G66860,0,3,2,3,4,4
AT5G49980,0,3,2,0,4,3
AT1G76300,0,3,2,0,4,2
AT2G46140,3,3,2,4,3,3
AT1G13270,2,3,2,0,3,0
AT4G15410,0,3,2,0,3,0
AT3G23780,0,3,2,0,3,2
AT1G70200,0,3,2,0,3,4
AT1G13690,0,3,2,2,3,4
AT1G09020,0,3,2,0,3,2
AT5G28050,0,3,2,0,2,3
AT5G60980,2,3,2,0,0,4
ATCG00470,0,3,2,0,0,4
ATCG00170,0,3,2,2,0,0
AT5G63980,0,3,2,0,0,0
AT5G47320,0,3,2,0,0,0
AT5G43960,0,3,2,0,0,4
AT5G24520,0,3,2,2,0,3
AT4G39680,0,3,2,0,0,2
AT4G33250,0,3,2,0,0,0
AT4G32640,0,3,2,0,0,0
AT4G28730,0,3,2,0,0,0
AT4G26300,0,3,2,0,0,0
AT3G18090,0,3,2,0,0,0
AT3G13870,0,3,2,0,0,0
AT3G08943,0,3,2,0,0,2
AT2G44040,0,3,2,2,0,0
AT1G35580,0,3,2,0,0,0
AT5G22650,4,3,0,0,16,10
AT1G15440,2,3,0,2,5,6
AT3G06670,0,3,0,0,3,2
AT5G63680,2,3,0,2,2,2
AT5G59810,0,3,0,0,2,2
AT3G45190,0,3,0,3,2,0
AT3G01180,0,3,0,0,2,2
AT1G04530,3,3,0,3,0,0
AT3G13570,2,3,0,2,0,0
AT5G64670,0,3,0,0,0,2
AT5G54900,0,3,0,4,0,4
AT5G44320,0,3,0,0,0,0
AT5G20070,0,3,0,2,0,0
AT5G17440,0,3,0,0,0,0
AT5G14920,0,3,0,0,0,2
AT4G38460,0,3,0,0,0,0
AT4G24800,0,3,0,0,0,0
AT4G20980,0,3,0,0,0,0
AT4G19710,0,3,0,0,0,0
AT4G18905,0,3,0,0,0,0
AT4G17770,0,3,0,0,0,0
AT4G08870,0,3,0,3,0,0
AT4G04020,0,3,0,2,0,0
AT3G54960,0,3,0,0,0,0
AT3G53990,0,3,0,0,0,0
AT3G44680,0,3,0,0,0,0
AT3G25150,0,3,0,0,0,0
AT3G17900,0,3,0,0,0,0
AT3G11500,0,3,0,0,0,0
AT3G07050,0,3,0,0,0,2
AT3G04470,0,3,0,0,0,2
AT2G47970,0,3,0,0,0,0
AT2G47580,0,3,0,0,0,2
AT2G30970,0,3,0,0,0,0
AT2G23930,0,3,0,0,0,0
AT1G79340,0,3,0,3,0,0
AT1G70810,0,3,0,0,0,0
AT1G68020,0,3,0,0,0,0
AT1G22060,0,3,0,0,0,0
AT1G11430,0,3,0,0,0,0
AT1G06670,0,3,0,0,0,2
AT1G06110,0,3,0,0,0,0
AT5G08640,5,4,14,5,6,9
AT4G10340,0,4,14,2,0,0
AT5G48300,2,4,11,5,5,7
AT1G04810,6,4,11,5,2,2
AT1G08520,2,4,10,3,3,2
AT4G26530,5,4,8,4,2,0
AT2G44160,0,4,8,2,0,0
AT1G69620,5,4,7,4,9,10
AT1G50480,0,4,7,3,3,0
AT5G01410,4,4,7,5,2,2
AT5G57870,2,4,7,0,2,0
AT4G05180,0,4,7,5,0,0
AT1G77180,3,4,6,4,8,5
AT4G30800,5,4,6,4,6,10
AT4G23600,2,4,6,7,5,6
AT3G63490,2,4,6,5,3,4
AT1G75270,0,4,6,0,3,2
AT1G14610,0,4,6,0,2,2
AT2G34730,5,4,6,5,0,0
AT3G55120,4,4,6,0,0,2
AT3G14240,0,4,5,0,7,9
AT4G09020,4,4,5,5,5,5
AT1G72610,0,4,5,6,5,4
AT5G64260,0,4,5,7,4,5
AT5G59880,0,4,5,3,4,3
AT2G13560,0,4,5,5,4,5
AT3G02780,5,4,5,7,3,4
AT3G61820,5,4,5,5,2,3
AT1G06680,3,4,5,4,2,2
AT4G34110,2,4,5,5,2,3
AT1G56580,2,4,5,0,2,3
AT5G48180,5,4,5,3,0,2
AT4G16130,3,4,5,2,0,0
AT5G44020,2,4,5,6,0,0
AT2G44350,2,4,5,4,0,0
AT3G14210,0,4,5,0,0,2
AT5G30510,2,4,4,0,4,2
AT5G25780,0,4,4,0,4,4
AT4G26900,0,4,4,4,4,3
AT3G27740,5,4,4,2,3,4
AT4G21710,0,4,4,0,3,4
AT1G12230,0,4,4,4,3,2
AT1G09760,0,4,4,0,3,2
AT2G40060,6,4,4,5,2,4
AT1G30120,2,4,4,3,2,3
AT1G09430,0,4,4,0,2,2
AT2G38230,3,4,4,2,0,0
AT1G79530,3,4,4,0,0,0
AT1G17880,3,4,4,3,0,0
AT5G25757,2,4,4,0,0,0
AT5G25754,2,4,4,0,0,0
AT3G25050,2,4,4,0,0,0
AT5G62350,0,4,4,3,0,2
AT5G47870,0,4,4,0,0,2
AT4G24620,0,4,4,2,0,0
AT2G43750,0,4,4,2,0,3
AT2G41500,0,4,4,0,0,0
AT2G21060,0,4,4,0,0,3
AT1G75350,0,4,4,2,0,3
AT1G65440,0,4,4,0,0,3
AT1G62390,0,4,4,0,0,0
AT5G09440,0,4,3,4,4,6
AT3G54210,4,4,3,2,3,5
AT3G06580,2,4,3,2,3,5
AT4G00490,0,4,3,3,3,2
AT3G12700,3,4,3,3,2,3
AT1G71840,3,4,3,3,2,0
AT3G04790,2,4,3,0,2,0
AT2G35490,2,4,3,5,2,2
AT5G47690,0,4,3,0,2,4
AT2G40290,0,4,3,3,2,2
AT2G36130,0,4,3,0,2,4
AT2G18230,0,4,3,0,2,0
AT2G30050,6,4,3,5,0,0
AT4G29840,2,4,3,0,0,0
AT2G35240,2,4,3,3,0,0
AT5G58490,0,4,3,2,0,0
AT5G56600,0,4,3,3,0,2
AT5G14520,0,4,3,2,0,0
AT3G46010,0,4,3,0,0,0
AT1G12920,0,4,3,0,0,0
AT1G04270,0,4,2,3,11,11
AT3G16080,4,4,2,3,5,6
AT2G33800,4,4,2,3,5,5
AT1G52300,4,4,2,3,5,6
AT1G15250,4,4,2,3,5,5
AT3G06530,3,4,2,0,4,6
AT5G20920,0,4,2,0,4,2
AT5G55000,2,4,2,2,3,5
AT1G11650,2,4,2,4,3,3
AT3G22110,2,4,2,2,2,2
AT3G43300,0,4,2,0,2,2
AT3G17020,0,4,2,2,2,2
AT1G62640,0,4,2,2,2,5
AT1G07830,0,4,2,0,2,4
AT2G44530,2,4,2,4,0,3
AT5G51280,0,4,2,0,0,0
AT4G26760,0,4,2,0,0,2
AT3G57890,0,4,2,2,0,0
AT3G18790,0,4,2,0,0,0
AT1G74040,0,4,2,0,0,3
AT4G02430,4,4,0,0,3,5
AT5G08570,3,4,0,2,2,2
AT5G38470,2,4,0,2,2,0
AT3G28790,0,4,0,0,2,3
AT2G27880,0,4,0,0,2,2
ATMG00090,0,4,0,0,0,0
AT5G65010,0,4,0,0,0,0
AT5G63650,0,4,0,0,0,2
AT5G61970,0,4,0,0,0,3
AT5G42820,0,4,0,0,0,0
AT5G28900,0,4,0,2,0,0
AT5G28850,0,4,0,2,0,0
AT5G14320,0,4,0,0,0,0
AT1G70290,0,4,0,0,0,0
AT1G14650,0,4,0,0,0,0
AT2G35370,0,5,22,4,4,4
AT5G49460,9,5,16,7,6,6
AT4G13930,0,5,14,2,6,6
AT3G19980,3,5,13,2,5,3
AT5G55160,2,5,13,3,4,5
AT5G66570,0,5,12,2,0,0
AT3G09790,4,5,11,6,11,15
AT5G62790,2,5,11,3,7,9
AT4G18040,3,5,11,7,4,5
AT1G50200,0,5,11,0,3,2
AT1G65930,2,5,11,0,0,2
AT4G34200,6,5,9,0,9,8
AT3G06850,0,5,9,8,3,5
AT1G18080,4,5,8,6,13,14
AT3G01340,3,5,8,8,4,4
AT2G17420,3,5,8,7,3,5
AT4G24130,0,5,8,5,2,2
AT3G03950,6,5,8,3,0,0
AT1G26880,5,5,7,5,8,7
AT5G46430,3,5,7,5,6,5
AT5G14240,0,5,7,6,6,0
AT4G24820,5,5,7,6,5,4
AT1G30630,3,5,7,5,5,0
AT4G21860,5,5,7,6,4,7
AT2G42910,0,5,7,4,4,7
AT1G17100,3,5,7,6,3,3
AT4G14880,0,5,7,2,3,4
AT3G56490,8,5,7,6,2,5
AT5G42980,4,5,7,4,2,4
AT3G53110,4,5,7,3,2,3
AT1G62940,4,5,7,2,0,6
AT5G63570,0,5,7,2,0,3
AT2G34160,7,5,6,8,7,10
AT1G54080,0,5,6,0,6,6
AT5G45775,4,5,6,7,5,6
AT4G18730,4,5,6,7,5,6
AT3G58700,4,5,6,7,5,6
AT2G42740,4,5,6,7,5,6
AT2G42590,7,5,6,6,4,5
AT4G02930,0,5,6,4,4,2
AT1G04170,4,5,6,0,2,3
AT5G06060,2,5,6,2,0,0
AT4G13430,2,5,6,2,0,4
AT1G18500,0,5,6,2,0,3
AT4G07410,0,5,5,0,5,3
AT1G02690,7,5,5,5,4,6
ATCG00750,2,5,5,5,4,4
AT5G12110,4,5,5,4,3,3
AT4G09800,3,5,5,3,3,7
AT1G62820,3,5,5,5,3,4
AT1G34030,3,5,5,3,3,7
AT1G22780,3,5,5,3,3,7
AT5G16960,0,5,5,4,3,0
AT3G16520,0,5,5,2,2,5
AT3G10690,0,5,5,3,2,6
AT1G43190,5,5,5,4,0,5
AT4G34850,2,5,5,2,0,3
AT5G64370,0,5,5,4,0,0
AT3G05420,0,5,5,2,0,0
AT3G18035,4,5,4,6,7,7
AT2G18900,0,5,4,5,5,4
AT1G80930,0,5,4,2,4,2
AT1G18250,3,5,4,5,3,4
AT3G22310,0,5,4,3,3,4
AT1G69940,0,5,4,0,3,6
AT1G64790,0,5,4,2,3,5
AT1G60200,5,5,4,8,2,3
AT5G47770,4,5,4,5,2,3
AT4G14716,4,5,4,0,2,5
AT4G14710,4,5,4,0,2,5
AT5G64270,0,5,4,3,2,4
AT5G59160,0,5,4,0,2,4
AT1G04110,0,5,4,4,2,2
AT5G19440,4,5,4,5,0,0
AT1G68540,0,5,4,0,0,0
AT5G56290,3,5,3,7,4,4
AT3G44590,2,5,3,6,4,5
AT3G21140,0,5,3,2,4,6
AT4G21110,0,5,3,0,3,2
AT2G03750,4,5,3,4,2,2
AT2G34590,2,5,3,4,2,3
AT3G57410,0,5,3,2,0,0
AT1G54220,0,5,3,0,0,3
AT5G09510,0,5,2,4,12,12
AT3G15000,3,5,2,4,6,5
AT5G28740,6,5,2,3,5,7
AT2G20060,0,5,2,3,5,5
AT3G21540,0,5,2,0,3,3
AT2G13540,2,5,2,0,0,3
AT5G08590,0,5,2,0,0,2
AT3G42850,0,5,2,0,0,0
AT3G13300,0,5,2,0,0,0
AT2G43710,0,5,2,0,0,0
AT1G27310,0,5,2,2,0,5
AT5G47190,3,5,0,0,5,4
AT4G04940,2,5,0,0,4,7
AT5G02810,0,5,0,0,2,2
ATCG01300,2,5,0,0,0,2
ATCG00840,2,5,0,0,0,2
AT4G36680,0,5,0,0,0,0
AT4G11010,0,5,0,2,0,0
AT2G44710,0,5,0,2,0,0
AT2G37690,0,5,0,0,0,2
AT1G50670,0,5,0,0,0,0
AT1G32060,4,6,16,9,4,6
AT5G50920,7,6,16,6,0,3
AT3G48870,4,6,14,3,2,2
AT4G26840,4,6,13,5,4,4
AT3G47520,2,6,13,3,3,4
AT3G02230,2,6,12,2,4,5
AT5G60790,6,6,10,8,5,6
AT2G21330,6,6,10,8,3,7
AT4G35830,2,6,10,5,3,4
AT1G12840,6,6,9,7,7,8
AT5G39740,0,6,9,6,5,8
AT1G18450,2,6,8,2,7,9
AT5G22770,0,6,8,3,5,6
AT3G55620,0,6,8,5,4,4
AT3G25520,0,6,8,7,4,6
AT5G40370,2,6,8,6,3,4
AT5G15650,2,6,8,2,3,5
AT4G38740,2,6,8,0,3,2
AT4G10480,4,6,8,5,2,2
AT3G14067,0,6,7,3,11,8
AT5G23740,7,6,7,5,10,13
AT1G26910,6,6,7,9,8,10
AT5G67630,7,6,7,5,6,6
AT5G52920,3,6,7,5,4,5
AT5G22780,0,6,7,2,4,5
AT1G48600,4,6,7,11,3,3
AT5G67360,0,6,7,0,3,5
AT5G61790,0,6,7,0,2,2
AT3G48730,2,6,7,4,0,4
AT5G59970,5,6,6,6,20,26
AT5G59690,5,6,6,6,20,26
AT3G53730,5,6,6,6,20,26
AT3G46320,5,6,6,6,20,26
AT3G45930,5,6,6,6,20,26
AT2G28740,5,6,6,6,20,26
AT1G07820,5,6,6,6,20,26
AT1G07660,5,6,6,6,20,26
AT3G09680,2,6,6,5,13,10
AT5G36880,5,6,6,3,7,5
AT5G16750,3,6,6,0,6,4
AT5G46290,5,6,6,4,5,5
ATCG00780,2,6,6,6,4,8
AT5G05780,0,6,6,4,4,5
AT1G48920,7,6,6,6,3,3
AT5G16440,6,6,6,8,3,3
AT1G12310,3,6,6,5,3,4
AT2G38400,0,6,6,0,3,5
AT1G02150,0,6,6,2,3,0
AT2G45600,3,6,6,3,0,3
AT3G02760,0,6,6,0,0,0
AT3G06810,0,6,5,3,8,7
AT1G52980,0,6,5,4,5,6
AT1G10290,0,6,5,2,5,6
AT1G75950,3,6,5,5,4,4
AT4G05420,0,6,5,3,4,3
ATCG00770,0,6,5,5,3,3
AT4G37510,0,6,5,3,3,9
AT1G05520,3,6,5,2,2,5
AT2G05120,2,6,5,3,0,3
AT4G02150,4,6,4,5,7,7
AT1G74970,2,6,4,4,5,7
AT5G07410,0,6,4,0,4,7
AT2G33430,0,6,4,6,4,4
AT3G44340,0,6,4,3,2,3
AT1G12000,0,6,4,0,2,0
AT2G47940,2,6,4,2,0,2
AT4G31810,0,6,3,4,6,4
AT3G54930,0,6,3,3,3,0
AT4G17190,5,6,3,5,2,4
AT1G31230,0,6,2,3,2,0
AT5G03650,2,6,2,3,0,2
AT1G78580,2,6,2,3,0,3
AT4G23460,0,6,2,0,0,5
AT4G11380,0,6,2,0,0,4
AT1G08980,0,6,2,0,0,0
AT3G59480,3,6,0,3,5,5
AT3G62310,2,6,0,0,3,3
ATMG00290,0,6,0,2,3,2
AT2G07734,0,6,0,2,3,2
AT1G06720,0,6,0,0,3,4
AT4G21660,0,6,0,0,2,2
AT2G42710,2,6,0,0,0,4
AT5G07470,0,6,0,2,0,0
AT1G60770,0,6,0,0,0,4
AT3G60750,2,7,25,2,8,13
AT1G19570,3,7,16,6,4,7
AT1G50370,3,7,15,4,3,2
AT2G05710,2,7,13,5,2,7
AT3G56340,6,7,12,10,14,18
AT1G33140,4,7,12,8,8,7
AT1G33120,4,7,12,8,8,7
ATCG00810,3,7,11,5,7,4
AT3G18130,3,7,11,6,6,10
AT5G48230,3,7,11,2,4,6
AT2G13360,3,7,11,3,3,9
AT1G48630,6,7,10,5,6,9
AT3G26060,3,7,10,4,5,7
AT5G08690,0,7,10,0,4,5
AT5G08680,0,7,10,0,4,5
AT5G08670,0,7,10,0,4,5
AT1G53500,9,7,9,6,9,9
AT1G02780,6,7,9,6,9,9
AT3G55440,6,7,9,7,8,9
AT1G67680,0,7,9,4,7,7
AT4G11420,2,7,9,2,6,4
AT5G14670,6,7,9,7,4,5
AT3G62290,6,7,9,7,4,5
AT2G47170,6,7,9,7,4,5
AT1G70490,6,7,9,7,4,5
AT1G23490,6,7,9,7,4,5
AT1G10630,6,7,9,7,4,5
AT1G64520,0,7,9,7,4,4
AT3G58610,0,7,9,2,3,4
AT2G47240,3,7,9,3,2,3
AT1G57660,5,7,8,4,7,5
AT3G42170,0,7,8,6,5,6
AT2G27030,9,7,8,6,4,4
AT3G56800,0,7,8,6,4,4
AT1G80490,0,7,8,6,4,3
AT2G43790,3,7,8,9,3,3
AT5G43940,0,7,8,4,0,4
AT1G56110,0,7,7,5,16,8
AT2G44060,3,7,7,6,6,6
AT5G35980,5,7,7,8,5,6
AT5G39320,4,7,7,3,4,6
AT1G17290,4,7,7,3,4,4
AT1G07360,5,7,7,8,3,6
AT3G07770,4,7,7,3,3,3
AT1G47128,3,7,7,4,0,3
AT1G30580,2,7,7,2,0,0
AT5G02960,3,7,6,6,14,11
AT3G14100,0,7,6,0,12,14
AT5G65430,4,7,6,5,6,6
AT5G05730,2,7,6,7,5,5
AT5G13420,3,7,6,5,4,5
AT2G41530,3,7,6,6,4,3
AT4G00570,0,7,6,0,4,5
AT2G03850,7,7,6,8,3,2
AT4G09010,0,7,6,5,3,3
AT5G22060,3,7,6,3,2,0
AT5G20630,0,7,6,2,0,4
AT1G74960,0,7,6,5,0,0
AT3G27850,7,7,5,7,9,9
AT3G27830,7,7,5,7,9,9
AT2G37600,5,7,5,7,7,7
AT5G13510,4,7,5,4,7,7
ATCG01240,3,7,5,3,6,6
ATCG00900,3,7,5,3,6,6
AT1G24510,4,7,5,3,5,8
AT1G60810,2,7,5,4,3,0
ATCG00190,0,7,4,3,2,4
AT1G60900,2,7,4,0,0,0
AT5G02450,4,7,3,8,8,8
AT1G06410,2,7,3,0,6,7
AT4G38630,6,7,3,4,4,3
AT2G28950,4,7,3,3,4,4
AT1G70310,0,7,3,3,2,0
AT3G13160,0,7,2,2,7,7
AT3G02650,0,7,2,0,2,5
AT5G21274,9,7,0,0,4,4
AT3G43810,9,7,0,0,4,4
AT3G18000,2,7,0,4,0,2
AT5G04140,0,8,20,7,5,7
AT3G12780,6,8,18,6,6,7
AT5G52470,5,8,16,8,10,8
AT3G10850,3,8,15,8,5,5
AT1G24020,7,8,14,6,5,6
AT1G31340,4,8,13,8,17,21
AT3G06650,9,8,13,7,6,7
AT1G72370,6,8,12,11,5,10
AT1G45000,4,8,11,12,13,10
AT4G00100,9,8,11,9,12,12
AT2G46280,4,8,11,5,8,9
AT1G10580,4,8,11,10,7,7
AT1G14410,6,8,11,9,5,5
AT5G15490,5,8,11,5,4,9
AT5G35530,6,8,10,12,11,11
AT3G04400,4,8,10,6,10,10
AT2G33370,4,8,10,6,10,10
AT1G04480,4,8,10,6,10,10
AT3G14790,8,8,10,7,9,9
AT4G39260,7,8,10,11,6,4
AT2G30110,0,8,10,3,6,9
AT2G02740,7,8,10,8,5,6
AT2G23350,6,8,10,10,4,3
AT1G29250,9,8,9,10,11,10
AT5G28060,5,8,9,7,10,9
AT4G29350,4,8,9,9,7,7
AT1G80480,2,8,9,6,6,5
AT5G16840,7,8,9,8,3,5
AT4G01370,3,8,9,6,3,4
ATCG00790,6,8,8,8,10,8
AT1G10670,2,8,8,4,9,7
AT1G09690,5,8,8,4,8,5
AT1G09590,5,8,8,4,8,5
AT2G42520,10,8,8,8,7,8
ATCG00800,4,8,8,6,6,6
AT5G13650,2,8,8,2,6,4
AT4G24510,4,8,8,5,2,0
AT5G23540,2,8,8,8,2,4
AT1G09770,6,8,7,10,7,9
AT4G29340,3,8,7,5,7,6
AT2G19760,5,8,7,7,6,6
AT1G79990,10,8,7,8,4,6
AT1G73380,4,8,6,8,3,2
AT1G16350,2,8,6,3,2,3
AT5G62270,5,8,5,7,6,5
AT3G51240,2,8,5,7,4,2
AT2G16780,4,8,5,4,2,5
AT3G62120,0,8,5,0,0,3
AT3G53740,6,8,4,7,8,8
AT4G14570,0,8,4,2,0,0
AT1G32200,0,8,4,3,0,4
AT1G20580,2,8,3,5,6,5
AT3G50670,4,8,2,3,5,8
AT3G49080,0,8,2,0,5,5
AT2G47250,2,8,0,0,4,5
AT1G42970,15,9,20,10,8,9
AT3G03530,8,9,18,9,10,10
AT2G05990,4,9,18,6,8,11
AT3G62250,4,9,16,9,19,24
AT2G47110,4,9,16,9,19,24
AT4G25630,5,9,16,8,9,6
AT5G43330,4,9,16,11,0,8
AT1G23410,4,9,15,9,18,23
AT2G19520,5,9,14,11,8,6
AT2G33210,7,9,14,10,6,11
AT1G79930,0,9,13,5,11,13
AT5G35360,0,9,13,11,7,7
ATCG00500,2,9,12,8,5,9
AT1G27090,5,9,12,7,3,2
AT5G61780,4,9,12,5,0,0
AT3G60770,10,9,11,9,13,13
AT5G43010,5,9,11,12,13,10
AT1G68010,7,9,11,12,8,10
AT2G20760,7,9,11,10,7,5
AT4G20360,7,9,11,8,6,7
AT1G27400,4,9,10,9,10,18
AT3G22230,12,9,10,10,9,12
AT1G11860,5,9,10,8,4,4
AT1G09620,0,9,10,4,3,9
AT4G38510,2,9,10,0,0,2
AT1G11910,4,9,9,9,9,9
AT1G04510,8,9,9,7,8,10
AT4G23920,9,9,9,7,6,6
AT1G60710,7,9,9,3,4,4
AT1G15750,0,9,9,6,3,3
AT2G09990,2,9,8,8,4,7
AT4G18100,7,9,7,6,6,6
AT5G18380,4,9,7,9,5,8
AT4G29010,2,9,7,4,3,0
AT5G39850,4,9,6,8,13,14
AT1G50920,3,9,6,4,10,10
AT3G14310,8,9,6,7,9,5
AT5G06290,4,9,6,6,9,10
AT5G52820,6,9,5,8,7,7
AT1G05460,7,9,5,7,5,7
AT2G19770,0,9,4,4,7,7
AT4G13400,3,9,0,0,0,0
AT1G52030,4,10,18,8,7,10
AT3G01500,7,10,17,7,8,8
AT1G79920,2,10,15,6,12,14
AT5G48880,2,10,15,9,7,8
AT3G29360,7,10,14,9,9,10
AT2G39800,6,10,14,11,8,9
AT2G26080,2,10,13,5,4,10
AT3G23990,6,10,13,9,3,7
AT1G65960,0,10,13,7,0,6
AT1G04680,3,10,12,5,11,11
AT5G20010,12,10,12,8,9,10
AT1G75990,6,10,12,8,5,8
AT2G33150,5,10,12,7,5,7
AT5G26360,5,10,12,6,2,6
ATCG00660,8,10,11,7,11,9
AT1G75930,7,10,11,3,8,6
AT1G29150,3,10,11,7,8,11
ATCG00120,9,10,11,10,7,8
AT1G52040,0,10,11,5,7,10
AT2G40840,7,10,11,12,6,7
AT3G62530,6,10,11,9,5,7
AT1G76030,2,10,11,0,0,2
AT1G20260,2,10,11,0,0,2
AT1G67430,3,10,10,8,12,21
AT3G04920,7,10,10,9,10,9
AT3G51000,6,10,10,10,8,6
AT5G57290,8,10,10,7,4,11
AT1G80410,5,10,10,4,2,5
AT3G63095,5,10,9,10,8,8
AT3G61240,3,10,9,8,8,6
AT1G01090,4,10,9,5,6,9
AT3G18190,2,10,9,9,6,5
AT5G65750,4,10,9,7,5,7
AT1G07320,4,10,8,10,12,12
AT4G18480,6,10,8,5,4,5
AT3G20050,7,10,8,7,2,5
AT3G05060,4,10,7,5,7,5
AT5G44500,3,10,7,6,2,6
AT4G20440,3,10,7,6,2,6
AT4G08950,4,10,6,6,9,7
AT4G01310,2,10,6,6,8,8
AT3G57610,2,10,5,4,5,4
AT5G67320,5,10,4,6,7,5
AT4G24780,2,10,3,7,11,9
AT5G60960,3,10,2,3,2,6
AT5G47010,3,10,0,3,2,2
ATCG00480,4,11,25,6,8,7
AT2G28190,12,11,20,15,8,12
AT5G23900,6,11,14,9,6,11
AT5G60670,11,11,13,12,11,22
AT4G29040,4,11,13,9,9,12
AT2G20140,4,11,13,9,9,12
AT5G10450,7,11,11,11,8,7
AT1G63660,4,11,10,8,6,11
AT4G00810,4,11,9,10,11,12
AT4G28470,11,11,9,9,8,12
AT1G14810,3,11,9,4,7,10
AT4G00660,3,11,7,5,8,11
AT5G40270,5,11,7,5,3,4
AT3G53030,9,11,4,10,10,6
AT5G10920,0,11,4,4,4,6
AT5G48900,4,12,24,12,21,18
AT1G71220,5,12,18,4,6,8
AT3G48930,12,12,16,10,12,18
AT3G63460,6,12,16,6,7,11
AT5G20830,4,12,16,10,6,6
AT5G56500,10,12,16,12,5,9
AT1G23310,7,12,15,8,10,10
AT2G47510,6,12,15,12,8,7
AT2G27040,3,12,14,6,5,7
AT3G53870,10,12,13,16,14,14
AT3G16640,8,12,13,10,7,8
AT3G25530,5,12,13,10,7,9
AT1G20220,5,12,12,15,13,15
AT3G57490,4,12,11,8,11,16
AT4G34360,4,12,11,10,8,11
AT2G45810,5,12,10,10,14,9
AT3G19760,7,12,10,9,9,9
AT4G22010,5,12,9,6,7,15
AT3G22330,7,12,9,7,5,8
AT4G36690,5,12,9,6,4,8
AT5G47700,0,12,8,6,15,17
AT5G09650,7,12,8,8,14,13
AT3G15980,9,12,8,13,6,8
AT1G10050,5,12,8,8,4,8
AT5G09900,5,12,6,5,2,4
AT1G07070,9,12,0,6,10,12
AT2G28000,14,13,25,11,7,7
AT3G53430,12,13,16,14,16,27
AT2G37190,12,13,16,14,16,27
AT4G25130,11,13,16,10,10,12
AT2G31610,9,13,15,16,15,17
AT2G32730,13,13,14,10,8,7
ATCG00380,11,13,12,11,8,15
AT1G06000,5,13,12,9,7,7
AT5G13520,2,13,12,8,7,9
AT4G08390,8,13,12,12,5,9
AT5G03470,4,13,11,11,3,4
AT1G77940,7,13,10,10,16,17
AT4G15900,2,13,10,7,12,11
AT3G44110,6,13,10,5,5,3
AT1G04690,4,13,7,8,6,8
AT5G35630,8,14,25,15,14,12
AT1G22300,3,14,20,12,13,15
AT1G20020,7,14,19,16,16,16
AT5G58290,9,14,19,16,11,11
AT3G59970,5,14,17,7,6,8
AT3G49010,11,14,16,14,13,16
AT1G75910,5,14,16,9,12,16
AT5G06600,5,14,16,9,11,10
AT5G19510,13,14,15,13,8,10
AT1G09100,9,14,14,12,11,11
AT4G15000,13,14,12,16,14,14
AT3G55700,4,14,12,10,2,5
AT1G01100,5,14,11,8,19,22
AT3G58510,8,14,9,11,16,16
AT3G14600,6,14,9,10,12,17
AT4G13170,5,14,9,10,9,11
AT2G43770,12,14,9,10,5,9
AT1G52360,10,14,8,13,8,10
AT5G16070,3,14,8,8,8,7
AT3G22960,3,14,8,8,8,8
AT5G63420,9,14,6,9,6,9
AT3G11964,2,14,0,4,17,10
AT3G11250,0,14,0,15,8,13
AT3G13580,9,15,24,12,16,16
AT3G25920,10,15,22,8,17,23
AT3G23810,5,15,21,9,12,15
AT4G38970,8,15,19,10,13,18
AT2G36460,12,15,17,12,14,10
AT5G16050,6,15,17,12,12,14
AT4G21280,7,15,17,11,8,8
AT2G01140,7,15,16,11,10,9
AT1G70600,11,15,15,13,17,16
AT1G23290,11,15,15,13,17,16
AT3G11630,6,15,15,11,15,15
AT4G39660,6,15,15,10,10,13
AT5G36160,8,15,15,12,9,13
AT4G34450,2,15,15,5,8,10
AT1G26630,11,15,15,13,7,12
AT5G02790,13,15,15,17,6,11
AT1G14320,6,15,14,15,18,17
AT3G49430,12,15,14,14,12,14
AT2G18110,5,15,14,9,5,5
AT1G66580,7,15,13,12,19,18
AT1G48410,10,15,12,8,7,10
AT3G11830,5,15,12,8,3,6
ATCG01310,16,15,11,16,22,24
ATCG00830,16,15,11,16,22,24
AT1G12910,5,15,8,10,4,8
AT5G55230,7,15,7,5,8,9
AT5G20890,8,16,28,11,10,12
AT5G20000,5,16,23,18,18,18
AT1G07890,17,16,20,16,13,21
AT1G78900,7,16,20,4,11,11
AT2G42100,11,16,19,12,11,11
AT2G28790,10,16,18,16,14,14
AT3G02520,6,16,18,16,12,14
AT5G66190,8,16,17,9,11,9
AT3G16950,6,16,15,13,14,13
AT5G24420,7,16,14,15,14,14
AT3G07010,5,16,13,11,17,17
AT1G78300,9,16,12,10,16,18
AT1G74270,9,16,12,7,15,19
AT3G12145,8,17,24,18,19,20
AT4G31700,9,17,23,11,17,18
AT5G65770,18,17,23,19,10,15
AT5G65780,18,17,22,18,9,14
AT3G13490,10,17,17,16,11,13
AT3G16470,3,17,16,11,14,10
AT4G31490,9,17,16,16,12,9
AT3G52580,19,17,15,14,17,19
AT4G34670,9,17,15,15,17,18
AT5G56740,13,17,15,11,11,14
AT3G55220,2,17,14,7,10,19
AT3G55200,2,17,14,7,10,19
AT1G16030,13,17,13,17,27,23
AT3G57560,4,17,13,15,14,11
AT3G49910,17,17,12,15,17,14
AT5G15200,9,17,12,16,17,20
AT3G55750,9,17,12,8,15,19
AT1G61580,8,17,11,12,16,22
AT1G41880,9,17,11,9,15,16
AT2G37230,5,17,11,14,15,18
AT1G69740,12,17,11,12,14,14
AT1G35160,7,17,11,10,11,11
AT5G48760,7,17,10,14,13,14
AT3G55760,4,17,9,9,5,8
AT3G03780,7,18,26,14,16,21
AT4G33010,7,18,24,11,12,17
AT1G78630,16,18,21,14,17,23
AT2G05920,8,18,20,11,17,24
AT1G78570,12,18,20,12,10,15
AT1G20200,12,18,20,12,7,9
AT1G62020,8,18,19,11,11,19
AT4G37800,12,18,18,21,17,13
AT4G16155,7,18,18,14,13,14
AT3G13930,7,18,18,14,13,13
AT4G31480,9,18,17,15,14,10
AT1G76010,7,18,16,14,24,26
AT2G27720,11,18,16,7,14,17
AT2G32080,10,18,15,13,14,15
AT3G18740,8,18,15,8,12,13
AT4G01850,10,18,14,20,15,18
AT3G55280,8,18,13,14,16,15
AT2G39460,8,18,13,14,16,15
AT3G02530,5,18,10,11,10,10
AT5G56000,14,19,33,16,13,19
AT5G19990,6,19,25,19,18,18
AT2G38770,2,19,19,14,18,23
AT1G34430,10,19,19,15,16,20
AT3G11910,8,19,18,14,18,19
AT2G36160,20,19,17,14,18,21
AT3G55410,5,19,17,14,12,19
AT3G11510,19,19,16,15,18,20
AT1G02840,13,19,16,12,17,18
AT1G72730,15,19,13,15,15,18
AT3G03960,9,19,13,13,10,9
AT3G07110,9,19,10,15,17,19
AT4G20850,13,20,28,17,4,9
AT2G44120,14,20,26,15,20,21
AT1G12900,10,20,25,15,16,18
AT4G36130,17,20,24,15,22,26
AT5G38430,10,20,23,14,21,25
AT1G64740,13,20,19,18,16,25
AT2G21660,20,20,15,18,12,16
AT5G11710,10,20,14,11,8,11
AT5G10360,10,20,13,13,17,19
AT1G29900,3,20,11,13,11,12
AT2G36620,6,20,9,10,15,14
AT4G13940,9,21,34,10,19,23
AT1G53750,8,21,27,9,7,6
AT1G18540,23,21,24,21,24,29
AT4G09000,10,21,22,15,18,18
AT4G24280,7,21,20,23,42,39
AT3G05530,10,21,19,17,18,19
AT1G20630,10,21,19,21,13,17
AT1G02500,11,21,18,20,19,21
AT4G34980,10,21,17,13,17,21
AT5G09590,13,21,16,22,18,16
AT5G43990,4,21,14,16,7,9
AT5G56030,16,22,37,18,13,23
AT4G33680,19,22,23,20,13,19
AT3G55800,9,22,22,18,11,12
AT5G38480,7,22,20,13,12,13
AT4G38680,4,22,20,13,12,16
AT2G38040,6,22,17,12,12,12
AT2G33340,6,22,14,12,22,14
AT1G29965,5,22,13,12,19,23
AT1G29970,0,22,13,12,19,23
AT5G56010,15,23,36,18,13,21
AT5G49910,6,23,25,21,36,37
AT5G06850,9,23,25,21,12,13
AT2G21390,13,23,24,17,11,21
AT5G65730,15,23,21,19,14,12
AT1G13880,6,23,19,11,16,17
AT3G04840,16,24,44,24,24,25
AT3G26650,13,24,32,19,20,19
AT1G04410,6,24,27,19,14,19
AT2G18020,19,24,26,20,28,29
AT1G35680,10,24,18,18,22,20
AT3G24830,14,24,18,20,18,21
AT2G19070,10,24,18,15,16,19
AT4G17390,14,24,17,18,19,20
AT4G16720,14,24,17,18,19,20
AT3G02260,7,24,16,10,12,21
AT2G46610,19,24,4,0,0,0
AT2G01250,11,25,35,20,28,32
AT1G36160,11,25,32,18,15,21
AT1G52400,9,25,27,20,24,24
AT1G09270,12,25,26,20,13,16
AT3G46520,21,25,25,19,19,19
AT3G55870,14,25,25,23,19,21
AT2G23390,13,25,25,25,17,15
AT2G04030,15,25,22,17,20,18
AT3G03570,5,25,18,15,11,11
AT3G53020,7,25,10,12,17,16
AT5G22440,14,26,28,19,24,26
AT3G25860,12,26,25,19,16,27
AT2G20580,17,26,20,22,19,26
AT3G46970,12,27,70,36,21,34
AT5G17920,10,27,39,17,26,34
AT2G24270,9,27,32,25,13,12
AT3G17390,19,27,29,24,26,27
AT3G06720,16,27,29,27,23,22
AT1G13440,14,27,26,21,22,22
AT3G04120,14,27,25,21,23,23
AT2G43030,10,27,20,17,32,33
AT2G27710,15,27,18,20,21,28
AT4G37910,15,27,17,26,22,22
AT5G38410,13,28,33,20,24,27
AT3G09820,19,28,29,22,24,29
AT3G23600,10,28,27,19,27,18
AT5G20290,20,28,23,26,27,33
AT1G54270,18,28,22,22,17,23
AT3G59770,3,28,19,19,21,22
AT5G03300,15,29,32,18,19,28
AT5G26000,6,29,28,15,28,28
AT5G07090,21,29,23,17,31,37
AT2G17360,21,29,23,17,31,37
AT3G28500,14,29,23,19,22,27
AT5G58420,21,29,22,17,28,36
AT2G34480,11,29,19,17,24,34
AT3G53750,20,30,34,21,24,25
AT2G37620,20,30,34,21,24,25
AT3G13470,17,30,31,26,20,23
AT1G08360,22,30,30,26,31,34
AT4G35090,11,30,28,23,17,17
AT1G74050,25,30,27,28,35,38
AT1G74060,24,30,27,28,35,38
AT1G06220,12,30,19,20,24,21
AT3G05590,18,30,17,17,18,23
AT5G38420,13,31,37,20,28,32
AT2G27530,22,31,26,24,25,32
AT1G59359,10,31,24,17,24,36
AT1G58983,10,31,24,17,24,36
AT1G58684,10,31,24,17,24,36
AT1G58380,10,31,24,17,24,36
AT5G11200,13,31,22,25,27,31
AT5G11170,13,31,22,25,27,31
AT1G01300,15,31,20,23,26,39
AT1G67090,16,32,35,19,27,30
AT1G55490,17,32,33,26,20,25
AT5G03340,13,32,30,22,29,29
AT3G12110,24,32,30,24,23,25
AT2G41840,12,32,26,22,24,32
AT3G13920,19,32,24,21,18,23
AT5G63110,8,32,18,21,30,31
AT3G52930,24,33,42,24,25,21
AT1G30230,7,33,33,22,18,28
AT1G75940,16,33,28,24,30,28
AT1G69830,14,33,26,27,19,28
AT1G09640,10,34,28,17,12,17
AT5G60390,30,35,32,31,26,30
AT1G07940,30,35,32,31,26,30
AT1G07930,30,35,32,31,26,30
AT1G07920,30,35,32,31,26,30
AT5G27850,22,35,20,25,25,34
AT3G45140,25,36,53,36,31,38
AT3G09880,26,36,28,27,20,15
AT2G36530,16,36,25,26,27,30
AT5G28540,39,37,46,46,51,56
AT3G09840,14,37,37,27,33,35
AT5G25980,9,38,41,29,29,33
AT3G09200,12,38,23,26,27,35
AT5G60100,25,38,13,18,27,35
AT5G42020,39,39,44,42,49,53
AT3G20820,14,39,32,32,41,54
AT5G19780,24,40,34,28,26,38
AT5G19770,24,40,34,28,26,38
AT1G57720,19,41,38,31,19,19
AT3G09630,28,42,51,37,40,55
AT5G02870,27,42,47,37,41,53
AT3G29410,24,42,45,39,37,37
AT1G20620,19,42,44,36,34,39
AT3G18780,27,42,34,30,25,34
AT1G49240,27,42,34,30,25,34
AT3G44300,26,43,48,46,28,26
AT5G09810,28,43,38,26,31,36
AT3G03540,33,45,52,42,35,44
AT4G29270,19,45,42,36,25,27
AT1G20960,18,47,37,39,34,40
AT1G75780,20,48,45,31,31,34
AT4G14960,26,48,44,36,35,43
AT1G50010,25,49,43,38,37,46
AT1G04820,25,49,43,38,37,46
AT2G36880,17,49,39,36,27,37
AT1G64880,31,49,28,38,39,42
AT3G12580,33,52,45,54,74,70
AT2G39730,20,52,43,39,41,43
AT1G80070,21,53,47,42,45,46
AT5G51750,30,55,53,44,50,61
AT5G12250,28,56,52,39,32,34
AT5G26710,47,57,56,50,48,41
AT2G40660,31,57,40,45,47,46
AT5G02490,36,59,58,68,87,79
AT1G20010,29,60,52,37,33,45
AT1G43170,35,60,50,42,59,75
AT2G47610,42,60,47,44,38,38
AT4G16143,39,63,60,58,48,57
AT3G62870,44,63,49,48,37,40
AT1G71080,31,63,47,50,70,47
AT1G56070,26,65,67,44,60,58
AT2G29560,29,65,57,56,44,50
AT4G20890,24,67,58,42,44,55
AT5G44340,26,69,59,41,44,60
AT3G08530,33,70,53,53,61,61
AT5G26742,34,73,56,56,62,76
AT5G35200,41,73,56,64,30,31
AT1G09780,35,73,53,41,74,71
AT3G11130,34,75,53,52,61,63
AT1G61850,46,76,77,75,36,58
AT3G44320,39,78,80,66,36,32
AT5G23860,33,79,73,47,54,62
AT2G29550,33,79,72,49,56,62
AT3G09440,48,80,75,97,119,105
AT5G62700,34,90,81,53,65,73
AT5G62690,34,90,81,53,65,73
AT1G52570,49,90,80,70,62,82
AT5G24770,16,100,101,80,114,125
AT5G02500,57,105,94,112,143,135
AT1G48120,57,112,82,81,73,86
AT3G44690,75,113,66,93,77,81
AT2G17630,46,125,78,67,113,136
AT4G10320,49,127,108,85,96,92
ATCG00490,60,154,158,98,116,132
AT3G15730,95,167,169,140,126,149
AT5G24780,26,175,137,98,177,221
AT1G19480,103,234,185,173,223,265
AT4G35630,55,246,143,114,205,251
AT3G08590,103,312,216,174,248,296
AT3G44310,285,507,560,541,237,288
AT4G25500,459,1237,1077,1042,1141,1291
