Protein,WT,WT,AT1G26540,AT1G26540,AT1G26540,AT1G26540,WT,WT
AT1G77270,0,0,0,0,77,83,2,0
AT5G22440,67942000,0,2,0,10,9,9,1
AT5G18000,0,0,0,0,9,9,0,0
AT5G60142,0,0,0,0,7,5,0,0
AT2G16570,0,0,1,0,5,3,0,0
AT1G74910,0,0,0,0,5,3,0,0
AT1G67730,0,0,0,0,5,3,0,0
AT5G63120,0,0,1,0,4,3,0,0
AT4G24830,0,0,1,0,4,3,0,0
AT1G30350,0,0,0,0,4,3,0,0
AT3G11964,0,0,2,0,4,0,0,0
AT1G07440,0,0,3,0,4,3,1,2
AT1G72810,0,0,7,0,4,1,2,0
AT1G20330,0,0,1,0,3,3,0,0
AT5G23610,0,0,0,0,3,3,0,0
AT1G11660,0,0,2,0,3,2,0,0
AT3G26560,0,0,1,0,3,2,0,0
AT3G06480,0,0,1,0,3,2,0,0
AT1G27450,0,0,1,0,3,2,0,0
AT5G18090,0,0,0,0,3,2,0,0
AT3G04260,0,0,3,0,3,1,0,0
AT3G02930,0,0,2,0,3,1,0,0
AT5G40650,0,0,1,0,3,1,0,0
AT5G13010,0,0,1,0,3,1,0,0
AT1G68590,0,0,1,0,3,1,0,0
AT5G10810,0,0,0,0,3,1,0,0
AT1G57750,0,0,0,0,3,1,0,0
AT5G19290,0,0,1,0,3,0,0,0
AT3G13350,0,0,1,0,3,0,0,0
AT3G07480,0,0,1,0,3,0,0,0
AT2G41140,0,0,1,0,3,0,0,0
AT1G18610,0,0,1,0,3,0,0,0
AT2G27820,0,0,4,0,3,1,1,0
AT3G52180,0,0,0,0,3,2,2,0
AT2G38660,0,9115200,7,0,3,2,2,2
AT1G66430,0,0,2,0,2,3,0,0
AT1G51760,0,0,1,0,2,3,0,0
AT5G41770,0,0,5,0,2,2,0,0
AT5G11490,0,0,1,0,2,2,0,0
AT3G47800,0,0,1,0,2,2,0,0
AT5G51110,0,0,0,0,2,2,0,0
AT4G14570,0,0,0,0,2,2,0,0
AT1G16340,0,0,0,0,2,2,0,0
AT5G28740,0,0,4,0,2,1,0,0
AT4G29830,0,0,3,0,2,1,0,0
AT4G28980,0,0,3,0,2,1,0,0
AT1G70820,0,0,3,0,2,1,0,0
AT4G39120,0,0,1,0,2,1,0,0
AT2G23740,0,0,1,0,2,1,0,0
AT5G01600,0,0,0,0,2,1,0,0
AT4G19150,0,0,0,0,2,1,0,0
AT4G13560,0,0,0,0,2,1,0,0
AT3G59650,0,0,0,0,2,1,0,0
AT3G57300,0,0,0,0,2,1,0,0
AT1G55150,0,0,0,0,2,1,0,0
AT1G16020,0,0,0,0,2,1,0,0
AT1G04870,0,0,3,0,2,0,0,0
AT3G09100,0,0,2,0,2,0,0,0
AT5G48030,0,0,1,0,2,0,0,0
AT5G42100,0,0,1,0,2,0,0,0
AT5G11040,0,0,1,0,2,0,0,0
AT1G12010,0,0,1,0,2,0,0,0
AT5G57110,0,0,0,0,2,0,0,0
AT1G25450,0,0,0,0,2,0,0,0
AT5G48960,0,0,0,0,2,0,0,1
AT5G46280,0,0,4,0,2,5,1,0
AT1G76810,0,0,4,0,2,2,1,0
AT1G69200,0,0,4,0,2,2,1,0
AT5G58100,0,0,2,0,2,2,1,0
AT4G02580,0,0,0,0,2,2,1,0
AT5G20060,0,0,0,0,2,2,1,1
AT1G17100,0,0,1,0,2,2,1,2
AT1G79750,0,0,2,0,2,1,1,0
AT3G12270,0,0,4,0,2,1,1,1
AT3G03590,0,0,0,0,2,0,1,0
AT3G28720,0,0,0,0,2,0,1,2
AT1G75900,0,0,1,0,2,1,2,0
AT2G20340,0,0,2,0,1,4,0,0
AT3G07880,0,0,3,0,1,2,0,0
AT1G76510,0,0,3,0,1,2,0,0
AT2G40300,0,0,2,0,1,2,0,0
AT2G30800,0,0,2,0,1,2,0,0
AT2G34250,0,0,1,0,1,2,0,0
AT2G21160,0,0,1,0,1,2,0,0
AT1G48480,0,0,1,0,1,2,0,0
AT1G41880,0,0,1,0,1,2,0,0
AT4G31610,0,0,0,0,1,2,0,0
AT3G23900,0,0,0,0,1,2,0,0
AT3G12370,0,0,0,0,1,2,0,0
AT2G32765,0,0,0,0,1,2,0,0
AT2G24580,0,0,0,0,1,2,0,0
AT1G80930,0,0,0,0,1,2,0,0
AT5G56500,0,0,3,0,1,2,0,1
AT1G75660,0,0,4,0,1,1,0,0
AT5G04360,0,0,3,0,1,1,0,0
AT2G04865,0,0,3,0,1,1,0,0
AT5G19820,0,0,2,0,1,1,0,0
AT5G06140,0,0,2,0,1,1,0,0
AT3G20000,0,0,2,0,1,1,0,0
AT3G19980,0,0,2,0,1,1,0,0
AT1G50510,0,0,2,0,1,1,0,0
AT1G31910,0,0,2,0,1,1,0,0
AT1G22920,0,0,2,0,1,1,0,0
AT5G66510,0,0,1,0,1,1,0,0
AT5G55600,0,0,1,0,1,1,0,0
AT5G19350,0,0,1,0,1,1,0,0
AT3G59760,0,0,1,0,1,1,0,0
AT3G11940,0,0,1,0,1,1,0,0
AT1G53520,0,0,1,0,1,1,0,0
AT1G03110,0,0,1,0,1,1,0,0
AT5G60140,0,0,0,0,1,1,0,0
AT5G48090,0,0,0,0,1,1,0,0
AT5G17530,0,0,0,0,1,1,0,0
AT4G31900,0,0,0,0,1,1,0,0
AT4G25050,0,0,0,0,1,1,0,0
AT4G11220,0,0,0,0,1,1,0,0
AT3G16170,0,0,0,0,1,1,0,0
AT3G02720,0,0,0,0,1,1,0,0
AT1G26170,0,0,0,0,1,1,0,0
AT1G16890,0,0,0,0,1,1,0,0
AT1G56110,0,0,4,0,1,0,0,0
AT3G18390,0,0,3,0,1,0,0,0
AT1G09130,0,0,3,0,1,0,0,0
AT5G56000,0,0,2,0,1,0,0,0
AT3G23940,0,0,2,0,1,0,0,0
AT3G21300,0,0,2,0,1,0,0,0
AT2G41060,0,0,2,0,1,0,0,0
AT2G35110,0,0,2,0,1,0,0,0
AT2G32900,0,0,2,0,1,0,0,0
AT2G05840,0,0,2,0,1,0,0,0
AT1G77670,0,0,2,0,1,0,0,0
AT1G30820,0,0,2,0,1,0,0,0
AT1G20370,0,0,2,0,1,0,0,0
AT1G17890,0,0,2,0,1,0,0,0
ATCG00670,0,0,1,0,1,0,0,0
AT5G60210,0,0,1,0,1,0,0,0
AT5G14720,0,0,1,0,1,0,0,0
AT4G38770,0,0,1,0,1,0,0,0
AT4G17770,0,0,1,0,1,0,0,0
AT3G52750,0,0,1,0,1,0,0,0
AT3G15880,0,0,1,0,1,0,0,0
AT3G11980,0,0,1,0,1,0,0,0
AT3G04650,0,0,1,0,1,0,0,0
AT2G47850,0,0,1,0,1,0,0,0
AT2G33430,0,0,1,0,1,0,0,0
AT2G20190,0,0,1,0,1,0,0,0
AT1G74210,0,0,1,0,1,0,0,0
AT1G60620,0,0,1,0,1,0,0,0
AT1G59760,0,0,1,0,1,0,0,0
AT1G48090,0,0,1,0,1,0,0,0
AT1G01510,0,0,1,0,1,0,0,0
AT5G17170,0,0,0,0,1,0,0,0
AT4G39860,0,0,0,0,1,0,0,0
AT4G38780,0,0,0,0,1,0,0,0
AT4G20020,0,0,0,0,1,0,0,0
AT3G61220,0,0,0,0,1,0,0,0
AT3G46000,0,0,0,0,1,0,0,0
AT3G18790,0,0,0,0,1,0,0,0
AT3G18070,0,0,0,0,1,0,0,0
AT2G43910,0,0,0,0,1,0,0,0
AT2G20450,0,0,0,0,1,0,0,0
AT5G47320,0,0,3,0,1,3,1,0
AT2G18790,0,0,1,0,1,3,1,0
AT1G66530,0,0,1,0,1,3,1,0
AT3G23660,0,0,0,0,1,3,1,0
AT3G48500,0,0,4,0,1,2,1,0
AT4G34920,0,0,1,0,1,2,1,0
AT2G17700,0,0,1,0,1,2,1,0
AT1G69800,0,0,1,0,1,2,1,0
AT1G14820,0,0,1,0,1,2,1,0
AT5G12470,0,0,0,0,1,2,1,0
AT3G53520,0,0,0,0,1,2,1,0
AT5G46630,0,0,1,0,1,2,1,1
AT5G24490,0,0,1,0,1,2,1,1
AT4G23630,0,0,0,0,1,2,1,1
AT1G07670,0,0,0,0,1,2,1,1
AT5G20490,0,0,4,0,1,1,1,0
AT5G23060,0,0,2,0,1,1,1,0
AT3G22300,0,0,1,0,1,1,1,0
AT3G20550,0,0,1,0,1,1,1,0
AT3G59010,0,0,0,0,1,1,1,0
AT3G17760,0,0,0,0,1,1,1,0
AT2G44100,0,0,0,0,1,1,1,0
AT1G74640,0,0,0,0,1,1,1,0
AT3G55010,0,0,0,0,1,1,1,1
AT2G19670,0,0,3,0,1,0,1,0
AT5G67280,0,0,0,0,1,0,1,0
AT5G47880,0,0,0,0,1,0,1,0
AT5G04600,0,0,0,0,1,0,1,0
AT4G25970,0,0,0,0,1,0,1,0
AT1G04710,0,0,3,0,1,4,2,0
AT5G14600,0,0,0,0,1,3,2,0
AT4G21580,0,0,0,0,1,2,2,0
AT1G42440,0,0,1,0,1,1,2,0
AT1G33410,0,0,4,0,1,1,2,2
AT5G49930,0,0,1,0,1,1,3,0
AT5G17870,0,0,0,0,0,3,0,0
AT4G12800,0,0,0,0,0,3,0,0
AT1G71830,0,0,0,0,0,3,0,0
AT4G18060,0,0,4,0,0,2,0,0
AT2G03150,0,0,4,0,0,2,0,0
AT5G57280,0,0,3,0,0,2,0,0
AT5G17050,0,0,2,0,0,2,0,0
AT4G21670,0,0,2,0,0,2,0,0
AT5G20240,0,0,1,0,0,2,0,0
AT3G46180,0,0,0,0,0,2,0,0
AT3G22220,0,0,6,0,0,1,0,0
AT4G29810,0,0,5,0,0,1,0,0
AT1G76850,0,0,4,0,0,1,0,0
AT5G23535,0,0,2,0,0,1,0,0
AT5G05470,0,0,2,0,0,1,0,0
AT5G03630,0,0,2,0,0,1,0,0
AT4G03020,0,0,2,0,0,1,0,0
AT3G07630,0,0,2,0,0,1,0,0
AT1G75330,0,0,2,0,0,1,0,0
AT4G16760,0,0,1,0,0,1,0,0
AT3G56190,0,0,1,0,0,1,0,0
AT3G15590,0,0,1,0,0,1,0,0
AT2G42690,0,0,1,0,0,1,0,0
AT2G37550,0,0,1,0,0,1,0,0
AT2G34680,0,0,1,0,0,1,0,0
AT2G24765,0,0,1,0,0,1,0,0
AT1G35470,0,0,1,0,0,1,0,0
AT1G10290,0,0,1,0,0,1,0,0
AT1G09870,0,0,1,0,0,1,0,0
AT1G09760,0,0,1,0,0,1,0,0
AT5G42740,0,0,0,0,0,1,0,0
AT4G13710,0,0,0,0,0,1,0,0
AT3G16110,0,0,0,0,0,1,0,0
AT3G06790,0,0,0,0,0,1,0,0
AT2G42005,0,0,0,0,0,1,0,0
AT2G32720,0,0,0,0,0,1,0,0
AT2G30490,0,0,0,0,0,1,0,0
AT1G66120,0,0,0,0,0,1,0,0
AT3G14180,0,0,3,0,0,1,0,1
AT5G22840,0,0,0,0,0,1,0,1
AT5G15770,0,0,2,0,0,1,0,2
AT4G27060,0,0,5,0,0,0,0,0
AT5G50320,0,0,4,0,0,0,0,0
AT1G73060,0,0,4,0,0,0,0,0
AT5G60340,0,0,3,0,0,0,0,0
AT5G53000,0,0,3,0,0,0,0,0
AT5G46420,0,0,3,0,0,0,0,0
AT5G45400,0,0,3,0,0,0,0,0
AT5G24350,0,0,3,0,0,0,0,0
AT3G61480,0,0,3,0,0,0,0,0
AT3G42660,0,0,3,0,0,0,0,0
AT2G45540,0,0,3,0,0,0,0,0
AT2G25910,0,0,3,0,0,0,0,0
AT2G22450,0,0,3,0,0,0,0,0
AT2G06510,0,0,3,0,0,0,0,0
AT1G78060,0,0,3,0,0,0,0,0
AT1G29370,0,0,3,0,0,0,0,0
AT5G21950,0,0,2,0,0,0,0,0
AT5G20200,0,0,2,0,0,0,0,0
AT5G08565,0,0,2,0,0,0,0,0
AT4G39080,0,0,2,0,0,0,0,0
AT4G34860,0,0,2,0,0,0,0,0
AT4G34215,0,0,2,0,0,0,0,0
AT4G29590,0,0,2,0,0,0,0,0
AT4G26300,0,0,2,0,0,0,0,0
AT3G62300,0,0,2,0,0,0,0,0
AT3G59040,0,0,2,0,0,0,0,0
AT3G54610,0,0,2,0,0,0,0,0
AT3G28760,0,0,2,0,0,0,0,0
AT3G22320,0,0,2,0,0,0,0,0
AT3G20740,0,0,2,0,0,0,0,0
AT3G15090,0,0,2,0,0,0,0,0
AT3G10050,0,0,2,0,0,0,0,0
AT3G07750,0,0,2,0,0,0,0,0
AT2G44860,0,0,2,0,0,0,0,0
AT2G38400,0,0,2,0,0,0,0,0
AT2G37990,0,0,2,0,0,0,0,0
AT2G30000,0,0,2,0,0,0,0,0
AT2G20790,0,0,2,0,0,0,0,0
AT1G59990,0,0,2,0,0,0,0,0
AT1G32730,0,0,2,0,0,0,0,0
AT1G22060,0,0,2,0,0,0,0,0
AT5G67240,0,0,1,0,0,0,0,0
AT5G60990,0,0,1,0,0,0,0,0
AT5G53530,0,0,1,0,0,0,0,0
AT5G25780,0,0,1,0,0,0,0,0
AT5G23120,0,0,1,0,0,0,0,0
AT5G19310,0,0,1,0,0,0,0,0
AT5G19010,0,0,1,0,0,0,0,0
AT5G16280,0,0,1,0,0,0,0,0
AT5G03340,0,0,1,0,0,0,0,0
AT5G02890,0,0,1,0,0,0,0,0
AT5G01770,0,0,1,0,0,0,0,0
AT5G01160,0,0,1,0,0,0,0,0
AT4G31160,0,0,1,0,0,0,0,0
AT4G29480,0,0,1,0,0,0,0,0
AT4G28706,0,0,1,0,0,0,0,0
AT4G27740,0,0,1,0,0,0,0,0
AT4G26690,0,0,1,0,0,0,0,0
AT3G63500,0,0,1,0,0,0,0,0
AT3G60250,0,0,1,0,0,0,0,0
AT3G55000,0,0,1,0,0,0,0,0
AT3G42790,0,0,1,0,0,0,0,0
AT3G33530,0,0,1,0,0,0,0,0
AT3G28920,0,0,1,0,0,0,0,0
AT3G20230,0,0,1,0,0,0,0,0
AT3G19240,0,0,1,0,0,0,0,0
AT3G14415,0,0,1,0,0,0,0,0
AT3G12810,0,0,1,0,0,0,0,0
AT3G04870,0,0,1,0,0,0,0,0
AT3G02190,0,0,1,0,0,0,0,0
AT3G01800,0,0,1,0,0,0,0,0
AT3G01780,0,0,1,0,0,0,0,0
AT3G01150,0,0,1,0,0,0,0,0
AT2G46370,0,0,1,0,0,0,0,0
AT2G45770,0,0,1,0,0,0,0,0
AT2G40590,0,0,1,0,0,0,0,0
AT2G38710,0,0,1,0,0,0,0,0
AT2G37020,0,0,1,0,0,0,0,0
AT2G31660,0,0,1,0,0,0,0,0
AT2G31410,0,0,1,0,0,0,0,0
AT2G29310,0,0,1,0,0,0,0,0
AT2G28450,0,0,1,0,0,0,0,0
AT2G09990,0,0,1,0,0,0,0,0
AT2G04690,0,0,1,0,0,0,0,0
AT1G64670,0,0,1,0,0,0,0,0
AT1G50500,0,0,1,0,0,0,0,0
AT1G30070,0,0,1,0,0,0,0,0
AT1G26910,0,0,1,0,0,0,0,0
AT1G13180,0,0,1,0,0,0,0,0
AT1G02140,0,0,1,0,0,0,0,0
AT1G01960,0,0,1,0,0,0,0,0
AT5G22580,0,0,1,0,0,0,0,1
AT3G44670,0,0,1,0,0,0,0,1
AT1G29940,0,0,1,0,0,0,0,1
AT1G16820,0,0,1,0,0,0,0,1
AT4G02520,0,0,0,0,0,0,0,2
AT3G59510,0,0,0,0,0,0,0,5
AT1G33960,0,0,0,0,0,0,0,23
AT3G53420,0,0,1,0,0,6,1,1
AT3G16410,0,0,2,0,0,4,1,0
AT4G22890,0,0,6,0,0,2,1,2
AT5G38640,0,0,1,0,0,1,1,0
AT5G51950,0,0,0,0,0,1,1,0
AT5G43500,0,0,0,0,0,1,1,0
AT5G23570,0,0,0,0,0,1,1,0
AT4G03110,0,0,0,0,0,1,1,0
AT5G49810,0,0,7,0,0,0,1,0
AT4G31790,0,0,3,0,0,0,1,0
AT2G20900,0,0,3,0,0,0,1,0
AT1G01350,0,0,3,0,0,0,1,0
AT5G53120,0,0,2,0,0,0,1,0
AT5G07420,0,0,2,0,0,0,1,0
AT3G50370,0,0,2,0,0,0,1,0
AT3G47850,0,0,2,0,0,0,1,0
AT1G31440,0,0,2,0,0,0,1,0
AT4G30210,0,0,1,0,0,0,1,0
AT3G18750,0,0,1,0,0,0,1,0
AT2G38730,0,0,1,0,0,0,1,0
AT5G09500,0,0,0,0,0,0,1,0
AT3G21290,0,0,0,0,0,0,1,0
AT2G41100,0,0,0,0,0,0,1,0
AT2G17442,0,0,0,0,0,0,1,0
AT1G23290,0,0,0,0,0,0,1,0
AT3G09980,0,0,1,0,0,0,1,5
AT5G45190,0,0,0,0,0,1,2,0
AT2G27810,0,0,0,0,0,1,2,0
AT5G02080,0,0,0,0,0,0,2,0
AT2G43970,0,0,4,0,0,0,3,0
AT4G15210,0,0,4,1,11,7,0,0
AT5G48230,0,0,3,1,7,2,5,1
AT1G09140,0,0,0,1,6,4,1,0
AT3G60300,0,0,8,1,6,4,2,2
AT5G56680,23586000,0,3,1,6,4,4,1
AT1G74000,22795000,0,4,1,6,9,6,1
AT5G13380,0,0,4,1,5,5,0,0
AT2G35840,0,0,2,1,5,4,0,0
AT5G13300,0,0,3,1,5,2,0,0
AT1G51980,0,0,5,1,5,0,0,1
AT2G45640,0,0,4,1,5,4,1,0
AT3G60370,0,0,3,1,5,2,1,0
AT3G06820,0,0,1,1,5,1,1,0
AT5G63860,0,0,3,1,5,1,2,1
AT1G75930,56214000,0,2,1,5,1,4,0
AT5G62670,0,0,3,1,4,6,0,0
AT1G49670,0,0,3,1,4,6,0,0
AT5G42020,0,0,4,1,4,5,0,0
AT5G55160,0,0,3,1,4,5,0,0
AT1G70710,0,0,2,1,4,3,0,0
AT3G29320,0,0,0,1,4,3,0,0
AT1G09210,0,0,3,1,4,3,0,1
AT5G40200,0,0,4,1,4,4,1,0
AT1G77470,0,0,4,1,4,2,1,0
ATCG00340,0,0,3,1,4,2,1,0
AT4G13170,0,0,0,1,4,0,1,0
AT5G26210,0,0,2,1,4,5,2,2
AT5G12940,0,0,3,1,4,4,2,0
AT5G35980,0,0,4,1,4,2,2,2
AT1G67680,0,0,2,1,4,1,3,0
AT3G55360,0,0,3,1,3,5,0,0
AT2G39330,0,0,1,1,3,4,0,0
AT3G08947,0,0,3,1,3,3,0,0
AT4G30720,0,0,2,1,3,3,0,0
AT4G26510,0,0,4,1,3,2,0,0
AT3G42960,0,0,4,1,3,2,0,0
AT5G46580,0,0,3,1,3,2,0,0
AT5G59890,0,0,2,1,3,2,0,0
AT2G34470,0,0,0,1,3,2,0,1
AT5G10540,0,0,3,1,3,1,0,0
AT4G30920,0,0,3,1,3,1,0,0
AT5G18550,0,0,2,1,3,0,0,0
AT5G58450,0,0,6,1,3,5,1,0
AT4G17560,0,0,4,1,3,4,1,0
AT1G14900,0,0,2,1,3,4,1,1
AT5G10260,0,0,1,1,3,3,1,2
AT1G56450,0,0,1,1,3,2,1,0
AT2G17265,0,0,2,1,3,2,1,1
AT3G58570,0,0,3,1,3,1,1,0
AT5G66860,0,0,1,1,3,1,1,0
AT5G40080,0,0,1,1,3,1,1,0
AT1G66240,0,0,1,1,3,1,1,0
AT1G64980,0,0,1,1,3,1,1,1
AT5G19180,0,0,1,1,3,2,2,0
AT5G60980,0,0,4,1,3,2,2,3
AT1G52760,0,0,1,1,3,1,2,0
AT3G16810,0,0,6,1,3,4,3,0
AT2G02790,0,0,3,1,3,0,4,0
ATCG00820,0,0,2,1,2,3,0,0
AT5G16960,0,0,2,1,2,3,0,0
AT3G57490,0,0,2,1,2,3,0,0
AT1G07830,0,0,2,1,2,3,0,0
ATCG01120,0,0,1,1,2,3,0,0
AT4G27690,0,0,4,1,2,2,0,0
AT3G49600,0,0,4,1,2,2,0,0
AT1G70410,0,0,4,1,2,2,0,0
AT2G44040,0,0,2,1,2,2,0,0
AT1G30530,0,0,2,1,2,2,0,0
AT1G10580,0,0,2,1,2,2,0,0
AT5G58220,0,0,1,1,2,2,0,0
AT5G54810,0,0,1,1,2,2,0,0
AT4G01800,0,0,1,1,2,2,0,0
AT2G38110,0,0,1,1,2,2,0,0
AT1G64040,0,0,1,1,2,2,0,0
AT2G19480,0,0,0,1,2,2,0,0
AT3G04290,0,0,3,1,2,1,0,0
AT4G01070,0,0,2,1,2,1,0,0
AT4G26370,0,0,1,1,2,1,0,0
AT3G58990,0,0,1,1,2,1,0,0
AT3G10220,0,0,0,1,2,1,0,0
AT1G31740,0,0,1,1,2,1,0,1
AT2G20330,0,0,4,1,2,0,0,0
AT5G64350,0,0,3,1,2,0,0,0
AT2G36190,0,0,3,1,2,0,0,0
AT4G24270,0,0,2,1,2,0,0,0
AT1G32470,0,0,2,1,2,0,0,0
AT1G20130,0,0,2,1,2,0,0,0
AT3G52990,0,0,1,1,2,0,0,0
AT3G13670,0,0,1,1,2,0,0,0
AT1G75510,0,0,1,1,2,0,0,0
AT1G10760,0,0,1,1,2,0,0,0
AT4G14430,0,0,0,1,2,0,0,0
AT3G47070,0,0,0,1,2,0,0,0
AT3G17900,0,0,0,1,2,0,0,0
AT3G61430,0,0,6,1,2,3,1,0
AT5G62600,0,0,5,1,2,3,1,0
AT3G03920,0,0,1,1,2,3,1,0
AT1G73600,0,0,1,1,2,3,1,0
AT2G41790,0,0,5,1,2,3,1,3
AT5G56030,0,0,4,1,2,2,1,0
AT5G20070,0,0,3,1,2,2,1,0
AT3G18040,0,0,2,1,2,2,1,0
AT5G55140,0,0,1,1,2,2,1,0
AT4G38890,0,0,2,1,2,1,1,0
AT3G06483,0,0,2,1,2,1,1,0
AT1G51160,0,0,2,1,2,1,1,0
ATCG01230,0,0,1,1,2,1,1,0
AT1G04530,0,0,1,1,2,1,1,0
AT1G74040,0,0,2,1,2,0,1,0
AT3G20680,0,0,1,1,2,0,1,0
AT3G42850,0,0,9,1,2,3,2,0
AT5G15110,0,0,3,1,2,3,2,0
ATMG00080,0,0,1,1,2,3,2,0
AT5G21326,0,0,3,1,2,2,2,0
AT1G13060,0,0,0,1,2,2,2,0
AT5G53300,0,0,2,1,2,2,2,1
AT2G47970,0,0,1,1,2,2,2,2
AT3G48750,0,0,2,1,2,1,2,0
AT2G44730,0,0,1,1,2,1,3,0
AT1G48850,11281000,0,4,1,2,1,3,2
AT1G07370,0,0,4,1,1,3,0,0
AT3G52730,0,0,3,1,1,3,0,0
AT5G41880,0,0,2,1,1,3,0,0
AT2G34560,0,0,2,1,1,3,0,0
AT2G01720,0,0,1,1,1,3,0,0
AT4G20050,0,0,4,1,1,2,0,0
AT1G68020,0,0,3,1,1,2,0,0
AT2G45620,0,0,2,1,1,2,0,0
AT5G53060,0,0,1,1,1,2,0,0
AT3G18860,0,0,1,1,1,2,0,0
AT2G42120,0,0,1,1,1,2,0,0
AT3G06410,0,0,0,1,1,2,0,0
AT5G62340,0,0,3,1,1,1,0,0
AT5G23210,0,0,3,1,1,1,0,0
AT4G21660,0,0,3,1,1,1,0,0
AT4G05530,0,0,3,1,1,1,0,0
AT2G20610,0,0,3,1,1,1,0,0
AT1G31070,0,0,3,1,1,1,0,0
AT5G67100,0,0,2,1,1,1,0,0
AT5G61720,0,0,2,1,1,1,0,0
AT5G54430,0,0,2,1,1,1,0,0
AT1G20910,0,0,2,1,1,1,0,0
AT1G17470,0,0,2,1,1,1,0,0
AT5G11340,0,0,1,1,1,1,0,0
AT4G32520,0,0,1,1,1,1,0,0
AT4G26970,0,0,1,1,1,1,0,0
AT3G54110,0,0,1,1,1,1,0,0
AT3G19120,0,0,1,1,1,1,0,0
AT2G01220,0,0,1,1,1,1,0,0
AT5G52360,0,0,0,1,1,1,0,0
AT5G47910,0,0,0,1,1,1,0,0
AT5G27740,0,0,0,1,1,1,0,0
AT3G49390,0,0,0,1,1,1,0,0
AT1G76080,0,0,0,1,1,1,0,0
AT1G60810,0,0,0,1,1,1,0,0
AT1G11750,0,0,3,1,1,1,0,1
AT5G21274,0,0,1,1,1,1,0,1
AT1G69940,0,0,1,1,1,1,0,1
AT5G06060,0,0,4,1,1,1,0,2
AT2G36130,0,0,2,1,1,1,0,3
AT5G13030,0,0,7,1,1,0,0,0
AT5G14250,0,0,6,1,1,0,0,0
AT2G34970,0,0,6,1,1,0,0,0
AT5G36210,0,0,4,1,1,0,0,0
AT3G63130,0,0,4,1,1,0,0,0
AT1G60070,0,0,4,1,1,0,0,0
ATCG00180,0,0,3,1,1,0,0,0
AT4G11240,0,0,3,1,1,0,0,0
AT1G01630,0,0,3,1,1,0,0,0
AT4G23620,0,0,2,1,1,0,0,0
AT4G22720,0,0,2,1,1,0,0,0
AT4G13360,0,0,2,1,1,0,0,0
AT3G57050,0,0,2,1,1,0,0,0
AT3G47810,0,0,2,1,1,0,0,0
AT3G19590,0,0,2,1,1,0,0,0
AT3G16480,0,0,2,1,1,0,0,0
AT3G10160,0,0,2,1,1,0,0,0
AT5G59420,0,0,1,1,1,0,0,0
AT4G22140,0,0,1,1,1,0,0,0
AT4G17950,0,0,1,1,1,0,0,0
AT4G17160,0,0,1,1,1,0,0,0
AT4G02510,0,0,1,1,1,0,0,0
AT3G10300,0,0,1,1,1,0,0,0
AT2G42810,0,0,1,1,1,0,0,0
AT2G32260,0,0,1,1,1,0,0,0
AT5G18190,0,0,0,1,1,0,0,0
AT4G38710,0,0,0,1,1,0,0,0
AT4G17060,0,0,0,1,1,0,0,0
AT3G43800,0,0,0,1,1,0,0,0
AT3G04830,0,0,0,1,1,0,0,0
AT3G04620,0,0,0,1,1,0,0,0
AT2G35390,0,0,0,1,1,0,0,0
AT2G15690,0,0,0,1,1,0,0,0
AT2G18100,0,0,1,1,1,0,0,2
AT3G48690,0,0,4,1,1,0,0,3
AT1G26570,0,0,3,1,1,5,1,0
AT2G16440,0,0,3,1,1,2,1,0
AT1G15270,0,0,2,1,1,2,1,0
AT5G58590,0,0,1,1,1,2,1,0
AT5G63890,0,0,3,1,1,2,1,1
AT1G04750,0,0,3,1,1,2,1,1
AT1G49480,0,0,0,1,1,2,1,1
AT5G13430,0,0,5,1,1,2,1,2
AT1G48520,0,0,5,1,1,1,1,0
AT4G32180,0,0,4,1,1,1,1,0
AT5G27030,0,0,3,1,1,1,1,0
AT1G80490,0,0,3,1,1,1,1,0
AT4G17050,0,0,2,1,1,1,1,0
AT4G03210,0,0,2,1,1,1,1,0
AT2G14285,0,0,2,1,1,1,1,0
AT1G60170,0,0,2,1,1,1,1,0
AT5G64130,0,0,1,1,1,1,1,0
AT5G11900,0,0,1,1,1,1,1,0
AT3G59630,0,0,1,1,1,1,1,0
AT3G18520,0,0,1,1,1,1,1,0
AT3G05000,0,0,1,1,1,1,1,0
AT1G71040,0,0,0,1,1,1,1,0
AT1G69710,0,0,0,1,1,1,1,0
AT3G06050,0,0,3,1,1,1,1,1
AT4G30190,0,0,2,1,1,1,1,1
AT5G58420,0,0,1,1,1,1,1,1
AT5G18400,0,0,1,1,1,1,1,1
AT4G32330,0,0,1,1,1,1,1,1
AT5G54960,0,0,7,1,1,1,1,2
AT1G11910,0,0,4,1,1,1,1,2
AT3G27530,0,0,2,1,1,1,1,2
AT5G25610,0,0,1,1,1,1,1,2
AT1G01940,0,0,1,1,1,1,1,2
AT1G79690,0,0,3,1,1,0,1,0
AT5G16240,0,0,2,1,1,0,1,0
AT1G02280,0,0,2,1,1,0,1,0
AT4G00960,0,0,1,1,1,0,1,0
AT1G42960,0,0,1,1,1,0,1,0
AT1G33680,0,0,1,1,1,0,1,0
AT1G77750,0,0,0,1,1,0,1,0
AT5G56360,0,0,2,1,1,0,1,1
AT5G43010,0,0,1,1,1,4,2,1
AT1G15820,0,0,1,1,1,2,2,0
AT5G14660,0,0,0,1,1,2,2,0
AT5G10010,0,0,5,1,1,1,2,0
AT1G30470,0,0,4,1,1,1,2,0
AT1G30460,0,0,4,1,1,1,2,0
AT5G64760,0,0,1,1,1,1,2,0
AT1G64740,0,0,4,1,1,1,2,1
AT3G05970,0,0,2,1,1,1,2,1
AT1G21500,0,0,1,1,1,1,2,1
AT4G11060,0,0,0,1,1,1,2,1
AT5G65110,0,0,2,1,1,2,3,0
AT2G35605,0,0,1,1,1,1,3,0
ATCG00740,0,0,7,1,1,3,4,0
AT2G40930,0,0,3,1,0,6,0,0
AT5G27450,0,0,4,1,0,2,0,0
AT4G04770,0,0,4,1,0,2,0,0
AT3G02200,0,0,4,1,0,2,0,0
AT3G12280,0,0,2,1,0,2,0,0
AT1G48620,0,0,1,1,0,2,0,0
AT3G48990,0,0,0,1,0,2,0,0
AT3G08740,0,0,0,1,0,2,0,0
AT3G02920,0,0,0,1,0,2,0,0
AT4G28080,0,0,7,1,0,1,0,0
AT2G07690,0,0,6,1,0,1,0,0
AT1G62380,0,0,3,1,0,1,0,0
AT5G58030,0,0,2,1,0,1,0,0
AT5G50950,0,0,2,1,0,1,0,0
AT4G30890,0,0,2,1,0,1,0,0
AT2G41500,0,0,2,1,0,1,0,0
AT2G31980,0,0,2,1,0,1,0,0
AT1G09430,0,0,2,1,0,1,0,0
AT4G26910,0,0,1,1,0,1,0,0
AT3G49720,0,0,1,1,0,1,0,0
AT2G27170,0,0,1,1,0,1,0,0
AT4G05180,0,0,0,1,0,1,0,0
AT3G04760,0,0,0,1,0,1,0,0
AT1G65450,0,0,0,1,0,1,0,0
AT4G14110,0,0,4,1,0,0,0,0
AT4G04020,0,0,4,1,0,0,0,0
AT2G34640,0,0,4,1,0,0,0,0
AT2G28760,0,0,4,1,0,0,0,0
AT1G18270,0,0,4,1,0,0,0,0
AT5G48480,0,0,3,1,0,0,0,0
AT5G40610,0,0,3,1,0,0,0,0
AT5G26780,0,0,3,1,0,0,0,0
AT5G24470,0,0,3,1,0,0,0,0
AT4G12420,0,0,3,1,0,0,0,0
AT3G53700,0,0,3,1,0,0,0,0
AT2G38560,0,0,3,1,0,0,0,0
AT2G25870,0,0,3,1,0,0,0,0
AT1G67560,0,0,3,1,0,0,0,0
AT1G64350,0,0,3,1,0,0,0,0
AT5G66530,0,0,2,1,0,0,0,0
AT5G60640,0,0,2,1,0,0,0,0
AT5G51200,0,0,2,1,0,0,0,0
AT5G08380,0,0,2,1,0,0,0,0
AT4G32200,0,0,2,1,0,0,0,0
AT4G24680,0,0,2,1,0,0,0,0
AT4G20960,0,0,2,1,0,0,0,0
AT4G19400,0,0,2,1,0,0,0,0
AT4G12640,0,0,2,1,0,0,0,0
AT4G05020,0,0,2,1,0,0,0,0
AT3G61600,0,0,2,1,0,0,0,0
AT3G57000,0,0,2,1,0,0,0,0
AT3G52090,0,0,2,1,0,0,0,0
AT3G16630,0,0,2,1,0,0,0,0
AT3G06930,0,0,2,1,0,0,0,0
AT3G06110,0,0,2,1,0,0,0,0
AT2G39080,0,0,2,1,0,0,0,0
AT2G27920,0,0,2,1,0,0,0,0
AT2G19170,0,0,2,1,0,0,0,0
AT2G04570,0,0,2,1,0,0,0,0
AT1G58290,0,0,2,1,0,0,0,0
AT1G09010,0,0,2,1,0,0,0,0
AT5G66590,0,0,1,1,0,0,0,0
AT5G58710,0,0,1,1,0,0,0,0
AT5G58440,0,0,1,1,0,0,0,0
AT5G48370,0,0,1,1,0,0,0,0
AT5G38470,0,0,1,1,0,0,0,0
AT4G37040,0,0,1,1,0,0,0,0
AT4G34180,0,0,1,1,0,0,0,0
AT4G23400,0,0,1,1,0,0,0,0
AT4G15530,0,0,1,1,0,0,0,0
AT3G57870,0,0,1,1,0,0,0,0
AT3G56310,0,0,1,1,0,0,0,0
AT3G56240,0,0,1,1,0,0,0,0
AT3G50590,0,0,1,1,0,0,0,0
AT3G48140,0,0,1,1,0,0,0,0
AT3G44100,0,0,1,1,0,0,0,0
AT3G15010,0,0,1,1,0,0,0,0
AT3G09740,0,0,1,1,0,0,0,0
AT2G47790,0,0,1,1,0,0,0,0
AT2G45600,0,0,1,1,0,0,0,0
AT2G43980,0,0,1,1,0,0,0,0
AT2G33610,0,0,1,1,0,0,0,0
AT2G32600,0,0,1,1,0,0,0,0
AT2G32170,0,0,1,1,0,0,0,0
AT2G22250,0,0,1,1,0,0,0,0
AT2G01690,0,0,1,1,0,0,0,0
AT1G78650,0,0,1,1,0,0,0,0
AT1G75270,0,0,1,1,0,0,0,0
AT1G72290,0,0,1,1,0,0,0,0
AT1G71410,0,0,1,1,0,0,0,0
AT1G54630,0,0,1,1,0,0,0,0
AT1G31730,0,0,1,1,0,0,0,0
AT1G30400,0,0,1,1,0,0,0,0
AT1G24240,0,0,1,1,0,0,0,0
AT1G17580,0,0,1,1,0,0,0,0
AT1G12470,0,0,1,1,0,0,0,0
AT1G04130,0,0,1,1,0,0,0,0
AT1G01800,0,0,1,1,0,0,0,0
AT1G01730,0,0,1,1,0,0,0,0
ATMG00560,0,0,0,1,0,0,0,0
AT5G53310,0,0,0,1,0,0,0,0
AT5G18170,0,0,0,1,0,0,0,0
AT5G14520,0,0,0,1,0,0,0,0
AT5G11680,0,0,0,1,0,0,0,0
AT4G25740,0,0,0,1,0,0,0,0
AT4G03520,0,0,0,1,0,0,0,0
AT3G58630,0,0,0,1,0,0,0,0
AT3G09670,0,0,0,1,0,0,0,0
AT3G09640,0,0,0,1,0,0,0,0
AT3G01390,0,0,0,1,0,0,0,0
AT2G39520,0,0,0,1,0,0,0,0
AT2G21940,0,0,0,1,0,0,0,0
AT1G73110,0,0,0,1,0,0,0,0
AT1G66680,0,0,0,1,0,0,0,0
AT1G52670,0,0,0,1,0,0,0,0
AT3G54960,0,0,4,1,0,0,0,1
AT5G65840,0,0,3,1,0,0,0,1
AT1G27310,0,0,3,1,0,0,0,1
AT4G33650,0,0,2,1,0,0,0,1
AT5G60730,0,0,1,1,0,0,0,1
AT1G62740,0,0,1,1,0,0,0,1
AT1G64440,0,0,1,1,0,0,0,2
AT2G37600,0,0,2,1,0,2,1,0
AT2G44065,0,0,1,1,0,2,1,0
AT2G25210,0,0,2,1,0,1,1,0
AT5G05730,0,0,0,1,0,1,1,0
AT1G21600,0,0,0,1,0,1,1,0
AT1G10170,0,0,0,1,0,1,1,0
AT5G15400,0,0,4,1,0,0,1,0
AT5G25270,0,0,2,1,0,0,1,0
AT1G54690,0,0,2,1,0,0,1,0
AT5G40950,0,0,1,1,0,0,1,0
AT3G54860,0,0,1,1,0,0,1,0
AT2G45290,0,0,1,1,0,0,1,0
AT1G65030,0,0,1,1,0,0,1,0
AT1G18630,0,0,1,1,0,0,1,0
AT1G04110,0,0,1,1,0,0,1,0
AT5G67290,0,0,0,1,0,0,1,0
AT5G01830,0,0,0,1,0,0,1,0
AT2G21790,0,0,0,1,0,0,1,0
AT1G72330,0,0,1,1,0,0,1,1
AT2G26930,0,0,1,1,0,0,1,2
AT4G10790,0,0,1,1,0,2,2,0
AT4G13770,0,0,2,1,0,1,2,0
AT2G23060,0,0,0,1,0,1,2,0
AT1G80750,0,0,1,1,0,0,2,0
AT2G02070,0,0,3,1,0,3,3,0
AT1G72730,0,0,4,1,0,2,3,0
AT3G25400,37359000,81061000,1,1,0,1,3,3
AT3G12130,0,0,1,1,0,0,3,0
AT1G02813,0,0,1,1,0,0,3,0
AT5G41520,0,0,8,2,11,3,1,0
AT5G19960,0,0,4,2,8,3,0,0
AT1G08630,0,0,4,2,7,4,2,1
AT5G39850,37120000,0,1,2,7,7,7,0
AT3G21750,0,0,3,2,6,4,1,1
AT5G18110,0,0,4,2,6,3,1,0
AT4G36250,0,0,3,2,6,2,1,0
AT1G32810,0,0,2,2,6,2,1,0
AT1G79550,0,0,4,2,6,5,2,0
AT4G01050,0,14872000,3,2,6,2,2,2
AT5G56900,0,0,2,2,6,1,2,0
AT1G52040,26914000,0,10,2,6,5,3,0
AT3G44300,166780000,1501800000,5,2,6,3,13,31
AT5G66120,0,0,5,2,5,5,0,0
AT3G44680,0,0,5,2,5,4,0,0
AT3G14210,0,0,3,2,5,2,0,0
AT4G33220,0,0,5,2,5,2,0,1
AT4G03280,0,0,10,2,5,1,0,0
AT5G22060,0,0,2,2,5,1,0,0
AT3G02650,0,0,4,2,5,5,1,0
AT3G55460,0,0,2,2,5,4,1,0
AT1G13320,0,0,4,2,5,3,2,0
AT5G59160,0,0,9,2,5,1,2,0
AT1G54100,0,0,1,2,5,1,2,0
AT4G17190,0,0,5,2,5,4,4,0
AT3G60770,0,0,5,2,5,5,5,2
AT1G67430,0,0,4,2,5,4,6,1
AT4G34290,20501000,13785000,3,2,5,2,6,1
AT1G73230,0,0,5,2,4,3,0,0
AT2G39670,0,0,1,2,4,3,0,0
AT4G17830,0,0,2,2,4,2,0,0
AT5G20280,0,0,1,2,4,2,0,0
AT1G14670,0,0,2,2,4,2,0,1
AT1G05180,0,0,1,2,4,0,0,0
AT1G06260,0,0,2,2,4,5,1,2
AT2G22240,0,0,6,2,4,4,1,1
AT1G55310,0,0,1,2,4,3,1,0
AT2G35040,0,0,1,2,4,2,1,1
AT1G79850,0,0,3,2,4,1,1,0
AT4G00430,0,0,4,2,4,4,2,3
AT5G09510,0,0,2,2,4,3,3,4
AT3G63410,0,0,2,2,4,4,4,0
AT1G23860,76423000,0,4,2,4,4,6,0
AT3G28900,30878000,0,5,2,4,2,8,1
AT2G05710,0,0,6,2,3,5,0,0
AT5G56350,0,0,2,2,3,4,0,0
AT1G79870,0,0,4,2,3,4,0,1
AT3G46440,0,0,0,2,3,4,0,2
AT2G25970,0,0,4,2,3,3,0,0
AT4G02990,0,0,2,2,3,3,0,0
AT1G48350,0,0,2,2,3,3,0,0
AT5G39320,0,0,1,2,3,3,0,0
AT3G14930,0,0,1,2,3,3,0,0
AT3G11710,0,0,6,2,3,2,0,0
AT1G60940,0,0,2,2,3,2,0,0
AT1G24260,0,0,2,2,3,2,0,0
AT1G13880,0,0,2,2,3,2,0,1
AT4G08520,0,0,4,2,3,1,0,0
AT1G15340,0,0,1,2,3,1,0,0
AT5G42980,0,0,3,2,3,5,1,0
AT2G28950,0,0,3,2,3,4,1,0
AT2G05070,0,0,3,2,3,4,1,1
AT4G23650,0,0,4,2,3,3,1,0
AT5G11480,0,0,3,2,3,3,1,0
ATCG00350,0,0,2,2,3,3,1,0
AT3G22380,0,0,1,2,3,3,1,0
AT5G60960,0,0,3,2,3,3,1,1
AT2G47580,0,0,8,2,3,2,1,0
AT5G17770,0,0,2,2,3,2,1,0
AT1G48920,0,0,1,2,3,2,1,0
AT5G03650,0,0,4,2,3,2,1,1
AT1G72260,0,0,2,2,3,2,1,1
AT3G62330,0,0,1,2,3,2,1,1
AT3G02320,0,0,1,2,3,1,1,0
AT1G75350,0,0,4,2,3,1,1,1
AT1G14510,0,0,2,2,3,1,1,1
AT4G34850,0,0,4,2,3,0,1,0
AT3G13570,0,0,1,2,3,0,1,0
AT3G18130,0,0,3,2,3,4,2,1
AT5G56710,0,0,5,2,3,4,2,3
AT4G34740,0,0,4,2,3,2,2,0
AT4G30160,0,0,1,2,3,2,2,0
AT5G44070,0,0,2,2,3,1,2,0
AT4G09570,0,0,2,2,3,1,2,2
ATMG00070,0,0,4,2,3,4,3,3
AT1G18070,0,0,5,2,3,3,3,0
AT5G13420,0,0,3,2,3,7,4,1
AT2G45960,0,0,3,2,3,5,4,0
AT4G18430,0,0,1,2,3,3,4,2
AT5G14040,0,39809000,6,2,3,6,6,3
AT5G61410,0,0,2,2,2,4,0,0
AT4G35800,0,0,1,2,2,4,0,0
AT5G49650,0,0,3,2,2,4,0,1
AT5G11670,0,0,5,2,2,3,0,0
AT1G53645,0,0,3,2,2,3,0,0
AT1G48830,0,0,3,2,2,3,0,0
AT3G28710,0,0,2,2,2,3,0,0
AT1G43670,0,0,2,2,2,3,0,0
AT3G28730,0,0,1,2,2,3,0,0
AT1G15290,0,0,1,2,2,3,0,0
AT2G39990,0,0,4,2,2,3,0,1
AT2G43550,0,0,2,2,2,3,0,1
AT1G04190,0,0,2,2,2,3,0,1
AT3G63250,0,0,3,2,2,2,0,0
AT1G02560,0,0,3,2,2,2,0,0
AT1G06670,0,0,1,2,2,2,0,0
AT1G30330,0,0,4,2,2,2,0,1
AT3G12050,0,0,2,2,2,2,0,1
AT5G13680,0,0,3,2,2,1,0,0
AT1G12430,0,0,3,2,2,1,0,0
AT3G53580,0,0,2,2,2,1,0,0
AT3G48430,0,0,2,2,2,1,0,0
AT1G52380,0,0,2,2,2,1,0,0
AT1G13730,0,0,2,2,2,1,0,0
AT5G63310,0,0,1,2,2,1,0,0
AT3G22890,0,0,1,2,2,1,0,0
AT1G35310,0,0,1,2,2,1,0,0
AT1G08830,0,0,1,2,2,1,0,0
AT2G41540,0,0,0,2,2,1,0,0
AT1G75240,0,0,0,2,2,1,0,0
AT1G50110,0,0,0,2,2,1,0,0
AT5G64370,0,0,2,2,2,1,0,1
AT5G48650,0,0,2,2,2,0,0,0
AT5G27380,0,0,2,2,2,0,0,0
AT5G09730,0,0,2,2,2,0,0,0
AT4G10710,0,0,1,2,2,0,0,0
AT2G14750,0,0,1,2,2,0,0,0
AT5G64730,0,0,0,2,2,0,0,0
AT3G53140,0,0,0,2,2,0,0,0
AT1G12050,0,0,5,2,2,0,0,1
AT3G56070,0,0,3,2,2,0,0,1
AT3G61470,0,0,4,2,2,4,1,0
AT4G08950,0,0,2,2,2,4,1,0
AT4G29350,0,0,1,2,2,4,1,0
AT1G64190,0,0,4,2,2,4,1,1
AT1G32580,0,0,5,2,2,3,1,0
AT4G25550,0,0,4,2,2,3,1,0
AT2G17510,0,0,1,2,2,3,1,0
AT4G12960,0,0,1,2,2,3,1,3
AT2G42710,0,0,4,2,2,2,1,0
AT1G64390,0,0,1,2,2,2,1,0
AT4G33510,0,0,0,2,2,2,1,2
AT2G34730,0,0,7,2,2,1,1,0
AT3G59890,0,0,3,2,2,1,1,0
AT2G35490,0,0,3,2,2,1,1,0
AT5G13490,0,0,2,2,2,1,1,3
AT4G17100,0,0,1,2,2,0,1,0
AT2G20060,0,0,3,2,2,7,2,0
AT1G09070,0,0,5,2,2,6,2,0
AT5G02610,40585000,0,3,2,2,4,2,1
AT3G13120,0,0,3,2,2,2,2,1
AT4G15640,6992900,0,2,2,2,1,2,0
AT5G48375,0,0,2,2,2,1,2,1
AT2G34160,0,0,1,2,2,1,2,2
AT2G43520,0,0,2,2,2,0,2,1
AT1G70770,0,57001000,4,2,2,4,3,3
AT5G20000,0,0,2,2,2,2,3,1
AT1G60770,0,0,7,2,2,2,4,1
AT4G21620,0,0,1,2,2,2,4,1
AT1G79050,0,0,3,2,2,3,5,0
AT3G27160,0,0,3,2,2,1,5,0
AT2G22780,0,0,2,2,1,4,0,1
AT4G38220,0,0,2,2,1,3,0,0
AT3G01090,0,0,2,2,1,3,0,1
AT5G42080,0,0,3,2,1,2,0,0
AT3G10270,0,0,1,2,1,2,0,0
AT1G79500,0,0,1,2,1,2,0,0
AT3G53990,0,0,6,2,1,2,0,1
AT3G15980,0,0,3,2,1,2,0,1
AT2G30870,0,0,1,2,1,2,0,1
AT5G44635,0,0,4,2,1,1,0,0
AT4G27640,0,0,4,2,1,1,0,0
AT3G29160,0,0,4,2,1,1,0,0
AT4G30610,0,0,3,2,1,1,0,0
AT2G28080,0,0,3,2,1,1,0,0
AT2G27880,0,0,3,2,1,1,0,0
AT1G77440,0,0,3,2,1,1,0,0
AT1G07990,0,0,3,2,1,1,0,0
AT5G23300,0,0,2,2,1,1,0,0
AT1G23900,0,0,2,2,1,1,0,0
AT5G45170,0,0,1,2,1,1,0,0
AT5G11420,0,0,1,2,1,1,0,0
AT5G09860,0,0,1,2,1,1,0,0
AT4G30010,0,0,1,2,1,1,0,0
AT4G09040,0,0,1,2,1,1,0,0
AT3G22990,0,0,1,2,1,1,0,0
AT3G02630,0,0,1,2,1,1,0,0
AT1G72390,0,0,1,2,1,1,0,0
AT1G44575,0,0,1,2,1,1,0,0
AT1G27580,0,0,1,2,1,1,0,0
AT4G13010,0,0,0,2,1,1,0,0
AT3G62820,0,0,0,2,1,1,0,0
AT3G23620,0,0,0,2,1,1,0,0
AT3G05910,0,0,0,2,1,1,0,0
AT1G79230,0,0,0,2,1,1,0,0
AT1G32900,0,0,0,2,1,1,0,0
AT4G10480,0,0,4,2,1,1,0,1
AT5G10160,0,0,2,2,1,1,0,1
AT3G53460,0,0,1,2,1,1,0,1
AT3G22845,0,0,0,2,1,1,0,1
AT1G02690,0,0,12,2,1,0,0,0
AT2G28290,0,0,7,2,1,0,0,0
AT2G16485,0,0,4,2,1,0,0,0
AT4G29720,0,0,3,2,1,0,0,0
AT4G16190,0,0,3,2,1,0,0,0
AT1G80600,0,0,3,2,1,0,0,0
AT5G12040,0,0,1,2,1,0,0,0
AT3G56120,0,0,1,2,1,0,0,0
AT2G38020,0,0,1,2,1,0,0,0
AT1G09730,0,0,1,2,1,0,0,0
AT3G62600,0,0,0,2,1,0,0,0
AT1G45230,0,0,3,2,1,0,0,1
AT5G04810,0,0,2,2,1,0,0,1
AT1G71695,0,0,2,2,1,0,0,1
AT5G51820,0,0,1,2,1,0,0,1
AT1G26110,0,0,0,2,1,0,0,1
AT1G01080,0,0,1,2,1,4,1,0
AT5G48020,0,0,1,2,1,3,1,0
AT4G02430,0,0,0,2,1,3,1,0
AT1G79990,0,0,6,2,1,3,1,1
AT5G24840,0,0,3,2,1,2,1,0
AT3G16060,0,0,3,2,1,2,1,0
AT3G62010,0,0,2,2,1,2,1,0
AT3G02780,0,0,3,2,1,2,1,1
AT1G11430,0,0,1,2,1,2,1,2
AT1G47490,0,0,3,2,1,1,1,0
AT1G26550,0,0,3,2,1,1,1,0
AT2G04740,0,0,2,2,1,1,1,0
AT1G47980,0,0,1,2,1,1,1,0
AT4G00520,0,0,0,2,1,1,1,0
AT5G14240,0,0,0,2,1,1,1,1
AT4G12790,0,0,2,2,1,0,1,1
AT1G03900,0,0,2,2,1,0,1,1
AT1G31817,0,0,5,2,1,2,2,0
AT2G16940,0,0,3,2,1,2,2,0
AT1G15950,0,0,2,2,1,2,2,0
AT4G05400,11690000,0,1,2,1,1,2,0
AT5G47700,0,0,3,2,1,1,2,1
AT3G02310,0,0,5,2,0,4,0,0
AT2G22480,0,0,1,2,0,4,0,0
AT5G21060,0,0,3,2,0,2,0,0
AT4G20460,0,0,0,2,0,2,0,0
AT3G01040,0,0,0,2,0,2,0,0
AT2G16780,0,0,3,2,0,2,0,1
AT1G65480,0,0,2,2,0,2,0,1
AT3G43300,0,0,6,2,0,1,0,0
AT3G47340,0,0,4,2,0,1,0,0
AT5G21160,0,0,3,2,0,1,0,0
AT4G31340,0,0,3,2,0,1,0,0
AT4G29670,0,0,3,2,0,1,0,0
AT2G43530,0,0,2,2,0,1,0,0
AT2G18170,0,0,2,2,0,1,0,0
AT1G49970,0,0,2,2,0,1,0,0
AT3G09810,0,0,1,2,0,1,0,0
AT2G05170,0,0,1,2,0,1,0,0
AT1G26480,0,0,1,2,0,1,0,0
AT1G15910,0,0,1,2,0,1,0,0
AT5G65690,0,0,0,2,0,1,0,0
AT4G30530,0,0,0,2,0,1,0,0
AT3G18680,0,0,0,2,0,1,0,0
AT1G29670,0,0,7,2,0,0,0,0
AT3G51010,0,0,4,2,0,0,0,0
AT1G78830,0,0,4,2,0,0,0,0
AT1G21700,0,0,4,2,0,0,0,0
AT5G64050,0,0,3,2,0,0,0,0
AT5G55730,0,0,3,2,0,0,0,0
AT5G03040,0,0,3,2,0,0,0,0
AT4G37880,0,0,3,2,0,0,0,0
AT4G20130,0,0,3,2,0,0,0,0
AT4G17040,0,0,3,2,0,0,0,0
AT3G59480,0,0,3,2,0,0,0,0
AT3G21200,0,0,3,2,0,0,0,0
AT3G07830,0,0,3,2,0,0,0,0
AT3G05120,0,0,3,2,0,0,0,0
AT2G47620,0,0,3,2,0,0,0,0
AT2G26460,0,0,3,2,0,0,0,0
AT1G54060,0,0,3,2,0,0,0,0
AT1G31180,0,0,3,2,0,0,0,0
AT5G42220,0,0,2,2,0,0,0,0
AT5G23580,0,0,2,2,0,0,0,0
AT5G23140,0,0,2,2,0,0,0,0
AT5G05980,0,0,2,2,0,0,0,0
AT4G34430,0,0,2,2,0,0,0,0
AT4G27270,0,0,2,2,0,0,0,0
AT4G25900,0,0,2,2,0,0,0,0
AT4G22670,0,0,2,2,0,0,0,0
AT3G48110,0,0,2,2,0,0,0,0
AT3G21220,0,0,2,2,0,0,0,0
AT3G07660,0,0,2,2,0,0,0,0
AT2G26060,0,0,2,2,0,0,0,0
AT2G19430,0,0,2,2,0,0,0,0
AT2G17930,0,0,2,2,0,0,0,0
AT2G17280,0,0,2,2,0,0,0,0
AT2G16700,0,0,2,2,0,0,0,0
AT1G74020,0,0,2,2,0,0,0,0
AT1G65560,0,0,2,2,0,0,0,0
AT1G60200,0,0,2,2,0,0,0,0
AT1G54490,0,0,2,2,0,0,0,0
AT1G43710,0,0,2,2,0,0,0,0
AT1G16970,0,0,2,2,0,0,0,0
AT1G10300,0,0,2,2,0,0,0,0
AT5G60560,0,0,1,2,0,0,0,0
AT5G54760,0,0,1,2,0,0,0,0
AT5G46250,0,0,1,2,0,0,0,0
AT5G20570,0,0,1,2,0,0,0,0
AT5G06870,0,0,1,2,0,0,0,0
AT4G36190,0,0,1,2,0,0,0,0
AT4G15930,0,0,1,2,0,0,0,0
AT4G09510,0,0,1,2,0,0,0,0
AT3G54640,0,0,1,2,0,0,0,0
AT3G22850,0,0,1,2,0,0,0,0
AT3G18580,0,0,1,2,0,0,0,0
AT3G17240,0,0,1,2,0,0,0,0
AT2G31570,0,0,1,2,0,0,0,0
AT1G67990,0,0,1,2,0,0,0,0
AT1G14650,0,0,1,2,0,0,0,0
AT1G03220,0,0,1,2,0,0,0,0
AT5G58190,0,0,0,2,0,0,0,0
AT5G57350,0,0,0,2,0,0,0,0
AT4G24880,0,0,0,2,0,0,0,0
AT3G61310,0,0,0,2,0,0,0,0
AT3G48670,0,0,0,2,0,0,0,0
AT3G26720,0,0,0,2,0,0,0,0
AT3G11780,0,0,0,2,0,0,0,0
AT2G45470,0,0,0,2,0,0,0,0
AT2G45220,0,0,0,2,0,0,0,0
AT2G28190,0,0,0,2,0,0,0,0
AT1G41830,0,0,0,2,0,0,0,0
AT1G09490,0,0,0,2,0,0,0,0
AT5G60540,0,0,5,2,0,0,0,1
AT4G24490,0,0,4,2,0,0,0,1
AT2G02400,0,0,2,2,0,0,0,1
AT2G14170,0,0,1,2,0,0,0,1
AT5G24530,0,0,0,2,0,0,0,1
AT1G76140,0,0,0,2,0,0,0,1
AT5G59840,0,0,3,2,0,0,0,4
AT4G24620,0,0,6,2,0,3,1,0
AT4G02425,0,0,4,2,0,3,1,0
AT4G37980,0,0,0,2,0,3,1,0
AT5G16715,0,0,4,2,0,2,1,0
AT5G14610,0,0,2,2,0,2,1,0
AT1G10490,0,0,0,2,0,2,1,0
AT3G25220,0,0,2,2,0,2,1,1
AT3G26380,0,0,0,2,0,1,1,0
AT1G70290,0,0,4,2,0,0,1,0
AT2G37660,0,0,3,2,0,0,1,0
AT5G36230,0,0,2,2,0,0,1,0
AT5G24165,0,0,2,2,0,0,1,0
AT4G31360,0,0,2,2,0,0,1,0
AT2G43400,0,0,1,2,0,0,1,0
AT2G24060,0,0,1,2,0,0,1,0
AT2G14260,0,0,1,2,0,0,1,0
AT2G30060,0,0,5,2,0,0,1,1
AT4G20260,0,0,2,2,0,0,1,1
AT3G24100,0,0,2,2,0,0,1,1
AT2G28355,0,0,1,2,0,0,1,1
AT5G52820,0,0,0,2,0,0,1,1
AT5G65010,9475700,0,4,2,0,4,2,0
AT2G42500,0,0,7,2,0,3,2,0
AT5G02240,0,0,7,2,0,1,3,0
AT4G24750,0,0,1,2,0,1,3,1
AT5G52840,0,16981000,3,3,10,7,0,2
AT3G19820,0,0,3,3,9,10,1,1
AT2G41040,21994000,28362000,9,3,8,12,6,2
AT1G70320,0,0,13,3,7,11,0,0
AT2G41220,0,0,5,3,7,6,0,0
AT5G04740,0,12215000,2,3,7,3,1,2
AT3G52500,7738200,12126000,2,3,7,8,3,2
AT4G26870,16888000,0,7,3,7,4,3,0
AT5G40760,0,0,3,3,6,6,1,0
AT2G25080,0,0,5,3,6,3,1,0
AT5G09440,0,0,4,3,6,3,2,0
AT3G11500,0,0,4,3,6,6,3,1
AT5G18570,15413000,0,9,3,6,4,4,0
AT3G52580,111230000,0,3,3,6,6,5,1
AT3G06350,0,0,6,3,5,4,0,1
AT3G48870,0,0,4,3,5,3,0,0
AT5G62350,0,0,2,3,5,3,0,0
AT5G56290,0,0,7,3,5,1,0,0
AT2G44060,0,0,7,3,5,8,1,3
AT1G52510,0,6424900,7,3,5,6,1,2
AT4G20400,0,0,7,3,5,3,1,0
AT3G60245,0,0,2,3,5,3,1,0
AT4G16060,0,0,1,3,5,2,1,0
AT1G23740,0,0,4,3,5,6,2,1
AT4G30930,34365000,0,4,3,5,5,2,0
AT4G27570,0,0,3,3,5,4,2,1
AT5G19580,0,0,7,3,5,4,3,0
AT5G07530,341650000,0,4,3,5,3,3,1
AT1G64550,0,0,5,3,5,2,3,0
AT5G16070,14607000,0,4,3,5,2,3,1
AT1G43690,26003000,0,4,3,5,4,4,0
AT3G47370,85107000,0,5,3,5,3,4,2
AT4G24550,0,0,9,3,5,4,5,0
AT1G31080,0,0,2,3,5,3,5,2
AT4G00660,30192000,0,4,3,5,9,11,1
AT3G17465,0,0,7,3,4,5,0,0
AT4G21150,0,0,5,3,4,5,0,0
AT4G08870,0,0,5,3,4,3,0,0
AT2G26250,0,0,4,3,4,3,0,0
AT5G61060,0,0,6,3,4,3,0,1
AT1G52980,0,0,6,3,4,2,0,0
AT3G06400,0,0,9,3,4,1,0,0
AT5G24400,0,0,3,3,4,0,0,0
AT4G11175,0,0,2,3,4,6,1,2
AT1G02150,0,0,6,3,4,5,1,0
AT4G08390,0,0,5,3,4,4,1,0
AT3G08510,0,0,3,3,4,3,1,0
AT3G07030,0,0,3,3,4,3,1,1
AT1G70070,0,0,4,3,4,2,1,0
AT2G17380,0,0,2,3,4,2,1,1
AT4G22930,0,0,2,3,4,0,1,1
AT3G47470,0,18975000,7,3,4,4,2,3
AT1G12380,0,0,4,3,4,6,3,0
AT4G27700,13402000,0,5,3,4,5,3,0
AT3G26520,0,0,3,3,4,5,3,2
AT4G32640,0,0,3,3,4,1,3,0
AT3G28790,28382000,0,4,3,4,4,4,0
AT1G06680,54843000,0,3,3,4,4,4,1
AT5G27640,0,0,5,3,3,4,0,0
AT2G01350,0,0,6,3,3,3,0,1
AT4G33580,0,0,3,3,3,3,0,1
AT4G15560,0,0,7,3,3,2,0,0
AT1G12270,0,0,6,3,3,2,0,0
AT4G39520,0,0,1,3,3,2,0,1
AT1G30680,0,0,10,3,3,1,0,0
AT5G54440,0,0,4,3,3,1,0,0
AT5G63550,0,0,2,3,3,1,0,0
AT3G12490,0,0,0,3,3,0,0,0
AT1G78680,0,0,6,3,3,0,0,1
AT4G17090,0,0,5,3,3,6,1,1
AT1G71840,0,0,5,3,3,4,1,0
AT1G77180,0,0,3,3,3,4,1,0
AT3G06810,0,0,2,3,3,4,1,0
AT5G26570,0,0,1,3,3,4,1,0
AT1G79340,0,0,4,3,3,3,1,0
AT5G05270,0,0,4,3,3,3,1,2
AT1G25490,0,0,3,3,3,2,1,0
AT1G26460,0,0,2,3,3,2,1,0
AT5G63140,0,0,0,3,3,2,1,0
AT3G54090,0,0,5,3,3,1,1,0
AT1G75780,0,0,3,3,3,1,1,0
AT3G02020,0,0,2,3,3,1,1,1
AT3G61980,0,0,0,3,3,0,1,0
AT3G22200,15424000,9184200,6,3,3,6,2,1
AT1G09020,23751000,0,0,3,3,4,2,0
AT1G13440,0,0,1,3,3,3,2,1
AT4G02080,0,0,5,3,3,2,2,0
AT3G08940,9888000,0,1,3,3,2,3,0
AT5G61970,0,0,3,3,3,6,4,0
AT3G28980,17592000,0,7,3,3,3,4,0
AT4G33865,0,0,4,3,3,3,4,3
AT4G17520,98530000,0,4,3,3,1,4,1
AT3G12580,25829000,32346000,4,3,3,3,8,4
AT4G39660,0,0,2,3,2,8,0,0
AT4G19210,0,0,2,3,2,6,0,0
AT3G25660,0,0,3,3,2,3,0,0
AT3G13160,0,0,3,3,2,3,0,0
AT2G47390,0,0,6,3,2,2,0,0
AT5G19220,0,0,5,3,2,2,0,0
AT1G09795,0,0,5,3,2,2,0,0
AT5G19760,0,0,3,3,2,2,0,0
AT4G26900,0,0,3,3,2,2,0,0
AT2G25170,0,0,3,3,2,2,0,0
AT5G64040,0,0,2,3,2,2,0,0
AT2G02470,0,0,2,3,2,2,0,0
AT1G74920,0,0,1,3,2,2,0,0
AT5G59370,0,0,6,3,2,2,0,1
AT2G46580,0,0,3,3,2,2,0,1
AT5G62790,0,0,6,3,2,2,0,2
AT1G02080,0,0,12,3,2,1,0,0
AT5G15090,0,0,5,3,2,1,0,0
AT1G64790,0,0,4,3,2,1,0,0
AT5G43060,0,0,2,3,2,1,0,0
AT3G55770,0,0,2,3,2,1,0,0
AT4G19710,0,0,9,3,2,0,0,0
AT5G62530,0,0,3,3,2,0,0,0
AT1G61520,0,0,3,3,2,0,0,0
AT5G41950,0,0,1,3,2,0,0,0
AT5G42970,0,0,5,3,2,5,1,0
AT5G01530,0,0,2,3,2,5,1,1
AT4G11260,0,0,4,3,2,4,1,0
AT4G39960,0,0,8,3,2,3,1,0
AT1G56050,0,0,5,3,2,3,1,0
AT5G55000,0,0,4,3,2,3,1,0
AT3G49250,0,0,6,3,2,2,1,0
AT1G07210,0,0,4,3,2,2,1,0
AT3G61140,0,0,3,3,2,2,1,0
AT4G17530,0,0,2,3,2,2,1,0
AT5G63510,0,0,1,3,2,2,1,0
AT3G55620,0,0,3,3,2,2,1,1
AT5G10860,0,0,5,3,2,2,1,2
AT3G28830,0,0,11,3,2,1,1,0
AT2G40840,0,0,5,3,2,1,1,0
AT5G63570,0,0,4,3,2,1,1,0
AT4G09670,0,0,6,3,2,1,1,1
AT3G59920,0,0,4,3,2,0,1,0
AT4G21110,0,0,2,3,2,0,1,0
AT4G16340,0,0,8,3,2,4,2,0
AT4G15900,7512500,0,4,3,2,3,2,1
AT1G78370,0,0,2,3,2,2,2,0
AT5G07440,0,0,6,3,2,1,2,0
AT2G25110,0,0,5,3,2,1,2,0
AT3G11930,17428000,0,3,3,2,1,2,0
AT4G35850,0,0,9,3,2,0,2,0
AT1G75560,0,0,3,3,2,3,3,0
AT3G15680,0,0,2,3,2,3,4,0
AT3G07590,18524000,0,3,3,2,2,4,0
AT1G15930,0,0,5,3,2,1,4,0
AT5G67510,0,0,6,3,2,2,6,1
AT1G44900,0,0,4,3,1,4,0,0
AT5G35790,0,0,6,3,1,2,0,0
AT5G42390,0,0,4,3,1,2,0,0
AT5G19485,0,0,4,3,1,2,0,0
AT3G56460,0,0,4,3,1,2,0,0
AT1G07750,0,0,4,3,1,2,0,0
AT5G09660,0,0,3,3,1,2,0,0
AT3G17170,0,0,3,3,1,2,0,0
AT1G16720,0,0,3,3,1,2,0,0
AT3G21055,0,0,2,3,1,2,0,0
AT5G39570,0,0,1,3,1,2,0,0
AT5G47870,0,0,8,3,1,1,0,0
AT1G63180,0,0,6,3,1,1,0,0
AT5G20720,0,0,2,3,1,1,0,0
AT2G35780,0,0,2,3,1,1,0,0
AT4G26760,0,0,5,3,1,1,0,1
AT4G34350,0,0,4,3,1,0,0,0
AT5G03940,0,0,3,3,1,0,0,0
AT2G32230,0,0,2,3,1,0,0,0
AT5G08650,0,0,0,3,1,0,0,0
AT4G15950,0,0,0,3,1,0,0,0
AT4G02620,0,0,2,3,1,0,0,1
ATCG00130,0,0,3,3,1,3,1,3
AT4G03430,0,0,9,3,1,2,1,0
AT4G37510,0,0,8,3,1,2,1,0
AT5G02740,0,0,3,3,1,2,1,0
AT3G52960,0,0,3,3,1,2,1,0
AT1G63160,0,0,6,3,1,1,1,0
AT5G61760,0,0,3,3,1,1,1,0
AT5G19370,0,0,1,3,1,1,1,0
AT3G25050,0,0,7,3,1,1,1,1
AT3G12915,0,0,2,3,1,1,1,2
AT4G17330,0,0,5,3,1,0,1,0
AT3G13390,0,0,3,3,1,0,1,0
AT5G64670,0,0,2,3,1,0,1,0
AT1G32440,0,0,2,3,1,0,1,0
AT1G35580,6788700,0,5,3,1,4,2,0
AT3G12080,0,0,1,3,1,4,2,0
AT2G39140,0,0,4,3,1,3,2,0
AT5G51550,0,0,1,3,1,3,2,0
AT5G14740,0,0,6,3,1,1,2,0
AT3G61440,0,0,5,3,1,1,2,0
AT3G07300,0,0,7,3,1,1,2,1
AT3G45190,0,0,5,3,1,2,3,0
AT5G02450,25136000,0,3,3,1,2,3,1
AT3G10410,0,0,8,3,1,1,3,2
AT5G47890,0,0,2,3,1,0,3,0
AT5G57290,0,0,3,3,1,0,3,2
AT5G67030,0,0,5,3,0,5,0,0
AT1G21440,0,0,1,3,0,3,0,0
AT2G03680,0,0,1,3,0,3,0,1
AT3G01180,0,0,3,3,0,2,0,0
AT2G32700,0,0,3,3,0,2,0,0
AT5G67380,0,0,1,3,0,2,0,0
AT5G19440,0,0,4,3,0,2,0,3
AT1G50480,0,0,6,3,0,1,0,0
AT1G08130,0,0,5,3,0,1,0,0
AT2G37220,0,0,2,3,0,1,0,0
AT2G35410,0,0,1,3,0,1,0,0
AT5G52520,0,0,0,3,0,1,0,0
AT3G02260,0,0,13,3,0,0,0,0
AT3G48420,0,0,6,3,0,0,0,0
AT3G62940,0,0,5,3,0,0,0,0
AT4G14030,0,0,4,3,0,0,0,0
AT3G03940,0,0,4,3,0,0,0,0
AT2G41680,0,0,4,3,0,0,0,0
AT5G16970,0,0,3,3,0,0,0,0
AT5G06160,0,0,3,3,0,0,0,0
AT4G06634,0,0,3,3,0,0,0,0
AT3G33520,0,0,3,3,0,0,0,0
AT1G23800,0,0,3,3,0,0,0,0
AT2G39810,0,0,2,3,0,0,0,0
AT2G03640,0,0,2,3,0,0,0,0
AT4G39200,0,0,1,3,0,0,0,0
AT1G55260,0,0,1,3,0,0,0,0
AT1G20190,0,0,1,3,0,0,0,0
AT1G03230,0,0,1,3,0,0,0,0
AT3G13990,0,0,0,3,0,0,0,0
AT2G02130,0,0,0,3,0,0,0,0
AT5G60360,0,0,4,3,0,0,0,1
AT5G46180,0,0,2,3,0,0,0,1
AT3G23700,0,0,5,3,0,2,1,0
AT5G57890,0,0,2,3,0,2,1,0
AT3G25700,0,0,1,3,0,2,1,0
AT5G10270,0,0,2,3,0,1,1,0
AT3G15190,0,0,1,3,0,1,1,0
AT2G19570,0,0,3,3,0,0,1,0
AT5G12410,0,0,3,3,0,0,1,1
AT4G23670,0,0,5,3,0,1,2,0
AT1G74690,0,0,3,3,0,0,2,0
AT5G15230,0,0,0,3,0,0,2,2
AT2G31060,0,0,3,3,0,3,3,0
AT2G38230,0,0,3,3,0,0,3,0
AT4G16180,66117000,66140000,12,4,23,21,21,14
AT2G37040,12800000,0,12,4,12,16,5,0
AT5G43830,112990000,151890000,7,4,11,9,4,4
AT1G18250,23007000,0,8,4,11,7,5,1
AT5G13930,0,0,9,4,10,9,1,1
AT5G05780,32791000,0,10,4,10,7,5,1
AT2G43710,0,0,8,4,9,8,3,2
AT4G24780,12698000,0,4,4,9,9,4,2
AT5G04280,34898000,0,6,4,9,7,4,2
AT1G54570,0,0,6,4,8,4,0,0
AT4G04950,9448900,28680000,9,4,8,8,5,5
AT4G29010,17392000,0,7,4,8,7,5,0
AT4G02290,30673000,0,10,4,8,7,7,1
AT4G35830,0,0,12,4,7,13,1,0
AT5G08640,0,12087000,6,4,7,8,1,3
AT2G27100,0,0,6,4,7,5,2,0
AT4G11380,0,0,3,4,7,2,2,1
AT4G10450,0,0,3,4,7,2,2,1
AT3G56940,0,0,4,4,7,6,3,0
AT5G15020,0,0,9,4,6,5,1,0
AT4G31810,0,0,2,4,6,2,2,0
AT1G74260,17634000,0,5,4,6,10,3,0
AT4G01610,53813000,0,4,4,6,5,3,1
AT2G27720,66194000,0,8,4,6,6,4,1
AT3G03570,6148700,8066900,6,4,6,6,4,2
AT5G23940,36236000,0,10,4,6,4,4,0
AT2G40290,14237000,0,5,4,6,9,5,2
AT3G13580,310380000,114870000,7,4,6,5,5,3
AT2G38270,0,0,4,4,6,4,5,3
AT2G31610,127810000,0,8,4,6,9,6,2
AT4G08900,0,0,7,4,5,6,0,1
AT4G09010,0,0,8,4,5,4,0,0
AT1G50920,0,0,4,4,5,7,1,0
AT3G12110,0,29299000,6,4,5,5,1,2
AT3G20810,0,0,9,4,5,4,1,0
AT2G18040,0,0,6,4,5,4,1,0
AT3G23780,0,0,4,4,5,4,1,0
AT4G00490,0,22947000,6,4,5,1,1,2
AT4G25500,0,0,5,4,5,4,2,0
AT5G27670,0,0,1,4,5,2,2,0
AT1G31230,0,0,9,4,5,7,3,0
AT3G59540,0,0,4,4,5,2,3,0
AT1G77940,319740000,0,9,4,5,5,4,1
AT2G21060,34805000,48037000,7,4,5,9,5,4
AT2G36160,0,0,2,4,5,6,5,3
AT1G54080,0,0,0,4,4,5,0,0
AT3G61650,0,0,9,4,4,4,0,0
AT4G01690,0,0,9,4,4,3,0,0
AT5G64270,0,0,6,4,4,3,0,0
AT3G10850,0,0,7,4,4,3,0,2
AT5G67500,0,0,3,4,4,1,0,0
AT5G64460,0,25766000,7,4,4,0,0,3
AT5G43330,0,0,5,4,4,8,1,0
AT1G71860,0,0,7,4,4,5,1,1
AT4G28750,0,0,2,4,4,4,1,1
AT3G56130,0,0,2,4,4,3,1,0
AT1G53580,0,0,2,4,4,2,1,0
AT5G12950,0,0,2,4,4,2,1,1
AT5G63680,91400000,60362000,10,4,4,7,2,4
AT1G24360,0,0,6,4,4,5,2,0
AT4G23100,0,0,3,4,4,3,2,0
AT1G53500,11710000,10263000,4,4,4,6,3,2
AT3G23390,438880000,0,4,4,4,3,3,1
AT5G38600,32916000,0,6,4,4,2,3,0
AT3G23840,0,0,3,4,4,2,3,1
AT4G25080,0,0,4,4,4,1,3,1
AT4G03190,51052000,71066000,12,4,4,3,6,3
AT4G35260,12899000,24364000,7,4,4,5,7,2
AT3G13860,0,0,4,4,3,4,0,0
AT3G52640,0,0,3,4,3,3,0,1
AT1G04080,0,0,4,4,3,2,0,0
AT5G60600,0,0,3,4,3,5,1,0
ATCG00540,0,0,2,4,3,5,1,0
AT1G70580,0,0,4,4,3,4,1,0
AT1G75990,0,0,5,4,3,3,1,0
AT5G65750,0,0,7,4,3,3,1,1
AT3G53900,0,17836000,4,4,3,3,1,3
AT4G31120,0,0,9,4,3,2,1,0
AT1G20110,0,0,1,4,3,2,1,2
AT3G46740,0,0,6,4,3,1,1,1
AT3G21140,0,0,4,4,3,1,1,1
ATCG00270,10284000,0,2,4,3,4,2,1
AT1G14000,0,0,4,4,3,3,2,1
AT2G36830,41980000,0,2,4,3,2,2,0
AT4G33400,0,0,11,4,3,2,2,1
AT5G08590,0,0,3,4,3,2,2,1
AT2G18510,14713000,0,2,4,3,4,3,0
AT1G55670,0,0,1,4,3,4,3,0
AT1G01320,9039900,0,8,4,3,3,3,0
AT3G16830,0,0,2,4,3,2,3,0
AT3G55430,0,0,4,4,3,2,3,2
AT3G22230,93786000,0,4,4,3,5,5,3
AT4G26630,0,0,4,4,2,3,0,0
AT2G22125,0,0,7,4,2,2,0,0
AT5G45390,0,0,3,4,2,2,0,3
AT5G64140,0,0,3,4,2,1,0,0
AT3G49660,0,0,3,4,2,1,0,0
AT2G19490,0,0,1,4,2,1,0,1
AT4G00810,0,0,3,4,2,0,0,0
AT2G19870,0,0,2,4,2,0,0,0
AT3G02560,0,0,1,4,2,0,0,0
AT3G15290,0,0,6,4,2,0,0,1
AT1G80270,0,0,5,4,2,7,1,0
AT5G17380,0,0,3,4,2,6,1,1
AT3G51840,0,0,2,4,2,5,1,1
AT3G03780,0,0,1,4,2,4,1,0
AT5G60670,0,0,4,4,2,3,1,0
AT3G16980,0,0,1,4,2,3,1,0
AT3G26340,0,0,4,4,2,2,1,0
AT1G01050,0,0,2,4,2,2,1,0
AT2G15430,0,0,4,4,2,2,1,1
AT5G46800,0,0,3,4,2,2,1,1
AT2G29200,0,0,7,4,2,1,1,0
AT3G21810,0,0,6,4,2,1,1,0
AT3G49240,0,0,4,4,2,1,1,1
AT3G18240,0,0,3,4,2,8,2,0
AT4G19006,0,0,6,4,2,3,2,0
AT5G56630,0,0,4,4,2,3,2,3
AT5G53850,0,0,2,4,2,1,2,0
AT1G61870,0,0,6,4,2,0,2,1
AT2G02100,0,0,2,4,2,0,2,2
AT1G09770,0,0,8,4,2,11,3,0
AT2G30620,0,0,1,4,2,3,3,0
AT5G16050,0,0,5,4,2,3,3,2
AT3G29350,17252000,25764000,4,4,2,2,3,2
AT2G42590,0,0,7,4,2,1,3,2
AT2G46520,4758000,0,5,4,2,4,4,0
AT5G55280,0,0,3,4,2,3,4,2
AT5G39740,18342000,0,5,4,2,2,4,0
AT1G65650,20528000,0,2,4,2,0,4,0
AT5G07350,15242000,0,4,4,2,5,5,1
AT2G20760,28761000,23634000,10,4,2,5,5,3
AT1G51690,15914000,0,3,4,2,6,6,1
AT4G09650,0,0,5,4,1,6,0,0
AT5G62930,0,0,6,4,1,3,0,0
AT1G09750,0,0,8,4,1,2,0,0
AT1G48570,0,0,5,4,1,2,0,0
AT3G60820,0,0,3,4,1,2,0,0
AT5G17990,0,0,7,4,1,1,0,0
AT5G45890,0,0,1,4,1,1,0,0
AT1G55210,0,0,1,4,1,1,0,0
AT3G45010,0,0,2,4,1,1,0,1
AT5G51980,0,0,2,4,1,4,1,0
AT4G14800,0,0,4,4,1,4,1,1
AT1G67230,0,0,7,4,1,2,1,0
AT5G58040,0,0,7,4,1,2,1,1
AT5G08370,0,0,5,4,1,1,1,0
AT4G39260,0,0,2,4,1,1,1,0
AT3G05420,0,0,2,4,1,0,1,0
AT3G57520,0,0,8,4,1,2,2,1
AT1G78820,0,0,4,4,1,0,2,0
AT3G02180,0,0,1,4,0,3,0,0
AT1G33590,0,0,5,4,0,1,0,0
AT3G15970,0,0,3,4,0,1,0,0
AT3G06670,0,0,5,4,0,0,0,0
AT2G47210,0,0,3,4,0,0,0,0
AT1G76180,0,0,3,4,0,0,0,0
AT1G69250,0,0,3,4,0,0,0,0
AT4G13340,0,0,2,4,0,0,0,0
AT1G60650,0,0,2,4,0,0,0,0
AT4G17870,0,0,1,4,0,0,0,0
AT3G29090,0,0,1,4,0,0,0,0
AT1G75880,0,0,0,4,0,0,0,0
AT1G21065,0,0,3,4,0,0,0,1
AT3G05060,0,0,4,4,0,2,1,0
AT2G40060,0,0,4,4,0,0,1,1
AT5G55670,0,0,5,4,0,4,2,0
AT1G59830,0,0,5,4,0,1,2,1
AT3G22310,0,0,3,4,0,3,4,1
AT4G26840,156150000,0,9,5,16,14,5,5
AT2G38770,0,0,4,5,13,10,0,0
AT3G10690,9899300,0,10,5,13,11,8,1
AT3G03530,347270000,143760000,9,5,13,7,29,11
AT1G65440,10613000,0,19,5,11,9,3,0
AT3G21110,28700000,41439000,8,5,11,10,5,2
AT2G30950,24398000,23437000,6,5,11,6,8,7
AT1G13280,30958000,42255000,5,5,10,11,5,4
AT2G13540,24669000,0,8,5,9,6,2,0
AT1G19520,34829000,0,10,5,9,14,3,0
AT3G25800,76515000,0,9,5,9,8,4,4
AT5G47770,100020000,55101000,7,5,9,9,7,4
ATCG00170,0,0,12,5,8,6,1,0
AT2G23070,0,0,4,5,8,4,1,0
AT1G01620,0,0,5,5,8,11,2,1
AT1G23190,17762000,0,13,5,8,9,2,0
AT4G33090,22954000,0,6,5,8,7,3,1
AT4G02840,54917000,0,4,5,8,10,4,1
AT1G05520,11491000,0,3,5,8,7,5,2
AT2G20890,15335000,0,8,5,8,4,5,0
AT5G62190,0,0,6,5,7,2,2,0
AT4G34620,90660000,0,8,5,7,5,3,2
AT3G26420,1277000000,0,3,5,7,9,4,1
AT1G53280,27765000,0,6,5,7,9,5,2
AT1G71500,31544000,32233000,3,5,7,5,5,4
ATCG01060,0,0,4,5,6,7,1,2
AT5G28050,0,0,10,5,6,4,1,2
AT1G74670,0,0,4,5,6,2,1,0
AT3G55610,14985000,0,12,5,6,8,2,0
AT1G10370,13060000,0,7,5,6,8,2,0
AT1G79440,0,0,6,5,6,5,2,3
AT4G30800,0,0,4,5,6,4,2,0
AT2G27860,0,0,4,5,6,4,2,1
AT5G28900,0,0,6,5,6,3,3,0
AT2G38540,0,0,4,5,6,2,3,2
AT1G11840,28622000,26760000,5,5,6,7,4,2
AT5G49460,20503000,26974000,8,5,6,6,4,2
AT4G03120,0,0,5,5,6,5,4,0
AT2G27680,9575000,0,5,5,6,7,5,0
AT4G35100,51325000,84450000,5,5,6,7,5,6
AT3G17020,44700000,0,7,5,6,6,5,3
AT3G09500,114940000,109150000,7,5,6,6,5,4
AT4G34870,0,0,6,5,5,6,0,0
AT4G23600,0,0,2,5,5,1,0,0
AT4G05420,0,0,10,5,5,6,1,0
AT5G46070,0,0,14,5,5,5,1,0
AT5G06290,0,0,4,5,5,3,1,0
ATCG00650,0,0,2,5,5,3,1,0
AT5G13780,0,81064000,5,5,5,6,2,4
AT4G09020,0,0,5,5,5,6,3,1
AT1G48600,34611000,0,11,5,5,3,3,2
AT1G76160,0,0,9,5,5,1,3,1
AT3G59990,0,0,6,5,5,1,3,2
AT4G34360,32896000,42987000,5,5,5,6,4,2
AT1G16350,42078000,31779000,14,5,5,4,4,3
AT2G34040,23716000,0,12,5,5,4,5,1
ATCG00660,66928000,0,10,5,5,9,6,2
AT1G12840,18936000,28467000,9,5,5,4,7,3
AT4G02230,114270000,0,6,5,5,6,9,2
AT3G03950,104160000,128570000,9,5,5,3,12,2
AT1G73720,0,0,7,5,4,6,0,1
ATMG00290,0,0,4,5,4,4,0,0
AT5G37600,0,0,4,5,4,4,0,0
AT1G09780,0,0,4,5,4,3,0,1
AT1G23820,0,0,3,5,4,2,0,0
AT4G21710,0,0,2,5,4,1,0,0
AT3G54660,0,0,3,5,4,8,1,0
AT5G16290,0,0,6,5,4,6,1,0
AT5G08530,0,21584000,7,5,4,8,2,2
AT1G02050,0,0,10,5,4,5,2,5
AT3G62830,33646000,0,8,5,4,7,3,2
AT3G10610,29377000,0,4,5,4,4,3,2
AT5G42270,15549000,13498000,5,5,4,4,3,4
AT4G32460,0,0,2,5,4,2,3,0
AT2G10940,16564000,0,2,5,4,2,3,1
AT2G24490,19307000,15018000,4,5,4,2,3,3
AT5G05000,18990000,0,5,5,4,0,3,0
AT2G27020,21692000,0,8,5,4,2,4,2
AT5G55070,129400000,0,7,5,4,5,5,2
AT2G39900,0,0,4,5,3,4,0,0
AT3G04470,0,0,3,5,3,3,0,0
AT4G29130,0,0,8,5,3,2,0,1
AT1G30120,0,48953000,4,5,3,2,0,4
AT4G38600,0,0,3,5,3,1,0,0
AT5G04590,0,0,4,5,3,2,1,0
AT2G03750,0,0,8,5,3,2,1,2
AT2G03820,0,0,9,5,3,5,2,3
AT5G44200,0,0,4,5,3,3,2,0
AT4G36680,41612000,0,4,5,3,2,2,0
AT1G01100,0,0,2,5,3,2,2,1
AT5G05590,0,45801000,5,5,3,2,2,4
AT5G51970,9379800,0,2,5,3,1,2,0
AT3G24170,12765000,0,3,5,3,7,3,1
AT4G14960,0,0,5,5,3,5,3,2
AT1G79040,0,0,5,5,3,3,3,3
AT4G32720,0,0,5,5,3,1,3,0
AT4G08350,0,0,8,5,3,4,4,0
AT4G20980,0,0,4,5,3,2,4,0
AT3G56910,84228000,0,6,5,3,3,5,2
AT1G32500,0,0,7,5,2,5,0,0
AT3G10920,0,0,4,5,2,4,0,0
AT5G10770,0,0,3,5,2,4,0,0
AT4G39280,0,0,5,5,2,2,0,0
AT5G66680,0,0,0,5,2,2,0,0
AT1G35720,0,0,4,5,2,0,0,0
AT2G36870,0,0,2,5,2,0,0,0
AT2G43790,0,0,5,5,2,0,0,1
AT3G56860,0,0,2,5,2,4,1,1
AT2G47250,0,8664700,5,5,2,4,1,3
AT3G16520,0,0,4,5,2,1,1,1
AT3G08780,0,0,6,5,2,3,2,0
AT4G35420,77813000,0,2,5,2,3,2,2
AT4G18905,0,0,5,5,2,4,3,0
AT1G17370,23121000,0,6,5,2,4,3,1
AT1G47128,0,0,5,5,2,3,3,7
AT5G59845,67726000,69403000,7,5,2,1,3,5
AT3G54890,0,46005000,6,5,2,4,5,3
AT3G54400,0,0,4,5,1,2,0,3
AT1G74850,0,0,2,5,1,1,0,0
AT1G12570,0,0,3,5,1,1,0,2
AT5G60160,0,0,5,5,1,4,1,0
AT2G37500,0,0,2,5,1,4,1,0
AT5G10920,0,0,8,5,1,2,1,0
AT4G00620,0,0,2,5,1,1,1,0
AT3G01310,0,0,6,5,1,1,1,3
AT1G12780,0,0,5,5,1,0,1,1
AT5G56940,0,0,5,5,1,1,2,0
AT3G19130,0,0,5,5,1,1,2,0
AT3G24480,0,0,3,5,1,1,2,0
AT3G03380,0,0,2,5,1,0,2,0
AT3G11400,0,0,3,5,1,2,3,1
AT2G29630,0,0,3,5,1,1,3,1
AT4G16500,53316000,0,3,5,1,5,5,2
AT2G16950,0,0,5,5,0,1,0,0
AT2G02560,0,0,7,5,0,0,0,0
AT3G46780,0,0,4,5,0,0,0,0
AT3G27430,0,0,1,5,0,0,0,0
AT1G13020,0,0,0,5,0,0,0,0
AT5G42820,0,0,7,5,0,3,2,0
AT4G11150,0,0,4,5,0,1,2,0
AT1G36160,14899000,0,23,6,13,21,7,2
AT5G26830,11510000,0,14,6,12,11,4,1
AT3G46970,0,0,7,6,11,13,2,1
AT3G29360,53417000,57732000,15,6,11,11,8,3
AT3G06860,21930000,0,15,6,10,11,4,0
AT5G20950,22821000,0,8,6,10,10,5,0
AT1G06290,9878800,0,7,6,10,17,7,1
AT2G19540,22212000,0,11,6,10,11,7,3
AT4G39980,31618000,27369000,14,6,10,11,7,4
AT3G27380,0,0,14,6,9,5,2,0
AT3G17820,0,22045000,5,6,9,5,2,3
AT3G07100,0,0,10,6,9,6,3,2
AT5G10240,0,0,7,6,9,10,4,1
AT3G49080,7288000,0,6,6,9,9,6,1
AT5G14920,119520000,0,7,6,9,3,7,1
AT2G42520,28929000,21712000,9,6,9,6,9,2
AT4G13780,0,0,14,6,8,9,2,0
AT4G38680,48744000,0,6,6,8,7,3,2
AT2G31810,20343000,19129000,11,6,8,12,5,3
AT4G24130,0,0,5,6,8,8,5,1
AT1G06950,26877000,30179000,10,6,8,8,5,3
ATCG00020,26077000,0,8,6,8,5,5,2
AT1G20580,139020000,0,8,6,8,5,7,3
AT1G21690,15291000,10244000,9,6,8,6,9,2
AT5G61790,0,0,4,6,7,6,0,2
AT5G65020,24374000,0,6,6,7,2,2,2
AT5G13520,23888000,0,8,6,7,7,3,0
AT5G09900,0,0,14,6,7,6,3,2
AT1G66260,0,0,5,6,7,4,3,0
AT1G06760,126380000,0,2,6,7,2,3,0
AT5G20920,0,19870000,13,6,7,5,4,4
AT2G30200,25958000,30380000,4,6,7,9,6,2
AT2G44350,11572000,16927000,7,6,7,4,6,7
AT2G45710,251010000,162260000,7,6,7,9,7,3
AT3G63095,261020000,474440000,7,6,7,9,8,6
AT1G30230,68336000,80088000,9,6,7,9,9,3
AT5G59880,87656000,0,4,6,7,6,9,1
AT1G79920,0,0,9,6,6,4,0,0
AT5G16440,17244000,24186000,7,6,6,4,2,2
AT1G80480,0,17548000,10,6,6,6,3,3
AT5G40870,13890000,0,14,6,6,3,3,0
AT3G28500,0,0,6,6,6,6,4,4
AT5G43960,67884000,115280000,7,6,6,6,4,5
AT5G45620,0,0,10,6,5,6,1,0
ATCG00190,0,0,13,6,5,4,1,0
AT1G48860,0,34229000,3,6,5,4,1,5
AT1G17880,0,33593000,12,6,5,7,3,4
AT1G10200,36343000,0,10,6,5,6,3,1
AT5G65430,49077000,0,8,6,5,5,3,2
AT3G01340,0,0,7,6,5,5,3,2
AT1G20220,0,0,4,6,5,7,4,1
AT2G43360,27761000,0,10,6,5,5,4,0
AT3G13470,35932000,37076000,8,6,5,3,5,5
AT3G16640,80995000,0,9,6,5,6,6,3
AT5G58230,36211000,0,9,6,5,5,6,1
AT2G47610,65163000,32351000,4,6,5,5,6,5
AT5G13530,23164000,0,8,6,5,3,6,1
AT2G29320,26365000,27075000,13,6,5,3,6,2
AT5G23740,226990000,0,7,6,5,10,7,1
AT2G21580,31796000,18895000,4,6,5,7,7,2
AT3G60830,0,0,9,6,4,3,1,0
AT2G39770,0,0,7,6,4,3,1,1
AT1G61580,39320000,0,3,6,4,6,2,1
AT5G27470,0,0,7,6,4,5,2,0
AT3G13300,0,0,12,6,4,3,2,0
AT5G08610,0,0,8,6,4,3,2,0
AT1G12230,0,0,7,6,4,2,2,3
AT1G72150,0,11302000,5,6,4,6,3,2
AT1G12920,29739000,0,10,6,4,6,3,3
AT1G17220,17707000,0,7,6,4,4,3,0
AT4G11010,0,0,10,6,4,3,3,2
AT3G07050,34582000,0,12,6,4,2,3,0
AT4G34555,51786000,29623000,3,6,4,3,4,3
AT2G30050,29594000,0,9,6,4,7,6,1
AT4G25130,51474000,53892000,10,6,4,6,6,2
AT3G01280,0,0,5,6,3,6,0,0
AT3G24430,0,0,6,6,3,2,0,0
AT1G48420,0,0,4,6,3,2,0,0
ATCG00470,0,0,5,6,3,4,2,1
AT4G35250,15960000,13981000,3,6,3,3,5,3
AT3G42050,0,0,6,6,2,1,0,0
AT5G14780,0,0,5,6,2,1,0,0
AT5G13450,0,0,4,6,2,0,0,0
AT1G60780,0,0,9,6,2,3,1,1
AT3G54760,0,0,6,6,2,2,1,1
AT2G17410,0,0,7,6,2,1,1,0
AT4G31180,0,0,5,6,2,1,2,2
AT1G02305,0,0,5,6,2,0,2,4
AT2G06990,0,0,4,6,2,2,4,0
AT4G04460,21292000,41651000,6,6,2,2,7,3
AT4G19410,0,0,3,6,1,1,0,0
AT3G04600,0,0,9,6,1,1,2,2
AT1G30170,20425000,42430000,3,6,1,3,6,5
AT5G36790,0,0,4,6,0,1,0,0
AT5G18420,0,0,10,6,0,0,0,0
AT1G51510,0,0,4,6,0,5,1,0
AT1G70730,0,0,2,6,0,3,1,0
AT1G12240,0,0,3,6,0,1,1,0
AT3G51240,16212000,0,10,7,15,9,2,1
AT5G61170,116840000,0,10,7,11,11,3,3
AT4G14160,97650000,0,10,7,11,14,5,1
AT2G34420,934320000,0,14,7,11,9,7,5
AT3G25530,26774000,30682000,7,7,11,9,9,10
AT3G61820,0,0,10,7,10,11,3,0
AT2G04842,17070000,15321000,10,7,10,11,7,4
AT5G47190,216120000,94570000,10,7,10,10,9,2
AT2G26080,24292000,0,7,7,10,13,11,0
AT4G38630,112290000,96438000,12,7,10,14,17,6
AT1G72550,8404600,0,9,7,9,6,3,1
AT1G25211,9125400,0,5,7,9,6,5,1
AT1G69740,88496000,89504000,15,7,9,10,7,4
AT1G31330,12738000,0,10,7,9,8,7,1
AT3G52250,0,0,9,7,8,9,1,0
AT5G65620,0,0,7,7,8,8,1,2
AT3G20790,0,15955000,6,7,8,6,2,2
AT5G65780,0,0,15,7,7,11,2,0
AT1G49430,0,0,10,7,7,11,2,0
AT5G20630,0,344510000,20,7,7,7,2,3
AT4G31580,30080000,0,8,7,7,5,6,2
AT5G03850,49560000,32679000,4,7,7,10,9,4
AT2G36580,29552000,23804000,7,7,7,13,11,3
AT3G14990,9879700,0,13,7,6,11,2,1
AT5G35680,0,0,9,7,6,6,2,3
ATMG00090,0,0,6,7,6,6,3,1
AT3G55750,0,178160000,5,7,6,8,4,5
AT5G48760,208840000,58789000,3,7,6,5,4,5
AT4G20890,25276000,45800000,7,7,6,4,4,5
AT3G51160,0,0,16,7,5,9,0,2
AT1G16470,0,0,3,7,5,4,0,0
AT5G21150,0,0,4,7,5,3,0,0
AT5G53460,0,0,3,7,5,5,1,0
AT4G28730,16444000,0,5,7,5,2,4,0
AT1G16870,18635000,0,10,7,5,8,5,0
AT5G13650,48645000,0,13,7,5,7,6,3
AT1G26880,80547000,66944000,11,7,5,10,9,3
AT1G10840,0,22549000,8,7,4,1,1,3
AT3G01540,0,0,9,7,4,6,2,0
AT5G58490,0,22339000,8,7,4,5,2,4
AT4G10260,0,0,3,7,4,6,3,0
AT5G25757,0,0,8,7,4,6,3,1
AT2G37340,21305000,0,6,7,4,2,3,0
AT3G02760,14591000,0,10,7,4,7,4,2
AT2G33210,18785000,28953000,9,7,4,7,5,5
AT4G13400,18019000,39742000,7,7,4,6,7,5
AT1G78380,0,0,4,7,3,2,1,1
AT3G06850,11058000,15880000,12,7,3,3,2,3
AT3G52200,18864000,0,6,7,3,4,3,1
AT3G16950,17202000,0,11,7,3,3,3,0
AT3G56490,18311000,27272000,3,7,3,1,3,4
AT1G70200,12981000,0,11,7,3,5,4,0
AT1G21750,0,0,3,7,2,4,0,0
AT2G17340,0,0,2,7,2,1,0,0
AT2G32920,0,0,3,7,2,3,1,0
AT2G02160,0,0,4,7,2,0,1,1
ATMG00510,8780500,0,4,7,2,3,4,1
AT5G11520,0,0,7,7,2,1,4,1
AT4G02150,0,0,13,7,1,2,1,2
AT3G25150,0,0,4,7,1,2,2,1
AT4G15020,0,0,11,7,0,1,0,0
AT3G16370,0,0,3,7,0,0,0,0
AT2G18960,21185000,22053000,14,8,20,12,6,5
AT1G72610,238390000,185160000,10,8,18,14,12,11
ATCG00680,12593000,0,13,8,13,13,4,0
AT2G22400,19942000,11774000,12,8,13,10,8,3
AT2G45240,0,0,14,8,12,13,3,1
AT5G16130,27477000,0,13,8,12,9,4,2
AT3G44340,14026000,17364000,8,8,12,9,7,2
AT5G25460,57810000,0,11,8,11,8,3,2
AT5G24300,24110000,0,11,8,11,5,3,1
AT2G37230,12380000,0,16,8,11,7,4,0
AT1G48610,39387000,0,7,8,11,9,11,0
AT5G07030,18593000,0,8,8,10,14,4,0
AT3G50000,27341000,0,4,8,10,9,4,0
AT3G55220,9487000,0,12,8,10,9,4,1
AT1G74470,23070000,0,8,8,10,9,7,2
AT2G47470,25564000,30982000,12,8,10,8,8,3
AT5G22880,166890000,0,10,8,9,10,3,1
AT5G49910,0,0,8,8,9,9,3,1
AT5G63110,12852000,0,13,8,9,9,4,2
AT1G52300,982290000,409940000,8,8,9,8,7,5
AT1G12900,64155000,42706000,10,8,9,13,8,3
AT5G06600,33430000,25158000,10,8,9,10,10,2
AT2G33040,0,0,8,8,8,8,2,1
AT4G01850,75652000,123390000,8,8,8,10,4,5
AT1G14410,20117000,0,11,8,8,6,4,1
AT1G70830,37288000,42681000,5,8,8,9,5,2
AT3G58140,17301000,27095000,12,8,8,3,5,3
AT1G63770,0,0,16,8,7,2,1,0
AT3G62030,40346000,0,15,8,7,7,2,1
AT4G34490,29500000,25782000,6,8,7,3,3,3
AT1G74970,75819000,0,9,8,7,7,5,1
AT5G15270,42131000,20676000,14,8,7,8,6,3
AT3G07010,17010000,0,3,8,7,9,9,0
AT2G46020,0,0,17,8,6,13,1,0
AT2G32060,0,0,6,8,6,7,3,0
AT1G04510,10489000,0,6,8,6,6,3,0
ATCG01300,26305000,0,8,8,6,4,3,0
AT1G19570,0,0,10,8,6,7,5,1
AT5G02810,48994000,36540000,9,8,6,4,5,2
AT5G64570,0,0,6,8,5,6,0,1
AT1G47260,0,0,5,8,5,3,0,0
AT1G63940,0,0,8,8,5,4,1,5
AT1G76550,0,0,7,8,5,9,2,2
AT3G12290,0,0,13,8,5,7,2,0
AT5G48180,37919000,51738000,12,8,5,5,2,6
AT4G37870,0,0,12,8,5,4,2,0
AT5G11880,44532000,0,9,8,5,6,3,1
AT3G04790,14669000,25554000,4,8,5,6,4,2
AT4G09730,16575000,0,7,8,5,5,5,0
AT4G16390,25241000,0,8,8,5,10,6,0
AT1G21540,21821000,0,12,8,5,8,6,1
AT1G14320,391460000,165390000,6,8,5,7,8,5
AT2G36250,0,0,5,8,4,4,0,1
AT2G31390,0,0,6,8,4,1,0,0
AT3G18490,0,38677000,8,8,4,3,1,4
AT4G23460,0,0,14,8,4,7,2,1
AT5G01410,0,43657000,3,8,4,5,2,4
AT2G37690,24553000,21720000,11,8,4,7,3,2
AT5G38430,37001000,0,12,8,4,5,3,1
AT3G63140,0,0,7,8,4,4,3,2
AT1G14610,0,0,12,8,4,2,3,0
AT4G29410,98129000,72246000,9,8,4,11,5,2
AT5G38480,59280000,0,8,8,4,3,5,4
AT5G66470,0,0,5,8,3,3,0,0
AT3G01980,0,0,6,8,3,2,1,0
AT5G24520,0,0,5,8,3,2,2,1
AT1G17290,0,19187000,7,8,3,3,4,4
AT1G44835,11897000,0,8,8,3,4,6,1
AT2G13360,21132000,0,8,8,3,7,7,1
AT3G15610,0,0,5,8,2,2,1,1
AT3G28715,0,0,10,8,1,3,0,0
AT4G35090,37100000,34818000,22,9,19,16,12,1
AT5G46430,86833000,66366000,12,9,16,15,10,3
AT3G06580,18971000,0,8,9,14,8,4,1
AT2G13560,48693000,44414000,13,9,14,11,13,8
AT1G72970,36256000,0,10,9,12,10,5,1
AT3G05560,118370000,57145000,10,9,12,17,12,3
AT5G56740,50386000,65607000,20,9,12,13,12,5
AT1G32990,0,0,6,9,11,6,3,1
AT1G10670,35888000,35583000,14,9,11,14,4,6
AT1G43190,51377000,0,11,9,11,9,4,2
AT5G14320,43085000,0,9,9,11,12,5,3
AT2G44530,19212000,0,4,9,11,10,5,0
AT4G24510,46872000,49994000,10,9,11,14,8,4
AT1G53240,26734000,48340000,12,9,10,9,5,3
AT3G17810,45778000,72211000,5,9,10,7,5,5
AT5G24770,698870000,270290000,6,9,10,9,7,5
AT1G62390,40373000,22417000,13,9,10,9,8,2
AT3G08580,118590000,100410000,5,9,10,15,15,10
AT1G65150,0,35475000,6,9,9,9,3,2
AT5G04130,33288000,0,9,9,9,8,3,2
AT3G52880,0,26685000,13,9,9,7,3,2
AT4G29510,28459000,31851000,11,9,9,10,4,2
AT3G14420,0,28460000,10,9,9,7,4,4
AT4G16130,9999600,10169000,14,9,9,9,5,5
AT2G21170,46636000,0,6,9,9,6,5,1
AT3G48000,14774000,12953000,10,9,9,5,5,3
AT1G78300,113960000,88915000,11,9,9,10,8,5
AT2G33800,114510000,0,13,9,9,9,8,1
AT3G49680,0,0,11,9,8,11,0,1
AT4G36690,21460000,0,10,9,8,12,3,0
AT5G22650,0,0,2,9,8,7,3,0
AT3G55120,23829000,26289000,10,9,8,10,4,3
AT1G74030,19191000,0,15,9,8,7,5,0
AT5G63420,14368000,0,13,9,8,7,7,0
AT5G02960,640690000,299780000,11,9,8,4,11,5
AT3G25810,0,0,10,9,7,5,1,0
AT1G30630,0,20998000,8,9,7,5,1,4
AT5G10980,116300000,0,5,9,7,6,2,1
AT3G23450,0,514980000,7,9,7,3,2,3
AT5G47690,25412000,0,16,9,7,11,3,0
AT5G24420,12083000,25357000,12,9,7,6,5,2
AT1G63000,14741000,0,7,9,7,5,5,2
AT1G35160,0,67893000,8,9,7,8,7,6
AT3G51260,0,0,7,9,6,4,2,1
AT3G53110,34909000,51889000,9,9,6,7,3,6
AT3G05590,484510000,169140000,10,9,6,4,5,4
AT2G28790,112530000,106050000,10,9,6,8,7,7
AT5G45950,0,0,10,9,5,10,4,2
AT5G15650,0,50872000,17,9,5,5,4,4
AT4G10840,17540000,21567000,8,9,5,4,4,5
AT4G11420,21150000,0,15,9,5,5,6,0
AT3G08030,17101000,0,11,9,5,3,7,1
AT5G14170,0,0,12,9,4,4,0,0
AT5G13980,0,0,8,9,4,3,0,0
AT1G64520,0,0,9,9,4,7,1,1
AT5G66420,0,0,8,9,4,6,2,1
AT3G16780,0,0,8,9,4,7,3,1
AT1G60710,0,69308000,6,9,4,3,3,5
AT2G28470,13913000,0,10,9,4,4,5,2
AT1G10930,0,0,10,9,3,2,0,0
AT5G41670,0,0,11,9,2,6,0,0
AT3G54230,0,0,6,9,2,5,0,0
AT2G05830,0,25730000,6,9,2,4,2,4
AT2G24210,0,0,7,9,2,3,2,0
AT5G61020,0,0,10,9,2,8,3,1
AT5G08260,0,0,4,9,1,0,0,0
AT4G01290,28926000,0,8,9,1,3,3,2
AT1G79280,0,0,8,9,0,1,0,0
AT5G35430,0,0,12,9,0,0,0,0
AT5G49360,0,0,7,9,0,0,1,1
AT5G35530,106430000,0,21,10,24,18,15,5
AT2G37270,80291000,38972000,14,10,16,17,16,6
AT2G05990,37479000,31298000,16,10,15,14,11,4
AT4G34200,54183000,62931000,9,10,14,15,8,8
AT3G04920,233390000,0,10,10,13,13,12,1
AT1G79530,39385000,52529000,11,10,12,8,3,5
AT1G04690,15412000,0,15,10,12,16,5,5
AT1G62020,20037000,19020000,16,10,12,10,10,4
AT2G43750,30717000,33633000,16,10,11,8,2,3
AT3G54470,64444000,59367000,15,10,11,10,10,3
ATCG00330,97935000,23046000,7,10,10,9,6,3
AT1G50200,20121000,0,15,10,10,16,9,4
AT2G47730,0,0,12,10,9,6,1,3
AT4G28470,19781000,18208000,13,10,9,9,4,3
AT2G30110,0,0,14,10,8,11,2,0
AT4G04910,22204000,0,14,10,8,7,5,0
AT1G53310,0,0,17,10,7,7,2,1
AT1G07140,69278000,0,9,10,7,8,3,7
AT1G15690,15819000,0,6,10,7,10,4,5
AT5G23540,19092000,16915000,13,10,7,8,4,5
AT4G02770,0,0,7,10,6,7,3,0
AT5G37720,0,0,8,10,6,4,4,0
AT1G68010,19139000,0,16,10,6,9,5,0
AT4G02570,0,0,7,10,6,9,5,3
AT3G14790,43805000,0,10,10,6,8,5,1
AT1G27090,37230000,32942000,15,10,6,11,7,6
AT5G52650,101470000,65391000,10,10,6,11,8,3
AT5G23860,23502000,33451000,10,10,6,11,8,3
AT3G25230,81793000,90739000,15,10,6,11,8,9
AT2G34810,19821000,0,11,10,5,6,1,2
AT5G58330,33986000,0,9,10,5,7,2,0
AT1G29350,72262000,82135000,12,10,5,10,6,2
AT3G14120,14094000,0,7,10,5,4,6,3
AT3G23810,34731000,0,9,10,4,7,2,1
AT1G80460,12159000,0,8,10,4,5,4,2
AT3G27850,36239000,0,6,10,4,2,4,2
AT3G08530,33289000,0,8,10,4,1,5,1
AT4G31300,0,0,7,10,3,3,6,2
AT2G02740,0,0,11,10,2,5,1,1
AT1G70180,0,0,5,10,2,4,1,0
AT1G51710,0,0,6,10,2,3,2,2
AT1G56580,0,46067000,10,10,2,3,3,4
AT2G38700,0,0,10,10,1,4,1,0
AT4G11790,0,0,10,10,0,0,0,0
AT2G30970,0,0,7,10,0,2,2,1
AT1G62940,38470000,22431000,12,11,17,11,8,2
AT5G52470,85612000,60258000,18,11,15,13,7,6
AT3G22330,28065000,0,15,11,15,16,12,2
ATCG00160,87513000,0,14,11,14,12,8,0
AT2G17870,410160000,258980000,12,11,14,18,16,10
AT2G43770,77543000,33995000,14,11,13,10,6,5
AT4G24580,35313000,0,11,11,13,14,9,0
AT5G03470,48005000,120560000,17,11,13,15,16,8
AT1G60420,14363000,0,8,11,12,8,6,2
AT1G18540,364360000,220850000,8,11,12,12,9,5
AT2G30860,47512000,97378000,11,11,11,13,6,8
AT5G03300,62802000,152190000,9,11,11,7,6,3
AT1G48630,46796000,48724000,17,11,11,15,8,4
AT5G36160,22804000,0,15,11,10,10,2,3
AT1G17745,41693000,0,8,11,10,9,4,0
AT3G61240,37552000,39085000,12,11,10,13,5,3
AT3G02360,21418000,27114000,9,11,10,11,6,4
AT1G28290,84128000,0,8,11,10,11,9,2
ATCG00750,228990000,0,7,11,10,9,9,1
AT5G04430,28030000,23463000,9,11,10,10,12,3
AT5G22330,7362200,0,18,11,9,9,3,0
AT1G13270,40982000,0,8,11,9,13,4,2
AT3G06980,13300000,0,17,11,9,10,4,0
AT3G14600,17014000,0,9,11,9,9,6,2
AT3G02520,126350000,102070000,14,11,9,10,7,4
AT1G74960,60717000,62435000,13,11,9,4,7,6
AT4G27000,46396000,0,9,11,9,10,12,2
AT5G54900,30080000,32441000,13,11,8,8,3,4
AT2G47940,17354000,0,12,11,8,4,3,0
AT5G57870,14155000,16400000,14,11,8,9,5,2
AT1G24020,95788000,123280000,10,11,8,10,7,8
AT3G13920,77979000,62627000,10,11,8,8,9,4
AT3G16470,19811000,32409000,12,11,7,7,3,2
AT4G18480,20257000,0,9,11,7,0,3,0
AT5G58470,27213000,19590000,11,11,7,8,4,6
AT3G14310,22459000,28504000,8,11,7,5,4,2
AT3G02090,0,0,11,11,7,10,5,2
AT1G35670,28703000,22644000,13,11,7,6,8,7
AT1G50370,0,21028000,10,11,6,8,4,4
AT1G14810,26400000,38280000,12,11,6,7,5,4
AT4G18040,0,51939000,14,11,5,5,1,3
AT2G27600,25009000,25244000,10,11,5,7,2,2
AT4G36020,110730000,0,14,11,5,8,13,2
AT1G07360,9639400,0,7,11,4,8,3,0
AT3G10740,0,0,4,11,3,3,0,0
AT5G54770,0,32341000,8,11,3,6,1,5
AT1G49600,0,0,8,11,3,3,6,2
AT2G33380,0,0,5,11,0,0,0,0
AT5G63840,15974000,9059400,15,12,23,17,8,3
AT3G14067,115680000,290980000,18,12,21,16,8,14
AT1G07320,269410000,105240000,19,12,21,16,18,6
AT4G13430,20874000,16198000,13,12,19,18,7,2
AT5G22770,0,0,24,12,16,19,2,0
AT2G21660,324970000,313010000,14,12,16,20,18,9
AT1G75910,141680000,0,13,12,16,18,18,2
AT5G28840,33313000,43428000,14,12,15,14,10,5
AT1G04680,54091000,0,9,12,15,11,12,0
AT2G16600,36887000,33778000,16,12,14,14,7,4
AT1G27650,42595000,0,11,12,14,12,8,3
AT1G30620,37681000,38651000,10,12,14,14,10,7
AT3G14240,14950000,0,10,12,12,5,5,4
AT4G11820,25641000,0,9,12,12,12,11,2
AT1G29880,42593000,32335000,19,12,11,11,5,7
AT5G05010,59771000,57961000,9,12,11,5,13,7
AT1G05460,15642000,18507000,18,12,10,10,4,2
AT3G54210,164810000,60600000,9,12,10,14,7,3
AT3G56150,11503000,0,12,12,9,10,5,2
AT5G42790,30777000,50888000,13,12,9,9,7,4
AT1G03475,33930000,48072000,18,12,9,4,8,4
AT5G37510,20172000,0,10,12,8,5,3,0
AT4G26530,24666000,30546000,10,12,8,13,8,5
AT5G47210,61696000,52046000,8,12,8,8,9,3
AT4G33250,0,0,15,12,7,9,0,0
AT4G27090,63492000,36791000,7,12,7,6,4,2
AT1G17720,72804000,39356000,12,12,7,8,5,3
AT2G27710,57250000,0,9,12,7,12,11,3
AT5G08280,15784000,12635000,10,12,6,7,5,3
ATCG01240,120700000,0,7,12,6,6,5,1
AT3G62840,151790000,44859000,13,12,5,7,3,2
AT2G17420,16273000,0,12,12,5,6,3,0
AT5G57655,24344000,27894000,11,12,5,8,6,4
AT3G07850,64640000,45564000,11,12,5,8,7,5
AT5G02530,34385000,43139000,9,12,5,9,9,3
AT3G55800,12459000,0,10,12,4,8,2,1
AT3G47520,42488000,41813000,15,12,4,8,7,2
AT4G27500,0,0,9,12,3,5,1,0
AT5G08300,0,0,8,12,3,3,1,1
AT4G29040,80679000,71209000,24,13,24,19,12,5
AT5G02870,421870000,231830000,17,13,18,19,22,11
AT5G47930,239640000,201330000,16,13,16,13,12,5
ATCG00280,24692000,19261000,8,13,15,12,3,4
ATCG00800,130550000,66129000,11,13,15,21,10,5
AT3G53740,720540000,616550000,8,13,15,10,20,7
AT2G44160,26888000,30933000,12,13,14,8,13,7
AT5G13510,89854000,0,23,13,13,7,8,2
AT1G08200,44318000,46088000,15,13,13,10,10,8
AT3G62310,18395000,0,14,13,12,10,5,0
AT5G52920,35406000,47525000,25,13,12,14,10,6
AT3G02110,84387000,94338000,11,13,11,14,6,2
AT3G58110,38905000,38266000,15,13,11,11,16,4
AT3G18060,27366000,0,14,13,10,6,5,1
AT1G49760,21579000,29197000,10,13,10,5,6,5
AT3G12800,29712000,0,14,13,10,10,8,3
AT4G14880,30618000,0,11,13,9,9,4,1
AT1G59900,30442000,36381000,18,13,9,13,8,9
AT4G29840,0,0,13,13,8,6,3,4
AT3G52140,8926600,0,23,13,8,9,4,1
AT5G55220,20904000,0,17,13,8,9,7,3
AT1G62750,0,0,8,13,7,7,2,1
AT5G35590,0,0,12,13,7,4,3,1
AT4G01370,24222000,0,10,13,5,7,7,6
AT5G34850,0,0,9,13,4,3,3,0
AT5G33370,0,0,4,13,3,2,0,0
AT1G12910,49265000,87350000,21,14,23,10,10,14
AT3G14100,62720000,66373000,19,14,20,15,7,8
AT1G35680,205170000,154570000,24,14,17,18,15,10
AT1G09690,526630000,371040000,16,14,17,19,22,7
AT5G03290,25210000,46666000,12,14,16,16,8,8
AT5G12250,48098000,46975000,24,14,16,10,10,4
AT1G20630,173280000,103910000,19,14,15,7,10,2
AT1G75940,60222000,45324000,13,14,14,18,10,9
AT4G21650,15209000,9251800,13,14,13,11,7,2
AT1G48030,24792000,0,14,14,12,9,6,1
AT5G47010,14668000,0,18,14,12,6,6,0
ATCG00810,156790000,0,15,14,12,12,7,1
AT5G08450,17406000,14150000,16,14,12,11,7,3
AT2G06850,115160000,115540000,18,14,12,10,11,5
AT3G57290,0,0,14,14,11,8,5,0
AT3G48730,35387000,24201000,13,14,11,12,6,4
AT3G51800,33473000,20396000,18,14,11,10,9,4
AT5G23900,185280000,87607000,12,14,10,11,7,7
AT3G18035,44014000,0,8,14,10,11,10,2
AT2G24590,121260000,36236000,14,14,10,11,11,4
AT5G44500,80297000,75307000,9,14,9,9,9,2
AT5G19550,28920000,66452000,15,14,9,5,10,15
AT2G24200,14463000,20332000,20,14,8,12,4,3
AT3G27740,0,37371000,12,14,7,7,2,5
AT2G47710,44002000,0,11,14,7,9,7,7
AT5G53480,0,0,13,14,3,1,3,0
AT4G39090,34810000,60023000,12,14,2,3,3,6
AT5G45775,268510000,164030000,19,15,31,23,15,6
AT4G22010,28402000,6608300,15,15,23,28,9,2
AT3G20050,23934000,23154000,18,15,22,22,11,8
ATCG00770,47213000,0,13,15,22,19,12,0
AT5G20830,22658000,10647000,24,15,21,19,11,4
AT1G76010,183840000,72244000,9,15,20,14,10,8
AT3G18740,399120000,177950000,16,15,20,20,16,11
AT2G27040,23952000,0,22,15,19,12,7,1
AT3G24830,330580000,180260000,17,15,19,20,16,7
AT2G42600,0,0,21,15,17,12,3,1
AT3G53750,225580000,355050000,26,15,17,20,15,20
AT4G27440,38897000,26666000,21,15,16,19,8,3
AT1G08520,32804000,40405000,19,15,16,19,13,8
AT4G24190,41335000,45326000,15,15,16,20,14,6
AT3G18000,78968000,51585000,24,15,16,25,25,8
AT5G59810,65812000,90206000,17,15,15,16,7,7
AT4G09320,189010000,193180000,15,15,14,14,9,11
AT1G06410,27679000,22627000,26,15,14,15,11,4
AT4G36130,379470000,0,13,15,14,14,14,5
AT1G76030,21990000,39786000,20,15,13,10,4,6
AT1G09340,86530000,0,17,15,13,19,8,3
AT3G55410,66554000,77279000,23,15,13,16,9,4
AT3G63490,64833000,26300000,21,15,13,8,15,2
AT2G21330,57078000,76811000,17,15,12,13,8,8
AT4G01310,68859000,30322000,14,15,11,9,9,5
AT4G34110,153160000,199910000,13,15,10,11,8,8
AT3G63460,29175000,23178000,18,15,10,15,11,6
AT5G59290,10307000,0,16,15,8,12,3,4
AT4G24800,13424000,0,14,15,8,8,6,3
AT2G47230,0,0,20,15,0,0,0,0
AT3G04400,464890000,163490000,19,16,24,23,25,9
AT2G05120,26798000,17841000,19,16,23,20,8,4
AT2G45810,60349000,55308000,23,16,22,20,6,8
AT1G11860,196010000,247020000,17,16,20,23,9,7
AT1G03630,23910000,28956000,20,16,19,15,8,8
AT1G20010,106360000,189600000,13,16,18,16,20,6
AT2G24270,27448000,33750000,20,16,17,18,7,6
AT1G07770,251070000,157290000,18,16,17,19,8,7
AT1G29150,33698000,33483000,20,16,17,15,9,4
AT4G38740,78340000,0,15,16,16,24,9,1
AT5G67360,27829000,38813000,21,16,14,17,5,9
AT2G45300,16149000,24977000,17,16,14,11,8,8
AT1G24180,92343000,124770000,15,16,14,13,17,9
AT5G62270,85697000,55924000,8,16,13,10,11,3
AT1G29250,154920000,0,13,16,12,5,6,3
AT5G54160,14573000,28527000,15,16,11,10,4,7
AT2G42910,9938300,0,12,16,11,6,10,2
AT3G57410,30124000,30739000,13,16,11,13,13,11
AT4G34450,25010000,32550000,16,16,10,15,8,7
AT2G41530,95560000,147120000,12,16,10,12,9,8
AT1G34430,56797000,51172000,17,16,9,10,9,3
AT2G20420,0,0,12,16,5,7,2,3
AT3G53020,152290000,117440000,21,17,27,24,27,4
AT2G01140,40980000,52690000,16,17,25,19,16,8
AT1G04270,480050000,290520000,11,17,24,18,7,5
AT5G28060,352210000,134170000,16,17,23,22,15,10
AT4G13930,34255000,0,23,17,21,18,7,3
AT5G48900,60873000,0,15,17,19,21,6,2
AT1G24510,77257000,48863000,19,17,19,15,13,7
AT2G23350,26345000,14146000,16,17,18,12,9,5
ATCG00780,91698000,53150000,15,17,18,17,19,6
AT5G50850,45807000,68000000,22,17,16,15,13,5
AT3G55440,49689000,38558000,15,17,15,12,8,5
AT3G11630,171400000,237170000,19,17,15,16,11,11
AT3G57890,17332000,14968000,14,17,14,18,9,4
AT1G11650,61968000,70726000,21,17,14,18,10,8
AT3G03250,16319000,7625300,14,17,13,17,4,2
AT1G22300,77447000,94279000,18,17,12,17,10,9
AT3G54050,48238000,42735000,12,17,11,9,5,6
AT1G04170,45722000,47209000,17,17,9,12,6,3
AT3G15000,97227000,107630000,15,17,8,9,5,7
AT3G57610,35585000,26720000,18,17,8,11,6,3
AT1G65930,35575000,34314000,22,17,8,9,14,3
AT2G34480,399320000,222950000,26,18,33,32,20,9
AT1G06000,42489000,31958000,18,18,32,28,9,5
AT3G04840,367380000,115610000,25,18,27,31,18,3
AT3G06650,67395000,78110000,30,18,23,30,21,9
AT1G69620,631560000,432950000,18,18,23,16,22,8
AT2G47510,24912000,45531000,23,18,22,15,9,8
AT1G65960,53642000,48948000,21,18,21,24,12,4
ATCG00790,403480000,174280000,19,18,20,16,21,9
AT3G11830,60411000,61347000,26,18,20,23,22,9
AT2G33340,60513000,24754000,20,18,19,14,9,3
AT5G55230,53263000,20381000,19,18,19,13,11,3
AT5G65720,76866000,110930000,26,18,18,15,14,7
AT5G54600,158650000,59188000,19,18,17,16,14,5
AT2G41740,37368000,50870000,22,18,17,19,19,12
AT3G02080,67456000,25956000,23,18,16,20,10,3
AT3G02230,48304000,17803000,19,18,16,13,11,5
AT5G10450,84292000,126170000,20,18,15,7,5,10
AT5G02790,120820000,270770000,17,18,15,8,13,16
AT1G18500,46847000,53853000,21,18,13,14,6,5
AT1G09620,17365000,9932500,22,18,13,12,8,4
AT2G40490,0,0,17,18,10,11,4,0
AT1G09310,50386000,44725000,11,18,10,7,6,3
AT4G24820,51091000,45006000,18,18,9,9,9,4
AT3G13460,147550000,127030000,17,18,9,12,16,10
AT2G19730,456610000,239000000,17,18,7,8,7,6
AT4G34980,94228000,21291000,16,19,37,28,26,6
AT4G09800,560500000,271030000,24,19,36,29,22,7
AT5G07410,64880000,57711000,36,19,27,29,23,12
AT5G06850,84695000,117670000,21,19,26,31,32,23
AT3G58500,99058000,122450000,28,19,25,22,14,11
AT4G31700,451420000,181870000,14,19,19,19,17,8
ATCG00380,111520000,0,21,19,17,21,5,4
AT3G22960,75896000,93473000,24,19,17,24,15,13
AT4G16155,89092000,56099000,25,19,16,11,9,3
AT5G30510,38230000,35392000,23,19,16,16,16,5
AT1G63660,42143000,29306000,22,19,15,16,8,8
AT3G19170,5526900,4726900,24,19,13,10,2,2
AT3G12780,47284000,43917000,22,19,13,17,15,8
AT3G29410,25812000,23048000,28,19,9,14,8,3
AT3G62120,87827000,19423000,22,20,33,28,12,4
AT2G47240,52329000,27641000,22,20,31,25,12,5
AT1G71080,630180000,860250000,20,20,29,28,20,18
AT1G59359,556230000,277660000,23,20,29,35,25,10
AT3G57560,196330000,134580000,31,20,29,35,26,16
AT4G38130,126260000,163660000,25,20,28,24,16,13
AT1G01300,143310000,18538000,24,20,28,22,20,4
AT4G15000,861940000,354930000,20,20,23,27,17,17
AT5G46290,192150000,301440000,21,20,23,25,20,15
AT4G20850,12884000,14754000,24,20,21,23,4,4
AT5G60790,170310000,181760000,23,20,20,20,16,9
AT4G29060,53264000,20931000,17,20,18,19,10,2
AT1G62640,64820000,67250000,19,20,14,13,6,3
AT3G54930,218530000,249350000,24,20,14,22,26,11
AT3G53030,47698000,22889000,26,20,12,14,17,4
AT3G48560,38905000,16418000,24,20,11,12,8,4
AT3G62530,82629000,53742000,20,20,11,13,9,10
AT5G48300,72905000,44135000,18,20,10,13,9,6
AT4G02480,8767000,0,18,20,0,5,3,0
AT5G43990,94395000,67991000,32,21,35,39,13,12
AT3G23600,370700000,449350000,21,21,32,34,29,9
AT5G26360,56186000,46232000,31,21,30,31,19,11
AT4G39330,56147000,89815000,19,21,25,24,17,5
AT3G58610,36479000,47946000,23,21,22,29,13,6
AT1G12000,61334000,65190000,20,21,22,28,15,9
AT1G73380,51798000,48639000,28,21,18,22,17,8
AT3G26060,66992000,68899000,21,21,17,16,11,6
AT4G02930,834380000,832290000,21,21,14,17,17,11
AT3G07770,28746000,34394000,20,21,13,17,12,6
AT1G18450,49908000,0,20,21,8,15,11,1
AT4G10340,109940000,101570000,17,22,34,26,16,9
AT1G71220,40296000,12166000,24,22,33,29,9,6
AT1G78580,75261000,81470000,30,22,30,37,28,21
AT2G44120,238310000,156400000,26,22,28,23,23,17
AT4G21280,59949000,60526000,21,22,26,30,31,11
AT1G02500,365440000,294050000,21,22,24,21,13,13
AT5G19510,218140000,280280000,15,22,24,18,14,16
AT3G07110,1042800000,620700000,39,22,24,23,22,12
AT2G27530,398890000,300340000,20,22,22,18,16,7
AT2G19520,81574000,43448000,24,22,18,16,9,4
AT4G00570,38789000,37746000,24,22,13,21,14,8
AT4G31990,8138100,16264000,19,22,9,10,3,4
AT1G20960,32384000,14151000,34,23,42,33,11,2
AT5G40270,68083000,74946000,34,23,36,33,33,18
AT5G02490,247440000,302550000,36,23,33,29,27,15
AT1G48410,45821000,41562000,24,23,31,31,18,9
AT1G06220,10791000,8711600,26,23,26,17,6,2
AT1G52360,105110000,109230000,29,23,26,22,22,6
AT3G18190,134090000,120880000,24,23,25,21,19,9
AT5G43940,61561000,81328000,24,23,23,23,15,14
AT5G04140,12160000,0,19,23,22,19,5,0
AT5G48880,55062000,57215000,26,23,22,28,14,8
AT1G32060,40308000,44506000,33,23,21,19,9,7
AT2G36460,118060000,238320000,17,23,20,18,21,17
AT5G18380,712260000,294390000,25,23,18,20,27,11
AT4G04640,53397000,42118000,14,23,17,14,13,7
AT5G09590,70158000,66293000,21,23,17,20,19,14
AT1G22410,70999000,70973000,27,23,14,19,15,7
AT3G42170,29138000,31061000,27,23,13,11,9,4
AT1G09270,5144500,0,26,23,9,7,3,1
AT1G29900,99962000,105210000,35,24,38,38,28,23
AT3G56340,496200000,343820000,22,24,33,25,20,8
AT3G25520,372340000,162200000,23,24,30,31,31,11
AT2G19070,44189000,25493000,24,24,29,24,14,6
AT2G05920,193380000,138540000,28,24,29,26,15,6
AT5G15490,115580000,102160000,31,24,26,24,16,13
AT2G07698,54567000,51974000,27,24,25,29,19,14
AT3G44110,173170000,128850000,20,24,25,20,19,12
AT1G70600,1324900000,636020000,22,24,25,26,26,11
AT4G31490,75562000,73660000,34,24,24,26,11,11
AT1G20200,34132000,47212000,34,24,24,18,14,9
AT3G05530,55666000,51117000,25,24,23,13,11,7
AT1G01090,64242000,23550000,24,24,21,21,10,5
AT5G59970,158590000,0,22,24,20,24,17,3
AT4G33680,99990000,157380000,27,24,16,13,13,10
AT2G46280,45707000,35269000,23,24,16,17,16,7
AT3G19760,127410000,126210000,26,24,14,15,15,9
AT3G13930,55360000,72428000,22,24,13,11,15,10
AT3G60240,14095000,22826000,21,24,6,8,5,5
AT2G21390,42994000,55262000,49,25,43,44,17,11
AT1G67090,868500000,806130000,22,25,38,31,19,9
AT1G52030,30633000,28329000,27,25,36,32,15,5
AT3G12145,130800000,147430000,26,25,33,33,20,9
AT1G15750,45346000,41985000,33,25,32,29,14,8
ATCG00500,70084000,66453000,29,25,30,25,23,9
AT1G18080,82335000,77992000,37,25,28,40,27,11
AT1G80070,21840000,0,40,25,27,36,14,1
AT1G30580,57229000,88358000,24,25,22,29,19,14
AT1G02780,1400900000,777620000,23,25,18,22,18,13
AT5G44340,172430000,273550000,29,25,17,17,11,11
AT3G55280,1444900000,635660000,19,25,13,14,24,12
AT3G09880,309680000,404010000,32,26,48,35,34,29
AT3G53870,596960000,290500000,30,26,35,36,32,14
AT5G62300,390260000,162490000,30,26,33,28,34,9
AT1G70490,255090000,238450000,29,26,31,32,14,16
AT5G66760,44354000,50315000,28,26,23,29,13,10
AT5G67630,47185000,28384000,25,26,17,17,13,7
AT1G20620,76258000,50134000,31,27,55,51,21,9
AT5G11710,177260000,275280000,41,27,39,30,36,28
AT5G50920,41055000,49343000,34,27,34,38,20,8
AT1G04410,159310000,298660000,26,27,27,31,18,16
AT5G19780,416240000,433720000,38,27,25,23,20,12
AT3G01500,225540000,179780000,27,27,25,24,25,15
AT3G13490,61668000,108900000,29,27,24,23,9,11
AT4G37930,64920000,59494000,29,27,23,23,10,10
AT4G09000,133710000,136100000,31,27,23,18,16,9
AT1G20950,33048000,25512000,21,27,17,17,10,7
AT3G23990,55619000,75931000,32,27,17,24,16,15
AT5G61780,57364000,23273000,31,28,40,41,18,7
AT1G45000,109270000,102050000,31,28,38,33,20,11
AT3G55870,88954000,145430000,24,28,31,23,27,13
AT3G49910,1030800000,432190000,22,28,31,27,31,22
AT1G78900,39847000,34395000,26,28,30,27,16,12
AT3G59970,122000000,179180000,30,28,29,36,21,9
AT5G35630,217080000,275210000,26,28,26,24,19,11
AT2G32730,61625000,40923000,17,28,15,18,10,6
AT4G24280,98258000,112120000,27,28,15,17,20,15
AT3G03960,141930000,108340000,40,29,37,31,29,20
AT2G39800,96444000,90342000,39,29,32,37,22,18
AT5G58290,108690000,105700000,36,29,30,27,17,16
AT2G32080,160610000,290150000,26,29,27,20,25,31
AT3G06720,56288000,44050000,33,29,21,21,13,10
AT2G29560,132650000,230730000,48,30,47,38,42,38
AT4G00100,623770000,246530000,47,30,39,47,39,17
AT1G20020,426740000,510240000,36,30,34,30,21,15
AT1G23310,75505000,42184000,33,30,33,32,17,12
AT3G53430,334900000,198880000,34,30,32,38,22,10
AT1G68560,23114000,28145000,22,30,28,29,7,7
AT3G25920,342530000,153470000,41,30,26,32,30,14
AT1G26630,399880000,437280000,37,30,25,34,28,24
AT5G67320,400580000,39692000,36,30,19,27,17,4
AT1G61850,124840000,184370000,42,31,39,36,45,36
AT1G09640,388130000,622000000,35,31,25,28,26,19
AT5G60100,194470000,194870000,34,31,23,23,25,19
AT4G20360,755620000,589940000,36,32,26,29,19,21
AT3G26650,113140000,82281000,57,33,46,40,37,24
AT3G62250,411150000,310380000,45,33,37,47,32,15
AT1G07890,235380000,196030000,35,33,34,40,34,18
AT3G17390,475730000,479750000,45,33,33,36,17,15
AT1G66580,538380000,349280000,30,33,32,29,21,14
AT2G43030,613200000,295330000,33,33,31,33,28,13
AT5G09650,47532000,78244000,17,33,22,16,7,7
AT3G49010,1353300000,928950000,45,34,52,47,47,28
AT3G49430,374340000,0,33,34,47,46,42,0
AT4G34670,912550000,322330000,31,34,39,41,36,15
AT4G29270,409440000,560790000,47,34,29,24,33,28
AT3G25860,46451000,51293000,29,34,23,24,17,13
AT4G38970,392950000,373360000,45,35,46,46,27,19
AT3G02530,47905000,54776000,33,35,23,18,15,11
AT5G15200,1141100000,350980000,39,36,45,51,33,20
AT1G53750,74182000,77159000,44,36,35,38,19,15
AT2G04030,54169000,69110000,47,37,45,42,25,21
AT4G16720,2381400000,1500400000,41,37,40,41,45,22
AT1G79930,58431000,59664000,50,37,37,43,24,13
AT3G18780,754160000,574460000,46,37,25,38,18,16
AT3G11510,1021100000,513500000,46,38,50,45,46,30
AT5G08690,50245000,77826000,35,38,39,31,21,22
AT5G20010,269810000,312960000,42,38,39,39,33,22
AT5G51750,216900000,72487000,30,38,34,43,24,8
AT5G35360,51368000,97226000,39,38,31,29,16,17
AT3G50670,247310000,77932000,44,38,22,23,21,7
AT1G33140,299430000,218420000,46,39,59,51,42,23
AT1G27400,401920000,170130000,41,39,46,46,27,13
AT2G33150,94605000,99718000,39,39,42,21,17,14
AT3G60750,181860000,184610000,47,39,41,43,32,14
AT5G20890,128350000,155000000,43,39,27,32,20,17
AT2G01250,420750000,199500000,40,40,64,48,51,28
AT4G37800,629310000,657080000,35,40,46,49,36,28
AT4G18100,811830000,323770000,45,40,39,41,24,25
AT1G80410,79461000,95899000,36,40,26,31,32,17
AT1G78630,369950000,125950000,36,40,22,27,28,14
AT4G33010,56537000,14454000,50,41,45,41,14,3
AT1G02840,208500000,0,31,41,40,39,28,1
AT3G11910,95180000,71973000,48,41,34,30,33,14
AT4G23920,224790000,372590000,41,41,33,31,27,27
AT2G20580,132630000,125910000,46,41,28,38,16,14
AT3G48930,2022200000,520220000,37,41,26,23,26,20
AT2G28000,76154000,107810000,36,41,23,26,17,27
AT1G08360,609530000,318200000,41,42,42,34,44,33
AT2G41840,579360000,251560000,50,43,74,59,44,10
AT3G09200,386170000,220450000,50,43,58,49,29,25
AT5G11170,95093000,99798000,60,43,51,49,28,14
ATCG01310,550300000,341230000,45,43,48,42,48,21
AT1G74060,1266900000,683800000,40,43,35,33,25,19
AT5G66190,316560000,302740000,48,44,52,51,37,19
AT2G38040,151790000,137710000,63,44,52,53,40,23
AT2G36530,202320000,348100000,42,44,47,48,26,26
AT3G58510,125860000,99509000,52,44,34,41,42,27
AT3G59770,94226000,21084000,71,45,58,51,43,7
AT5G36880,152690000,185730000,51,45,50,42,37,28
AT5G19990,139290000,157060000,62,45,40,54,28,17
AT3G22110,481790000,501810000,39,45,39,37,27,22
AT4G37910,149010000,199340000,39,45,32,25,29,40
AT5G38420,934460000,968500000,61,46,54,57,37,24
AT3G09440,493980000,644590000,56,46,48,48,58,47
AT3G11130,53098000,43808000,69,46,40,38,27,11
AT3G09820,616160000,1017900000,55,47,55,60,39,36
AT2G29550,193850000,291100000,53,47,50,40,46,28
AT5G27850,428060000,202380000,52,47,41,53,48,24
AT3G20820,146840000,20286000,43,50,57,54,34,3
AT5G28540,343930000,299370000,61,51,64,67,67,48
AT1G55490,206760000,249660000,59,52,62,55,32,29
AT1G78570,108600000,69562000,59,54,55,53,38,25
AT2G18020,1517500000,621340000,49,54,47,43,60,31
AT1G72370,599350000,635240000,62,55,47,53,51,26
AT3G03540,1116400000,1113900000,87,56,71,63,54,40
AT1G69830,77491000,86447000,56,56,68,47,32,15
AT4G16143,162560000,145700000,75,56,67,49,43,34
AT1G42970,1338500000,1118200000,52,56,60,59,33,24
AT3G44320,29870000000,45475000000,93,57,88,68,84,111
AT5G17920,149840000,196420000,69,57,87,89,50,22
AT2G23390,230660000,312430000,48,57,55,56,44,31
ATCG00120,151460000,198090000,70,58,46,49,40,31
AT1G54270,715880000,759390000,76,59,69,72,45,39
AT1G52400,260140000,248500000,47,59,61,59,29,18
AT1G52570,429770000,292230000,93,59,59,65,42,23
AT1G64880,671190000,532750000,54,60,74,81,56,28
AT2G36880,663660000,637440000,79,61,83,76,47,27
AT3G62870,893280000,536700000,66,61,70,64,57,31
ATCG00480,164370000,189580000,65,63,48,55,38,18
AT2G17360,1102400000,378780000,68,64,84,92,77,26
AT5G25980,479620000,403810000,68,65,74,80,50,25
AT5G20290,1722000000,661150000,55,65,62,68,65,33
AT3G09840,151070000,139670000,59,65,51,52,33,25
AT5G26000,756730000,1066000000,74,69,98,81,57,35
AT2G17630,3156800000,5378800000,82,69,90,80,69,45
AT5G24780,1457500000,770660000,76,69,84,85,37,27
AT1G48120,342070000,502640000,135,71,52,64,80,77
AT5G10360,1010100000,350320000,56,72,70,70,79,29
AT5G65730,1084300000,939910000,62,72,46,44,40,34
AT4G13940,225340000,262870000,80,75,72,69,60,29
AT5G56010,283770000,270170000,70,76,83,86,57,37
AT5G26742,176490000,48359000,72,76,82,82,68,24
AT3G04120,1271400000,2275900000,97,77,72,78,59,57
AT3G09630,1690600000,909590000,75,78,81,85,69,44
AT1G57720,949470000,1263600000,77,80,78,80,60,59
AT5G09810,902100000,1355600000,104,82,73,83,77,50
AT1G50010,452840000,565360000,118,88,112,105,74,54
AT3G45140,222470000,140280000,77,88,91,92,47,24
AT5G60390,974360000,1121000000,150,90,118,101,86,64
AT1G43170,1265900000,721340000,105,94,104,119,93,50
AT5G35200,4249000000,5137400000,109,102,113,127,146,95
AT2G39730,266970000,336810000,133,105,107,110,79,49
AT1G56070,771650000,722060000,142,123,111,101,98,51
AT3G52930,1637900000,1918400000,147,126,151,152,120,88
AT3G44690,479800000,718570000,140,131,140,131,148,120
AT1G19480,5125200000,4579300000,171,144,180,151,154,89
AT2G40660,11114000000,14646000000,162,148,212,187,188,116
AT5G62700,640940000,957660000,180,150,164,145,115,89
AT5G26710,6948400000,6330500000,183,161,210,202,271,183
AT3G15730,1255700000,1241800000,190,164,145,166,92,75
AT5G02500,3530500000,3995900000,235,210,239,205,226,164
ATCG00490,2479700000,1695800000,394,310,317,281,199,109
AT4G10320,8917500000,10137000000,391,352,473,444,508,330
AT3G08590,8453900000,14399000000,434,364,444,374,268,234
AT3G44310,30252000000,64061000000,500,382,381,365,569,572
AT4G35630,7626400000,11559000000,575,470,579,515,370,245
AT1G26540,0,0,627,505,0,1,0,0
