Protein,WT,WT.1,AT1G19100,AT1G19100,AT1G49950,AT4G20400,AT4G20400,AT3G49850
AT1G19100,0,0,768,471,19,0,0,2
AT4G36290,0,0,264,200,3,0,0,0
AT4G36280,0,0,96,68,0,0,0,0
AT2G45540,0,0,57,13,0,0,0,0
AT5G11200,0,0,36,39,0,0,0,0
AT4G24970,0,0,28,21,0,0,0,0
AT3G08530,0,0,24,0,9,32,27,0
AT3G53230,0,0,23,0,0,0,0,0
AT4G34430,0,0,20,3,0,0,2,0
AT3G09790,0,0,16,23,0,0,0,18
AT5G50780,0,0,16,0,0,0,0,0
AT3G06850,0,2,15,8,0,8,4,0
AT5G41140,0,0,15,0,0,0,0,0
AT5G22060,0,3,14,8,0,0,0,4
AT3G61860,0,0,14,0,0,5,10,0
AT5G55070,0,0,12,5,2,5,8,3
AT4G13460,0,0,12,7,0,0,0,0
AT1G54220,0,0,11,8,0,0,0,0
AT1G75990,0,0,10,0,0,8,7,0
AT3G49250,0,2,10,4,0,3,0,0
AT1G27430,0,0,9,2,0,0,0,0
AT3G56800,0,0,8,8,9,8,6,8
AT2G41110,0,0,8,8,9,8,6,8
AT2G27030,0,0,8,8,9,8,6,8
AT1G57860,0,8,8,6,7,6,4,6
AT1G57660,0,8,8,6,7,6,4,6
AT5G25780,0,9,8,0,0,5,8,0
AT3G14040,0,0,7,10,8,5,11,14
AT2G37600,0,7,7,8,0,6,5,10
AT4G35100,0,0,7,6,7,4,5,7
AT5G12370,0,0,7,0,0,0,0,0
AT3G25520,0,8,6,5,11,9,10,10
AT1G79640,0,0,6,0,0,0,0,0
AT1G47250,0,4,6,3,0,0,0,0
AT1G24260,0,0,5,0,3,0,0,7
AT3G60830,0,2,5,5,0,7,7,5
AT3G52230,0,12,5,0,3,5,15,5
AT2G47240,0,0,5,4,0,4,4,4
AT5G47010,0,4,5,2,0,0,0,4
ATCG00180,0,0,5,0,0,2,0,3
AT1G76180,0,5,5,5,4,0,0,3
AT5G13530,0,0,5,6,0,8,11,2
AT2G20760,0,0,5,5,4,0,0,2
AT1G02690,0,5,5,0,5,38,24,0
AT1G35580,0,3,5,3,0,4,3,0
AT3G01180,0,3,5,0,0,3,4,0
AT1G69200,0,0,5,0,0,0,0,0
AT1G30120,0,0,5,3,0,0,7,0
AT4G39200,0,0,4,6,7,0,3,6
AT5G60640,0,5,4,4,0,0,4,4
AT3G16780,0,0,4,3,4,2,0,3
AT5G03690,0,0,4,0,0,0,0,3
AT3G04260,0,0,4,5,0,0,2,3
AT1G48830,0,2,4,0,3,0,0,3
AT5G47690,0,0,4,2,0,14,15,2
AT3G28715,0,3,4,2,0,4,6,0
AT3G28710,0,3,4,2,0,4,6,0
AT5G65720,0,0,4,0,0,3,0,0
AT3G48500,0,2,4,0,0,2,0,0
AT5G54770,0,0,4,0,3,0,3,0
AT5G54430,0,0,4,0,0,0,0,0
AT4G26720,0,0,4,0,0,0,2,0
AT4G18240,0,0,4,0,0,0,0,0
AT4G15790,0,0,4,3,0,0,0,0
AT3G45190,0,0,4,2,0,0,2,0
AT3G15290,0,0,4,0,0,0,0,0
AT2G24590,0,0,4,0,0,0,0,0
AT2G16485,0,0,4,0,0,0,0,0
AT1G24300,0,0,4,0,0,0,0,0
AT5G58230,0,5,3,0,0,20,18,23
AT3G10690,0,0,3,0,0,4,5,3
AT2G40300,0,3,3,2,0,4,3,3
AT1G02560,0,3,3,4,0,0,0,3
AT1G31230,0,0,3,0,0,5,4,2
AT1G02150,0,0,3,4,0,3,3,2
AT4G21710,0,0,3,0,0,0,2,2
AT1G15690,0,0,3,2,0,0,0,2
AT5G64760,0,2,3,0,0,0,0,2
AT5G53480,0,0,3,0,0,18,16,0
AT1G70320,0,0,3,0,0,5,0,0
AT5G19370,0,2,3,0,0,5,6,0
AT5G20490,0,0,3,0,0,3,2,0
AT4G35800,0,0,3,0,0,2,0,0
ATCG01300,0,0,3,2,0,0,0,0
ATCG00840,0,0,3,2,0,0,0,0
AT5G02530,0,0,3,0,2,0,0,0
AT4G29830,0,0,3,0,0,0,0,0
AT4G27320,0,0,3,0,0,0,0,0
AT4G27060,0,0,3,0,0,0,0,0
AT4G02350,0,0,3,0,0,0,0,0
AT3G63250,0,0,3,0,0,0,0,0
AT3G58110,0,0,3,0,0,0,0,0
AT3G57520,0,0,3,0,0,0,5,0
AT3G54620,0,0,3,0,0,0,0,0
AT3G52750,0,0,3,0,0,0,2,0
AT3G26420,0,0,3,0,2,0,0,0
AT3G23780,0,0,3,0,0,0,0,0
AT3G18165,0,0,3,0,0,0,0,0
AT3G18090,0,0,3,0,0,0,0,0
AT3G06670,0,0,3,0,0,0,3,0
AT3G04600,0,0,3,0,0,0,0,0
AT2G40085,0,0,3,0,0,0,0,0
AT2G36250,0,0,3,0,0,0,2,0
AT2G29300,0,0,3,0,0,0,0,0
AT2G02930,0,0,3,0,0,0,0,0
AT1G74960,0,0,3,3,0,0,5,0
AT1G61250,0,0,3,0,0,0,0,0
AT1G56450,0,0,3,3,0,0,0,0
AT1G32550,0,0,3,0,0,0,0,0
AT1G17580,0,0,3,2,0,0,0,0
AT1G15730,0,0,3,0,0,0,0,0
AT3G61430,0,2,3,0,3,0,0,0
AT1G05190,0,2,3,0,2,0,0,0
AT1G63970,0,3,3,0,0,0,0,0
AT3G54760,0,4,3,0,0,0,0,0
AT2G16780,0,4,3,4,0,0,0,0
AT1G50920,0,0,2,0,5,0,0,10
AT3G13160,0,0,2,0,2,6,4,9
AT1G07360,0,0,2,2,5,3,0,6
AT5G35980,0,0,2,3,0,2,4,5
AT4G37510,0,6,2,7,3,2,0,5
AT4G00270,0,0,2,0,0,0,0,5
AT1G52980,0,0,2,0,3,0,0,4
AT4G17560,0,0,2,2,0,4,4,3
AT2G01520,0,0,2,4,4,2,3,3
AT5G17870,0,0,2,2,3,0,3,3
AT4G04460,0,0,2,0,0,0,2,3
AT5G35680,0,3,2,2,3,0,0,3
AT2G04520,0,3,2,2,3,0,0,3
AT3G53990,0,2,2,0,0,2,2,2
AT3G11770,0,0,2,2,0,0,0,2
AT3G63490,0,4,2,2,0,0,0,2
AT2G19730,0,4,2,0,2,0,2,2
AT4G16390,0,0,2,0,0,7,8,0
AT1G55860,0,0,2,0,0,4,3,0
AT5G10240,0,0,2,0,0,3,2,0
AT5G22650,0,4,2,2,0,3,3,0
AT4G01310,0,5,2,4,0,3,3,0
AT2G47710,0,0,2,0,0,2,2,0
ATCG00330,0,0,2,0,3,0,0,0
AT5G52360,0,0,2,4,0,0,2,0
AT5G51110,0,0,2,0,0,0,0,0
AT5G39210,0,0,2,0,0,0,0,0
AT5G23310,0,0,2,0,0,0,0,0
AT5G17070,0,0,2,2,0,0,0,0
AT5G14250,0,0,2,0,0,0,2,0
AT5G09390,0,0,2,0,0,0,0,0
AT4G37925,0,0,2,0,0,0,0,0
AT4G31840,0,0,2,0,0,0,0,0
AT4G28750,0,0,2,0,0,0,0,0
AT4G18250,0,0,2,0,0,0,0,0
AT4G15802,0,0,2,4,0,0,0,0
AT4G02620,0,0,2,0,0,0,0,0
AT4G01480,0,0,2,0,4,0,0,0
AT4G00430,0,0,2,0,3,0,4,0
AT3G61260,0,0,2,0,0,0,0,0
AT3G48670,0,0,2,0,0,0,0,0
AT3G15360,0,0,2,0,0,0,0,0
AT3G13222,0,0,2,0,0,0,0,0
AT2G40840,0,0,2,0,0,0,0,0
AT2G34640,0,0,2,0,0,0,0,0
AT2G29580,0,0,2,2,0,0,0,0
AT2G26940,0,0,2,0,0,0,0,0
AT2G18450,0,0,2,0,0,0,0,0
AT2G05830,0,0,2,0,0,0,3,0
AT2G03440,0,0,2,0,0,0,0,0
AT1G79850,0,0,2,3,0,0,0,0
AT1G79050,0,0,2,0,0,0,0,0
AT1G70820,0,0,2,0,0,0,0,0
AT1G67650,0,0,2,0,0,0,0,0
AT1G66240,0,0,2,0,0,0,0,0
AT1G54690,0,0,2,0,0,0,0,0
AT1G47900,0,0,2,0,0,0,0,0
AT1G08880,0,0,2,0,0,0,0,0
AT1G01050,0,0,2,0,4,0,0,0
AT4G16060,0,2,2,0,0,0,2,0
AT4G09730,0,2,2,0,0,0,0,0
AT1G75350,0,2,2,0,0,0,0,0
AT3G49850,0,0,0,0,0,0,0,270
AT5G66000,0,0,0,0,0,0,0,140
AT2G17410,0,0,0,0,6,0,0,86
AT1G22950,0,0,0,0,0,6,7,80
AT4G32620,0,0,0,0,3,0,0,68
AT3G03140,0,0,0,0,4,0,0,68
AT5G11530,0,0,0,0,0,0,0,50
AT5G10710,0,0,0,0,8,0,0,46
AT1G76510,0,0,0,0,3,0,0,38
AT4G35510,0,0,0,0,0,0,0,29
AT2G38760,0,0,0,0,0,0,0,25
AT3G18210,0,0,0,0,0,0,0,24
AT3G54350,0,0,0,0,0,0,0,23
AT2G34900,0,0,0,0,0,0,0,23
AT3G20740,0,0,0,0,0,0,0,22
AT3G10490,0,0,0,0,0,168,172,18
AT1G29970,0,0,0,0,19,0,0,18
AT1G29965,0,0,0,0,19,0,0,18
AT3G57150,0,2,0,2,7,0,0,18
AT5G04670,0,0,0,0,0,0,0,15
AT2G40930,0,0,0,0,0,0,0,15
AT3G49660,0,0,0,0,0,0,0,14
AT4G02020,0,0,0,0,0,0,0,13
AT2G17540,0,0,0,0,0,0,0,13
AT3G17460,0,0,0,0,0,0,0,12
AT1G20910,0,0,0,0,0,0,0,11
AT5G48375,0,0,0,0,0,0,0,10
AT4G37440,0,0,0,0,0,0,0,10
AT2G38750,0,0,0,0,0,0,0,10
AT1G58220,0,0,0,0,0,0,0,10
AT5G17690,0,0,0,0,0,0,0,9
AT5G02450,0,0,0,8,0,0,0,9
AT3G10480,0,0,0,0,0,90,79,8
AT5G51230,0,0,0,0,0,0,0,8
AT1G09880,0,0,0,0,0,0,0,8
AT1G52360,0,0,0,0,4,8,0,7
AT2G38770,0,0,0,0,0,6,4,7
AT3G50820,0,0,0,6,5,5,0,7
AT5G64610,0,0,0,0,0,0,0,7
AT1G52740,0,0,0,0,0,0,0,7
AT3G05060,0,2,0,0,2,0,0,7
AT5G27670,0,0,0,0,0,0,0,6
AT4G28520,0,0,0,0,0,0,0,6
AT1G48610,0,0,0,2,0,0,0,6
AT3G03920,0,2,0,2,4,2,4,5
AT4G00310,0,0,0,0,0,0,0,5
AT3G20670,0,0,0,0,0,0,0,5
AT2G23380,0,0,0,0,0,0,0,5
AT5G04800,0,2,0,0,0,0,0,5
AT3G10610,0,2,0,0,0,0,0,5
AT2G05220,0,2,0,0,0,0,0,5
AT2G04390,0,2,0,0,0,0,0,5
AT5G07340,0,9,0,8,11,0,0,5
AT1G09760,0,0,0,0,4,2,2,4
ATCG00170,0,0,0,2,0,0,0,4
AT5G20240,0,0,0,0,0,0,0,4
AT4G10480,0,0,0,3,3,0,0,4
AT3G59430,0,0,0,0,0,0,0,4
AT3G56090,0,0,0,0,0,0,5,4
AT3G08580,0,0,0,0,0,0,0,4
AT2G37470,0,0,0,0,0,0,0,4
AT1G35420,0,0,0,0,3,0,0,4
AT1G06670,0,0,0,0,0,0,0,4
AT1G02813,0,0,0,2,0,0,0,4
AT1G10580,0,2,0,0,5,0,0,4
AT2G27880,0,3,0,0,0,0,0,4
ATCG00800,0,0,0,0,0,8,6,3
AT3G50000,0,3,0,0,0,7,0,3
AT5G22780,0,0,0,0,0,5,3,3
AT5G53560,0,0,0,2,2,2,0,3
AT5G45930,0,0,0,0,0,2,0,3
AT3G18490,0,0,0,0,0,2,2,3
AT1G80930,0,0,0,0,0,2,3,3
AT5G67240,0,0,0,0,0,0,0,3
AT5G62350,0,0,0,0,2,0,0,3
AT5G61170,0,0,0,3,0,0,0,3
AT5G59870,0,0,0,0,0,0,0,3
AT5G44120,0,0,0,0,0,0,0,3
AT5G40080,0,0,0,0,2,0,0,3
AT5G39800,0,0,0,0,2,0,0,3
AT5G27120,0,0,0,0,3,0,0,3
AT5G25460,0,0,0,0,0,0,0,3
AT5G22770,0,0,0,0,0,0,3,3
AT5G15800,0,0,0,0,0,0,0,3
AT5G15520,0,0,0,3,0,0,0,3
AT5G11420,0,0,0,0,0,0,0,3
AT5G09740,0,0,0,0,0,0,0,3
AT4G29840,0,0,0,2,0,0,0,3
AT4G26630,0,0,0,0,0,0,0,3
AT3G59670,0,0,0,0,0,0,0,3
AT3G47370,0,0,0,0,0,0,0,3
AT3G18240,0,0,0,0,2,0,2,3
AT3G02650,0,0,0,0,0,0,0,3
AT2G46790,0,0,0,0,0,0,0,3
AT2G37340,0,0,0,2,2,0,0,3
AT1G80750,0,0,0,0,0,0,0,3
AT1G76300,0,0,0,0,0,0,0,3
AT1G73230,0,0,0,0,0,0,0,3
AT1G48620,0,0,0,0,0,0,0,3
AT1G19730,0,0,0,0,0,0,0,3
AT3G25150,0,2,0,2,0,0,0,3
AT1G30350,0,2,0,0,0,0,0,3
AT3G17465,0,4,0,0,0,0,2,3
AT3G05560,0,0,0,0,0,3,4,2
AT2G22230,0,3,0,0,0,3,2,2
ATMG00290,0,0,0,0,0,0,0,2
AT5G61720,0,0,0,0,0,0,0,2
AT5G15110,0,0,0,0,0,0,0,2
AT5G12950,0,0,0,0,0,0,0,2
AT4G32460,0,0,0,0,0,0,0,2
AT4G25210,0,0,0,0,0,0,0,2
AT4G09960,0,0,0,0,0,0,0,2
AT3G62820,0,0,0,0,0,0,0,2
AT3G53650,0,0,0,0,0,0,0,2
AT3G44850,0,0,0,0,4,0,0,2
AT3G13120,0,0,0,0,0,0,0,2
AT3G02540,0,0,0,0,2,0,0,2
AT2G18170,0,0,0,3,0,0,0,2
AT2G07734,0,0,0,0,0,0,0,2
AT1G74000,0,0,0,0,0,0,0,2
AT1G61730,0,0,0,0,0,0,0,2
AT1G07830,0,0,0,0,4,0,0,2
AT1G06720,0,0,0,0,0,0,0,2
AT1G05860,0,0,0,0,0,0,0,2
AT5G16750,0,2,0,0,0,0,0,2
AT3G15190,0,2,0,0,2,0,0,2
AT1G32500,0,2,0,0,0,0,3,2
AT1G16030,0,0,0,0,0,53,48,0
AT1G23410,0,0,0,0,0,32,0,0
AT5G19820,0,0,0,0,0,21,17,0
AT4G38510,0,0,0,0,0,12,12,0
AT2G16950,0,0,0,0,0,9,10,0
AT2G02560,0,0,0,0,0,9,5,0
AT4G38130,0,3,0,0,0,9,10,0
AT1G02080,0,0,0,0,0,8,4,0
AT2G22125,0,0,0,0,0,7,6,0
AT4G15020,0,0,0,0,0,6,3,0
AT3G08943,0,0,0,0,0,6,4,0
AT2G23080,0,0,0,0,0,6,0,0
AT1G64790,0,0,0,0,0,6,3,0
AT1G09430,0,0,0,0,0,6,6,0
AT1G06900,0,0,0,0,0,6,11,0
AT4G24800,0,2,0,0,0,6,8,0
AT5G56280,0,0,0,0,0,5,0,0
AT5G13930,0,0,0,0,2,5,0,0
AT5G03470,0,0,0,0,0,5,4,0
AT4G27640,0,0,0,0,0,5,5,0
AT4G20910,0,0,0,0,0,5,8,0
AT2G40630,0,0,0,0,0,5,7,0
AT2G27020,0,0,0,0,0,5,5,0
AT2G22400,0,0,0,0,0,5,7,0
AT1G69960,0,0,0,0,0,5,0,0
AT1G25490,0,0,0,2,0,5,2,0
AT5G65120,0,0,0,0,0,4,2,0
AT4G04640,0,0,0,0,0,4,4,0
AT4G03090,0,0,0,0,0,4,3,0
AT3G61140,0,0,0,0,0,4,0,0
AT3G57300,0,0,0,0,0,4,5,0
AT3G54930,0,0,0,0,0,4,4,0
AT3G43300,0,0,0,0,0,4,7,0
AT1G80810,0,0,0,0,0,4,6,0
AT1G55890,0,0,0,0,0,4,0,0
AT1G49950,0,0,0,0,4,4,3,0
AT1G20950,0,0,0,0,0,4,0,0
AT5G43500,0,0,0,0,0,3,0,0
AT5G35430,0,0,0,0,0,3,0,0
AT5G18620,0,0,0,0,0,3,0,0
AT5G18420,0,0,0,0,0,3,4,0
AT5G17020,0,0,0,0,0,3,2,0
AT5G08530,0,0,0,0,0,3,3,0
AT5G05590,0,0,0,0,0,3,2,0
AT4G23460,0,0,0,0,0,3,0,0
AT4G11380,0,0,0,0,0,3,6,0
AT4G00040,0,0,0,0,0,3,0,0
AT3G53700,0,0,0,0,0,3,2,0
AT3G47470,0,0,0,0,0,3,0,0
AT3G28830,0,0,0,0,0,3,0,0
AT3G28730,0,0,0,0,0,3,2,0
AT3G09810,0,0,0,0,0,3,4,0
AT3G06400,0,0,0,0,0,3,0,0
AT2G46290,0,0,0,0,2,3,0,0
AT2G41540,0,0,0,0,0,3,0,0
AT2G31810,0,0,0,0,0,3,0,0
AT2G30470,0,0,0,0,0,3,3,0
AT2G20190,0,0,0,0,0,3,2,0
AT1G80270,0,0,0,0,0,3,0,0
AT1G22410,0,0,0,0,0,3,4,0
AT1G13320,0,0,0,0,0,3,6,0
AT1G12380,0,0,0,0,0,3,0,0
AT3G46460,0,2,0,0,0,3,3,0
AT3G46440,0,2,0,0,0,3,0,0
AT1G17745,0,2,0,2,3,3,0,0
AT4G35650,0,3,0,0,0,3,3,0
AT4G28080,0,3,0,0,0,3,4,0
AT1G51690,0,3,0,0,0,3,0,0
AT5G65010,0,0,0,0,0,2,2,0
AT5G61020,0,0,0,0,0,2,0,0
AT5G54440,0,0,0,0,0,2,0,0
AT5G53000,0,0,0,0,0,2,0,0
AT5G47200,0,0,0,0,0,2,0,0
AT5G26210,0,0,0,0,0,2,2,0
AT5G24490,0,0,0,0,0,2,0,0
AT5G16960,0,0,0,0,0,2,0,0
AT5G16310,0,0,0,0,0,2,3,0
AT5G15090,0,0,0,0,0,2,0,0
AT5G15020,0,0,0,0,0,2,4,0
AT4G24490,0,0,0,0,0,2,2,0
AT4G17530,0,0,0,0,0,2,0,0
AT4G16950,0,0,0,0,0,2,0,0
AT4G06634,0,0,0,0,0,2,3,0
AT4G02480,0,0,0,0,0,2,0,0
AT3G62010,0,0,0,0,0,2,0,0
AT3G52140,0,0,0,0,0,2,0,0
AT3G22220,0,0,0,0,0,2,3,0
AT3G15410,0,0,0,0,0,2,0,0
AT3G12280,0,0,0,0,0,2,2,0
AT3G11270,0,0,0,0,0,2,0,0
AT3G01280,0,0,0,0,0,2,0,0
AT2G46520,0,0,0,0,0,2,3,0
AT2G05140,0,0,0,0,0,2,0,0
AT1G52380,0,0,0,0,0,2,0,0
AT1G21540,0,0,0,0,0,2,3,0
AT5G23290,0,2,0,0,0,2,3,0
AT3G50270,0,2,0,0,0,2,0,0
AT3G06980,0,3,0,0,0,2,0,0
AT5G67100,0,0,0,0,0,0,2,0
AT5G63860,0,0,0,0,0,0,2,0
AT5G60540,0,0,0,0,0,0,3,0
AT5G60160,0,0,0,0,0,0,2,0
AT5G56900,0,0,0,0,0,0,2,0
AT5G55260,0,0,0,0,0,0,2,0
AT5G55190,0,0,0,7,5,0,0,0
AT5G52640,0,0,0,0,0,0,26,0
AT5G46630,0,0,0,0,0,0,3,0
AT5G45950,0,0,0,0,0,0,3,0
AT5G45890,0,0,0,0,0,0,2,0
AT5G44480,0,0,0,2,0,0,0,0
AT5G44320,0,0,0,0,0,0,3,0
AT5G42080,0,0,0,0,0,0,2,0
AT5G27770,0,0,0,0,0,0,4,0
AT5G20020,0,0,0,7,5,0,0,0
AT5G12140,0,0,0,0,0,0,2,0
AT5G10540,0,0,0,2,2,0,4,0
AT5G04290,0,0,0,3,0,0,0,0
AT5G02610,0,0,0,0,3,0,0,0
AT4G39980,0,0,0,0,0,0,3,0
AT4G38600,0,0,0,0,0,0,3,0
AT4G30330,0,0,0,5,3,0,0,0
AT4G27745,0,0,0,0,3,0,0,0
AT4G24830,0,0,0,3,0,0,0,0
AT4G20460,0,0,0,2,0,0,0,0
AT4G19710,0,0,0,0,0,0,2,0
AT4G15900,0,0,0,0,2,0,0,0
AT4G13780,0,0,0,0,0,0,5,0
AT4G10610,0,0,0,3,0,0,0,0
AT4G03430,0,0,0,0,0,0,2,0
AT3G62460,0,0,0,0,4,0,0,0
AT3G61820,0,0,0,3,0,0,0,0
AT3G56860,0,0,0,0,2,0,0,0
AT3G54090,0,0,0,2,0,0,2,0
AT3G53620,0,0,0,0,4,0,0,0
AT3G52180,0,0,0,0,2,0,3,0
AT3G48430,0,0,0,0,0,0,2,0
AT3G47340,0,0,0,0,0,0,2,0
AT3G42050,0,0,0,0,0,0,2,0
AT3G24230,0,0,0,2,0,0,0,0
AT3G23900,0,0,0,0,2,0,0,0
AT3G21200,0,0,0,0,0,0,3,0
AT3G20810,0,0,0,0,0,0,2,0
AT3G16410,0,0,0,2,0,0,0,0
AT3G15970,0,0,0,0,0,0,3,0
AT3G15590,0,0,0,0,0,0,4,0
AT3G14210,0,0,0,0,0,0,2,0
AT3G13300,0,0,0,0,0,0,2,0
AT3G12270,0,0,0,0,0,0,2,0
AT3G12080,0,0,0,3,0,0,0,0
AT3G11500,0,0,0,2,3,0,0,0
AT3G10410,0,0,0,0,0,0,2,0
AT3G09500,0,0,0,0,0,0,2,0
AT3G07030,0,0,0,0,3,0,0,0
AT3G03380,0,0,0,0,0,0,2,0
AT3G02260,0,0,0,0,0,0,4,0
AT2G46860,0,0,0,0,4,0,0,0
AT2G43160,0,0,0,0,3,0,0,0
AT2G38020,0,0,0,0,0,0,3,0
AT2G35840,0,0,0,0,0,0,2,0
AT2G35635,0,0,0,26,21,0,0,0
AT2G35605,0,0,0,0,0,0,2,0
AT2G35010,0,0,0,3,0,0,3,0
AT2G34850,0,0,0,2,0,0,0,0
AT2G29440,0,0,0,3,2,0,0,0
AT2G27920,0,0,0,0,0,0,3,0
AT2G27820,0,0,0,0,0,0,2,0
AT2G25870,0,0,0,0,0,0,3,0
AT2G25170,0,0,0,0,0,0,2,0
AT2G21130,0,0,0,14,0,0,0,0
AT2G20450,0,0,0,0,5,0,0,0
AT2G16570,0,0,0,0,0,0,3,0
AT2G16360,0,0,0,0,0,0,3,0
AT2G05170,0,0,0,0,0,0,2,0
AT2G04570,0,0,0,0,0,0,2,0
AT2G03820,0,0,0,0,0,0,2,0
AT2G01530,0,0,0,0,4,0,0,0
AT1G72730,0,0,0,0,0,0,25,0
AT1G61870,0,0,0,0,0,0,2,0
AT1G60780,0,0,0,0,0,0,2,0
AT1G32790,0,0,0,3,0,0,0,0
AT1G31340,0,0,0,26,21,0,0,0
AT1G30620,0,0,0,2,0,0,0,0
AT1G23870,0,0,0,0,0,0,2,0
AT1G15290,0,0,0,0,0,0,3,0
AT1G12080,0,0,0,0,2,0,0,0
AT1G09900,0,0,0,0,0,0,2,0
AT1G05890,0,0,0,0,0,0,2,0
AT1G02140,0,0,0,0,0,0,2,0
ATCG00280,0,2,0,0,0,0,0,0
AT5G65020,0,2,0,0,0,0,0,0
AT5G60600,0,2,0,0,0,0,0,0
AT5G59320,0,2,0,0,0,0,0,0
AT5G56360,0,2,0,0,0,0,0,0
AT5G54810,0,2,0,0,0,0,0,0
AT5G53120,0,2,0,0,0,0,0,0
AT5G52560,0,2,0,0,0,0,0,0
AT5G46070,0,2,0,0,0,0,2,0
AT5G23120,0,2,0,0,0,0,0,0
AT5G10870,0,2,0,0,0,0,0,0
AT5G06910,0,2,0,0,0,0,0,0
AT4G37870,0,2,0,0,0,0,2,0
AT4G34090,0,2,0,0,0,0,0,0
AT4G29720,0,2,0,0,0,0,0,0
AT4G29700,0,2,0,0,0,0,0,0
AT4G21590,0,2,0,0,0,0,0,0
AT4G14930,0,2,0,0,0,0,0,0
AT4G12650,0,2,0,0,0,0,0,0
AT4G11260,0,2,0,0,0,0,0,0
AT3G62130,0,2,0,0,0,0,0,0
AT3G60820,0,2,0,0,0,0,3,0
AT3G58560,0,2,0,0,0,0,0,0
AT3G55140,0,2,0,0,0,0,0,0
AT3G25580,0,2,0,0,0,0,0,0
AT3G25545,0,2,0,0,0,0,0,0
AT3G24670,0,2,0,0,0,0,0,0
AT3G20970,0,2,0,0,0,0,0,0
AT3G11780,0,2,0,0,0,0,0,0
AT3G10530,0,2,0,0,0,0,0,0
AT3G10185,0,2,0,0,0,0,0,0
AT3G09980,0,2,0,0,0,0,0,0
AT3G02920,0,2,0,0,0,0,0,0
AT2G47970,0,2,0,0,0,0,0,0
AT2G44050,0,2,0,0,0,0,0,0
AT2G42810,0,2,0,0,0,0,0,0
AT2G30060,0,2,0,0,3,0,0,0
AT2G18990,0,2,0,0,0,0,0,0
AT1G71730,0,2,0,0,0,0,0,0
AT1G71310,0,2,0,0,0,0,0,0
AT1G65560,0,2,0,0,0,0,0,0
AT1G51710,0,2,0,0,0,0,2,0
AT1G51390,0,2,0,0,0,0,0,0
AT1G44910,0,2,0,0,0,0,0,0
AT1G43560,0,2,0,0,0,0,0,0
AT1G32490,0,2,0,0,0,0,0,0
AT1G26770,0,2,0,0,0,0,0,0
AT1G23730,0,2,0,0,0,0,4,0
AT1G22430,0,2,0,0,0,0,0,0
AT1G17860,0,2,0,0,0,0,0,0
AT1G14980,0,2,0,0,0,0,0,0
AT1G14210,0,2,0,0,2,0,0,0
AT1G14000,0,2,0,0,0,0,0,0
AT1G02090,0,2,0,0,0,0,0,0
AT5G64960,0,3,0,0,0,0,0,0
AT5G58470,0,3,0,0,0,0,0,0
AT5G43850,0,3,0,0,0,0,0,0
AT5G20710,0,3,0,0,0,0,0,0
AT5G10270,0,3,0,0,0,0,0,0
AT5G08300,0,3,0,0,0,0,0,0
AT5G07460,0,3,0,0,0,0,0,0
AT4G36960,0,3,0,0,0,0,0,0
AT4G19410,0,3,0,0,0,0,0,0
AT4G12420,0,3,0,0,0,0,0,0
AT3G62940,0,3,0,0,0,0,0,0
AT3G53500,0,3,0,0,0,0,0,0
AT3G44100,0,3,0,0,0,0,0,0
AT3G18000,0,3,0,0,0,0,0,0
AT3G13235,0,3,0,0,0,0,0,0
AT3G04940,0,3,0,0,0,0,0,0
AT3G03710,0,3,0,0,0,0,0,0
AT2G43360,0,3,0,0,0,0,0,0
AT2G35040,0,3,0,0,0,0,0,0
AT2G17560,0,3,0,0,0,0,0,0
AT2G02760,0,3,0,0,0,0,0,0
AT1G79210,0,3,0,0,0,0,0,0
AT1G76810,0,3,0,0,0,0,0,0
AT1G65150,0,3,0,0,2,0,5,0
AT1G63180,0,3,0,0,2,0,0,0
AT1G55480,0,3,0,0,0,0,0,0
AT1G54170,0,3,0,0,0,0,0,0
AT1G50110,0,3,0,0,0,0,0,0
AT1G49670,0,3,0,0,0,0,0,0
AT1G48520,0,3,0,0,0,0,0,0
AT1G26640,0,3,0,0,0,0,0,0
AT1G19920,0,3,0,0,0,0,0,0
AT1G16470,0,3,0,0,0,0,0,0
AT1G14400,0,3,0,0,0,0,0,0
AT1G13020,0,3,0,0,0,0,0,0
AT1G04190,0,3,0,0,0,0,0,0
AT5G61640,0,4,0,0,0,0,0,0
AT5G53460,0,4,0,0,0,0,0,0
AT5G17050,0,4,0,0,0,0,0,0
AT4G37040,0,4,0,0,0,0,0,0
AT4G20830,0,4,0,0,0,0,0,0
AT4G09670,0,4,0,0,0,0,0,0
AT3G58750,0,4,0,0,0,0,0,0
AT2G29400,0,4,0,0,0,0,0,0
AT1G43690,0,4,0,0,0,0,0,0
ATCG00680,0,5,0,0,0,0,0,0
AT5G16240,0,5,0,0,0,0,0,0
AT1G68540,0,5,0,0,0,0,0,0
AT2G45240,0,6,0,2,2,0,0,0
AT4G30920,0,7,0,0,0,0,0,0
AT5G42950,2,5,10,0,0,0,0,0
AT5G05780,2,6,8,2,0,2,2,0
AT5G14170,2,0,7,3,0,3,4,0
AT2G01970,2,2,6,4,4,3,4,4
AT1G14670,2,2,6,4,4,3,4,4
AT3G16080,2,0,6,4,5,0,2,3
AT1G52300,2,0,6,4,5,0,2,3
AT2G04280,2,6,6,5,0,2,0,0
AT4G31490,2,0,5,0,0,5,11,2
AT4G31480,2,0,5,0,0,5,11,2
AT5G66420,2,3,5,2,0,3,9,0
AT3G62840,2,0,4,4,3,0,0,4
AT2G47640,2,0,4,4,3,0,0,4
AT4G02230,2,0,4,4,4,0,0,3
AT4G29410,2,3,4,0,4,0,0,2
AT1G65440,2,4,4,2,0,7,8,0
AT2G25970,2,4,4,2,3,0,0,0
AT5G56950,2,3,3,2,2,7,7,3
AT1G33680,2,3,3,2,0,0,0,3
AT5G09900,2,2,3,5,0,3,2,2
AT5G10010,2,0,3,0,0,0,0,2
AT3G28900,2,0,3,4,3,0,0,2
AT1G63680,2,0,3,3,0,0,0,2
AT2G29310,2,5,3,3,2,0,0,2
AT5G45620,2,4,3,3,0,6,7,0
AT4G39090,2,4,3,2,0,4,3,0
AT5G55730,2,3,3,3,0,3,4,0
AT2G27600,2,3,3,0,0,3,3,0
AT1G21630,2,3,3,4,2,2,0,0
AT3G17820,2,0,3,0,0,0,0,0
AT5G04740,2,2,3,0,0,0,3,0
AT5G62530,2,3,3,0,0,0,3,0
AT4G24770,2,3,3,0,0,0,0,0
AT4G18905,2,3,3,4,3,0,0,0
AT2G32520,2,4,3,3,0,0,2,0
AT5G53300,2,2,2,4,2,3,3,5
AT5G41700,2,2,2,4,2,3,3,5
AT4G27960,2,2,2,4,2,3,3,5
AT1G78580,2,5,2,2,6,0,4,4
AT5G47770,2,3,2,5,3,2,0,3
AT3G52500,2,4,2,2,0,0,0,3
AT2G18230,2,0,2,0,3,0,0,2
AT5G44710,2,3,2,0,2,0,2,2
AT2G43530,2,4,2,3,0,0,0,2
AT5G42970,2,4,2,0,0,4,4,0
AT4G19006,2,4,2,0,0,4,0,0
AT2G41430,2,2,2,0,2,2,4,0
AT1G53280,2,2,2,0,0,2,4,0
AT5G04590,2,4,2,5,0,2,2,0
AT5G65910,2,0,2,3,0,0,0,0
AT5G20070,2,0,2,0,0,0,0,0
AT5G11720,2,0,2,0,0,0,0,0
AT4G10840,2,0,2,2,2,0,0,0
AT2G41060,2,0,2,3,0,0,0,0
AT1G65010,2,0,2,2,0,0,0,0
AT1G55260,2,0,2,0,0,0,0,0
AT1G66200,2,2,2,0,0,0,3,0
AT5G21150,2,3,2,0,0,0,0,0
AT4G25590,2,3,2,4,0,0,2,0
AT1G20340,2,3,2,3,0,0,3,0
AT4G29060,2,5,2,3,0,0,0,0
AT4G20400,2,0,0,0,28,2422,2470,11
AT5G19580,2,0,0,0,0,0,0,10
AT2G28950,2,0,0,3,2,0,0,6
AT1G75930,2,3,0,0,3,0,0,6
AT1G48050,2,0,0,0,0,0,0,5
AT3G07050,2,3,0,0,3,0,0,5
AT1G16970,2,0,0,0,0,0,0,4
AT1G77180,2,3,0,3,0,0,0,4
AT1G70710,2,3,0,0,0,0,0,4
AT2G43550,2,0,0,3,0,0,0,3
AT1G19520,2,0,0,2,0,0,0,3
AT1G15250,2,0,0,4,0,0,0,3
ATMG00560,2,2,0,0,0,0,0,3
AT4G02840,2,2,0,2,0,0,0,3
AT3G55605,2,2,0,0,0,0,0,3
AT3G54230,2,2,0,0,0,0,0,3
AT5G15230,2,3,0,0,4,0,0,3
AT2G36130,2,3,0,3,0,0,0,3
AT3G51260,2,3,0,0,0,6,4,2
AT1G53645,2,0,0,0,3,4,0,2
AT5G66140,2,0,0,0,0,0,0,2
AT5G40200,2,2,0,0,0,0,0,2
AT4G21110,2,2,0,0,0,0,2,2
AT3G45640,2,2,0,0,0,0,0,2
AT2G25060,2,2,0,0,2,0,0,2
AT3G06480,2,5,0,0,0,0,0,2
AT5G08450,2,0,0,0,0,6,8,0
AT5G45390,2,2,0,0,0,4,3,0
AT4G37210,2,2,0,0,0,4,3,0
AT1G27650,2,2,0,0,0,4,0,0
AT1G32470,2,3,0,0,0,4,3,0
AT1G79530,2,5,0,0,2,4,4,0
AT5G58490,2,0,0,0,0,3,3,0
AT1G09020,2,0,0,0,0,3,2,0
AT1G01620,2,0,0,2,2,3,4,0
AT4G04910,2,2,0,2,0,3,5,0
AT3G02760,2,3,0,0,0,3,4,0
AT1G10050,2,3,0,4,0,3,0,0
AT5G11580,2,3,0,2,0,2,0,0
AT5G66040,2,0,0,0,0,0,0,0
AT5G63310,2,0,0,0,0,0,0,0
AT5G63120,2,0,0,0,0,0,0,0
AT5G57850,2,0,0,0,0,0,0,0
AT5G53620,2,0,0,0,0,0,0,0
AT5G52660,2,0,0,0,0,0,0,0
AT5G48930,2,0,0,0,0,0,0,0
AT5G48440,2,0,0,0,0,0,0,0
AT5G46180,2,0,0,0,0,0,0,0
AT5G42270,2,0,0,0,0,0,0,0
AT5G41670,2,0,0,0,0,0,0,0
AT5G35620,2,0,0,0,0,0,0,0
AT5G27410,2,0,0,0,0,0,0,0
AT5G19140,2,0,0,0,0,0,0,0
AT5G16590,2,0,0,0,0,0,0,0
AT5G14920,2,0,0,0,0,0,0,0
AT5G10300,2,0,0,0,0,0,0,0
AT5G05980,2,0,0,0,0,0,0,0
AT5G04180,2,0,0,0,0,0,0,0
AT5G01650,2,0,0,0,0,0,0,0
AT4G39120,2,0,0,0,0,0,0,0
AT4G35420,2,0,0,0,0,0,0,0
AT4G25900,2,0,0,0,0,0,0,0
AT4G24620,2,0,0,0,0,0,0,0
AT4G20020,2,0,0,0,0,0,0,0
AT4G17870,2,0,0,0,0,0,0,0
AT4G12640,2,0,0,0,0,0,0,0
AT4G09650,2,0,0,0,0,0,0,0
AT4G09570,2,0,0,0,0,0,0,0
AT4G09320,2,0,0,2,2,0,4,0
AT4G08350,2,0,0,0,0,0,2,0
AT4G04940,2,0,0,0,0,0,0,0
AT3G56070,2,0,0,0,0,0,0,0
AT3G55400,2,0,0,0,0,0,0,0
AT3G48170,2,0,0,0,0,0,0,0
AT3G26560,2,0,0,0,0,0,0,0
AT3G25400,2,0,0,0,0,0,0,0
AT3G09740,2,0,0,0,0,0,0,0
AT3G04780,2,0,0,0,0,0,0,0
AT3G01640,2,0,0,0,0,0,0,0
AT2G35820,2,0,0,0,0,0,0,0
AT2G32700,2,0,0,0,2,0,3,0
AT2G27190,2,0,0,0,0,0,0,0
AT2G26590,2,0,0,0,0,0,0,0
AT2G25950,2,0,0,0,0,0,0,0
AT2G17340,2,0,0,0,0,0,0,0
AT2G07715,2,0,0,0,0,0,0,0
AT1G80560,2,0,0,0,2,0,0,0
AT1G79790,2,0,0,0,0,0,0,0
AT1G75040,2,0,0,0,0,0,0,0
AT1G73630,2,0,0,0,0,0,0,0
AT1G73180,2,0,0,0,0,0,0,0
AT1G71860,2,0,0,0,0,0,0,0
AT1G56660,2,0,0,0,0,0,0,0
AT1G50250,2,0,0,0,0,0,0,0
AT1G32810,2,0,0,0,0,0,0,0
AT1G30820,2,0,0,0,0,0,0,0
AT1G23190,2,0,0,0,0,0,0,0
AT1G21680,2,0,0,0,0,0,0,0
AT1G17890,2,0,0,0,0,0,0,0
AT1G16340,2,0,0,0,0,0,0,0
AT1G16300,2,0,0,0,0,0,0,0
AT1G09750,2,0,0,0,0,0,0,0
AT1G08110,2,0,0,0,0,0,0,0
AT1G07880,2,0,0,0,0,0,0,0
AT1G04420,2,0,0,0,0,0,0,0
AT5G63400,2,2,0,0,0,0,0,0
AT5G51980,2,2,0,0,0,0,0,0
AT5G51970,2,2,0,0,0,0,0,0
AT5G44020,2,2,0,0,0,0,0,0
AT4G32720,2,2,0,0,0,0,0,0
AT4G32551,2,2,0,0,0,0,0,0
AT4G30270,2,2,0,0,0,0,0,0
AT4G30210,2,2,0,0,0,0,0,0
AT4G27270,2,2,0,0,0,0,0,0
AT4G20960,2,2,0,2,0,0,0,0
AT4G14342,2,2,0,0,0,0,0,0
AT4G03110,2,2,0,0,0,0,0,0
AT3G47800,2,2,0,0,0,0,0,0
AT3G44890,2,2,0,0,0,0,0,0
AT3G44620,2,2,0,0,0,0,0,0
AT3G25660,2,2,0,0,3,0,0,0
AT3G23450,2,2,0,0,3,0,0,0
AT2G47990,2,2,0,0,0,0,0,0
AT2G44310,2,2,0,0,0,0,0,0
AT2G39770,2,2,0,2,0,0,0,0
AT2G36310,2,2,0,0,0,0,0,0
AT2G29570,2,2,0,0,4,0,0,0
AT2G27680,2,2,0,0,0,0,0,0
AT2G27100,2,2,0,0,0,0,0,0
AT2G18510,2,2,0,0,0,0,0,0
AT2G14880,2,2,0,0,0,0,0,0
AT1G70410,2,2,0,0,0,0,0,0
AT1G67990,2,2,0,0,0,0,0,0
AT1G67230,2,2,0,0,0,0,0,0
AT1G64190,2,2,0,0,0,0,0,0
AT1G63770,2,2,0,0,0,0,0,0
AT1G32220,2,2,0,0,0,0,0,0
AT1G31180,2,2,0,0,0,0,0,0
AT1G07370,2,2,0,0,4,0,0,0
AT5G50870,2,3,0,0,0,0,0,0
AT5G45920,2,3,0,0,0,0,0,0
AT5G42470,2,3,0,0,0,0,0,0
AT5G26730,2,3,0,0,0,0,0,0
AT5G11900,2,3,0,0,0,0,0,0
AT4G02580,2,3,0,0,0,0,0,0
AT4G00620,2,3,0,0,0,0,0,0
AT3G61440,2,3,0,0,0,0,0,0
AT3G57260,2,3,0,0,0,0,0,0
AT3G46940,2,3,0,0,0,0,0,0
AT3G45310,2,3,0,0,0,0,0,0
AT3G29030,2,3,0,0,0,0,0,0
AT3G02660,2,3,0,0,0,0,0,0
AT2G33380,2,3,0,0,0,0,0,0
AT2G03750,2,3,0,0,0,0,3,0
AT1G80600,2,3,0,0,0,0,0,0
AT1G63940,2,3,0,0,0,0,0,0
AT1G63460,2,3,0,0,0,0,0,0
AT1G52670,2,3,0,0,0,0,0,0
AT1G47490,2,3,0,0,0,0,0,0
AT1G15340,2,3,0,0,0,0,0,0
AT5G42820,2,4,0,0,0,0,0,0
AT5G26830,2,4,0,0,0,0,4,0
AT5G23210,2,4,0,0,0,0,0,0
AT5G16760,2,4,0,0,0,0,0,0
AT5G16715,2,4,0,0,0,0,0,0
AT5G14030,2,4,0,0,0,0,2,0
AT4G36810,2,4,0,0,0,0,2,0
AT4G34350,2,4,0,0,0,0,0,0
AT2G31750,2,4,0,0,0,0,0,0
AT1G78860,2,4,0,0,0,0,0,0
AT1G78850,2,4,0,0,0,0,0,0
AT1G78150,2,4,0,0,0,0,0,0
AT1G56700,2,4,0,0,0,0,0,0
AT1G04170,2,4,0,0,0,0,2,0
AT3G24503,2,5,0,0,0,0,0,0
AT1G04080,2,6,0,0,0,0,0,0
AT1G70830,3,6,10,5,5,4,5,3
AT4G16130,3,2,9,0,0,3,7,0
AT1G26880,3,5,8,0,8,0,0,8
AT3G04470,3,4,8,5,9,4,3,5
AT1G04530,3,3,7,4,2,0,0,0
AT1G72610,3,6,6,9,3,2,3,5
AT4G31580,3,4,6,0,0,0,0,4
AT3G56910,3,7,6,3,4,0,3,3
AT4G09800,3,7,5,3,7,5,7,7
AT1G34030,3,7,5,3,7,5,7,7
AT1G22780,3,7,5,3,7,5,7,7
AT5G47910,3,4,5,5,2,4,5,4
AT5G22330,3,0,5,4,3,11,10,3
AT4G31300,3,0,5,4,0,2,3,0
AT5G18110,3,3,5,0,0,0,0,0
AT2G33800,3,2,4,4,0,4,3,5
AT5G47210,3,4,4,3,4,0,2,5
AT4G03120,3,4,4,3,4,3,4,4
ATCG00190,3,2,4,2,0,4,0,3
AT4G10750,3,3,4,4,4,2,0,3
AT5G36790,3,3,4,2,3,0,0,3
AT5G36700,3,3,4,2,3,0,0,3
AT3G02080,3,3,4,3,0,0,2,3
ATCG00740,3,2,4,4,0,0,0,2
AT3G57890,3,2,4,2,0,3,4,0
AT4G02510,3,0,4,0,0,0,3,0
AT2G03850,3,0,4,2,2,0,0,0
AT5G64040,3,3,4,0,2,0,3,0
AT4G27500,3,3,4,0,2,0,0,0
AT2G40060,3,3,4,0,2,0,0,0
AT4G09040,3,5,4,0,0,0,2,0
AT3G02110,3,3,3,3,0,3,4,7
AT1G09770,3,6,3,0,8,0,0,7
AT2G21170,3,5,3,2,2,4,0,5
AT5G54640,3,3,3,0,0,0,0,5
AT4G27230,3,3,3,0,0,0,0,5
AT1G51060,3,3,3,0,0,0,0,5
AT5G47930,3,2,3,3,0,5,6,4
AT5G64200,3,3,3,3,4,0,2,4
AT3G61110,3,2,3,3,4,4,0,3
AT2G45710,3,2,3,3,4,4,0,3
AT4G17190,3,4,3,6,3,2,5,3
AT3G52300,3,0,3,0,0,0,0,3
AT5G07440,3,2,3,2,3,0,3,3
AT4G34620,3,2,3,4,0,0,0,3
AT1G09070,3,2,3,0,2,0,0,3
AT1G21600,3,3,3,0,0,0,0,3
AT4G16500,3,4,3,3,2,2,3,2
ATCG00470,3,0,3,0,0,6,4,0
AT3G16830,3,3,3,0,0,3,0,0
AT5G35590,3,2,3,2,0,2,2,0
AT1G03475,3,4,3,3,3,2,2,0
AT5G10860,3,0,3,0,0,0,0,0
AT5G13980,3,2,3,0,0,0,4,0
AT2G45470,3,2,3,0,0,0,0,0
AT1G62940,3,2,3,3,0,0,0,0
AT3G53460,3,3,3,3,4,0,0,0
AT2G45300,3,3,3,0,0,0,3,0
AT2G35120,3,3,3,3,0,0,0,0
AT1G60000,3,3,3,3,0,0,0,0
AT1G48860,3,3,3,0,0,0,3,0
AT1G47420,3,3,3,4,5,0,0,0
AT3G01390,3,4,3,2,3,0,0,0
AT2G37020,3,5,3,0,0,0,4,0
AT1G66430,3,5,3,0,0,0,2,0
AT1G75910,3,2,2,4,4,0,0,8
AT5G59910,3,3,2,3,2,4,2,4
AT3G46030,3,3,2,3,2,4,2,4
AT3G45980,3,3,2,3,2,4,2,4
AT5G61410,3,2,2,0,4,0,0,4
AT1G79340,3,4,2,2,2,3,3,3
AT2G13540,3,2,2,3,0,0,0,3
AT4G31340,3,3,2,4,3,0,0,3
AT1G72150,3,6,2,2,0,0,0,3
AT1G04110,3,3,2,3,0,0,0,2
AT5G63670,3,0,2,0,0,5,4,0
AT5G22880,3,3,2,3,2,4,2,0
AT2G28720,3,3,2,3,2,4,2,0
AT2G20420,3,3,2,0,2,4,3,0
AT1G07790,3,3,2,3,2,4,2,0
AT4G24190,3,4,2,0,0,3,4,0
AT3G07390,3,2,2,0,2,2,2,0
ATCG00540,3,0,2,0,0,0,0,0
AT5G37850,3,0,2,2,2,0,0,0
AT3G06610,3,2,2,2,2,0,0,0
AT5G66760,3,3,2,0,0,0,0,0
AT3G56130,3,3,2,0,0,0,0,0
AT3G25050,3,3,2,0,0,0,4,0
AT2G41680,3,3,2,2,0,0,0,0
AT1G51510,3,3,2,3,0,0,0,0
AT5G05010,3,4,2,7,0,0,0,0
AT4G29510,3,4,2,3,3,0,4,0
AT1G67680,3,4,2,0,0,0,0,0
AT5G26667,3,5,2,0,3,0,0,0
AT5G14320,3,3,0,2,0,0,0,9
AT3G11964,3,7,0,5,7,0,0,9
AT4G23680,3,6,0,2,8,2,2,6
AT5G14520,3,0,0,0,0,0,0,6
AT2G39700,3,6,0,4,3,0,0,6
AT3G46040,3,0,0,2,3,0,2,5
AT5G51950,3,6,0,0,3,0,0,5
AT5G56600,3,3,0,0,5,2,0,4
AT5G62190,3,0,0,0,0,0,2,4
AT4G15210,3,3,0,0,8,0,0,4
AT3G46000,3,3,0,0,4,0,0,4
AT2G41220,3,5,0,0,0,0,0,4
AT3G23620,3,0,0,0,2,0,0,3
AT2G45820,3,3,0,5,4,0,0,3
AT2G10940,3,0,0,2,2,5,3,2
AT5G13510,3,4,0,4,0,3,4,2
AT2G25280,3,2,0,0,0,0,0,2
AT2G33730,3,3,0,0,0,0,0,2
AT3G46740,3,4,0,0,0,0,7,2
AT3G02930,3,5,0,4,2,0,0,2
AT3G25800,3,5,0,0,0,6,7,0
AT2G23070,3,0,0,0,0,5,0,0
AT1G78830,3,4,0,0,0,5,5,0
AT2G37040,3,0,0,0,0,4,0,0
ATMG00090,3,3,0,5,0,4,0,0
AT3G17020,3,3,0,0,3,4,3,0
AT4G26300,3,4,0,0,0,4,5,0
AT5G59290,3,2,0,0,0,3,5,0
AT2G35490,3,0,0,0,0,2,4,0
AT5G64270,3,0,0,0,0,0,0,0
AT5G58710,3,0,0,0,0,0,0,0
AT5G49510,3,0,0,0,0,0,0,0
AT5G48370,3,0,0,0,0,0,0,0
AT5G42390,3,0,0,0,0,0,0,0
AT5G40760,3,0,0,0,0,0,0,0
AT5G19180,3,0,0,0,0,0,0,0
AT5G19010,3,0,0,0,0,0,0,0
AT5G09550,3,0,0,0,0,0,3,0
AT4G37980,3,0,0,0,0,0,2,0
AT4G35260,3,0,0,0,0,0,0,0
AT4G33580,3,0,0,0,0,0,0,0
AT4G25100,3,0,0,0,0,0,0,0
AT4G10300,3,0,0,0,0,0,0,0
AT4G10040,3,0,0,3,0,0,0,0
AT4G08870,3,0,0,0,0,0,2,0
AT4G00165,3,0,0,0,0,0,0,0
AT3G57870,3,0,0,2,0,0,3,0
AT3G56240,3,0,0,0,0,0,0,0
AT3G56190,3,0,0,0,0,0,0,0
AT3G55460,3,0,0,0,0,0,0,0
AT3G55330,3,0,0,0,0,0,0,0
AT3G53420,3,0,0,0,0,0,0,0
AT3G52640,3,0,0,0,0,0,0,0
AT3G28760,3,0,0,0,0,0,0,0
AT3G18040,3,0,0,0,0,0,0,0
AT3G17240,3,0,0,0,0,0,0,0
AT3G12670,3,0,0,0,0,0,0,0
AT3G10920,3,0,0,0,0,0,0,0
AT3G09100,3,0,0,0,0,0,0,0
AT2G45220,3,0,0,0,0,0,0,0
AT2G39840,3,0,0,0,0,0,0,0
AT2G22420,3,0,0,0,0,0,0,0
AT1G66670,3,0,0,0,0,0,0,0
AT1G62740,3,0,0,2,0,0,0,0
AT1G61570,3,0,0,0,0,0,0,0
AT1G55310,3,0,0,0,0,0,0,0
AT1G22840,3,0,0,3,0,0,0,0
AT1G18150,3,0,0,0,0,0,0,0
AT1G14650,3,0,0,0,0,0,0,0
AT1G03330,3,0,0,0,0,0,0,0
AT1G01320,3,0,0,0,0,0,0,0
AT5G22510,3,2,0,0,0,0,0,0
AT5G17770,3,2,0,0,0,0,0,0
AT4G28980,3,2,0,0,0,0,0,0
AT4G23690,3,2,0,0,0,0,0,0
AT4G16760,3,2,0,0,0,0,0,0
AT4G01900,3,2,0,0,2,0,0,0
AT3G55430,3,2,0,0,0,0,0,0
AT3G54050,3,2,0,0,0,0,0,0
AT3G47810,3,2,0,0,0,0,3,0
AT3G29090,3,2,0,0,0,0,2,0
AT3G27925,3,2,0,0,0,0,0,0
AT3G23400,3,2,0,0,0,0,0,0
AT3G07590,3,2,0,0,0,0,0,0
AT3G04550,3,2,0,0,0,0,0,0
AT2G45640,3,2,0,4,0,0,2,0
AT2G21250,3,2,0,0,0,0,0,0
AT1G78820,3,2,0,0,0,0,2,0
AT1G55500,3,2,0,0,0,0,0,0
AT1G30070,3,2,0,0,0,0,0,0
AT1G20140,3,2,0,0,0,0,0,0
AT5G36230,3,3,0,2,0,0,0,0
AT5G20280,3,3,0,2,0,0,0,0
AT5G19860,3,3,0,0,0,0,0,0
AT5G18100,3,3,0,0,0,0,0,0
AT5G12040,3,3,0,0,0,0,0,0
AT4G38220,3,3,0,0,0,0,0,0
AT4G34490,3,3,0,0,0,0,0,0
AT4G26970,3,3,0,0,0,0,0,0
AT4G17520,3,3,0,0,0,0,0,0
AT3G23700,3,3,0,0,0,0,0,0
AT3G23660,3,3,0,0,0,0,0,0
AT2G47580,3,3,0,0,3,0,0,0
AT2G41500,3,3,0,0,0,0,0,0
AT2G39795,3,3,0,0,0,0,0,0
AT2G35020,3,3,0,0,0,0,0,0
AT2G34260,3,3,0,0,0,0,0,0
AT2G29450,3,3,0,0,0,0,2,0
AT1G31070,3,3,0,0,0,0,0,0
AT1G29990,3,3,0,0,0,0,0,0
AT1G18210,3,3,0,2,2,0,2,0
AT1G15470,3,3,0,0,0,0,0,0
AT1G12240,3,3,0,0,0,0,0,0
AT5G61060,3,4,0,0,0,0,0,0
AT5G54500,3,4,0,0,0,0,0,0
AT5G48485,3,4,0,2,0,0,0,0
AT5G40370,3,4,0,0,2,0,0,0
AT5G20160,3,4,0,0,4,0,0,0
AT5G14910,3,4,0,2,2,0,0,0
AT4G34840,3,4,0,2,0,0,0,0
AT4G32915,3,4,0,0,0,0,0,0
AT4G22380,3,4,0,0,4,0,0,0
AT3G59920,3,4,0,0,0,0,2,0
AT3G48690,3,4,0,2,0,0,0,0
AT3G24170,3,4,0,4,4,0,0,0
AT3G10670,3,4,0,0,0,0,2,0
AT1G79870,3,4,0,0,0,0,0,0
AT1G79750,3,4,0,0,0,0,0,0
AT1G78060,3,4,0,0,0,0,0,0
AT1G61150,3,4,0,3,0,0,0,0
AT1G56050,3,4,0,0,0,0,0,0
AT1G21350,3,4,0,0,0,0,0,0
AT1G01080,3,4,0,0,0,0,0,0
AT5G62930,3,5,0,0,0,0,2,0
AT5G20920,3,5,0,0,2,0,0,0
AT5G09880,3,5,0,0,0,0,0,0
AT5G08260,3,5,0,0,0,0,0,0
AT3G02720,3,5,0,2,0,0,0,0
AT2G44100,3,5,0,0,0,0,3,0
AT2G32720,3,5,0,0,0,0,0,0
AT1G43670,3,5,0,2,0,0,0,0
AT1G35310,3,5,0,0,2,0,0,0
AT4G21470,3,6,0,0,0,0,0,0
AT1G20200,4,9,15,10,3,15,14,6
AT3G15980,4,6,10,9,0,0,10,7
AT1G62020,4,3,8,7,4,7,12,7
AT4G03280,4,4,8,7,2,7,5,4
AT1G29150,4,5,8,8,3,5,5,4
AT3G22110,4,7,7,7,4,6,7,7
AT2G18740,4,4,7,6,3,4,2,5
AT3G47650,4,6,7,7,8,3,2,5
AT1G05720,4,6,7,7,4,3,4,4
AT5G67630,4,4,6,6,0,9,8,4
AT5G28840,4,3,6,5,5,3,8,3
AT1G06410,4,8,6,3,0,13,10,0
AT4G02930,4,6,6,6,4,4,3,0
AT2G34420,4,3,6,4,0,3,6,0
AT1G29930,4,3,6,4,0,3,6,0
AT1G29920,4,3,6,4,0,3,6,0
AT1G29910,4,3,6,4,0,3,6,0
AT2G33430,4,5,5,7,0,0,2,5
AT1G08520,4,2,5,4,4,4,5,4
AT3G17940,4,5,5,5,2,0,4,4
AT1G05460,4,8,5,6,0,4,4,3
AT5G62300,4,2,5,0,0,0,5,3
AT3G45030,4,2,5,0,0,0,5,3
AT3G44590,4,4,5,3,3,0,2,3
AT4G02770,4,5,5,3,3,0,2,3
AT1G03130,4,5,5,3,3,0,2,3
AT5G14670,4,4,5,3,0,4,7,0
AT3G62290,4,4,5,3,0,4,7,0
AT2G47170,4,4,5,3,0,4,7,0
AT1G70490,4,4,5,3,0,4,7,0
AT1G23490,4,4,5,3,0,4,7,0
AT1G10630,4,4,5,3,0,4,7,0
AT1G29370,4,4,5,0,0,0,0,0
AT1G29350,4,4,5,0,0,0,0,0
AT5G55000,4,3,4,5,8,0,2,8
AT5G40040,4,3,4,4,4,0,3,6
AT5G47190,4,3,4,4,3,6,3,4
AT2G38540,4,4,4,3,2,4,0,4
AT4G36740,4,4,4,5,0,2,3,4
AT4G33250,4,3,4,0,3,0,0,4
AT4G11175,4,3,4,7,0,0,0,4
AT3G06050,4,8,4,4,8,0,5,4
AT5G55160,4,4,4,3,0,2,2,3
AT1G32990,4,4,4,3,4,2,3,2
AT5G56350,4,3,4,0,0,0,0,2
AT4G03520,4,4,4,3,2,0,0,2
AT4G11420,4,6,4,0,0,8,5,0
AT1G10430,4,2,4,5,0,5,0,0
AT5G52960,4,3,4,3,0,2,0,0
AT2G44530,4,3,4,0,3,0,0,0
AT5G17560,4,4,4,2,4,0,0,0
AT4G14890,4,4,4,0,0,0,0,0
AT4G28730,4,6,4,3,3,0,0,0
AT1G06680,4,3,3,5,4,4,7,4
AT5G59890,4,5,3,7,5,4,5,4
AT3G12700,4,4,3,6,3,0,0,4
AT4G13400,4,6,3,8,4,0,0,4
AT2G44710,4,2,3,4,3,0,0,3
AT3G06730,4,3,3,4,4,0,0,3
AT3G19390,4,4,3,0,0,0,3,2
AT5G25757,4,5,3,3,0,0,4,2
AT5G25754,4,5,3,3,0,0,4,2
AT5G04280,4,5,3,3,3,0,0,2
AT3G08947,4,3,3,0,0,6,4,0
AT2G40290,4,3,3,3,0,5,0,0
AT2G29320,4,3,3,3,2,4,3,0
AT2G32060,4,6,3,3,0,4,3,0
AT1G78380,4,6,3,6,6,3,3,0
AT3G12050,4,5,3,2,2,2,0,0
AT1G18250,4,0,3,2,3,0,0,0
AT4G11600,4,2,3,2,2,0,5,0
AT3G02360,4,3,3,2,0,0,0,0
AT1G67280,4,4,3,0,2,0,0,0
AT2G26060,4,5,3,4,3,0,0,0
AT1G45150,4,5,3,0,0,0,2,0
AT1G59900,4,7,3,0,3,0,0,0
AT3G08030,4,8,3,3,3,0,0,0
AT2G20060,4,6,2,4,7,2,0,6
AT3G12800,4,4,2,0,3,0,2,5
ATCG01230,4,3,2,4,0,0,3,3
ATCG00905,4,3,2,4,0,0,3,3
ATCG00065,4,3,2,4,0,0,3,3
AT4G01290,4,3,2,3,2,0,0,3
AT3G07720,4,3,2,3,4,0,2,3
AT4G30220,4,4,2,0,3,0,4,3
AT1G26110,4,4,2,0,2,0,0,3
AT1G23860,4,8,2,3,0,0,0,2
AT4G11150,4,4,2,3,2,3,0,0
AT5G64050,4,3,2,3,0,0,0,0
AT4G32930,4,3,2,2,0,0,0,0
AT3G54900,4,3,2,3,0,0,0,0
AT5G56290,4,4,2,0,0,0,0,0
AT1G35670,4,4,2,3,0,0,0,0
AT1G56110,4,2,0,0,4,0,0,14
AT3G55620,4,2,0,3,4,0,0,7
AT2G16940,4,3,0,2,0,0,0,6
AT2G37230,4,5,0,0,4,2,4,4
AT1G13690,4,3,0,2,2,0,0,4
AT5G67380,4,3,0,0,0,7,5,3
AT2G36580,4,4,0,3,0,4,5,3
AT3G49080,4,3,0,0,4,3,4,3
AT1G13930,4,5,0,4,4,0,2,3
AT4G38460,4,0,0,0,0,0,3,2
AT2G47010,4,2,0,0,2,0,0,2
AT1G32580,4,3,0,5,4,0,2,2
AT1G19880,4,3,0,0,0,0,0,2
AT4G30930,4,4,0,2,0,0,0,2
AT1G59830,4,4,0,0,5,5,7,0
AT1G22920,4,3,0,2,0,4,5,0
AT5G16510,4,6,0,2,3,2,0,0
AT5G65620,4,7,0,2,0,2,4,0
AT3G18860,4,7,0,0,0,2,0,0
AT5G64460,4,0,0,0,0,0,0,0
AT4G27520,4,0,0,0,0,0,0,0
AT4G19210,4,0,0,0,0,0,5,0
AT3G06820,4,0,0,0,0,0,0,0
AT2G42690,4,0,0,2,0,0,0,0
AT2G32920,4,0,0,0,0,0,0,0
AT2G24580,4,0,0,0,0,0,0,0
AT5G26570,4,2,0,0,0,0,0,0
AT3G19130,4,2,0,0,0,0,0,0
AT2G23820,4,2,0,0,0,0,2,0
AT1G21065,4,2,0,0,0,0,0,0
AT5G23250,4,3,0,0,0,0,0,0
AT5G16290,4,3,0,0,0,0,0,0
AT4G11010,4,3,0,0,2,0,0,0
AT3G57810,4,3,0,0,0,0,0,0
AT3G05625,4,3,0,0,0,0,0,0
AT2G38660,4,3,0,0,0,0,0,0
AT2G35240,4,3,0,0,0,0,0,0
AT2G23930,4,3,0,2,3,0,0,0
AT1G24360,4,3,0,0,0,0,0,0
AT1G16610,4,3,0,0,2,0,0,0
AT1G10760,4,3,0,0,0,0,3,0
AT5G66530,4,4,0,0,0,0,0,0
AT5G64250,4,4,0,2,0,0,0,0
AT3G63170,4,4,0,0,0,0,0,0
AT3G07880,4,4,0,0,0,0,0,0
AT3G02730,4,4,0,0,0,0,0,0
AT2G30870,4,4,0,0,5,0,3,0
AT1G78670,4,4,0,0,0,0,0,0
AT1G73060,4,4,0,0,0,0,0,0
AT5G20080,4,5,0,2,0,0,5,0
AT4G23100,4,5,0,0,5,0,3,0
AT3G61540,4,5,0,0,2,0,0,0
AT3G61220,4,5,0,0,2,0,0,0
AT2G43910,4,5,0,0,0,0,0,0
AT1G75030,4,5,0,0,0,0,0,0
AT1G31160,4,5,0,0,6,0,0,0
AT1G03680,4,5,0,0,0,0,0,0
AT5G42740,4,6,0,0,2,0,0,0
AT5G24300,4,6,0,0,0,0,5,0
AT5G13120,4,6,0,0,0,0,0,0
AT5G03630,4,6,0,0,0,0,0,0
AT3G14930,4,6,0,3,0,0,2,0
AT3G03990,4,6,0,3,0,0,0,0
AT3G56460,4,7,0,0,0,0,0,0
AT1G48030,4,7,0,0,0,0,0,0
AT1G21440,4,8,0,0,3,0,3,0
AT5G53850,4,9,0,4,0,0,4,0
AT2G18960,5,7,11,11,4,6,4,6
AT1G18450,5,8,10,5,4,14,13,4
AT1G08980,5,6,10,5,4,0,2,0
AT5G62270,5,5,8,9,7,3,2,11
AT1G04510,5,5,8,3,8,5,4,4
AT1G04270,5,8,7,7,3,11,7,10
AT5G14240,5,6,7,8,3,6,2,10
AT4G08950,5,8,7,11,5,0,3,9
AT4G26840,5,4,7,6,6,5,3,6
AT2G15430,5,4,7,5,0,5,5,5
AT5G30510,5,5,7,4,3,4,4,4
AT4G30190,5,6,6,10,2,6,4,6
AT5G59850,5,3,6,4,0,5,4,5
AT1G07770,5,3,6,4,0,5,4,5
AT2G46140,5,4,6,8,4,4,5,5
AT4G00570,5,7,6,7,3,4,8,5
AT5G40270,5,5,6,5,2,5,7,4
AT1G32050,5,4,6,5,4,0,0,2
AT5G13650,5,5,6,6,0,4,4,0
AT5G42790,5,4,6,3,0,0,2,0
AT5G59810,5,8,5,6,4,0,2,7
ATCG00780,5,7,5,5,5,4,6,6
AT5G50850,5,7,5,6,6,4,9,0
AT3G13570,5,4,4,2,3,3,0,5
AT2G36390,5,5,4,3,2,0,3,5
AT5G48480,5,6,4,3,5,0,3,5
AT2G21580,5,5,4,4,5,5,5,4
AT1G66850,5,5,4,2,4,0,5,4
AT2G47940,5,10,4,8,5,9,11,3
AT3G58610,5,7,4,4,6,5,10,3
AT1G62380,5,5,4,3,5,4,5,3
AT3G60300,5,2,4,3,3,2,0,3
AT1G18070,5,5,4,3,2,0,2,2
AT1G62640,5,5,4,2,3,6,9,0
AT1G03630,5,4,4,0,0,5,5,0
AT2G24020,5,2,4,2,2,0,0,0
AT5G52240,5,3,4,3,0,0,0,0
AT3G59510,5,3,3,0,3,0,0,14
AT2G30970,5,5,3,5,4,2,5,5
AT5G60980,5,11,3,4,4,4,3,4
AT5G16130,5,5,3,5,2,0,0,4
AT5G62790,5,6,3,0,5,7,7,3
AT5G56710,5,3,3,0,0,5,2,3
AT4G26230,5,3,3,0,0,5,2,3
AT2G19740,5,3,3,0,0,5,2,3
AT3G62120,5,5,3,8,7,3,4,3
AT5G57870,5,3,3,0,2,2,3,3
AT1G71260,5,4,3,3,2,2,0,3
AT3G60240,5,4,3,2,0,0,0,3
AT3G20390,5,4,3,3,2,0,2,3
AT3G13860,5,3,3,2,2,2,2,2
AT1G09140,5,2,3,2,2,0,0,2
AT5G63840,5,5,3,3,2,0,0,2
AT1G18500,5,2,3,0,0,6,4,0
AT2G42600,5,4,3,0,0,5,3,0
AT3G46010,5,4,3,3,3,4,2,0
AT4G10340,5,4,3,0,0,3,2,0
AT2G45960,5,2,3,4,3,2,3,0
AT5G58330,5,3,3,0,2,0,2,0
AT5G54750,5,3,3,0,0,0,2,0
AT5G42100,5,3,3,0,0,0,0,0
AT5G20950,5,3,3,3,0,0,2,0
AT2G14260,5,3,3,0,0,0,0,0
AT5G55220,5,6,3,0,2,0,4,0
AT5G06060,5,6,3,2,0,0,0,0
AT1G60420,5,6,3,0,4,0,3,0
AT5G03290,5,7,2,3,3,5,11,5
AT3G04790,5,7,2,4,3,4,7,5
AT1G12000,5,6,2,4,4,5,6,2
AT4G01897,5,6,2,0,0,5,2,0
AT1G41830,5,0,2,0,0,4,0,0
AT4G12960,5,3,2,3,0,0,0,0
AT5G28500,5,4,2,0,2,0,0,0
AT3G53580,5,6,2,3,4,0,0,0
AT4G20260,5,7,2,2,2,0,0,0
AT1G14610,5,9,2,0,0,0,0,0
AT5G67510,5,5,0,3,4,0,0,6
AT5G60960,5,2,0,2,4,0,0,4
AT5G51550,5,3,0,3,4,2,0,3
AT3G01540,5,8,0,0,2,6,5,2
AT3G58140,5,7,0,5,0,0,6,2
AT3G02200,5,5,0,2,0,6,4,0
AT2G17280,5,3,0,0,0,4,3,0
AT1G74260,5,10,0,0,0,3,5,0
AT1G24180,5,3,0,0,0,2,0,0
AT3G52990,5,4,0,0,0,2,6,0
AT5G12110,5,0,0,0,5,0,0,0
AT4G32640,5,0,0,0,0,0,0,0
AT1G62390,5,2,0,0,0,0,0,0
AT4G39680,5,3,0,0,4,0,2,0
AT2G26670,5,3,0,0,2,0,0,0
AT1G64980,5,3,0,0,2,0,0,0
AT1G11430,5,3,0,0,0,0,0,0
AT5G64570,5,4,0,0,0,0,0,0
AT4G31180,5,4,0,0,2,0,0,0
AT4G31120,5,4,0,0,0,0,0,0
AT4G29670,5,4,0,0,0,0,4,0
AT4G14300,5,4,0,0,0,0,0,0
AT4G03020,5,4,0,0,2,0,2,0
AT3G48000,5,4,0,0,0,0,3,0
AT3G07480,5,4,0,0,3,0,0,0
AT3G01480,5,4,0,0,0,0,0,0
AT2G47790,5,4,0,3,0,0,0,0
AT2G38730,5,4,0,2,0,0,0,0
AT2G35450,5,4,0,0,0,0,0,0
AT2G34810,5,4,0,0,0,0,0,0
AT2G20890,5,4,0,5,2,0,0,0
AT2G20610,5,4,0,0,0,0,0,0
AT1G48420,5,4,0,0,0,0,0,0
AT1G03110,5,4,0,3,5,0,0,0
AT3G59760,5,5,0,0,0,0,0,0
AT1G34760,5,5,0,0,0,0,0,0
AT5G55670,5,6,0,0,0,0,5,0
AT2G46580,5,6,0,0,3,0,2,0
AT1G18270,5,6,0,0,0,0,0,0
AT1G78370,5,7,0,0,4,0,0,0
AT5G46430,6,8,11,6,8,0,0,8
AT3G02780,6,8,8,6,0,6,6,7
AT5G59160,6,6,8,6,3,4,7,5
AT4G34450,6,5,8,6,2,15,17,3
AT4G34200,6,8,8,5,4,6,3,2
AT4G25630,6,0,7,7,8,0,4,17
AT3G03570,6,6,7,18,7,3,4,15
AT5G09510,6,6,7,5,2,0,0,9
AT1G20450,6,7,7,8,5,0,3,7
AT4G00810,6,7,7,3,5,4,5,6
ATMG01190,6,5,7,4,0,9,8,5
AT2G07698,6,5,7,4,0,9,8,5
AT5G28900,6,6,7,4,3,7,4,3
AT5G28850,6,6,7,4,3,7,4,3
AT1G10840,6,6,7,2,0,2,3,3
AT5G47700,6,7,6,5,3,7,9,7
AT3G14290,6,5,6,6,0,0,4,4
AT1G53850,6,5,6,6,0,0,4,4
AT5G07350,6,6,6,5,0,5,7,0
AT3G13460,6,5,6,0,5,2,3,0
AT1G52730,6,6,6,2,0,0,5,0
AT5G64260,6,6,5,5,4,0,4,5
AT3G53030,6,8,5,8,6,5,6,4
AT4G02430,6,4,5,6,5,0,0,4
AT5G52820,6,8,5,4,5,0,5,4
AT5G24520,6,10,5,7,4,0,4,4
AT5G56740,6,10,5,4,0,2,11,3
AT3G62030,6,7,5,6,5,0,0,3
AT1G11840,6,7,5,3,5,0,2,3
AT2G34590,6,5,5,3,0,7,6,2
AT1G50200,6,5,5,0,0,4,7,0
AT5G28050,6,11,5,0,4,4,0,0
AT4G26530,6,8,5,6,4,3,4,0
AT1G12230,6,3,5,0,5,0,3,0
AT1G31812,6,4,5,5,4,0,2,0
ATCG00770,6,8,4,6,3,3,3,6
AT2G13560,6,6,4,5,5,3,6,4
AT4G13560,6,4,4,4,0,0,4,4
AT1G24050,6,11,4,5,4,0,2,4
AT4G22670,6,7,4,6,6,3,6,3
AT3G07100,6,3,4,4,0,0,7,0
AT4G08900,6,5,4,4,2,0,2,0
AT3G25230,6,5,4,3,3,0,2,0
AT1G47710,6,7,4,3,0,0,0,0
AT4G14570,6,9,4,4,3,0,0,0
AT1G53580,6,4,3,6,4,0,4,4
AT2G06850,6,3,3,3,3,4,2,2
AT4G04020,6,5,3,5,0,7,5,0
AT4G11820,6,8,3,3,3,4,0,0
AT4G34850,6,9,3,5,2,4,4,0
AT1G80460,6,5,3,0,0,0,0,0
AT5G48180,6,9,3,5,6,0,4,0
AT5G01600,6,11,2,7,6,9,13,11
AT5G19960,6,8,2,4,10,0,0,4
AT5G13420,6,5,2,0,2,2,7,0
AT5G27470,6,3,2,0,0,0,0,0
AT5G07470,6,5,2,3,0,0,3,0
AT2G21270,6,5,2,3,0,0,0,0
AT2G36870,6,6,2,2,4,0,0,0
AT2G22780,6,6,2,2,0,0,0,0
AT2G18040,6,7,2,0,6,0,3,0
AT1G47980,6,7,0,0,7,0,0,8
AT5G47870,6,5,0,0,2,0,0,4
AT2G39990,6,7,0,3,3,5,7,3
AT2G34040,6,4,0,0,0,0,3,3
AT1G12050,6,4,0,3,2,0,2,3
AT4G14080,6,5,0,2,3,0,0,3
AT1G05520,6,5,0,0,6,2,0,2
AT4G10710,6,2,0,3,0,11,14,0
AT3G04610,6,8,0,0,0,4,3,0
AT1G17370,6,5,0,0,0,3,8,0
AT3G05350,6,6,0,0,0,3,0,0
AT4G34740,6,5,0,2,0,2,0,0
AT3G57290,6,7,0,0,0,2,3,0
AT3G03950,6,7,0,0,3,2,4,0
AT5G17310,6,0,0,0,0,0,0,0
AT5G10810,6,2,0,0,0,0,0,0
AT2G32090,6,3,0,0,2,0,0,0
AT2G06050,6,3,0,0,3,0,0,0
AT1G06130,6,3,0,0,0,0,0,0
AT4G34555,6,4,0,0,6,0,3,0
AT1G12270,6,4,0,0,0,0,0,0
AT2G28680,6,6,0,0,4,0,0,0
AT1G74020,6,6,0,0,0,0,0,0
AT5G39740,6,7,0,0,9,0,8,0
AT3G59890,6,7,0,0,3,0,2,0
AT1G12570,6,8,0,3,0,0,0,0
AT1G03230,6,8,0,0,0,0,0,0
AT3G44110,7,6,14,11,4,11,7,5
ATCG00120,7,10,13,7,7,19,16,10
AT1G29250,7,8,13,8,13,9,10,8
AT2G21390,7,10,11,13,7,9,15,12
AT3G54210,7,8,11,9,9,0,3,11
AT2G34160,7,7,11,8,12,7,0,8
AT3G63140,7,11,11,5,3,0,2,0
AT4G00660,7,11,10,9,9,9,8,10
AT5G18380,7,9,9,6,8,5,4,9
AT2G09990,7,8,9,6,7,4,2,9
AT5G22580,7,7,9,5,9,5,5,6
AT3G18060,7,12,9,6,10,2,7,4
AT3G21110,7,4,9,4,9,6,9,2
AT3G63095,7,7,8,7,9,8,8,11
AT1G69620,7,6,8,6,8,4,0,8
AT1G48600,7,8,8,4,5,3,5,6
AT5G43060,7,5,8,6,0,4,6,3
AT5G67320,7,10,7,11,8,4,5,9
AT1G20580,7,7,7,7,5,4,7,8
AT1G15930,7,6,7,7,5,3,4,5
AT2G35370,7,9,7,8,4,5,4,3
AT1G41880,7,7,6,9,10,0,0,12
AT4G01370,7,7,6,9,5,6,0,8
AT4G38630,7,8,6,5,6,8,8,7
ATCG00160,7,7,6,7,7,3,5,7
AT3G18035,7,4,6,4,2,0,0,7
AT5G23540,7,4,6,9,4,10,7,5
AT4G13930,7,8,6,5,2,4,8,5
AT5G59880,7,8,6,6,5,10,7,4
AT5G48810,7,6,6,6,9,4,0,4
AT5G57330,7,7,6,3,0,0,0,4
AT1G13280,7,9,6,5,6,0,6,2
AT1G71840,7,8,6,5,6,0,3,0
AT1G09310,7,6,5,4,7,5,3,4
AT5G48880,7,8,5,3,6,11,15,3
AT1G27970,7,7,5,5,3,4,3,3
AT2G04842,7,4,5,3,0,7,8,0
AT1G26910,7,9,5,11,8,6,12,0
AT1G50670,7,6,5,3,2,3,6,0
AT4G00490,7,5,5,2,5,0,4,0
AT2G44040,7,9,5,4,3,0,2,0
AT4G29340,7,8,4,5,4,0,0,6
AT1G70200,7,5,4,3,4,2,2,5
AT1G65960,7,10,4,5,6,15,12,4
AT1G07440,7,6,4,4,3,6,5,4
AT3G22200,7,8,4,3,2,4,3,3
AT3G52960,7,6,4,2,2,3,0,2
AT2G45600,7,6,4,4,7,3,6,2
AT4G24510,7,8,4,5,3,3,4,0
AT2G14170,7,7,4,3,2,0,0,0
AT1G49600,7,9,4,5,4,0,2,0
AT4G36690,7,7,3,3,5,3,4,7
AT5G38470,7,3,3,5,3,0,0,3
AT3G12290,7,5,3,3,0,3,0,2
AT4G33090,7,5,3,4,0,4,7,0
AT3G21750,7,3,3,6,6,0,0,0
AT5G05920,7,5,3,3,0,0,0,0
AT4G02520,7,7,3,6,0,0,0,0
AT3G06810,7,5,2,5,0,0,0,9
AT3G62310,7,9,2,3,2,5,6,4
AT2G47250,7,10,2,0,0,4,0,4
AT5G08570,7,4,2,0,0,4,0,0
AT1G63660,7,8,2,3,3,4,11,0
AT5G63680,7,4,2,0,0,0,3,0
AT4G20980,7,4,2,2,4,0,3,0
AT3G22890,7,8,2,2,0,0,0,0
AT1G75280,7,9,2,0,10,0,0,0
AT5G12940,7,7,0,5,3,0,0,9
AT1G20440,7,5,0,0,7,0,0,2
AT1G09010,7,5,0,5,2,0,0,2
AT4G27440,7,5,0,0,0,12,14,0
AT2G29690,7,0,0,0,0,0,0,0
AT5G19440,7,3,0,3,6,0,0,0
AT4G37000,7,3,0,0,3,0,0,0
AT5G16450,7,4,0,0,0,0,0,0
AT2G17390,7,4,0,0,2,0,0,0
AT5G60360,7,6,0,3,0,0,0,0
AT3G16400,7,7,0,2,0,0,0,0
AT1G69410,7,7,0,4,6,0,0,0
AT5G04360,7,8,0,0,0,0,0,0
AT1G74920,7,10,0,0,0,0,3,0
AT3G17810,7,13,0,4,3,0,2,0
AT5G60790,8,2,18,14,6,15,13,7
AT1G02780,8,7,15,12,9,6,5,10
AT3G42170,8,7,14,9,0,17,15,4
AT4G28470,8,12,14,9,0,10,15,4
AT5G43990,8,7,13,10,6,5,4,8
AT3G22960,8,13,13,11,10,9,12,5
AT1G45000,8,8,12,11,9,14,12,10
AT4G29040,8,9,12,8,4,11,11,8
AT2G20140,8,9,12,8,4,11,11,8
AT3G14790,8,8,11,7,0,11,12,0
AT5G65780,8,11,10,13,8,4,0,11
AT5G65770,8,11,10,13,8,4,0,11
AT4G18100,8,7,10,9,8,4,5,9
AT3G09880,8,9,10,9,4,12,11,7
AT2G30050,8,7,10,9,6,7,4,6
AT5G59970,8,7,9,6,6,5,2,23
AT5G59690,8,7,9,6,6,5,2,23
AT3G53730,8,7,9,6,6,5,2,23
AT3G46320,8,7,9,6,6,5,2,23
AT3G45930,8,7,9,6,6,5,2,23
AT2G28740,8,7,9,6,6,5,2,23
AT1G07820,8,7,9,6,6,5,2,23
AT1G07660,8,7,9,6,6,5,2,23
AT5G09440,8,9,9,8,6,2,6,11
AT4G27090,8,8,9,6,6,0,6,10
AT5G23940,8,7,9,3,3,7,7,3
AT3G52200,8,7,9,5,0,9,11,2
ATCG00660,8,16,8,13,5,8,7,12
AT1G07140,8,6,8,9,6,0,3,5
AT5G02050,8,9,8,7,5,9,8,3
AT5G39570,8,9,8,8,10,3,3,3
AT5G52470,8,10,7,7,8,4,4,20
AT1G09340,8,6,7,4,6,4,2,2
AT2G38270,8,8,7,8,0,0,2,0
AT1G20220,8,10,6,8,8,4,8,8
AT4G26760,8,9,6,6,5,7,0,6
AT1G23740,8,11,6,7,6,4,5,4
AT2G30860,8,16,6,9,12,8,10,3
AT5G49650,8,10,6,6,10,3,4,0
AT2G37220,8,9,6,6,6,0,0,0
AT4G24780,8,8,5,5,11,0,0,13
AT1G33140,8,5,5,7,7,5,9,8
AT1G33120,8,5,5,7,7,5,9,8
AT1G06260,8,8,5,3,9,3,4,7
AT1G07750,8,10,5,6,8,5,6,3
AT2G38230,8,4,5,6,6,2,3,3
AT1G17290,8,8,5,5,4,0,2,3
AT2G17870,8,5,5,4,7,4,9,2
AT1G74970,8,10,4,9,6,0,5,17
AT3G03250,8,10,4,7,10,0,4,6
AT5G40490,8,6,4,6,2,0,2,5
AT3G11400,8,10,4,10,2,0,7,2
AT1G29880,8,6,4,2,5,4,9,0
AT1G56580,8,6,3,8,5,5,6,5
AT5G52840,8,7,3,6,4,2,0,5
AT1G26480,8,7,3,0,4,0,6,5
AT1G35720,8,7,3,2,5,4,6,2
AT3G51800,8,9,3,4,0,9,8,0
AT3G54470,8,5,3,2,0,6,8,0
AT1G12840,8,7,3,4,0,2,5,0
AT5G36210,8,8,3,2,3,0,0,0
AT3G23830,8,9,3,0,5,0,0,0
AT1G80410,8,9,2,5,8,3,3,4
AT2G41790,8,5,2,0,2,3,2,0
AT4G10260,8,11,2,0,0,0,0,0
AT5G43010,8,8,0,0,0,14,13,10
AT1G60900,8,8,0,0,0,0,0,6
AT2G43710,8,8,0,4,6,3,4,5
AT4G02150,8,6,0,4,4,9,6,4
AT1G72550,8,8,0,0,0,2,3,3
AT2G43790,8,7,0,9,0,2,0,2
AT1G17720,8,6,0,2,2,4,3,0
AT3G44340,8,6,0,0,0,2,0,0
AT3G02630,8,5,0,0,0,0,0,0
AT1G77510,8,5,0,3,4,0,3,0
AT4G21100,8,6,0,0,0,0,9,0
AT1G79230,8,8,0,0,0,0,0,0
AT1G29670,8,8,0,0,0,0,0,0
AT4G22930,8,9,0,0,2,0,2,0
AT4G35460,8,10,0,5,7,0,5,0
AT3G19980,9,0,16,14,14,0,0,9
AT1G12310,9,13,15,15,8,8,6,7
AT3G61240,9,13,14,11,8,7,9,9
ATCG00500,9,8,14,7,4,10,13,4
AT1G56340,9,11,13,8,17,5,6,8
AT1G62820,9,13,13,11,7,0,0,8
AT4G26110,9,8,11,8,10,12,18,11
AT5G54160,9,9,10,7,7,3,5,9
AT1G11910,9,7,9,16,4,17,25,22
AT4G22010,9,15,9,16,12,0,5,14
AT5G03650,9,10,9,5,9,4,5,10
AT1G30630,9,7,9,7,4,5,9,7
AT4G14716,9,10,9,8,8,5,2,7
AT4G14710,9,10,9,8,8,5,2,7
AT5G43960,9,9,9,6,9,0,0,6
AT4G39330,9,11,9,6,8,3,5,5
AT3G10220,9,7,9,6,4,0,3,5
AT4G24820,9,8,8,5,2,6,6,8
AT1G72370,9,13,8,11,13,17,17,6
AT1G11650,9,7,8,8,6,4,6,6
AT1G70310,9,10,8,3,6,3,3,5
AT4G13850,9,7,8,7,6,3,5,4
AT1G01100,9,7,7,8,5,9,11,11
AT3G14310,9,6,7,5,6,3,2,11
AT3G53740,9,8,7,9,10,0,0,10
AT4G09020,9,11,7,6,8,5,3,6
AT2G19480,9,9,7,6,10,12,18,4
AT5G01410,9,7,7,7,3,3,3,3
AT3G16520,9,13,7,7,2,0,5,3
AT3G18190,9,8,7,7,6,10,11,2
AT3G55700,9,9,7,11,0,2,4,2
AT2G44060,9,7,6,8,6,12,8,6
AT4G14880,9,11,6,4,2,3,5,5
ATCG01060,9,7,6,8,7,3,6,4
AT2G28470,9,8,6,4,4,5,7,3
AT1G04680,9,8,5,8,13,0,0,15
AT4G31810,9,8,5,5,6,4,2,8
AT2G17420,9,8,5,9,9,2,9,8
AT1G52040,9,8,5,7,0,2,0,8
AT3G01340,9,11,5,7,5,9,9,3
AT2G41740,9,11,5,5,5,4,8,3
AT4G35450,9,6,5,2,2,0,4,2
AT3G53110,9,11,5,4,4,4,3,0
AT2G24200,9,13,5,5,3,4,6,0
AT3G57410,9,13,5,6,3,2,4,0
AT4G22240,9,7,4,8,0,5,6,7
AT2G31570,9,5,4,3,2,0,4,2
AT4G34050,9,9,4,0,3,3,6,0
AT1G27310,9,7,3,4,4,4,5,3
AT3G21810,9,6,3,4,5,0,0,3
AT2G43090,9,10,3,8,6,0,0,2
AT3G56150,9,5,3,0,0,4,7,0
AT2G38700,9,7,3,2,5,0,0,0
AT1G18490,9,7,3,0,2,0,0,0
AT4G14030,9,8,2,2,0,5,5,0
AT2G04690,9,8,0,2,3,0,3,3
AT3G10740,9,8,0,0,8,2,4,2
AT4G14160,9,11,0,0,2,2,0,2
AT1G43190,9,9,0,3,3,6,7,0
AT2G30200,9,6,0,2,4,0,3,0
AT2G27860,9,10,0,0,7,0,0,0
AT1G06570,9,10,0,0,4,0,0,0
AT5G16710,9,11,0,0,3,0,0,0
AT1G65450,9,11,0,0,2,0,3,0
AT1G13270,9,12,0,3,5,0,5,0
AT5G50950,9,14,0,0,0,0,0,0
AT5G56500,10,9,17,16,12,16,14,12
AT2G32730,10,6,15,12,10,8,11,5
AT2G19760,10,16,14,11,12,6,8,5
AT1G65930,10,10,13,10,5,9,9,6
AT5G23900,10,5,12,8,13,9,10,11
AT2G39800,10,6,12,8,0,13,12,4
AT3G22230,10,10,11,8,14,6,6,14
AT4G30800,10,14,11,7,10,0,0,9
AT5G65430,10,8,11,7,11,11,12,7
AT1G77940,10,11,10,13,12,0,5,17
AT3G04400,10,10,10,9,15,10,9,14
AT2G33370,10,10,10,9,15,10,9,14
AT1G04480,10,10,10,9,15,10,9,14
ATCG00790,10,12,10,11,11,7,7,10
AT2G18110,10,10,10,8,0,0,3,9
ATCG00810,10,5,9,10,6,0,0,19
AT5G44500,10,9,9,4,6,2,7,8
AT4G20440,10,9,9,4,6,2,7,8
AT4G13430,10,7,9,9,6,3,7,5
ATCG01240,10,10,8,11,13,5,4,15
ATCG00900,10,10,8,11,13,5,4,15
AT1G09690,10,8,8,6,7,6,4,6
AT1G09590,10,8,8,6,7,6,4,6
AT4G37930,10,10,8,3,4,0,4,4
AT4G05180,10,7,8,6,6,2,3,0
AT2G19770,10,8,7,4,8,2,7,7
AT4G23670,10,11,7,13,5,6,8,4
AT2G37690,10,12,7,5,0,2,7,0
AT4G13710,10,9,6,8,8,0,0,12
AT3G55750,10,10,6,9,10,5,6,11
AT1G75270,10,10,6,7,4,2,6,8
AT1G12780,10,8,6,6,5,7,5,6
AT1G54080,10,7,6,3,0,6,6,4
AT3G55120,10,11,6,10,10,5,8,4
AT5G42190,10,10,6,3,2,8,12,3
AT4G18480,10,5,6,8,7,2,10,3
AT3G07770,10,7,6,9,0,7,11,0
AT2G42910,10,10,5,7,5,4,7,7
AT5G11520,10,15,5,10,0,4,3,4
AT1G16350,10,9,5,9,6,0,2,4
AT5G20720,10,9,5,10,8,6,10,2
AT1G50480,10,12,5,5,4,4,4,2
AT5G58590,10,7,5,3,3,0,0,0
AT5G64370,10,8,5,3,5,0,0,0
AT5G04430,10,9,5,3,5,0,0,0
AT4G21650,10,11,5,0,3,0,3,0
AT5G36880,10,6,4,4,3,5,13,9
AT2G43770,10,6,4,6,7,0,5,7
AT5G20010,10,11,4,7,5,10,14,6
AT4G34215,10,10,4,9,7,0,2,4
AT1G02930,10,10,4,2,0,0,3,0
AT1G10670,10,7,3,5,0,10,13,5
AT5G57655,10,10,3,3,2,2,5,0
AT2G24490,10,12,2,3,2,2,0,3
AT1G78680,10,8,2,3,3,0,3,3
AT4G17830,10,8,2,5,4,2,4,0
AT3G27740,10,4,2,0,0,0,3,0
AT2G25080,10,8,2,3,5,0,4,0
AT5G35530,10,11,0,14,15,5,5,12
AT1G23820,10,6,0,2,4,4,5,4
AT3G06350,10,8,0,0,0,0,0,2
AT1G53500,10,9,0,0,0,13,12,0
AT1G74270,10,10,0,0,0,5,6,0
AT1G10370,10,9,0,0,0,3,5,0
AT5G63890,10,6,0,2,2,0,2,0
AT1G53750,11,12,21,14,10,16,18,10
AT1G47128,11,13,17,14,11,16,14,14
AT2G45810,11,13,15,12,11,11,12,11
AT3G52580,11,16,14,16,20,12,13,19
AT2G36160,11,16,14,17,21,12,14,19
AT3G11510,11,0,14,17,20,11,15,19
AT4G15000,11,13,14,13,15,10,10,17
AT5G65750,11,14,14,9,0,11,11,3
AT2G33340,11,15,12,11,17,9,11,20
AT5G28060,11,11,12,13,14,6,7,11
AT1G76010,11,14,11,11,8,7,9,15
AT3G63460,11,9,11,8,5,10,12,3
AT5G02960,11,10,10,12,7,10,12,14
AT3G18740,11,10,10,10,11,6,4,13
AT3G12490,11,10,10,9,12,5,8,4
AT5G64350,11,10,9,6,7,2,3,8
AT4G34870,11,8,9,11,10,6,5,6
AT5G42980,11,13,8,8,10,8,10,11
AT5G63570,11,8,7,8,4,5,7,6
AT3G57610,11,11,7,8,7,2,3,6
AT1G65980,11,11,7,9,7,5,6,5
AT3G52880,11,5,7,5,7,2,6,4
AT5G08280,11,10,7,6,6,4,6,3
AT5G63420,11,6,6,6,4,0,4,8
AT2G19070,11,14,5,12,3,13,9,11
AT5G11670,11,10,5,3,4,6,4,2
AT4G36020,11,11,5,3,3,0,0,0
AT1G62750,11,10,4,10,5,3,4,3
AT5G09660,11,11,4,5,3,0,5,0
AT3G14600,11,11,3,10,15,6,0,15
AT2G40490,11,7,3,4,4,2,2,0
AT2G33410,11,8,2,4,5,0,0,3
AT2G19570,11,13,2,2,6,2,3,0
AT2G39080,11,15,2,0,6,0,0,0
AT5G60670,11,12,0,10,13,0,10,12
AT5G49360,11,10,0,0,2,0,0,3
AT3G09680,11,0,0,0,0,10,0,0
AT5G39320,11,11,0,6,0,10,12,0
AT3G53900,11,9,0,2,2,0,0,0
AT1G03220,11,12,0,0,0,0,0,0
AT5G38110,11,13,0,0,0,0,0,0
AT5G02790,12,15,18,15,17,11,10,14
AT1G50370,12,13,17,16,15,14,12,10
AT2G42100,12,14,16,11,8,17,18,12
AT5G08690,12,17,14,15,14,17,14,14
AT5G08680,12,17,14,15,14,17,14,14
AT5G08670,12,17,14,15,14,17,14,14
AT1G04690,12,13,14,14,8,7,9,10
AT4G34670,12,10,14,9,8,13,8,9
AT3G04920,12,11,13,13,16,8,8,14
AT4G25130,12,14,11,11,8,8,9,10
AT1G24510,12,9,11,12,8,5,13,6
AT5G05730,12,12,11,11,6,0,10,0
AT3G53430,12,15,10,9,16,10,13,13
AT2G42520,12,17,10,7,7,9,11,11
AT4G21860,12,11,10,7,12,4,7,8
AT1G64520,12,13,10,13,9,12,13,7
AT1G75950,12,11,10,6,5,12,14,6
AT2G37190,12,0,10,0,16,10,0,0
AT2G23390,12,14,9,12,13,17,12,10
AT3G50670,12,12,9,17,8,8,8,10
AT1G15750,12,12,9,13,7,6,0,9
AT2G31390,12,10,9,8,9,7,9,8
AT1G09210,12,13,9,13,10,4,9,8
AT2G24940,12,11,9,7,9,4,8,7
AT1G08830,12,12,9,8,4,7,11,4
AT1G08200,12,15,9,8,9,6,11,0
AT3G27850,12,10,8,12,12,13,10,9
AT3G27830,12,10,8,12,12,13,10,9
AT3G14240,12,9,8,11,10,6,6,9
AT3G51000,12,9,7,8,6,3,5,10
AT2G44350,12,10,7,9,11,3,7,5
AT2G42590,12,8,6,7,9,5,7,9
AT5G57290,12,9,5,9,13,0,0,11
AT4G24130,12,14,5,6,4,5,5,6
AT4G04950,12,13,5,5,2,12,5,3
AT5G48300,12,11,5,6,5,7,14,2
AT1G33590,12,11,5,0,0,0,0,0
AT1G02050,12,17,4,9,8,8,8,0
AT3G06860,12,15,4,0,3,0,0,0
AT3G22330,12,14,3,11,11,3,4,9
AT2G40590,12,0,0,0,0,6,0,13
AT2G40510,12,0,0,0,0,6,0,13
AT3G11250,12,8,0,0,0,0,0,10
AT1G80490,12,0,0,0,0,6,11,0
AT1G53310,12,10,0,0,0,6,8,0
AT4G29260,12,15,0,0,0,0,0,0
AT3G55410,13,18,22,13,9,16,20,3
AT1G68560,13,12,18,13,4,13,13,10
AT1G80480,13,14,18,17,3,13,10,5
AT5G10450,13,12,17,13,16,13,23,14
AT2G42500,13,14,17,17,0,0,13,7
AT2G19520,13,13,16,9,10,14,12,20
AT3G14100,13,12,14,9,5,11,10,5
AT2G27720,13,14,13,13,16,9,11,15
AT2G41530,13,13,13,11,10,5,7,12
AT4G39260,13,15,12,9,10,7,7,9
AT5G66570,13,8,11,6,7,5,7,7
AT1G01090,13,15,11,7,7,9,14,6
AT4G27000,13,19,11,6,13,3,4,5
AT5G23740,13,14,10,8,14,6,9,14
AT2G33150,13,11,10,6,10,5,5,7
AT4G34360,13,10,9,13,7,13,13,6
AT2G38400,13,13,8,12,7,0,3,16
AT5G07410,13,11,8,0,8,13,13,11
AT1G69940,13,10,8,9,6,0,13,11
AT4G18040,13,10,7,6,6,6,3,14
AT3G02230,13,12,7,6,11,3,4,7
AT3G47520,13,9,7,8,5,5,9,5
AT5G61780,13,9,6,10,6,7,12,5
AT1G79690,13,8,6,6,4,0,0,0
AT1G32200,13,14,5,5,5,0,2,3
AT5G43830,13,9,5,2,4,0,6,2
AT3G49680,13,12,4,3,6,0,0,3
AT5G08640,13,12,2,8,12,2,3,8
AT3G48420,13,10,2,2,3,2,3,0
AT3G58500,13,14,0,0,10,9,0,7
AT3G15020,13,0,0,0,0,0,0,0
AT3G14415,13,8,0,4,0,0,0,0
AT3G48560,13,10,0,2,0,0,0,0
AT1G34430,14,13,29,20,14,19,24,10
AT3G13930,14,14,20,21,6,26,25,8
AT4G38740,14,14,17,19,17,5,12,14
AT1G76030,14,12,17,12,11,12,12,8
AT1G20260,14,12,17,12,11,12,12,8
AT4G20360,14,16,17,15,7,11,22,8
AT5G65730,14,13,16,20,15,12,12,22
AT3G53870,14,16,15,18,18,5,11,20
AT2G32080,14,13,15,13,14,7,6,14
AT3G57490,14,10,14,11,0,15,0,17
AT1G78570,14,12,14,11,7,21,19,6
AT1G79550,14,13,13,14,6,4,6,6
AT4G34980,14,17,11,13,14,0,7,23
AT5G67360,14,12,11,11,8,4,5,13
AT5G16440,14,12,10,10,5,8,8,7
AT3G10850,14,12,10,13,6,4,7,6
AT1G68010,14,12,10,9,8,9,11,3
AT2G30110,14,18,10,7,4,8,8,3
AT2G47470,14,16,9,7,10,8,13,12
AT3G56490,14,17,9,11,14,8,9,11
AT1G53240,14,14,9,11,8,8,8,10
AT2G28190,14,15,9,8,6,8,8,10
AT5G20830,14,19,9,8,6,13,12,7
AT2G16600,14,13,8,9,7,12,8,9
AT1G18080,14,16,8,15,16,12,12,9
AT5G13520,14,16,8,9,7,2,7,9
AT4G31990,14,15,8,12,7,6,11,8
AT1G60710,14,18,8,9,10,7,9,7
AT5G27640,14,12,8,11,8,5,11,6
AT1G12910,14,11,7,3,9,6,10,3
AT3G07850,14,13,7,10,8,5,11,0
AT3G25530,14,15,6,9,15,7,10,9
AT5G46290,14,10,6,6,5,9,8,6
AT3G19170,14,15,6,4,0,5,7,0
AT3G14420,14,12,5,0,5,7,11,3
AT5G24400,14,17,5,4,2,3,4,3
AT1G30580,14,14,4,5,4,4,7,2
AT1G74030,14,14,4,3,4,3,8,0
AT5G63980,14,11,4,4,0,0,0,0
AT1G06290,14,16,4,0,3,0,5,0
AT5G34850,14,11,3,3,4,0,5,0
AT4G21580,14,10,2,0,6,0,8,0
AT2G36620,14,0,0,0,0,0,13,0
AT4G13170,14,11,0,0,0,0,0,0
AT3G53020,15,21,20,25,19,15,14,22
AT3G49010,15,16,18,16,18,13,12,20
AT2G31610,15,16,17,20,18,7,12,22
AT1G70600,15,14,17,15,22,12,10,18
AT1G23290,15,14,17,15,22,12,10,18
AT5G35360,15,15,16,16,14,10,12,13
AT4G00100,15,19,14,18,17,10,14,17
AT5G61790,15,14,14,15,15,7,8,11
AT3G18130,15,13,12,11,11,9,10,6
AT1G48630,15,11,12,12,10,8,7,6
AT5G52920,15,13,11,12,11,6,16,6
AT3G56340,15,12,10,14,14,6,8,12
AT1G23310,15,15,10,16,13,23,14,11
AT4G34110,15,15,10,11,13,3,9,9
AT5G15490,15,15,10,12,0,16,16,0
AT2G21060,15,20,9,7,9,8,7,7
ATCG00750,15,11,8,11,10,5,4,10
AT4G09010,15,17,8,9,11,8,7,9
AT3G15000,15,9,8,8,8,6,6,7
AT1G06000,15,12,8,7,7,5,10,6
AT3G48730,15,13,8,9,5,5,7,6
AT3G06580,15,19,7,7,7,11,7,3
AT1G48920,15,10,4,4,10,6,5,8
AT2G28000,16,17,24,21,18,20,23,19
AT2G47510,16,26,18,18,14,11,13,11
AT5G20890,16,15,17,16,14,15,20,10
AT3G25920,16,18,16,21,21,15,13,20
AT3G29360,16,14,15,14,13,17,19,12
AT5G19510,16,17,13,14,14,14,13,15
AT3G03530,16,21,13,15,11,13,17,15
AT1G14320,16,15,12,17,14,15,21,15
AT1G61580,16,16,12,16,20,0,0,15
AT5G55230,16,14,11,18,10,13,9,13
AT4G29010,16,14,11,9,4,6,10,7
AT1G17100,16,11,10,12,8,7,11,7
AT3G55760,16,17,9,14,12,6,5,14
AT2G44160,16,20,9,9,16,12,15,7
AT5G15650,16,15,8,5,11,3,5,4
AT1G14810,16,14,7,8,7,7,10,9
AT5G54900,16,15,6,7,4,2,6,7
AT1G49760,16,18,6,5,11,0,6,0
AT4G26900,16,14,4,4,5,3,7,4
AT3G05420,16,7,4,0,2,0,0,0
AT5G48760,16,14,0,17,15,10,9,20
AT5G16070,16,11,0,0,10,13,14,0
AT5G06600,17,14,30,18,12,22,27,22
AT4G16155,17,22,28,20,11,22,20,8
AT2G28790,17,18,20,20,15,16,20,14
AT2G33210,17,20,17,16,16,13,17,14
AT3G03960,17,15,17,14,13,20,19,9
AT3G60770,17,20,16,20,20,0,15,20
AT4G39660,17,18,15,16,17,15,14,24
AT3G57560,17,16,14,18,14,11,8,19
AT4G23600,17,18,13,13,20,3,11,17
AT3G55220,17,14,13,11,7,4,10,11
AT3G55200,17,14,13,11,7,4,10,11
AT2G21330,17,14,13,15,11,8,12,9
AT1G24020,17,12,12,16,12,14,10,14
AT4G08390,17,20,12,15,18,9,12,14
AT1G29900,17,21,12,15,7,9,16,7
AT3G26060,17,17,12,14,7,5,12,7
AT5G20630,17,16,12,4,5,0,6,3
AT3G55800,17,23,11,16,20,9,12,13
AT5G49460,17,13,11,10,10,7,0,0
AT1G66580,17,15,10,16,13,14,23,16
AT4G05420,17,13,10,10,6,11,18,6
AT3G59480,17,14,9,14,11,6,10,10
AT3G14990,17,13,9,9,8,9,15,6
AT1G27090,17,20,8,11,10,2,8,14
AT5G48230,17,17,8,12,10,4,8,9
AT3G51240,17,15,8,10,10,5,7,8
AT5G21274,17,14,0,0,0,0,0,0
AT3G43810,17,14,0,0,0,0,0,0
AT3G16640,18,14,20,20,17,9,12,16
AT5G10360,18,21,19,22,21,9,17,24
AT5G20000,18,16,19,0,9,7,6,14
AT5G19990,18,16,19,18,9,7,0,14
AT1G80070,18,21,17,24,13,20,25,19
AT2G46280,18,17,17,11,8,8,11,7
AT3G07110,18,20,16,20,23,12,11,22
AT3G49910,18,16,15,15,21,10,14,20
AT4G31700,18,18,15,14,18,12,17,19
AT5G58290,18,18,14,17,9,19,15,14
AT5G59370,19,26,35,24,18,29,38,22
AT3G46520,19,26,35,24,18,29,38,22
AT5G09650,19,19,25,23,19,19,22,24
AT3G48930,19,24,25,24,22,13,16,19
AT3G59770,19,21,24,24,16,6,6,15
AT5G35200,19,16,23,26,13,29,23,28
AT4G21280,19,18,22,21,19,9,14,19
AT3G25860,19,17,19,23,21,28,25,19
ATCG00480,19,14,19,11,5,16,13,13
AT2G01140,19,17,18,19,17,7,14,18
AT5G06290,19,20,17,15,13,21,30,14
AT3G55440,19,21,15,16,18,15,18,10
AT3G02520,19,22,14,20,25,19,20,13
AT1G07320,19,13,13,13,9,14,13,14
AT3G13580,19,17,11,16,16,11,11,20
AT5G45775,19,17,11,15,15,12,14,16
AT4G18730,19,17,11,15,15,12,14,16
AT3G58700,19,17,11,15,15,12,14,16
AT2G42740,19,17,11,15,15,12,14,16
AT2G43750,19,16,9,6,8,0,4,2
AT4G20050,19,23,8,11,16,4,3,17
AT3G20050,19,16,8,8,8,15,18,6
AT1G71220,19,15,8,15,4,13,15,5
AT5G50920,19,18,7,8,7,6,15,3
AT3G51840,19,11,0,0,5,0,5,0
AT1G13880,20,22,27,29,25,15,9,35
AT3G12145,20,17,23,16,21,21,24,16
AT1G20020,20,17,22,23,15,14,17,26
AT3G62530,20,13,22,19,16,18,23,9
AT3G16950,20,24,22,18,10,22,19,8
AT1G06220,20,21,21,24,17,22,20,25
AT1G79930,20,20,19,0,10,24,22,7
AT1G42970,20,15,16,13,14,21,29,12
AT1G35160,20,23,15,20,23,16,16,14
AT3G07010,20,17,13,18,20,7,6,25
AT3G06650,20,14,13,11,10,10,8,6
AT3G02530,20,12,11,10,9,19,18,6
AT2G13360,20,12,11,9,8,6,10,5
AT1G09620,20,20,11,10,5,13,17,4
AT5G36160,20,23,10,22,26,20,18,29
AT3G16470,20,14,9,12,6,6,8,9
AT4G23920,20,20,8,16,11,8,9,14
AT1G79440,20,13,0,2,9,0,2,0
AT4G36130,21,25,25,24,24,13,18,34
AT5G15200,21,22,22,27,30,17,16,27
AT1G20960,21,20,19,20,12,21,24,28
AT1G27400,21,26,19,19,13,10,12,18
AT3G60750,21,27,19,18,11,14,20,13
AT5G26360,21,21,19,11,10,18,22,10
AT3G49430,21,22,18,28,26,16,16,25
AT3G14067,21,20,18,21,14,10,9,25
AT4G38970,21,21,17,26,22,19,27,18
AT3G11830,21,15,17,16,13,14,19,8
AT1G21750,21,25,15,13,17,2,10,18
ATCG00380,21,22,15,18,19,9,7,13
AT4G35830,21,18,14,14,8,8,13,12
AT4G29350,21,23,13,14,10,7,10,9
AT5G06850,21,15,10,13,20,9,9,23
AT2G37660,21,26,10,9,12,3,13,7
AT2G46610,21,16,0,20,20,0,0,24
AT1G67430,21,25,0,0,0,10,12,0
AT2G26080,21,20,0,16,13,0,14,0
AT3G53750,22,28,38,27,19,33,49,23
AT2G37620,22,28,38,27,19,33,49,23
AT3G11130,22,18,27,16,0,32,27,9
AT1G32060,22,21,21,19,13,12,22,9
AT3G11630,22,23,19,17,18,24,32,18
AT2G38040,22,19,19,15,9,13,14,16
AT1G12900,22,24,18,22,22,29,34,18
AT2G24270,22,24,17,15,19,11,12,10
AT2G02740,22,17,14,18,17,4,6,18
AT1G52030,22,21,9,11,17,13,10,11
AT3G13920,23,23,34,32,19,45,44,17
AT2G20580,23,25,34,30,22,28,34,15
AT1G54270,23,23,32,30,19,44,43,15
AT3G05530,23,22,28,27,17,21,25,16
AT2G05920,23,27,22,27,21,13,11,37
AT3G23990,23,22,22,20,21,16,25,17
AT4G09000,23,25,20,17,25,21,24,18
AT1G48410,23,22,20,18,25,4,7,14
AT3G05590,23,29,18,21,27,0,18,28
AT3G28500,23,18,18,15,23,13,19,24
AT1G22300,23,19,18,15,19,15,21,15
AT1G56190,23,20,18,22,0,11,16,0
AT1G09640,23,28,16,21,25,32,26,22
AT3G58510,23,27,15,13,15,11,13,18
AT1G14410,23,24,14,16,17,13,17,13
AT5G43940,23,25,13,12,9,7,5,8
AT5G14740,23,17,12,12,11,16,12,0
AT2G23350,23,22,11,13,19,6,16,9
AT3G19760,23,25,9,11,8,20,12,7
AT5G10920,23,20,7,7,11,5,9,3
AT5G09590,24,20,43,31,23,35,33,26
AT3G12110,24,31,41,29,20,37,46,24
AT5G26710,24,25,36,40,31,22,26,40
AT3G04840,24,21,25,22,20,14,16,27
AT5G63110,24,20,22,28,19,25,15,35
AT3G24830,24,17,20,22,22,13,13,27
AT1G78630,24,25,20,17,18,13,12,23
AT1G79920,24,22,20,17,10,27,27,0
AT5G24420,24,25,18,23,18,13,22,16
AT3G29410,24,18,16,19,23,47,30,29
AT5G38480,24,23,16,19,19,24,26,15
AT1G78300,24,22,15,23,24,23,21,16
AT1G11860,24,21,15,12,11,12,11,9
AT5G04140,24,27,15,16,10,10,11,6
AT5G19550,24,19,8,14,12,7,13,10
AT2G18020,25,28,28,25,29,20,18,34
AT4G17390,25,22,27,23,30,26,16,27
AT4G16720,25,22,27,23,30,26,16,27
AT3G62250,25,23,25,27,23,32,30,28
AT2G47110,25,23,25,27,23,32,30,28
AT5G66190,25,32,23,21,21,20,16,29
AT4G01850,25,28,21,21,22,22,31,13
AT2G36460,25,23,15,19,21,11,17,11
AT5G16050,25,22,14,18,25,20,22,12
AT5G02240,25,27,14,9,12,7,10,6
AT1G30230,26,30,31,29,29,23,20,28
AT4G37800,26,19,22,27,25,26,20,39
AT2G44120,26,23,17,19,21,16,13,26
AT1G36160,26,24,14,19,13,10,15,12
AT5G56000,26,0,0,0,0,105,91,0
AT1G55490,27,30,34,31,22,33,35,25
AT2G43030,27,30,30,31,29,23,29,36
AT1G02840,27,26,25,25,25,18,20,22
AT1G02500,27,31,24,25,23,24,34,14
AT2G34480,27,28,21,22,28,17,18,25
AT2G27710,27,30,19,24,14,27,24,24
AT5G43330,27,25,11,12,19,12,16,11
AT3G11910,28,22,43,30,18,29,40,29
AT4G37910,28,26,39,31,26,35,30,27
ATCG01310,28,24,29,21,29,16,18,23
ATCG00830,28,24,29,21,29,16,18,23
AT2G01250,28,29,28,26,25,17,18,30
AT5G22440,28,26,27,27,27,17,12,22
AT1G09270,28,25,16,21,12,44,40,21
AT3G04120,29,32,39,28,17,41,47,26
AT3G13470,29,26,32,27,21,31,0,22
AT3G23600,29,30,27,30,27,36,30,34
AT5G11710,29,28,20,24,23,13,17,24
AT1G18540,29,30,19,30,23,16,15,27
AT3G01500,29,26,19,20,17,20,22,10
AT2G47730,29,33,12,15,15,14,19,7
AT3G03780,29,37,0,33,0,0,0,24
AT2G40660,30,24,38,35,40,26,32,39
AT1G13440,30,31,38,28,17,41,0,26
AT1G59359,30,23,31,28,28,27,25,34
AT1G58983,30,23,31,28,28,27,25,34
AT1G58684,30,23,31,28,28,27,25,34
AT1G58380,30,23,31,28,28,27,25,34
AT3G17390,30,28,31,29,29,41,50,18
AT1G57720,30,33,26,27,28,39,31,25
AT3G23810,30,26,26,20,15,22,29,13
AT3G12780,30,24,23,29,19,13,21,12
AT4G20850,30,29,22,19,16,27,26,12
AT3G55870,30,28,20,25,21,26,19,42
AT1G35680,30,30,15,27,10,18,9,22
AT1G75940,30,19,13,19,16,9,15,22
AT3G18780,31,31,41,34,24,39,38,29
AT1G49240,31,31,41,34,24,39,38,29
AT5G56030,31,31,37,29,18,115,104,23
AT4G33010,31,27,30,28,24,16,20,8
AT2G04030,31,26,29,27,21,21,29,25
AT1G52400,31,25,27,25,20,24,25,25
AT1G64740,31,28,26,25,20,36,34,24
AT5G48900,31,29,17,23,25,4,7,33
AT2G41840,32,28,30,29,29,25,24,37
AT3G59970,32,32,17,16,30,21,24,13
AT5G56010,33,34,38,29,18,118,107,24
AT5G27850,33,41,30,25,34,20,25,33
AT3G26650,33,36,30,30,27,40,47,20
AT1G74050,33,37,25,30,28,19,19,38
AT1G74060,33,37,25,30,28,19,19,0
AT1G01300,33,32,23,31,30,15,18,28
AT1G75780,34,37,62,48,31,75,79,41
AT5G09810,34,39,47,41,30,54,55,31
AT3G09630,34,32,46,36,50,31,24,46
AT5G20290,34,37,41,35,40,29,21,34
AT5G07090,34,39,36,35,44,21,18,31
AT2G17360,34,39,36,35,44,21,18,31
AT3G09200,34,29,28,29,29,25,28,31
AT2G05990,34,31,19,18,16,12,13,12
AT5G58420,34,39,0,0,44,21,18,31
AT4G24280,35,36,41,39,33,39,38,38
AT5G49910,35,31,35,30,26,34,35,36
AT3G03540,35,47,32,36,34,36,42,39
AT1G78900,35,26,22,21,17,19,22,19
AT2G05710,35,30,19,16,13,7,10,10
AT1G69740,35,28,12,18,17,12,17,8
AT2G39730,36,29,47,42,41,66,57,41
AT4G13940,36,34,31,29,19,26,33,16
AT2G27040,36,40,22,15,19,12,20,9
AT1G26630,36,35,17,28,18,13,17,20
AT4G10320,37,42,51,56,39,74,68,54
AT2G27530,37,45,35,44,30,21,26,42
AT1G04410,37,40,26,24,28,24,28,20
AT3G06720,37,32,23,28,26,87,70,31
AT2G47610,38,42,44,41,51,29,35,50
AT5G02870,38,34,44,35,41,29,26,46
AT1G20630,38,39,26,30,32,21,29,25
AT5G60100,39,46,36,33,39,31,31,41
AT1G08360,39,38,36,35,34,24,23,34
AT3G52930,40,41,42,42,48,23,34,27
AT5G19780,40,41,41,40,27,57,48,32
AT5G19770,40,41,41,40,27,57,48,32
AT2G21660,40,39,18,18,27,32,26,12
AT1G19570,40,40,18,22,23,16,28,12
AT5G51750,41,36,27,39,42,26,25,52
AT3G13490,41,38,21,23,23,19,35,7
AT5G35630,41,40,19,14,15,27,30,16
AT1G64880,42,36,70,72,69,27,25,72
AT3G62870,42,45,44,44,55,28,33,53
AT3G44300,42,42,44,48,31,19,33,31
AT1G61850,42,45,37,46,17,38,54,23
AT5G12250,43,42,73,57,34,91,89,48
AT5G17920,43,50,52,43,38,49,40,31
AT3G45140,43,46,43,34,33,50,50,26
AT5G60390,43,49,37,34,23,30,40,26
AT1G07940,43,49,37,34,23,30,40,26
AT1G07930,43,49,37,34,23,30,40,26
AT1G07920,43,49,37,34,23,30,40,26
AT1G07890,43,51,31,28,28,22,29,18
AT3G46970,45,45,22,31,32,16,29,19
AT1G20010,46,47,80,60,34,87,92,45
AT4G35090,46,43,32,36,35,24,24,28
AT5G26000,47,45,48,50,53,40,38,47
AT2G36880,47,52,46,49,40,48,55,34
AT1G71080,47,51,38,56,57,36,40,59
AT1G48120,49,55,65,70,29,38,55,51
AT5G42020,49,49,63,55,47,85,93,53
AT1G69830,49,43,30,29,38,22,30,17
AT4G33680,50,43,45,42,42,30,40,35
AT5G11170,51,58,36,39,32,38,44,31
AT4G29270,53,55,35,48,61,44,46,48
AT5G28540,54,48,64,54,53,91,97,55
AT3G20820,54,59,46,58,57,31,33,80
AT3G09840,54,50,38,40,40,36,32,34
AT3G55280,54,51,28,27,14,12,24,26
AT2G39460,54,51,28,27,14,12,24,26
AT5G44340,55,49,79,67,43,93,108,48
AT4G20890,55,48,75,65,43,88,103,48
AT3G44320,55,55,47,74,54,26,36,50
AT3G12580,59,58,92,59,45,273,248,71
AT5G23860,59,56,90,74,50,111,117,60
AT2G29550,60,56,95,76,49,106,110,60
AT1G50010,60,59,59,0,43,90,77,48
AT1G04820,60,59,59,0,43,90,77,48
AT4G14960,60,59,59,57,0,94,78,0
AT3G09820,60,60,42,42,55,46,50,32
AT5G02490,63,64,100,64,44,387,318,81
AT5G03300,63,63,48,37,43,31,36,29
AT2G36530,63,59,28,36,34,34,49,20
AT1G43170,64,59,49,49,58,46,51,47
AT5G62700,65,58,89,85,56,121,126,68
AT5G62690,65,58,89,85,56,121,126,68
AT1G20620,70,65,56,55,58,43,52,47
AT4G16143,70,67,52,59,53,109,94,58
AT5G38430,70,70,42,61,43,61,79,40
AT5G24770,73,63,50,52,63,36,38,59
AT1G67090,78,79,53,73,47,77,89,44
AT3G09440,80,85,140,110,69,465,423,111
AT5G38420,80,81,51,69,54,72,86,50
AT5G26742,82,81,77,86,77,49,62,72
AT5G25980,84,96,52,62,55,45,56,77
AT2G29560,85,78,63,77,42,46,59,52
AT1G52570,93,93,97,81,49,62,72,74
AT3G44690,105,110,123,117,128,82,83,161
AT1G56070,105,106,96,89,69,92,123,68
AT5G02500,109,107,175,143,86,715,593,148
AT1G09780,127,125,117,0,0,127,149,0
AT4G38680,130,130,71,84,56,48,82,65
AT2G17630,145,130,113,127,131,148,157,136
AT1G19480,154,156,129,154,131,202,191,167
AT3G15730,159,160,162,153,117,115,124,124
AT5G24780,187,176,113,158,145,134,145,159
ATCG00490,196,191,145,160,143,149,185,113
AT4G35630,253,253,222,233,247,260,262,276
AT3G08590,260,278,231,270,248,297,311,292
AT3G44310,290,296,274,413,242,155,218,230
AT4G25500,1300,1312,1517,1636,1584,1393,1365,1650
AT5G52040,1760,1772,2043,2147,2143,1765,1756,2169
