Protein,LFQ intensity Col0-1,LFQ intensity Col0-2,LFQ intensity SUVH7_T3-8-2,LFQ intensity SUVH7_T4-2-1,LFQ intensity SUVH8_T2-9,LFQ intensity SUVH8_T3-1-3,WT,WT,AT1G17770,AT1G17770,AT2G24740,AT2G24740
AT3G44310,14896000000,16801000000,23357000000,26213000000,21577000000,24657000000,538,539,562,634,549,616
AT5G02490,142570000,148910000,1767600000,16959000000,1657100000,1522700000,71,48,200,684,195,176
AT1G17770,0,0,226140000,11382000000,29065000,0,0,0,187,448,4,2
AT5G52040,27977000000,21809000000,27039000000,20490000000,711570000,44208000000,191,125,184,153,25,197
AT3G15730,2628500000,2736800000,3202700000,2939800000,1691900000,6269100000,144,143,158,167,120,225
AT3G08590,1599100000,1961200000,2205900000,2646100000,4847400000,3128100000,95,88,121,132,150,112
AT1G19480,5059700000,5180100000,5991200000,6997600000,5279400000,7912900000,113,104,115,130,117,135
AT1G61850,84534000,74176000,109510000,100180000,15109000,126000000,81,75,98,89,20,112
AT1G48120,49600000,44291000,67617000,75834000,44848000,80628000,63,64,85,78,69,92
AT3G44690,151440000,128480000,158030000,105890000,9390000,231980000,77,70,77,61,13,111
AT5G02500,176110000,171440000,693710000,2089600000,356860000,448540000,28,30,76,127,48,52
ATCG00490,966830000,695330000,1284300000,1825100000,2022700000,1955300000,85,52,74,111,103,101
AT2G29550,55375000,60950000,144610000,610330000,121170000,191320000,38,32,70,121,51,68
AT4G35630,461020000,413640000,740580000,702500000,1120100000,790620000,72,52,69,83,71,72
AT2G29560,612610000,531840000,521920000,562300000,131550000,721340000,73,67,65,74,31,82
AT2G39730,101060000,102250000,149130000,528120000,219860000,238780000,37,37,48,83,56,47
AT1G71080,453100000,598640000,534300000,499660000,506770000,689610000,44,56,46,40,52,51
AT5G56030,6696000,5124600,40138000,333490000,37903000,25753000,12,10,46,100,49,36
AT5G09810,184640000,207310000,283980000,499650000,315740000,442570000,24,49,44,66,52,55
AT1G56070,146100000,138310000,267460000,679600000,294890000,330060000,35,36,44,81,47,55
AT3G44320,14403000000,15032000000,24772000000,24145000000,26041000000,23557000000,32,34,44,56,44,48
AT1G20620,41489000,32407000,47638000,71138000,33082000,69432000,34,37,43,38,29,41
AT5G28540,23384000,24015000,34864000,93064000,55425000,65069000,26,30,41,53,42,49
AT3G11130,19067000,15878000,32425000,40793000,12285000,41395000,28,27,39,51,19,55
AT1G43170,82327000,57622000,99143000,85615000,89030000,136530000,32,22,38,41,36,45
AT2G39800,33376000,41969000,44742000,40205000,32899000,70253000,35,46,38,36,33,55
AT2G28000,23557000,28350000,67051000,483450000,66075000,60463000,13,20,37,60,30,33
AT1G52570,40844000,47023000,58903000,54971000,30833000,106500000,23,23,35,31,29,48
AT3G09630,246160000,228340000,338810000,335360000,340870000,505370000,24,28,33,34,33,37
AT4G14960,154450000,136060000,225310000,598200000,282660000,311400000,28,29,31,49,45,45
AT3G09440,20123000,18867000,100980000,282270000,46487000,59142000,13,14,31,54,20,28
AT5G35200,39506000,24677000,55554000,61344000,15699000,57379000,26,23,31,36,15,38
AT4G33680,62348000,74872000,87858000,95556000,201460000,189630000,25,35,30,25,35,43
AT4G37800,120360000,104690000,196000000,219190000,82274000,174090000,21,28,29,29,18,23
AT2G25560,0,0,37270000,124180000,0,0,0,0,29,44,0,0
AT3G13470,9841800,21132000,58398000,315560000,49736000,45398000,9,15,28,68,32,26
AT1G52400,27302000,24545000,50748000,43937000,30464000,62934000,16,25,28,19,22,30
AT4G20850,5275000,2980600,11267000,12151000,14090000,14352000,12,8,27,21,35,30
AT5G46810,45824000,48675000,62350000,56885000,104660000,126980000,18,16,25,23,35,35
AT3G44300,190080000,134910000,193860000,362500000,245390000,175060000,22,17,25,30,32,24
AT3G13490,12867000,13837000,18613000,20414000,29664000,34578000,15,16,25,21,29,30
AT5G38420,246160000,278630000,396470000,641970000,863790000,528150000,26,22,25,31,27,28
AT2G17630,117840000,115160000,178740000,207430000,244150000,214820000,38,29,25,30,27,30
AT3G23600,117350000,109950000,148220000,103770000,134140000,120520000,19,23,25,23,23,26
AT3G23990,687820,970250,36163000,300830000,832270000,414070000,4,4,24,61,113,81
AT1G20020,37918000,40298000,61197000,54092000,58635000,71667000,17,18,24,21,22,28
AT1G08360,187020000,146950000,202160000,185900000,222490000,288040000,16,15,24,23,21,26
AT5G17920,14706000,12375000,22083000,37921000,29194000,30708000,17,14,24,24,21,20
AT5G26742,8437600,12205000,12741000,10099000,3437800,44479000,18,22,24,23,11,50
AT5G62700,44652000,43774000,83135000,399630000,73249000,133990000,23,19,23,34,26,27
AT3G25860,28525000,23123000,27491000,27816000,32421000,44168000,16,15,23,21,24,30
AT3G09820,44957000,48447000,66044000,69595000,82996000,102970000,26,23,23,29,24,25
AT5G24420,19511000,20479000,27119000,33508000,36459000,40905000,17,21,23,29,23,28
AT4G31990,15247000,19901000,21148000,24711000,35063000,34670000,17,12,23,17,19,23
AT3G13920,32087000,31402000,66911000,156560000,45513000,79030000,15,13,23,29,17,24
AT5G22060,0,0,38399000,741580000,13538000,21303000,2,1,23,48,7,11
AT5G11710,173240000,237600000,257190000,255330000,250780000,447290000,16,22,22,22,17,28
AT5G25980,23227000,15475000,33969000,38370000,30803000,41865000,13,9,22,19,14,22
AT2G25170,0,0,26205000,90426000,0,0,0,0,22,79,1,2
AT1G62740,0,0,24764000,198960000,0,0,0,0,22,79,0,0
AT3G17390,77399000,76850000,116930000,196500000,211410000,179840000,24,21,21,31,33,34
AT4G24280,18101000,22675000,27140000,112430000,44471000,45910000,12,24,21,54,26,31
AT1G42970,84740000,63611000,116260000,205270000,239960000,150380000,11,11,21,21,24,27
AT3G62870,92124000,82763000,134650000,107520000,159710000,213290000,23,20,21,17,19,28
AT1G74060,65889000,49563000,72156000,76011000,73129000,112040000,15,22,21,15,17,20
AT1G64880,49801000,87602000,64451000,43826000,30190000,105680000,19,20,21,10,11,25
AT1G08600,0,0,10614000,17182000,0,0,0,0,21,28,0,0
AT2G18020,144820000,117210000,184590000,220240000,188100000,220800000,20,23,20,18,29,28
AT3G55800,41251000,34123000,48570000,62120000,82003000,68497000,18,17,20,23,26,22
AT3G18780,63263000,93262000,110260000,155260000,102100000,169860000,9,21,20,24,25,20
AT3G04120,20808000,18134000,32753000,60968000,39020000,36528000,8,13,20,19,21,18
AT5G24780,558380000,640670000,873000000,637160000,673370000,1157900000,19,15,20,21,21,27
AT3G62250,48476000,55275000,199930000,1112300000,193980000,245460000,8,8,20,34,17,23
AT4G10320,5755600,7633000,15356000,15606000,11643000,17011000,12,17,20,25,15,28
AT5G26710,11237000,13067000,19144000,20489000,16024000,20576000,9,12,19,16,26,17
AT4G35090,64450000,52542000,84775000,123600000,96544000,118570000,12,14,19,27,23,18
AT3G55410,9962400,10173000,19460000,24691000,21661000,25044000,7,9,19,14,19,22
AT5G27850,67549000,54690000,110270000,76050000,88513000,139490000,21,19,19,18,15,19
AT5G26000,39303000,34816000,61030000,67633000,100430000,81623000,12,16,18,23,34,23
AT4G38970,34575000,32660000,57356000,83884000,105550000,87770000,15,12,18,14,29,25
AT3G09840,3721300,2873900,7944000,45408000,17641000,13606000,8,6,18,30,22,24
AT1G23310,20706000,18715000,20948000,47514000,35095000,31833000,11,7,18,29,21,23
AT3G52930,42870000,35348000,47480000,59453000,60085000,63215000,14,16,18,20,21,25
AT5G39280,20907000,13314000,19068000,16221000,24728000,25483000,12,10,18,14,19,12
AT5G11200,9714400,7671500,11291000,12147000,17951000,18898000,14,11,18,13,19,20
AT5G63110,18583000,12531000,15947000,25921000,11111000,20176000,12,9,18,17,6,18
AT1G33960,0,0,0,0,0,0,0,0,18,0,0,0
AT5G36160,141860000,172770000,182700000,207440000,226270000,286430000,23,24,17,26,29,29
AT1G04410,30576000,24518000,28175000,41100000,43310000,41993000,13,17,17,21,23,27
AT5G35630,21652000,16167000,24500000,30541000,39285000,40058000,6,6,17,15,17,12
AT4G25130,61377000,61265000,72587000,90539000,130570000,126140000,14,14,16,10,15,15
AT2G32080,113640000,94761000,92437000,134620000,110960000,137110000,14,15,16,17,14,14
AT5G06600,327590,0,8089200,105190000,1411200,4247400,3,0,16,68,7,11
AT5G60100,92677000,133200000,148220000,91734000,53156000,195700000,22,27,16,17,7,32
AT4G09000,15906000,15362000,21649000,26738000,32500000,29878000,15,15,15,19,28,16
AT1G07890,84792000,78531000,111200000,112550000,167270000,127280000,26,21,15,22,26,25
AT1G60710,28250000,40968000,63383000,46987000,78327000,70798000,10,13,15,13,22,25
AT3G49010,194400000,196000000,252850000,252370000,292930000,342240000,22,16,15,22,19,15
AT3G13930,12925000,13167000,18457000,22883000,26456000,23104000,9,13,15,13,17,12
AT3G26650,9998700,7283000,16065000,27943000,38741000,19703000,10,10,15,16,16,12
AT5G06850,17601000,16487000,21955000,22676000,18601000,30053000,15,12,15,11,12,15
AT1G08520,7448400,7838100,10701000,13939000,3776200,15123000,10,16,15,22,7,22
AT4G23670,93498000,68494000,92524000,83803000,241780000,159340000,16,17,14,12,29,19
AT5G49460,3053800,3599600,14025000,13569000,35178000,23178000,4,6,14,17,21,16
AT1G67090,60685000,80668000,84711000,145780000,188390000,135310000,20,12,14,18,19,16
AT3G09200,106010000,93804000,112250000,142480000,142050000,191500000,7,11,14,15,18,20
AT1G14320,59994000,59228000,78520000,104360000,84781000,138550000,19,13,14,16,17,20
AT3G53020,39207000,33821000,46302000,53875000,39438000,72951000,10,13,14,14,16,19
AT4G21280,42896000,47357000,47085000,56916000,82991000,54344000,13,14,14,14,13,15
AT3G01500,24289000,25609000,34017000,48547000,92877000,50946000,13,10,13,15,29,18
AT1G09340,10635000,8038600,12446000,16451000,21658000,16964000,11,7,13,12,27,18
AT2G36880,16894000,16298000,28211000,36811000,52015000,37231000,8,9,13,18,21,17
AT4G16155,28867000,24283000,19744000,22447000,29725000,29044000,13,13,13,15,21,23
AT1G26630,96714000,104610000,101730000,193860000,134860000,148120000,15,6,13,12,21,12
AT4G12960,50532000,59430000,71832000,96905000,103370000,88025000,13,12,13,12,17,15
AT5G20010,18024000,17091000,26695000,42457000,34206000,40698000,6,10,13,16,16,14
AT3G05530,4655700,4410900,15992000,88396000,16133000,19175000,6,4,13,50,14,15
AT2G34480,34511000,37872000,58400000,48421000,66713000,74764000,10,4,13,8,12,11
AT1G02780,82520000,68548000,85502000,104110000,91709000,117070000,8,7,13,11,10,7
AT2G38040,744480,630190,8133600,25105000,3895900,11965000,3,2,13,23,9,18
AT5G60790,4406500,6043100,12426000,45722000,11233000,18561000,3,3,13,24,9,14
AT5G67630,0,0,8552700,145420000,1932800,2792800,1,2,13,44,3,4
AT4G29270,12264000,11482000,13298000,20133000,21427000,16332000,9,13,12,15,23,10
AT5G62790,3724200,5195000,6323000,4115800,12375000,8454400,6,8,12,4,21,13
AT3G03960,1299800,575790,5743100,85037000,13309000,9896600,4,4,12,46,14,21
AT5G19550,2063700,13065000,13387000,12696000,13745000,27888000,5,12,12,10,14,16
AT2G27710,58217000,90209000,122070000,95779000,126660000,138050000,8,8,12,11,14,12
AT1G34430,39853000,39114000,43492000,54928000,49960000,65589000,9,13,12,13,14,14
AT5G10360,14579000,10926000,19031000,18881000,21594000,30656000,8,11,12,12,13,17
AT3G24830,31020000,24781000,32980000,30374000,33571000,54906000,11,10,12,11,13,15
ATCG01310,31593000,27416000,43516000,41636000,44165000,74825000,12,12,12,18,13,20
AT3G11630,7538500,10309000,23672000,31314000,38340000,25425000,2,5,12,10,12,9
AT2G40660,12091000,10194000,11042000,14618000,12668000,16899000,12,11,12,16,12,9
AT5G10450,0,14482000,18293000,51084000,33893000,30085000,2,5,12,4,8,5
AT5G56740,3205900,4923800,10926000,13161000,10118000,21366000,5,5,12,13,7,14
AT4G15000,69379000,57010000,62407000,62647000,70560000,101220000,12,7,12,10,7,11
AT5G66190,14856000,16594000,20343000,25448000,41586000,33663000,7,7,11,17,24,12
AT2G36530,27026000,16902000,29110000,38390000,49069000,39008000,15,15,11,20,24,21
AT1G32060,46177000,42908000,63641000,89075000,144800000,97452000,14,7,11,16,21,14
AT5G04140,0,0,8882800,9456900,9375000,8644500,3,1,11,14,19,11
AT3G28500,22733000,28853000,39350000,36820000,51016000,53537000,12,10,11,7,18,17
AT3G11510,20651000,32913000,36899000,101230000,48170000,84011000,8,9,11,13,17,14
AT2G24270,7866800,5369800,9808300,12388000,11933000,12100000,10,5,11,14,16,13
AT4G16720,51093000,52888000,94638000,83065000,100140000,115800000,14,12,11,10,15,18
AT3G49910,62870000,68165000,83971000,86074000,97139000,143900000,10,13,11,10,14,16
AT1G30230,3978100,0,18117000,33643000,27720000,13601000,2,2,11,11,13,7
AT1G70600,40062000,44015000,67864000,81578000,51684000,100710000,7,7,11,14,13,10
AT3G07110,81904000,66717000,110450000,79388000,98760000,155220000,11,14,11,11,13,19
AT3G55280,75715000,83175000,130700000,120210000,159530000,140100000,9,9,11,12,11,11
AT3G26060,35999000,34637000,46674000,43003000,54592000,70430000,10,10,11,12,11,9
AT3G53430,20409000,23222000,29851000,28471000,25747000,41024000,10,10,11,13,10,10
AT4G16143,12760000,11809000,12878000,17947000,7352400,19241000,9,4,11,11,6,14
AT3G13860,0,0,8097900,77713000,285470000,120830000,0,1,10,33,67,49
AT4G13940,19605000,14596000,29579000,42569000,65047000,37185000,9,7,10,20,20,14
AT1G20010,9122000,10751000,19802000,86612000,17421000,29610000,2,5,10,17,5,8
AT3G18190,0,0,4632600,42027000,6357800,5898500,1,1,10,35,15,11
AT5G26360,2111900,7377000,47419000,223640000,48017000,19244000,2,4,10,38,14,9
AT3G20210,14776000,23596000,25132000,57321000,51247000,31637000,8,9,10,15,14,12
AT2G20580,1356700,0,4621200,55650000,7320900,4359600,3,1,10,37,13,12
AT3G04840,19686000,15945000,24072000,33079000,19859000,30168000,5,8,10,12,11,14
AT3G53740,143250000,160960000,169400000,156490000,183370000,225790000,5,6,10,7,11,12
AT2G41840,19854000,16670000,29661000,30604000,26364000,43390000,9,10,10,13,11,18
ATCG00120,2448600,2945600,5087000,15408000,9340100,5351300,3,2,10,15,8,11
AT5G65730,27919000,30321000,33952000,40089000,16610000,58949000,11,14,10,8,4,8
AT1G12910,9221600,13230000,14599000,21831000,0,22852000,5,7,10,7,2,11
AT4G33010,6493500,6488900,10759000,13855000,27218000,16537000,4,6,9,8,22,10
AT2G04030,2246900,0,7256000,16697000,10332000,10616000,5,2,9,25,21,19
AT3G60750,7286800,7837500,11322000,15459000,20849000,16801000,6,11,9,11,18,12
AT1G11860,27077000,37650000,32371000,55472000,69806000,71957000,8,7,9,13,17,17
AT4G10480,8930900,10233000,10105000,7802200,18140000,19081000,9,15,9,9,16,19
AT1G47128,21694000,27241000,67869000,218180000,47384000,62805000,12,11,9,14,15,9
AT3G11830,0,0,9214800,57893000,9129900,5887400,0,0,9,37,14,8
AT5G01410,0,8130700,11778000,18033000,24312000,15469000,3,5,9,8,14,7
AT3G25530,29330000,23355000,29744000,24721000,39760000,41522000,4,6,9,11,14,14
AT1G24020,8560100,9108700,14141000,16265000,20344000,13958000,4,6,9,8,11,7
AT4G24130,8006400,8075100,9472800,14881000,14546000,16377000,4,6,9,7,11,7
AT4G20360,3641600,4464600,6430800,13199000,12175000,9986000,5,4,9,11,11,8
AT5G55070,12190000,13787000,23358000,23544000,27052000,29716000,7,6,9,9,11,16
AT5G16050,0,0,15263000,20100000,23959000,27545000,3,3,9,7,10,7
AT2G44120,4832700,9212900,11024000,12927000,12854000,30610000,5,9,9,11,10,13
AT3G14420,10018000,6815800,15179000,34846000,16081000,17280000,6,5,9,22,10,7
AT1G71220,2333400,3203100,7448500,11741000,6406500,20050000,3,7,9,9,9,11
AT5G19780,17057000,23029000,28072000,91773000,49350000,53333000,5,5,9,13,9,7
AT5G38480,11830000,18957000,22223000,0,32029000,22547000,5,7,9,2,9,8
AT2G27530,21493000,44143000,75667000,89638000,92010000,73893000,14,8,9,6,9,11
AT1G48600,4446100,0,8339000,13622000,13310000,8041600,2,1,9,6,8,6
AT2G41530,8401400,7391700,13455000,11893000,13993000,18753000,5,4,9,6,8,11
AT3G18740,39716000,34237000,40724000,43093000,37176000,56682000,6,7,9,5,8,10
AT5G12250,0,4220800,19810000,139830000,21150000,32624000,1,3,9,18,7,10
AT1G13880,30804000,24077000,17966000,24408000,10999000,30047000,8,19,9,13,7,14
AT5G02790,22245000,24775000,36637000,32544000,35435000,33817000,9,11,9,13,7,10
AT3G16470,13832000,13931000,11224000,10001000,12214000,16664000,10,8,9,9,6,11
AT4G29350,30334000,29416000,33422000,0,27094000,26128000,8,4,9,3,5,5
AT2G23390,9061800,5877300,10888000,16688000,3780400,21864000,8,7,9,14,4,14
AT5G22330,0,0,15186000,216980000,0,10226000,0,0,9,45,2,6
AT4G08390,50895000,69225000,77556000,87971000,191060000,106130000,6,11,8,14,18,15
AT1G09310,24425000,26451000,26272000,25903000,38459000,37158000,8,5,8,7,18,8
AT3G51240,27001000,20906000,38006000,35116000,112400000,50705000,8,3,8,11,18,7
AT5G19510,8910500,15888000,36722000,30417000,54186000,34197000,4,8,8,8,17,11
AT1G69830,4307400,0,9402400,34161000,21038000,14146000,5,0,8,17,17,13
AT3G12780,21160000,16590000,25504000,39269000,36707000,27133000,8,10,8,12,17,11
AT3G20050,0,0,10377000,59769000,11441000,8291400,0,0,8,45,13,7
AT3G45140,0,6858700,8954500,16838000,9825200,20552000,3,6,8,14,10,24
AT4G20890,7000500,10453000,16257000,42596000,17326000,20090000,4,7,8,19,10,8
AT3G25920,14347000,14863000,24732000,20527000,21589000,34627000,6,6,8,9,10,15
AT5G07090,14427000,16365000,15866000,18725000,17492000,32268000,10,7,8,11,10,15
AT1G17100,13515000,8278900,15848000,18631000,24622000,27788000,4,4,8,7,9,7
AT4G18480,7294500,10858000,12434000,16521000,19365000,15105000,4,7,8,6,9,7
AT5G02870,25937000,24343000,37196000,44148000,33168000,57062000,5,9,8,9,9,11
AT1G52030,8639200,10950000,16961000,0,8315300,13504000,4,11,8,3,8,9
AT2G21660,31338000,36381000,39791000,51572000,40626000,72025000,4,5,8,7,8,10
AT3G55440,0,7045400,6759200,8893200,15158000,11772000,1,2,8,9,7,7
AT4G16500,0,18072000,24652000,34121000,28563000,35698000,4,5,8,5,4,5
AT5G02530,57276000,57654000,39622000,36404000,11123000,52605000,12,7,8,6,3,9
AT4G37910,0,0,16294000,55132000,35173000,30160000,0,1,7,29,19,14
AT5G20890,0,0,9115100,172200000,18430000,10706000,2,2,7,48,14,10
AT3G16640,14912000,12321000,24077000,19669000,46245000,14285000,6,4,7,5,14,5
AT3G29360,7666400,4825100,12384000,20520000,17760000,15802000,6,9,7,13,14,15
AT3G10850,0,0,11441000,16974000,27686000,17547000,2,2,7,5,13,4
AT1G57720,10877000,9051400,17971000,23954000,25256000,16566000,4,5,7,9,13,7
AT4G01850,32440000,47482000,50565000,78742000,131930000,95247000,11,8,7,11,12,19
AT1G53240,3373700,4928300,5831100,5767400,14160000,8201700,2,9,7,6,9,6
AT4G29040,0,0,9400000,42604000,10919000,12471000,1,2,7,22,8,7
AT1G07440,0,0,5659400,12818000,10549000,9184200,3,2,7,6,8,6
AT3G29410,19260000,26721000,28260000,32881000,17635000,47376000,6,11,7,8,8,19
AT5G15200,8373700,8770600,12437000,15748000,13417000,18623000,7,4,7,6,8,6
AT3G27850,0,17345000,20702000,20683000,24228000,36392000,1,4,7,6,7,7
AT5G03300,7738000,8996600,9361700,9660000,13996000,15190000,4,5,7,3,7,7
AT5G66570,7491100,6810100,7677000,7417600,16690000,14270000,4,5,7,4,7,9
AT2G43030,17899000,14459000,21753000,23201000,22470000,44332000,6,6,7,8,7,9
AT1G53750,0,0,11780000,54080000,8023000,12122000,2,2,7,31,6,11
AT1G09690,23939000,22324000,33293000,38693000,31894000,75111000,3,2,7,5,5,12
ATCG00790,8863500,0,8990500,19403000,19803000,19360000,3,2,7,3,4,6
AT3G12580,0,0,5203000,63954000,1765900,1457600,0,1,7,16,2,2
AT1G52360,0,0,2761800,8259900,4143400,2972200,1,0,7,8,2,3
AT3G09880,5080600,2222900,4073600,4353900,0,9530600,4,2,7,5,1,10
AT1G31080,0,0,0,0,0,0,6,7,7,7,0,8
AT1G09640,10305000,7223800,14219000,29778000,32854000,18586000,7,7,6,13,18,12
AT2G28790,53192000,49318000,47836000,42005000,79566000,81626000,8,6,6,9,14,10
AT3G46970,0,1872800,3663800,21911000,5882800,7371500,0,2,6,22,13,12
AT5G50920,0,0,4854400,5784200,6599100,5769500,2,0,6,10,12,6
AT5G20290,0,12499000,16666000,12059000,23452000,28467000,3,5,6,4,10,9
AT3G16520,3815800,0,4825100,5232100,5805400,6869400,2,2,6,4,9,8
AT1G69740,24311000,0,33745000,48865000,44887000,42489000,4,1,6,2,9,11
AT4G13400,11416000,6770300,8550600,9113300,12045000,9096100,8,7,6,5,9,6
AT2G47730,5103300,0,10282000,18117000,20463000,6997700,5,2,6,11,8,5
AT5G48300,4162300,3885700,7344600,8208100,12168000,10758000,5,2,6,5,8,6
AT5G60390,30848000,39534000,52109000,164630000,51589000,80136000,9,7,6,19,8,8
AT1G78900,0,2732400,4626200,7852700,5619400,6946900,0,3,6,13,7,9
AT5G19990,0,0,1945800,49219000,6844400,3321100,0,1,6,19,7,6
AT2G19520,8127200,9239900,14804000,23951000,14389000,17290000,3,6,6,11,6,5
AT3G57410,0,0,3234800,4277200,5554300,5715500,1,0,6,7,5,11
AT2G05990,4759500,0,6002100,8545600,9675500,9232400,2,3,6,7,5,9
AT2G27720,0,0,221450000,163260000,225090000,265870000,3,3,6,6,5,4
AT4G24510,7086400,0,7556300,6056400,6244500,5447100,4,0,6,5,5,4
AT1G26880,71162000,65861000,93491000,108000000,92067000,101600000,9,5,6,5,5,6
ATCG00660,14177000,16107000,19153000,22128000,20812000,39475000,5,4,6,5,4,6
AT1G18540,67803000,50314000,61797000,62429000,71250000,116340000,8,3,6,5,4,5
ATCG00750,6108900,0,10816000,14439000,9256000,0,2,2,6,5,2,5
AT3G23450,44601000,53289000,38376000,46806000,0,57014000,4,5,6,7,2,5
AT1G62390,0,0,6500300,8518400,0,7580000,1,0,6,6,1,9
AT3G60300,12548000,17577000,15275000,15582000,0,20786000,7,7,6,5,1,9
AT2G33210,0,0,3114000,53634000,298600000,135520000,0,0,5,18,41,30
AT5G09590,0,0,3780000,26078000,17726000,9828400,0,1,5,12,15,14
AT1G68010,9118800,7023300,9695900,17231000,13332000,11375000,10,4,5,14,13,9
AT2G13360,4139800,2130600,4424700,12974000,11099000,4959100,3,2,5,16,12,5
AT1G27090,12619000,14144000,14681000,32430000,26923000,33874000,3,5,5,9,11,10
AT4G26530,8970000,5323500,6661000,8471200,13007000,9796400,6,4,5,10,10,3
AT5G52920,1918900,0,3084500,0,4532100,0,2,0,5,2,9,3
AT3G12110,0,8502200,14721000,35276000,19313000,16409000,3,2,5,8,9,12
AT3G18490,5318300,0,7647100,13666000,11213000,13297000,4,0,5,10,9,4
AT4G38630,11037000,14630000,15735000,53080000,29391000,30194000,4,6,5,10,9,6
AT2G29320,9504600,9836400,12957000,21258000,15630000,17077000,6,5,5,10,9,7
AT2G01520,6899300,8208100,16647000,19601000,30895000,16186000,2,2,5,6,8,7
AT4G13930,5592700,0,6115000,7068600,12077000,7983800,2,1,5,6,8,7
AT2G27860,6558800,4529000,7639300,7013300,9491000,9885100,5,3,5,5,8,8
AT1G59359,17537000,12257000,21595000,23695000,16066000,35314000,7,8,5,6,8,7
AT1G14810,0,0,7233200,8403200,0,8180200,1,4,5,3,7,2
AT1G75270,0,2809500,2913300,3733700,4389900,3360500,2,3,5,4,7,3
AT5G59880,0,0,0,5081100,3610900,0,3,2,5,9,7,2
AT1G29150,0,0,3441700,21680000,5656300,7678400,0,0,5,26,6,9
AT3G18060,0,0,10890000,11693000,7947800,7660800,1,2,5,4,6,4
AT4G24820,0,0,6220900,13167000,6686500,7260300,1,1,5,8,6,5
AT5G49910,5494900,4754100,6290600,46508000,6937700,0,2,3,5,21,6,8
AT5G46290,10520000,7721000,11483000,21464000,8172500,14569000,3,5,5,12,6,5
AT4G05180,4594900,5727400,5259000,6368100,10752000,9380300,5,5,5,5,6,7
AT2G38540,32762000,39301000,30547000,51526000,47003000,67788000,9,4,5,4,6,6
AT5G40370,1978000,0,3319400,0,3760400,4001600,1,2,5,2,5,6
AT1G65450,5408900,0,3552300,0,5494700,7500400,2,1,5,3,5,10
AT2G32730,3914800,0,3800200,26528000,8231900,6759600,2,2,5,11,5,9
AT5G58290,1768900,1213700,4663700,42826000,4757000,6362200,3,2,5,22,5,9
AT3G22230,21851000,20097000,25772000,19407000,22584000,28032000,4,2,5,3,5,2
AT3G53750,18190000,20133000,21945000,62389000,30249000,36842000,6,7,5,12,5,14
AT4G39260,14541000,12707000,21113000,30712000,24984000,37381000,6,4,5,5,5,5
AT3G02110,4089500,4512000,5480900,9301900,6810600,7871200,2,3,5,7,4,8
AT5G24770,0,0,46322000,58639000,50719000,68699000,2,2,5,7,4,6
AT1G04645,0,0,0,0,0,0,0,2,5,2,3,2
AT1G78380,0,0,2301100,0,6128600,0,0,0,5,3,3,2
AT3G06650,0,0,9722600,12083000,11217000,12311000,1,0,5,2,3,6
AT4G00100,0,4279900,3665500,0,3613000,13656000,1,6,5,3,3,10
AT5G43960,7839100,10441000,7560600,10030000,0,14370000,2,2,5,2,2,7
AT1G07660,0,11000000,15924000,24195000,0,19507000,1,7,5,3,1,3
AT1G76290,0,0,1526400,84769000,0,0,0,0,5,43,0,0
AT2G46280,0,0,7044000,29409000,13458000,11915000,1,2,4,12,12,10
AT3G06580,0,0,3870900,2949100,11244000,6418400,2,0,4,3,12,4
AT2G44350,0,1955800,2256800,3159200,6376800,3603900,4,3,4,6,12,8
AT1G22300,11945000,12676000,22635000,35202000,30777000,23161000,5,10,4,10,12,10
AT2G47510,0,5487800,4296600,5387600,8881700,12601000,1,8,4,7,10,7
AT2G01140,20107000,9482500,17899000,16400000,21440000,0,8,3,4,8,10,5
AT5G35360,0,0,3250100,0,5010800,4128600,2,1,4,3,9,6
AT5G09660,5386600,3558500,4717600,11762000,15098000,6987200,3,4,4,5,9,5
AT4G11010,0,6798500,11631000,11000000,16530000,11439000,1,5,4,4,8,5
AT1G78300,0,0,18723000,15674000,22088000,21154000,3,2,4,8,8,4
AT1G20630,8085600,7301200,0,7521500,11135000,11505000,4,6,4,5,8,6
AT2G42500,0,0,4534200,14702000,5365800,4613000,1,2,4,19,7,7
AT3G09500,13616000,19241000,20702000,22584000,27526000,47076000,3,5,4,4,7,7
AT2G27040,1982400,0,3719600,0,5522500,5957200,4,1,4,12,7,8
AT3G16080,0,107640000,46904000,82769000,39074000,72034000,1,3,4,2,6,7
AT3G02530,0,0,6855000,61285000,9853300,7986400,2,1,4,29,6,7
AT5G44340,0,0,47925000,84478000,35344000,41242000,2,0,4,7,6,4
AT2G33150,3063000,0,4573800,9301200,6369100,8429300,3,1,4,6,6,7
AT3G60370,0,3876600,4150600,5309700,5416500,7055900,3,5,4,3,6,5
AT4G39660,10322000,15551000,13251000,82766000,26268000,20927000,5,5,4,3,6,5
AT5G59310,22989000,0,31137000,30772000,36044000,31964000,5,3,4,5,6,8
AT3G53110,0,0,3295500,0,4459400,0,0,0,4,5,5,3
AT1G79930,0,0,5669700,19004000,8235300,7598200,1,2,4,15,5,6
AT3G22960,0,2730600,2758700,0,5155000,5258700,1,2,4,5,5,6
AT3G57610,0,0,0,2784900,3078500,3851900,2,0,4,4,5,5
AT5G11520,2134600,3800700,4863800,5887600,6929000,9454900,5,3,4,7,5,11
AT2G19760,0,0,0,0,0,0,1,4,4,4,4,2
AT2G44060,0,8443600,9663900,9190100,10163000,10798000,1,6,4,9,4,4
AT5G10920,0,0,0,0,2863600,3256800,2,0,4,3,4,4
AT5G14670,10290000,9943400,21076000,20929000,9719900,18495000,3,2,4,5,4,8
AT2G47610,35619000,25138000,34741000,48785000,38743000,55835000,3,6,4,6,4,5
AT3G09980,0,16217000,0,0,21199000,20793000,3,5,4,4,4,7
AT2G21330,8617900,10817000,9313400,12414000,29089000,28088000,4,2,4,6,4,7
AT5G09730,0,0,0,0,0,0,4,0,4,0,4,4
AT5G57290,0,0,48900000,40136000,0,84827000,4,2,4,4,4,1
AT1G01090,6443300,0,7377300,5831000,7881100,10556000,5,2,4,3,4,8
AT2G38580,0,8261800,10731000,10996000,10825000,12561000,5,6,4,7,4,10
AT1G60420,0,0,671660,14337000,0,0,0,0,4,14,3,1
AT1G79690,0,0,0,0,0,0,0,0,4,1,3,3
AT4G38680,0,0,0,42710000,0,55814000,1,3,4,5,3,4
AT5G03650,0,0,512740000,1610900000,0,2018800000,1,1,4,3,3,4
AT4G34670,11550000,0,14772000,15253000,11923000,16115000,2,1,4,3,3,6
AT1G01730,0,0,11455000,36262000,2409400,0,0,0,4,11,2,0
AT4G31490,0,0,0,0,5868100,5748500,0,0,4,15,2,3
AT1G12900,0,0,6876400,0,20931000,8596500,1,1,4,3,2,3
AT1G16800,0,0,0,0,0,0,1,2,4,3,2,4
AT3G25520,0,0,0,0,0,0,1,0,4,1,2,4
AT1G32990,0,3150100,3547000,0,0,7985900,2,2,4,1,2,7
AT1G54270,0,0,12954000,0,7079200,18550000,3,1,4,4,2,3
AT1G62380,0,0,9264400,18846000,0,0,3,1,4,3,2,0
AT1G12310,0,0,4348300,13435000,0,0,0,0,4,6,1,1
AT4G39520,0,0,3165200,4553300,0,3791200,0,0,4,6,1,4
AT5G43990,0,0,0,0,0,0,0,2,4,2,1,2
AT3G08530,6266300,4533200,7681400,18797000,0,15399000,2,3,4,10,1,7
AT3G29350,0,0,5236900,5308300,0,0,2,1,4,3,1,2
AT5G18400,0,0,0,0,0,0,2,1,4,2,1,2
AT5G59160,1863600,0,0,7812000,0,0,2,1,4,7,1,2
AT3G03260,0,0,2357600,106850000,0,846810,0,0,4,36,0,3
AT3G44110,0,0,25090000,443130000,0,16398000,0,0,4,13,0,3
AT5G52040,0,0,0,0,0,0,0,1,4,0,0,1
AT1G29250,0,16625000,18016000,12753000,0,35059000,5,6,4,4,0,10
AT1G77510,0,0,1667900,0,20194000,9358900,0,0,3,0,19,6
AT3G57560,0,7435000,12940000,18331000,21092000,13446000,2,4,3,7,11,12
AT1G80480,0,5034100,6342800,11166000,8945600,9987300,1,7,3,7,10,3
AT3G63140,0,5731700,7190800,6207000,19764000,11359000,1,3,3,2,9,3
AT5G08690,0,0,3089000,5426200,8275400,7307500,1,1,3,9,9,6
AT5G13930,3469300,0,0,6885100,18015000,4850800,4,0,3,3,9,3
ATCG00380,12241000,13713000,26825000,28445000,28471000,46211000,8,7,3,6,9,15
AT3G55120,3532700,3355000,5103200,4035300,8694700,5943100,3,4,3,2,8,9
AT1G12840,6739100,0,9000400,15202000,5790000,7276000,4,2,3,8,8,5
AT5G20830,0,0,3836800,0,4974300,0,0,1,3,5,7,2
AT5G08280,0,0,4944200,0,6919100,5260600,2,4,3,1,7,3
ATCG00480,0,0,0,20444000,10674000,0,2,2,3,6,7,2
AT2G01250,8493400,5939100,0,10222000,15807000,19722000,4,3,3,2,7,7
AT3G59970,6602000,0,6401400,9069900,6621300,7056400,4,0,3,9,7,9
AT1G54220,0,0,4734400,5699000,5471100,5039500,1,1,3,4,6,4
AT1G73600,0,1867200,3276900,3362100,2764200,3278200,1,2,3,4,6,5
AT1G11840,0,5441600,7021400,0,6715500,5513600,2,3,3,1,6,2
AT2G16780,0,3906300,5508200,6684600,5977100,8563700,2,2,3,4,6,5
AT1G52410,5415000,0,6241800,12606000,8630700,17263000,3,0,3,7,6,12
AT2G28190,0,6892000,7560100,0,15468000,20871000,3,5,3,2,6,10
AT5G07470,0,0,0,11304000,26042000,18814000,3,2,3,6,6,7
AT1G47710,0,0,9308400,0,9689600,8150400,2,1,3,2,5,5
AT2G16600,0,0,7037500,0,7860400,9349900,2,1,3,2,5,6
AT5G23540,0,0,0,13365000,5187100,6216700,2,1,3,10,5,5
AT3G58140,0,5565900,0,8532600,11187000,12793000,5,4,3,7,5,7
AT1G50010,0,0,0,0,0,0,0,0,3,3,4,5
AT2G38230,0,0,9028700,10608000,0,0,0,1,3,3,4,2
AT1G04270,0,0,0,30913000,18930000,21972000,1,2,3,4,4,6
AT4G14710,0,3187500,0,0,6802600,0,1,4,3,5,4,3
AT5G43060,0,0,12524000,23407000,10271000,10313000,1,1,3,7,4,4
AT1G17880,0,12885000,14172000,14511000,16235000,26311000,2,5,3,4,4,6
AT2G42590,0,0,0,0,21031000,13606000,2,1,3,2,4,6
AT5G14740,5112100,3266100,5333800,6758800,10776000,5720100,3,3,3,5,4,6
AT5G35680,0,0,14128000,0,19528000,29802000,4,1,3,1,4,4
AT5G23900,20504000,8167000,17536000,14262000,13515000,19992000,4,2,3,3,4,3
AT2G30810,32765000,24133000,43952000,26639000,73863000,46858000,6,5,3,7,4,4
AT2G21390,0,0,1266200,45166000,736830,4232600,0,0,3,27,3,6
AT1G62640,0,0,2659200,4934600,0,4149100,1,2,3,6,3,4
AT3G51000,0,0,6853600,6197400,4501300,0,1,1,3,6,3,1
AT3G52180,0,0,0,0,0,0,1,1,3,0,3,1
AT4G34360,0,0,16997000,24787000,15542000,25442000,1,2,3,6,3,2
AT3G53990,0,0,3238500,0,3669200,5998600,2,1,3,2,3,5
AT4G04740,0,0,0,0,0,0,2,0,3,1,3,3
AT5G09900,4131900,0,5871300,32786000,7865300,12629000,2,0,3,9,3,6
AT5G08640,2341300,0,2590600,3016800,4069000,4240900,3,1,3,2,3,6
AT2G38270,0,0,2715500,6268900,0,2879900,0,1,3,6,2,3
AT4G09010,0,0,0,0,0,0,0,1,3,2,2,6
AT5G46180,0,0,0,0,0,0,0,0,3,0,2,3
AT2G06850,0,0,3012200,0,0,3882900,1,1,3,6,2,2
AT2G39390,0,0,0,0,0,0,1,1,3,2,2,2
AT3G22200,0,0,3549200,3710400,4528400,0,1,0,3,4,2,4
AT3G04920,7350900,7892700,5567800,0,0,12771000,3,4,3,3,2,3
AT3G44620,0,0,0,0,0,0,0,0,3,0,1,1
AT4G26390,0,0,6419900,22813000,0,0,0,0,3,5,1,0
AT1G80410,0,0,0,0,0,0,1,0,3,3,1,3
AT4G14880,0,0,0,0,0,0,1,0,3,1,1,1
AT1G52040,0,4175000,0,0,0,4718100,3,4,3,0,1,6
AT5G48760,7695000,0,8718000,0,0,0,6,2,3,2,1,2
AT1G06410,0,0,0,0,0,0,0,0,3,14,0,3
AT4G15020,0,0,0,0,0,0,0,2,3,1,0,2
AT4G23460,0,0,0,0,0,0,0,0,3,14,0,0
AT5G44020,0,0,0,0,0,0,0,0,3,0,0,2
AT5G63420,0,0,0,0,0,0,0,0,3,0,0,3
AT3G03530,0,0,0,0,0,0,1,1,3,2,0,3
AT3G46000,0,0,2417000,4844900,0,3110400,1,0,3,2,0,2
AT3G63460,0,0,2412100,0,0,6166900,1,1,3,8,0,3
AT1G02930,0,0,5678800,8329700,32903000,5752300,2,2,2,8,15,3
AT2G19570,0,0,3378000,6469700,17735000,5868000,2,1,2,6,13,6
AT3G03250,4711600,0,3110100,10148000,10571000,7488300,3,2,2,7,11,7
AT1G76180,0,0,40748000,0,135790000,65523000,2,3,2,0,10,4
AT4G09320,0,0,8761300,0,23375000,21299000,2,1,2,1,10,5
AT1G04690,6192400,0,0,6370000,10104000,6540400,2,1,2,4,9,5
AT2G04842,0,0,0,5303800,3520600,2853200,0,0,2,11,8,7
AT2G24200,0,0,0,0,0,0,0,0,2,0,8,1
AT4G34200,0,0,0,0,0,0,0,1,2,0,8,1
AT5G09650,0,0,0,0,17634000,11569000,2,4,2,3,8,3
AT2G17420,0,0,2855900,0,5602500,3157900,1,1,2,0,7,3
AT5G59290,0,0,4267400,7374000,5528900,4054600,1,1,2,6,7,3
AT5G20720,0,5047400,8275500,9562200,22823000,10896000,2,6,2,3,7,3
AT5G24400,4114500,3997100,3761700,3822100,8946100,7539500,3,4,2,2,7,4
AT1G76030,0,0,0,0,0,0,0,0,2,9,6,3
AT2G40490,0,0,0,0,6017600,3911800,0,1,2,3,6,7
AT5G04740,0,0,0,0,3553200,2738400,0,3,2,2,6,4
AT1G45150,0,0,0,0,0,0,1,0,2,6,6,4
AT4G36130,0,0,0,37267000,27055000,0,2,4,2,3,6,6
AT5G14240,5357000,8690500,9994300,11584000,11108000,19709000,4,8,2,8,6,7
AT5G15650,6470900,0,5356500,7019100,8202100,9289200,4,2,2,7,6,7
AT1G10670,0,0,0,5553400,6206600,5951000,0,0,2,5,5,5
AT1G48030,0,0,0,0,0,0,0,0,2,2,5,1
AT2G47940,0,0,0,7327800,7221800,9441600,0,1,2,4,5,7
AT3G02760,0,0,0,7841900,4227200,6641000,0,0,2,3,5,4
AT3G52990,0,0,0,0,4915000,3632600,0,1,2,1,5,3
AT4G29060,0,0,0,0,4254700,4187400,0,0,2,0,5,2
AT1G19570,0,0,0,0,8817300,5997900,1,1,2,2,5,5
AT1G79550,0,0,0,3165600,4457700,0,1,1,2,2,5,2
AT2G24940,0,0,0,9601200,26081000,19474000,1,2,2,3,5,3
AT1G09620,3319900,0,0,5457600,2756500,3231100,2,0,2,4,5,6
AT1G35680,25480000,0,0,39024000,33181000,63474000,2,2,2,2,5,6
AT1G70830,3481300,5229900,9898900,11625000,12363000,11315000,2,4,2,5,5,8
AT1G17290,2164600,0,0,0,2546600,0,3,1,2,0,5,2
AT1G56100,4061000,0,9680800,0,16613000,0,3,0,2,3,5,3
AT1G55490,24578000,21923000,32979000,104470000,54284000,45605000,4,5,2,12,5,4
AT4G12890,6793300,5388300,0,0,8629900,7679600,5,3,2,1,5,3
AT1G72150,0,0,0,0,0,0,0,0,2,5,4,1
AT1G73380,0,0,9860900,0,6268400,12015000,0,3,2,4,4,4
AT2G36390,0,0,2800400,0,2565800,2906100,0,0,2,0,4,3
AT5G63890,0,0,0,0,0,0,0,0,2,2,4,0
AT3G12490,0,0,0,28586000,35904000,37347000,1,1,2,6,4,3
AT3G62730,0,0,2831500,0,3512900,2625800,1,1,2,1,4,2
AT1G12050,0,0,0,0,6073000,6861200,2,1,2,1,4,2
AT5G37780,0,0,6455700,8557600,18760000,9012700,2,2,2,3,4,4
AT1G78630,33871000,35778000,0,49260000,48770000,65867000,2,3,2,7,4,9
AT3G56490,4464700,6231300,5036500,0,11679000,0,2,3,2,2,4,3
ATMG01190,0,0,2357600,0,4053400,0,0,0,2,2,3,1
AT4G09020,0,0,3775100,0,0,3393100,0,0,2,1,3,2
AT4G34215,0,0,0,0,0,0,0,0,2,0,3,2
AT5G48230,0,0,0,0,0,0,0,2,2,1,3,1
AT5G55230,0,0,0,0,0,0,0,0,2,1,3,2
AT3G04790,0,0,2810600,3616200,0,0,1,1,2,3,3,1
AT3G08770,0,0,6523900,0,13191000,8772100,1,1,2,1,3,2
AT5G02960,0,0,0,0,0,0,1,1,2,2,3,3
AT3G47520,0,0,2101900,5363600,5683400,3457200,1,2,2,3,3,4
AT3G54050,0,0,0,3938000,6469700,3927500,1,1,2,6,3,4
AT3G18000,0,0,0,0,0,0,0,0,2,0,0,0
AT5G56980,0,0,0,0,0,0,0,0,2,1,3,0
AT3G57890,0,0,2188700,4120200,2697600,3802900,1,0,2,4,3,3
AT1G35160,0,0,15504000,0,14244000,19455000,2,2,2,3,3,4
AT1G63055,0,0,0,0,0,0,2,1,2,2,3,2
AT1G72290,12286000,0,19774000,0,16319000,15863000,2,4,2,0,3,2
AT5G03850,0,0,0,0,0,0,2,2,2,1,3,2
AT5G13510,7477300,7800800,7294000,6758300,6273100,19733000,2,4,2,3,3,9
AT5G28060,0,0,0,0,0,0,2,0,2,0,3,1
AT3G49680,0,0,0,0,0,0,3,1,2,1,3,3
AT2G34420,0,0,0,0,0,0,0,0,2,1,2,0
AT1G71840,0,0,0,0,0,0,0,1,2,1,2,0
AT4G15735,0,0,0,0,0,0,0,2,2,3,2,2
AT4G21620,0,0,0,0,0,0,0,1,2,1,2,2
AT4G21860,0,0,0,0,0,0,0,0,2,0,2,1
AT4G27440,0,0,3841100,0,3267900,0,0,0,2,1,2,1
AT5G37850,0,0,0,0,0,0,0,0,2,1,2,4
AT5G58230,0,0,3427700,0,0,5094700,0,1,2,7,2,2
AT4G39200,0,0,4348300,0,3935000,3995200,1,1,2,2,2,2
AT3G02730,0,0,0,0,0,0,1,0,2,1,2,0
AT4G32940,0,0,0,0,0,0,1,3,2,4,2,4
AT5G46430,0,0,0,0,0,0,1,1,2,2,2,4
AT3G06720,5735400,0,6124200,0,0,9779500,2,1,2,2,2,6
AT5G65750,0,0,4205100,0,4118600,0,2,1,2,2,2,2
AT1G78150,0,0,0,0,0,0,0,0,2,0,1,1
AT1G75950,0,0,0,0,0,0,0,0,2,3,1,0
AT2G33800,0,0,0,0,0,0,0,0,2,0,1,2
AT3G02230,0,0,0,0,0,0,0,2,2,1,1,0
AT3G02260,0,0,0,6738100,0,999910,0,0,2,19,1,4
AT5G28030,0,0,0,0,0,0,0,1,2,1,1,2
AT3G28270,0,0,0,0,0,0,0,0,2,0,1,1
AT1G65090,0,0,0,0,0,0,1,0,2,1,1,1
AT3G47650,0,0,0,0,0,0,0,1,2,0,1,2
AT4G30530,0,0,0,0,0,0,0,0,2,0,1,1
AT4G36810,0,0,0,0,0,0,0,0,2,1,1,1
AT5G08590,0,0,0,0,0,0,0,0,2,2,1,3
AT5G39260,0,0,0,0,0,0,0,0,2,1,1,1
AT5G56000,0,0,0,0,0,0,0,0,2,4,1,0
AT5G56010,0,0,0,0,0,0,0,0,2,8,1,1
ATCG00770,0,0,0,21265000,0,11103000,0,0,2,6,1,2
AT2G34590,0,0,0,0,0,0,1,1,2,1,1,2
AT1G59900,0,0,0,0,0,0,1,0,2,1,1,1
AT2G04690,0,0,0,0,0,0,1,2,2,0,1,0
AT3G16780,0,0,0,0,0,0,1,2,2,0,1,1
AT3G18580,0,0,991860,0,0,1744500,1,1,2,0,1,2
AT2G03680,0,0,0,0,0,0,2,2,2,5,1,3
AT5G40020,0,0,0,0,0,0,2,2,2,2,1,3
AT4G17830,0,0,0,0,0,0,3,1,2,4,1,1
AT5G22440,0,0,0,0,0,0,3,1,2,0,1,2
AT1G02980,0,0,0,0,0,0,0,0,2,39,0,1
AT1G12270,0,0,865050,37403000,0,0,0,0,2,27,0,0
AT1G29370,0,0,0,0,0,0,0,0,2,2,0,2
AT1G74670,0,0,0,0,0,0,0,1,2,3,0,1
AT3G20030,0,0,0,0,0,0,0,0,2,12,0,0
AT3G26520,0,0,0,0,0,0,0,1,2,1,0,0
AT3G45190,0,0,0,0,0,0,0,0,2,9,0,1
AT3G45970,0,0,0,0,0,0,0,2,2,0,0,1
AT4G10840,0,0,0,0,0,0,0,0,2,2,0,1
AT4G21710,0,0,651480,26684000,0,0,0,0,2,33,0,0
AT4G22430,0,0,0,0,0,0,0,0,2,4,0,0
AT5G24165,0,0,0,0,0,0,0,0,2,0,0,1
AT5G54920,0,0,0,0,0,0,0,0,2,0,0,2
AT5G54640,0,0,0,0,0,0,1,3,2,1,0,1
AT1G16150,0,0,0,0,0,0,1,0,2,0,0,1
AT1G64040,0,0,2366500,0,0,2675800,1,0,2,1,0,3
AT1G66580,0,0,100550000,93075000,0,164250000,1,0,2,3,0,2
AT1G70580,0,0,0,0,0,0,1,1,2,1,0,1
AT3G22720,0,0,0,0,0,0,1,2,2,5,0,5
AT1G76010,0,0,10244000,0,0,24437000,2,0,2,3,0,4
AT1G32730,0,0,0,0,0,0,4,3,2,1,1,1
AT2G27100,0,0,0,0,0,0,4,1,2,0,0,10
AT1G80490,0,0,0,5449000,27452000,67331000,1,0,1,9,33,49
AT3G22110,0,0,0,28963000,10558000,6969700,0,2,1,9,8,3
AT5G57655,0,0,0,0,6587800,3776200,1,0,1,1,8,7
AT1G35310,0,0,0,0,26142000,17863000,0,0,1,1,7,4
AT5G07440,0,0,0,5599700,7061500,6245400,0,0,1,6,7,7
AT5G52810,0,0,0,0,0,0,0,0,1,1,7,0
AT5G55220,0,0,0,0,0,0,0,1,1,4,7,3
AT4G39330,0,0,0,0,0,0,1,0,1,1,7,2
AT5G50850,0,0,0,4932700,7169400,4527100,1,0,1,5,7,3
AT4G13430,2145000,2269300,0,0,7753800,3952400,3,3,1,3,7,3
AT5G67360,2645100,0,3344100,4013700,4761100,5313400,3,1,1,6,7,4
AT1G30580,0,0,0,4108500,2884300,3108200,0,0,1,3,6,3
AT1G62750,0,0,0,0,0,0,0,1,1,0,6,2
AT1G64980,0,0,0,0,2879300,3333900,0,2,1,0,6,6
AT2G05710,0,0,0,0,6760000,5169700,0,0,1,0,6,6
AT3G07720,0,0,0,0,0,0,0,0,1,1,6,0
AT4G11820,0,0,0,0,0,0,0,0,1,0,6,1
AT4G22880,0,0,0,0,0,0,0,0,1,0,6,0
AT4G34870,0,0,0,0,7683500,5603400,1,2,1,2,6,3
AT1G56340,0,0,0,0,10655000,4334500,2,0,1,2,6,6
AT1G16350,0,0,0,0,0,0,4,0,1,2,6,2
AT2G37220,0,0,0,0,4839600,4609100,0,0,1,2,5,4
AT3G58610,0,0,0,0,0,0,0,0,1,2,5,1
AT4G28730,0,0,0,0,4543800,5503400,0,2,1,3,5,3
AT5G52820,0,0,0,0,0,0,0,0,1,0,5,2
AT1G48860,0,1944100,0,4270700,4273000,2674300,1,2,1,4,5,3
AT2G43090,0,0,0,0,0,0,1,1,1,1,5,2
AT4G14030,0,0,0,0,0,0,1,0,1,0,5,2
AT4G37930,0,0,0,4920200,5204400,0,1,0,1,5,5,2
AT1G02500,10202000,7454100,0,0,0,0,2,2,1,2,5,2
AT1G23820,0,0,4831500,0,4968100,3493200,2,0,1,1,5,5
AT3G48730,4143300,0,4185000,4768400,10706000,9119000,4,1,1,5,5,5
AT2G10940,0,0,0,0,0,0,0,0,1,4,4,2
AT2G45220,0,0,0,0,0,0,0,0,1,0,4,2
AT4G29010,0,0,0,2470000,2409500,0,0,0,1,5,4,3
AT5G42980,0,0,0,0,0,0,0,2,1,2,4,3
AT5G58490,0,0,0,0,0,0,0,1,1,2,4,1
AT5G61410,0,0,0,5726500,13439000,6985300,0,1,1,4,4,2
AT2G02850,0,0,0,0,0,0,1,2,1,0,4,2
AT2G29310,0,0,0,0,0,0,1,0,1,1,4,1
AT3G10740,0,0,0,0,6545700,9593900,1,1,1,2,4,5
AT5G58330,0,0,0,0,4775100,4643600,1,2,1,2,4,4
AT3G14040,0,0,0,0,0,0,2,1,1,0,4,3
AT3G54210,5917300,5821300,0,10720000,9475800,14442000,2,5,1,3,4,4
AT5G38430,0,0,0,36731000,43390000,0,2,2,1,4,4,3
AT1G06680,0,0,0,8692900,16238000,8987100,0,2,1,2,3,2
AT1G17745,0,0,0,0,0,0,0,0,1,0,3,0
AT1G18080,0,0,0,0,0,0,0,0,1,1,3,2
AT1G29900,0,0,0,0,0,0,0,0,1,1,3,3
AT1G64520,0,0,0,0,0,0,0,1,1,3,3,0
AT1G74960,0,0,0,0,0,0,0,0,1,4,3,4
AT2G21060,0,0,0,0,4278900,8457200,0,3,1,2,3,7
AT2G42810,0,0,0,0,0,0,0,0,1,15,3,0
AT3G03780,0,0,0,0,0,0,0,0,1,1,3,1
AT3G06050,0,0,0,0,7791100,4921100,0,1,1,1,3,2
AT3G17820,0,0,0,0,0,0,0,1,1,1,3,1
AT3G21110,0,0,0,0,0,0,0,0,1,1,3,0
AT3G48690,0,0,0,0,0,0,0,0,1,1,3,1
AT3G52960,0,0,0,0,0,0,0,0,1,0,3,1
AT4G19810,0,0,0,0,2359400,2884400,0,0,1,0,3,4
AT5G04360,0,0,0,0,0,0,0,0,1,0,3,0
AT5G13650,0,0,0,0,4768700,6172100,0,1,1,0,3,7
AT5G16440,0,0,0,0,4153500,4049000,0,0,1,0,3,3
AT5G19370,0,0,0,0,0,0,0,0,1,11,3,1
AT5G34850,0,0,0,0,9526900,8745800,0,0,1,2,3,9
AT1G36160,0,0,0,0,0,0,1,0,1,2,3,6
AT1G79340,0,0,0,15089000,9051900,0,1,2,1,4,3,4
AT3G14310,0,0,0,0,0,0,1,2,1,2,3,2
AT3G22890,0,0,0,0,0,0,1,2,1,2,3,2
AT4G11290,0,0,0,0,0,0,1,3,1,1,3,2
AT4G14570,0,0,0,0,0,0,1,0,1,2,3,7
AT5G22580,0,19102000,0,0,30608000,20866000,1,5,1,1,3,4
AT1G01100,0,0,0,0,0,0,0,0,1,0,2,1
AT1G13607,0,0,0,0,0,0,0,0,1,3,2,2
AT1G18500,0,0,0,0,0,0,0,0,1,2,2,1
AT1G20200,0,0,0,14182000,6513600,8406600,0,0,1,12,2,5
AT1G24510,0,0,0,0,0,0,0,2,1,33,2,1
AT1G48050,0,0,0,0,0,0,0,0,1,0,2,2
AT1G52730,0,0,0,0,0,0,0,0,1,0,2,2
AT1G54410,0,0,0,0,0,0,0,0,1,1,2,1
AT1G56190,0,0,0,0,0,0,0,0,1,1,2,2
AT2G18040,0,0,0,0,3721100,4236400,0,0,1,1,2,3
AT2G27680,0,0,0,0,0,0,0,0,1,1,2,1
AT2G39080,0,0,0,0,5155500,3576200,0,0,1,1,2,2
AT2G43510,0,0,0,0,0,0,0,1,1,0,2,2
AT3G02520,0,0,0,0,0,0,0,1,1,2,2,1
AT3G14520,0,0,0,0,0,0,0,1,1,2,2,2
AT3G18000,0,0,0,0,0,0,0,0,1,3,2,0
AT3G20790,0,0,0,0,0,0,0,0,1,0,2,0
AT3G21750,0,0,0,0,0,0,0,0,1,1,2,2
AT3G48420,0,0,0,0,0,0,0,1,1,2,2,2
AT3G48560,0,0,0,0,0,0,0,0,1,2,2,3
AT3G48930,0,0,0,0,0,0,0,0,1,0,2,5
AT5G15490,0,0,0,3315300,2946000,3602800,0,0,1,3,2,3
AT5G27450,0,0,0,0,0,0,0,0,1,0,2,0
AT5G36210,0,0,0,0,0,0,0,0,1,0,2,1
AT5G47770,0,0,0,0,0,0,0,0,1,0,2,0
AT5G49650,0,0,0,0,0,0,0,0,1,1,2,1
AT5G56500,0,0,0,30659000,2960800,0,0,0,1,13,2,0
AT5G57850,0,0,0,0,0,0,0,0,1,0,2,0
AT5G59890,0,0,0,7270700,4425400,5866300,0,1,1,4,2,5
ATCG00780,0,0,0,11777000,0,7771100,0,1,1,5,2,3
ATCG00810,0,0,0,0,0,0,0,0,1,1,2,3
AT1G12230,0,2325300,0,0,4063500,3832700,1,4,1,2,2,3
AT5G54760,0,0,0,0,0,0,1,1,1,1,2,1
AT5G56600,0,0,0,0,0,0,1,1,1,0,2,2
AT2G30050,0,0,0,0,0,0,1,1,1,5,2,2
AT2G31610,0,0,0,0,0,0,1,1,1,5,2,1
AT2G36160,0,0,0,0,0,0,1,1,1,4,2,1
AT2G36460,0,0,0,0,0,0,1,1,1,8,2,2
AT2G40060,0,0,0,0,0,0,1,1,1,2,2,2
AT2G47010,0,0,0,0,0,0,1,0,1,0,2,1
AT3G52200,0,0,0,0,0,0,1,2,1,3,2,3
AT4G29510,0,0,0,0,0,0,1,0,1,0,2,1
AT5G05780,0,0,0,17378000,7962500,0,1,0,1,10,2,1
AT5G13520,0,0,0,0,0,0,1,1,1,1,2,2
AT5G28050,0,0,0,16731000,34761000,0,1,4,1,8,2,1
AT5G43010,0,0,0,33724000,3037800,4124100,1,1,1,16,2,6
AT2G43530,0,0,0,0,0,0,2,1,1,2,2,2
AT3G56910,0,0,0,0,0,0,2,1,1,2,2,1
AT5G47190,0,0,0,0,0,0,2,1,1,1,2,2
AT3G24510,0,0,0,0,0,0,4,2,1,1,2,2
AT5G45775,4325000,0,0,6480400,5543000,13532000,6,3,1,5,2,6
AT1G10590,0,0,0,0,0,0,0,0,1,1,1,0
AT1G75220,0,0,0,0,0,0,0,1,1,0,1,2
AT1G26550,0,0,0,0,0,0,0,0,1,0,1,1
AT1G29990,0,0,0,0,0,0,0,0,1,4,1,0
AT2G35635,0,0,0,0,0,0,0,0,1,2,1,1
AT1G31812,0,0,0,0,0,0,0,0,1,0,1,0
AT1G52340,0,0,0,0,0,0,0,0,1,1,1,0
AT5G53300,0,0,0,0,0,0,0,1,1,2,1,2
AT1G65010,0,0,0,0,0,0,0,1,1,0,1,3
AT2G20890,0,0,0,0,0,0,0,0,1,0,1,0
AT2G28470,0,0,0,0,0,0,0,1,1,0,1,5
AT2G30110,0,0,0,0,0,0,0,0,1,4,1,1
AT2G32920,0,0,0,0,0,0,0,0,1,1,1,0
AT3G02780,0,0,0,0,0,0,0,0,1,1,1,1
AT3G11910,0,0,0,0,0,0,0,0,1,31,1,1
AT3G12800,0,0,0,0,0,0,0,0,1,3,1,0
AT3G21055,0,0,0,0,0,0,0,1,1,1,1,1
AT3G42170,0,0,0,0,0,0,0,0,1,14,1,1
AT3G51260,0,0,0,0,0,0,0,0,1,5,1,1
AT1G64150,0,0,0,0,0,0,0,0,1,0,0,0
AT1G80790,0,0,0,0,0,0,0,0,1,0,0,0
AT2G15390,0,0,0,0,0,0,0,0,1,0,0,0
AT3G04810,0,0,0,0,0,0,0,1,1,2,3,3
AT3G48410,0,0,0,0,0,0,0,0,1,1,0,1
AT4G03290,0,0,0,0,0,0,0,0,1,0,0,0
AT3G59990,0,0,0,0,0,0,0,0,1,1,1,0
AT3G62030,0,0,0,0,0,0,0,1,1,2,1,1
AT4G30920,0,0,0,0,0,0,0,0,1,1,1,1
AT4G35260,0,0,0,0,0,0,0,0,1,2,1,2
AT5G11330,0,0,0,0,0,0,0,0,1,0,1,0
AT5G16450,0,0,0,0,0,0,0,0,1,0,1,0
AT5G20920,0,0,0,0,0,0,0,0,1,4,1,0
AT5G23290,0,0,0,0,0,0,0,0,1,6,1,0
AT5G42970,0,0,0,0,0,0,0,0,1,10,1,0
AT5G48375,0,0,0,0,0,0,0,0,1,1,1,1
AT5G51110,0,0,0,0,0,0,0,0,1,1,1,1
AT5G59320,0,0,0,0,0,0,0,1,1,1,1,2
AT5G64350,0,0,0,0,0,0,0,1,1,1,1,0
AT5G64460,0,0,0,0,0,0,0,0,1,0,1,1
AT1G08200,0,0,0,0,0,0,1,0,1,1,1,2
AT4G09800,0,0,0,0,0,0,1,0,1,1,1,0
AT3G14600,0,0,0,0,0,0,1,0,1,0,1,1
AT3G28900,0,0,0,0,0,0,1,2,1,1,1,2
AT3G49160,0,0,0,0,0,0,1,1,1,0,1,2
AT4G28540,0,0,0,0,0,0,1,3,1,1,1,2
AT5G02450,0,0,0,0,0,0,1,1,1,2,1,1
AT5G25610,0,0,0,0,0,0,1,1,1,0,1,1
AT5G64140,0,0,0,0,0,0,1,0,1,1,1,0
AT3G49470,0,0,0,0,0,0,2,1,1,0,1,4
AT5G57890,0,0,0,0,0,0,2,0,1,2,1,3
AT5G65430,0,0,0,0,0,0,2,1,1,4,1,3
AT3G12390,2360000,2352800,0,0,0,4596500,3,3,1,0,1,6
AT3G47070,3722800,2772900,0,0,0,6212500,3,2,1,0,1,3
AT5G23860,7321000,5717800,8541600,58801000,9339600,15123000,3,2,1,8,1,4
AT4G26840,0,0,0,0,0,0,4,2,1,3,1,1
AT5G42020,0,0,0,0,0,0,4,1,1,3,1,2
AT1G03900,0,0,0,0,0,0,0,0,1,0,0,1
AT1G10200,0,0,0,0,0,0,0,0,1,6,0,1
AT1G18450,0,0,0,9295100,0,3834300,0,0,1,11,0,2
AT1G20220,0,0,0,0,0,0,0,2,1,0,0,4
AT1G20240,0,0,0,0,0,0,0,0,1,9,0,0
AT1G21500,0,0,0,0,0,0,0,0,1,0,0,2
AT5G42820,0,0,0,0,0,0,0,0,1,3,0,1
AT1G48410,0,0,0,0,0,0,0,0,1,15,0,2
AT1G65330,0,0,0,0,0,0,0,0,1,7,0,0
AT1G80940,0,0,0,0,0,0,0,1,1,0,0,8
AT2G02560,0,0,0,0,0,0,0,0,1,1,0,0
AT2G15430,0,0,0,0,0,0,0,0,1,16,0,1
AT2G16950,0,0,0,0,0,0,0,0,1,1,0,0
AT2G23350,0,0,0,0,0,0,0,0,1,9,0,4
AT2G28760,0,0,0,0,0,0,0,0,1,1,0,0
AT2G30410,0,0,0,0,0,0,0,0,1,0,0,1
AT2G39770,0,0,0,0,0,0,0,0,1,1,0,1
AT2G40840,0,0,0,0,0,0,0,0,1,0,0,2
AT3G28220,0,0,0,0,0,0,0,1,1,0,0,1
AT3G54930,0,0,0,0,0,0,0,0,1,0,0,3
AT4G02450,0,0,0,0,0,0,0,0,1,3,0,1
AT4G05420,0,0,0,0,0,0,0,0,1,10,0,2
AT4G11610,0,0,0,0,0,0,0,0,1,0,0,0
AT4G25550,0,0,0,0,0,0,0,0,1,0,0,1
AT4G28470,0,0,0,0,0,0,0,0,1,4,0,1
AT4G32590,0,0,0,0,0,0,0,1,1,2,0,1
AT4G34110,0,0,0,0,0,0,0,0,1,3,0,1
AT5G03920,0,0,0,0,0,0,0,0,1,22,0,0
AT5G14660,0,0,0,0,0,0,0,0,1,1,0,1
AT5G16840,0,0,0,0,0,0,0,1,1,0,0,6
AT5G22020,0,0,0,0,0,0,0,0,1,0,0,0
AT5G46100,0,0,0,0,0,0,0,0,1,0,0,0
AT5G52840,0,0,0,0,0,0,0,0,1,3,0,1
ATCG00500,0,0,0,8544700,0,7510200,0,0,1,12,0,6
ATCG00740,0,0,0,0,0,0,0,0,1,3,0,1
ATCG00800,0,0,0,0,0,0,0,0,1,8,0,1
AT2G17570,0,0,0,0,0,0,2,2,1,2,1,2
AT5G18380,0,0,0,0,0,0,1,2,1,3,0,1
AT2G13540,0,0,0,0,0,0,1,1,1,1,0,5
AT2G20760,0,0,0,0,0,0,1,1,1,1,0,4
AT2G23930,0,0,0,0,0,0,1,2,1,1,0,2
AT2G45810,0,0,0,0,0,0,1,0,1,4,0,1
AT5G61170,0,0,0,0,0,0,1,0,1,2,0,0
AT3G53460,0,0,0,0,0,0,1,0,1,0,0,1
AT5G37720,0,0,0,0,0,0,1,1,1,3,0,2
AT5G62670,0,0,0,0,0,0,1,1,1,1,0,2
AT2G42910,0,0,0,0,0,0,2,0,1,1,0,4
AT3G58510,0,0,0,0,0,0,2,0,1,1,0,7
AT3G56340,0,0,0,0,0,0,3,2,1,1,0,2
AT3G03570,4983200,0,0,0,0,3538100,3,0,1,0,0,4
AT3G17020,0,0,0,0,0,0,3,0,1,0,0,1
AT3G20820,0,0,0,0,0,0,3,0,1,0,0,3
AT2G24740,0,0,0,0,672610000,1142000000,0,0,0,0,105,132
AT5G27030,0,0,0,0,10036000,17219000,0,0,0,1,25,27
AT2G47470,0,0,0,3287100,9944900,4959500,2,0,0,4,11,5
AT3G12145,0,0,0,10164000,9766000,12301000,1,0,0,4,9,13
AT1G15750,0,0,0,0,9646300,20169000,0,0,0,0,8,13
AT5G61790,0,0,0,0,0,0,0,0,0,0,7,0
AT5G02240,0,0,0,0,0,0,1,2,0,1,7,2
AT5G48880,0,0,0,0,0,0,1,2,0,3,7,3
AT1G32200,0,0,0,0,0,0,0,1,0,1,6,0
AT2G26080,0,0,0,0,0,0,0,0,0,1,6,2
AT2G37040,0,0,0,0,0,0,0,0,0,1,6,1
AT3G05420,0,0,0,0,0,0,0,0,0,1,6,4
AT3G16830,0,0,0,0,3747800,6330100,0,0,0,0,6,7
AT4G24190,0,0,0,0,5141600,2579200,0,0,0,0,6,3
AT4G27520,0,0,0,0,0,0,0,1,0,0,6,1
AT5G19220,0,0,0,4282900,5408700,5086500,0,1,0,5,6,7
AT2G19480,0,0,0,8090200,14249000,13442000,1,1,0,8,6,7
AT1G35720,0,2570000,0,0,3006800,3381800,2,4,0,2,6,3
AT1G13280,0,0,0,0,0,0,0,0,0,1,5,0
AT1G20440,0,0,0,0,0,0,0,0,0,1,5,2
AT1G25490,0,0,0,18148000,0,9486800,0,0,0,3,5,3
AT1G61720,0,0,0,0,0,0,0,0,0,0,5,0
AT3G24480,0,0,0,0,0,0,0,0,0,0,5,0
AT4G34490,0,0,0,0,0,0,0,0,0,1,5,4
AT4G38740,0,4796900,0,0,14233000,0,0,4,0,3,5,3
AT5G26860,0,0,0,8582900,4759200,0,0,0,0,14,5,0
AT5G45930,0,0,0,0,2533600,2710000,0,1,0,2,5,2
AT5G63680,0,0,0,16217000,14156000,16982000,0,0,0,5,5,6
AT1G77940,0,0,0,0,5209100,6844200,1,0,0,1,5,4
AT5G06290,0,0,0,0,0,0,1,1,0,2,5,1
AT5G43940,0,0,0,12217000,10911000,9578600,1,0,0,6,5,3
AT1G65930,3166800,0,0,5595400,7057000,5346400,5,1,0,10,5,6
AT1G03475,0,0,0,0,0,0,0,0,0,2,4,2
AT1G21750,0,0,0,0,0,0,0,1,0,0,4,2
AT1G23740,0,0,0,0,3913000,3665500,0,0,0,0,4,4
AT1G65150,0,0,0,0,0,0,0,0,0,5,4,1
AT1G76080,0,0,0,0,0,0,0,0,0,0,4,1
AT2G17340,0,0,0,0,0,0,0,0,0,0,4,1
AT2G25080,0,0,0,0,0,0,0,1,0,1,4,1
AT2G40300,0,0,0,0,0,0,0,0,0,0,4,2
AT2G45600,0,0,0,0,0,0,0,0,0,0,4,1
AT3G26460,0,0,0,0,0,0,0,0,0,0,4,0
AT3G50820,0,0,0,0,0,0,0,0,0,0,4,1
AT3G58110,0,0,0,0,0,0,0,0,0,2,4,2
AT4G00490,0,0,0,0,0,0,0,0,0,2,4,3
AT4G12870,0,0,0,0,0,0,0,0,0,2,4,0
AT4G17190,0,0,0,0,0,0,0,1,0,0,4,1
AT5G62930,0,0,0,0,0,0,0,0,0,1,4,1
AT3G52560,0,0,0,0,0,0,1,1,0,3,4,2
AT1G33140,2746100,0,0,5446600,3611600,4040000,2,1,0,4,4,3
AT2G30870,0,0,0,0,0,0,2,1,0,0,4,2
AT3G56240,0,0,0,0,0,0,2,0,0,3,4,1
AT5G08260,0,0,0,0,0,0,2,0,0,0,4,1
AT1G07750,0,0,0,0,0,0,0,0,0,2,3,2
AT1G12780,0,0,0,0,0,0,0,0,0,1,3,1
AT1G17650,0,0,0,0,0,0,0,0,0,0,3,1
AT1G33040,0,0,0,0,0,0,0,0,0,0,3,1
AT1G51680,0,0,0,0,0,0,0,0,0,0,3,0
AT1G70310,0,0,0,0,0,0,0,0,0,0,3,1
AT2G30200,0,0,0,0,0,0,0,0,0,0,3,1
AT2G30860,0,0,0,0,0,0,0,1,0,0,3,0
AT2G38700,0,0,0,0,0,0,0,0,0,0,3,1
AT2G38730,0,0,0,0,0,0,0,1,0,0,3,1
AT2G42600,0,0,0,0,0,0,0,0,0,0,3,0
AT2G45300,0,0,0,0,0,0,0,0,0,0,3,0
AT2G45470,0,0,0,0,0,0,0,0,0,2,3,2
AT2G45710,0,0,0,0,0,0,0,0,0,3,3,1
AT3G08030,0,0,0,0,7063200,12974000,0,0,0,1,3,3
AT3G11770,0,0,0,0,4400300,4409200,0,1,0,2,3,3
AT3G17810,0,0,0,0,0,0,0,0,0,0,3,2
AT3G19170,0,0,0,0,0,0,0,0,0,1,3,1
AT3G21200,0,0,0,0,0,0,0,0,0,0,3,0
AT3G25230,0,0,0,0,0,0,0,0,0,0,3,0
AT4G26900,0,0,0,0,0,0,0,0,0,0,3,3
AT4G28980,0,0,0,0,0,0,0,0,0,2,3,0
AT4G33090,0,0,0,0,0,0,0,1,0,0,3,1
AT4G34350,0,0,0,0,0,0,0,1,0,0,3,2
AT4G34450,0,0,0,14674000,8393600,10062000,0,0,0,7,3,4
AT4G34740,0,0,0,0,0,0,0,0,0,0,3,0
AT5G04420,0,0,0,0,0,0,0,0,0,0,3,3
AT5G06060,0,0,0,0,0,0,0,0,0,1,3,3
AT5G14030,0,0,0,0,0,0,0,0,0,0,3,0
AT5G30510,0,0,0,0,0,0,0,0,0,3,3,0
AT5G36700,0,0,0,0,0,0,0,0,0,2,3,0
AT5G47350,0,0,0,0,0,0,0,1,0,1,3,0
AT5G55730,0,0,0,0,0,0,0,0,0,0,3,1
AT1G06000,0,0,0,0,0,0,1,0,0,0,3,1
AT1G69410,0,0,0,0,0,0,1,0,0,0,3,1
AT3G23810,0,0,0,0,0,0,1,0,0,2,3,2
AT5G48180,0,0,0,0,0,0,1,0,0,0,3,1
AT1G17720,0,0,0,0,0,0,2,0,0,3,3,3
AT5G41580,0,0,0,0,0,0,3,1,0,0,3,1
AT1G04130,0,0,0,0,0,0,0,0,0,1,2,0
AT1G05620,0,0,0,0,0,0,0,0,0,0,2,0
AT1G06550,0,0,0,0,0,0,0,0,0,0,2,1
AT1G09210,0,0,0,0,0,0,0,0,0,0,2,0
AT1G09830,0,0,0,0,0,0,0,0,0,0,2,1
AT1G12000,0,0,0,0,0,0,0,0,0,1,2,0
AT1G14520,0,0,0,0,0,0,0,0,0,0,2,0
AT1G15470,0,0,0,0,0,0,0,0,0,0,2,0
AT1G15950,0,0,0,0,0,0,0,0,0,1,2,2
AT1G18070,0,0,0,0,0,0,0,0,0,1,2,0
AT1G21440,0,0,0,0,0,0,0,0,0,0,2,0
AT1G21670,0,0,0,0,0,0,0,0,0,0,2,1
AT1G50200,0,0,0,0,0,0,0,0,0,0,2,0
AT1G50670,0,0,0,0,0,0,0,0,0,0,2,0
AT1G53280,0,0,0,4133900,4647500,0,0,0,0,5,2,2
AT1G55260,0,0,0,0,0,0,0,0,0,1,2,1
AT1G55480,0,0,0,0,0,0,0,0,0,0,2,2
AT1G56580,0,0,0,0,0,0,0,2,0,0,2,1
AT1G63660,0,0,0,0,0,0,0,0,0,1,2,0
AT1G70410,0,0,0,0,0,0,0,0,0,0,2,0
AT1G76810,0,0,0,0,0,0,0,1,0,4,2,0
AT1G80460,0,0,0,0,0,0,0,0,0,0,2,1
AT2G17265,0,0,0,0,0,0,0,0,0,0,2,0
AT2G20420,0,0,0,0,0,0,0,0,0,0,2,1
AT2G21250,0,0,0,0,0,0,0,0,0,0,2,0
AT2G21385,0,0,0,0,0,0,0,0,0,0,2,1
AT2G24580,0,0,0,3210200,3472300,3254300,0,1,0,5,2,2
AT2G25870,0,0,0,0,0,0,0,0,0,0,2,0
AT2G27020,0,0,0,0,0,0,0,0,0,5,2,1
AT2G30620,0,0,0,0,0,0,0,0,0,0,2,0
AT2G31390,0,0,0,0,0,0,0,0,0,3,2,0
AT2G35370,0,0,0,0,0,0,0,0,0,0,2,1
AT2G41740,0,0,0,0,0,0,0,0,0,1,2,2
AT2G43710,0,0,0,0,0,0,0,0,0,0,2,1
AT2G43750,0,0,0,2926900,4241000,0,0,0,0,4,2,0
AT2G46580,0,0,0,0,0,0,0,0,0,1,2,3
AT3G04470,0,0,0,0,0,0,0,0,0,0,2,0
AT3G06860,0,0,0,0,0,0,0,0,0,1,2,1
AT3G14930,0,0,0,0,0,0,0,1,0,1,2,1
AT3G19760,0,0,0,0,0,0,0,0,0,1,2,2
AT3G25400,0,0,0,0,0,0,0,0,0,0,2,1
AT3G27740,0,0,0,0,0,0,0,0,0,1,2,0
AT3G48530,0,0,0,0,0,0,0,0,0,0,2,1
AT3G61080,0,0,0,0,0,0,0,0,0,1,2,0
AT3G63190,0,0,0,0,0,0,0,0,0,0,2,1
AT4G04950,0,0,0,7891500,0,3066400,0,1,0,9,2,3
AT4G11240,0,0,0,0,0,0,0,1,0,0,2,0
AT4G14930,0,0,0,0,0,0,0,0,0,0,2,1
AT4G15210,0,0,0,0,0,0,0,0,0,3,2,0
AT4G17870,0,0,0,0,0,0,0,0,0,1,2,1
AT4G19905,0,0,0,0,0,0,0,0,0,1,2,3
AT4G21630,0,0,0,0,0,0,0,0,0,1,2,1
AT4G23100,0,0,0,0,0,0,0,2,0,2,2,0
AT4G23630,0,0,0,0,0,0,0,2,0,0,2,0
AT4G24620,0,0,0,0,0,0,0,0,0,0,2,0
AT4G24800,0,0,0,0,0,0,0,0,0,2,2,2
AT4G27500,0,0,0,0,0,0,0,0,0,0,2,0
AT4G29410,0,0,0,0,0,0,0,1,0,0,2,3
AT4G31180,0,0,0,0,0,0,0,0,0,1,2,1
AT4G31300,0,0,0,0,0,0,0,0,0,7,2,0
AT4G37000,0,0,0,0,0,0,0,0,0,1,2,1
AT5G05010,0,0,0,17271000,0,7661100,0,1,0,7,2,4
AT5G10240,0,0,0,0,0,0,0,0,0,0,2,1
AT5G16715,0,0,0,0,0,0,0,0,0,1,2,2
AT5G16780,0,0,0,0,0,0,0,0,0,0,2,0
AT5G18100,0,0,0,0,0,0,0,0,0,0,2,3
AT5G22800,0,0,0,0,0,0,0,0,0,0,2,0
AT5G39320,0,0,0,0,0,0,0,0,0,0,2,1
AT5G41950,0,0,0,0,0,0,0,0,0,2,2,1
AT5G42790,0,0,0,0,0,0,0,0,0,8,2,0
AT5G47700,0,0,0,0,0,0,0,0,0,0,2,1
AT5G53850,0,0,0,0,0,0,0,0,0,0,2,1
AT5G54160,0,0,0,0,0,0,0,0,0,0,2,0
AT5G54770,0,0,0,0,0,0,0,0,0,1,2,1
AT5G56350,0,0,0,0,0,0,0,0,0,0,2,1
AT5G57330,0,0,0,0,2854000,2662500,0,0,0,0,2,2
AT5G61780,0,0,0,3818700,0,2991300,0,0,0,7,2,5
ATCG00470,0,0,0,7951900,4101100,0,0,0,0,2,2,2
ATCG01060,0,0,0,0,0,0,0,0,0,1,2,1
AT1G21350,0,0,0,0,0,0,1,0,0,3,2,0
AT1G43690,0,0,0,0,0,0,1,0,0,1,2,0
AT1G47970,0,0,0,0,0,0,1,4,0,0,2,0
AT2G37660,0,0,0,0,0,0,1,0,0,1,2,1
AT3G02720,0,0,0,0,0,0,1,0,0,0,2,1
AT3G12290,0,0,0,0,0,0,1,0,0,1,2,0
AT3G14990,0,0,0,0,0,0,1,0,0,1,2,3
AT3G16950,0,0,0,0,0,0,1,0,0,0,2,2
AT4G33470,0,0,0,0,0,0,1,0,0,2,2,4
AT5G03290,0,0,0,0,0,0,1,0,0,2,2,2
AT5G20230,0,0,0,0,0,0,1,1,0,0,2,2
AT5G43830,0,0,0,0,0,0,1,0,0,1,2,1
AT5G47550,0,0,0,0,0,0,1,1,0,0,2,2
AT1G65480,0,0,0,1835400,2920100,0,2,1,0,3,2,0
AT2G21170,0,0,0,0,0,0,2,0,0,4,2,1
AT3G07390,0,0,0,0,0,0,2,0,0,0,2,0
AT3G48000,0,0,0,0,0,0,2,0,0,0,2,0
AT4G02230,0,0,0,0,0,0,2,0,0,2,2,2
AT1G11910,0,5696700,0,9331400,0,11236000,3,3,0,4,2,3
AT1G67430,3435300,0,0,6019900,3674300,8336700,3,0,0,4,2,3
AT3G04400,0,0,0,9136100,0,5232800,0,0,0,8,1,6
AT1G04750,0,0,0,0,0,0,0,0,0,1,1,1
AT1G05260,0,0,0,0,0,0,0,0,0,0,1,0
AT1G07140,0,0,0,0,0,0,0,0,0,2,1,0
AT5G59850,0,0,0,0,0,0,0,1,0,2,1,2
AT1G12010,0,0,0,0,0,0,0,1,0,0,1,1
AT1G12240,0,0,0,0,0,0,0,0,0,0,1,1
AT1G12920,0,0,0,0,0,0,0,0,0,0,1,0
AT1G13930,0,0,0,0,0,0,0,0,0,0,1,0
AT1G18490,0,0,0,0,0,0,0,0,0,0,1,2
AT1G20450,0,0,0,0,0,0,0,0,0,0,1,0
AT1G20850,0,0,0,0,0,0,0,0,0,0,1,1
AT1G20950,0,0,0,0,0,0,0,0,0,0,1,1
AT1G24180,0,0,0,0,0,0,0,0,0,0,1,1
AT1G29880,0,0,0,0,0,0,0,0,0,1,1,0
AT5G14200,0,0,0,0,0,0,0,0,0,0,1,0
AT1G42960,0,0,0,0,0,0,0,0,0,0,1,1
AT1G45000,0,0,0,0,0,0,0,0,0,1,1,0
AT1G48520,0,0,0,0,0,0,0,0,0,1,1,2
AT1G50370,0,0,0,0,0,0,0,0,0,6,1,0
AT1G56450,0,0,0,0,0,0,0,0,0,7,1,3
AT1G60000,0,0,0,0,0,0,0,0,0,0,1,1
AT1G61150,0,0,0,0,0,0,0,0,0,1,1,2
AT1G65980,0,0,0,0,0,0,0,1,0,1,1,1
AT1G66260,0,0,0,0,0,0,0,1,0,0,1,2
AT1G70320,0,0,0,0,0,0,0,0,0,23,1,1
AT1G76450,0,0,0,0,0,0,0,0,0,0,1,0
AT2G32370,0,0,0,0,0,0,0,0,0,5,0,0
AT2G01350,0,0,0,0,0,0,0,0,0,1,1,4
AT2G03440,0,0,0,0,0,0,0,0,0,0,1,1
AT2G14120,0,0,0,0,0,0,0,0,0,3,1,0
AT2G18790,0,0,0,0,0,0,0,0,0,2,1,0
AT2G19710,0,0,0,0,0,0,0,1,0,0,1,1
AT5G21274,0,0,0,0,0,0,0,0,0,0,1,0
AT2G35410,0,0,0,0,0,0,0,0,0,0,1,0
AT2G40290,0,0,0,35408000,0,10131000,0,0,0,4,1,3
AT2G40880,0,0,0,0,0,0,0,0,0,1,1,0
AT2G41680,0,0,0,0,0,0,0,0,0,0,1,0
AT2G43550,0,0,0,0,0,0,0,1,0,0,1,2
AT2G46520,0,0,0,0,0,0,0,0,0,1,1,1
AT2G47790,0,0,0,0,0,0,0,0,0,0,1,1
AT3G01390,0,0,0,0,0,0,0,0,0,1,1,1
AT3G01480,0,0,0,0,0,0,0,0,0,0,1,0
AT5G16130,0,0,0,0,0,0,0,0,0,0,1,1
AT3G05625,0,0,0,0,0,0,0,0,0,2,1,2
AT3G07770,0,0,0,0,0,0,0,0,0,0,1,0
AT3G08010,0,0,0,0,0,0,0,0,0,0,1,0
AT3G10595,0,0,0,0,0,0,0,0,0,1,1,3
AT3G14067,0,0,0,0,0,0,0,0,0,1,1,0
AT3G14415,0,0,0,0,0,0,0,0,0,3,1,1
AT3G15880,0,0,0,0,0,0,0,0,0,0,1,6
AT3G18860,0,0,0,0,0,0,0,0,0,1,1,0
AT3G20520,0,0,0,0,0,0,0,0,0,0,1,0
AT3G22320,0,0,0,0,0,0,0,0,0,6,1,1
AT3G23700,0,0,0,0,0,0,0,0,0,0,1,1
AT3G26450,0,0,0,0,0,0,0,0,0,0,1,0
AT4G33220,0,0,0,0,0,0,0,0,0,1,1,0
AT3G46440,0,0,0,0,0,0,0,0,0,0,1,0
AT3G52880,0,0,0,0,0,0,0,0,0,2,1,0
AT3G54470,0,0,0,0,0,0,0,2,0,0,1,1
AT3G56090,0,0,0,0,0,0,0,0,0,0,1,0
AT3G57290,0,0,0,0,0,0,0,0,0,1,1,3
AT3G58990,0,0,0,0,0,0,0,0,0,2,1,1
AT3G59920,0,0,0,0,0,0,0,0,0,0,1,0
AT3G60820,0,0,0,0,0,0,0,0,0,5,1,0
AT3G60900,0,0,0,0,0,0,0,0,0,0,1,0
AT3G61430,0,0,0,0,0,0,0,0,0,1,1,1
AT3G61440,0,0,0,0,0,0,0,0,0,0,1,0
AT3G62120,0,0,0,0,0,0,0,0,0,5,1,1
AT3G62530,0,0,0,0,0,0,0,1,0,2,1,0
AT3G63490,0,0,0,0,0,0,0,0,0,0,1,1
AT4G00430,0,0,0,0,0,0,0,0,0,0,1,0
AT4G01370,0,0,0,0,0,0,0,0,0,2,1,1
AT4G02930,0,0,0,0,0,0,0,0,0,0,1,0
AT4G11600,0,0,0,0,0,0,0,0,0,1,1,0
AT4G14430,0,0,0,0,0,0,0,0,0,0,1,0
AT4G14800,0,0,0,0,0,0,0,0,0,5,1,1
AT4G22570,0,0,0,0,0,0,0,0,0,1,1,1
AT4G22930,0,0,0,0,0,0,0,0,0,0,1,1
AT4G23920,0,0,0,0,0,0,0,0,0,0,1,0
AT4G25050,0,0,0,0,0,0,0,1,0,0,1,0
AT4G26910,0,0,0,0,0,0,0,0,0,0,1,0
AT4G34180,0,0,0,0,0,0,0,0,0,0,1,1
AT4G35830,0,0,0,0,0,0,0,0,0,4,1,1
AT5G04430,0,0,0,0,0,0,0,0,0,1,1,1
AT5G09440,0,0,0,0,0,0,0,0,0,1,1,1
AT5G11420,0,0,0,0,0,0,0,0,0,0,1,4
AT5G11480,0,0,0,0,0,0,0,1,0,0,1,0
AT5G13100,0,0,0,0,0,0,0,0,0,0,1,0
AT5G19440,0,0,0,0,0,0,0,0,0,1,1,1
AT5G23940,0,0,0,0,0,0,0,0,0,0,1,0
AT5G25270,0,0,0,0,0,0,0,0,0,11,1,0
AT5G26570,0,0,0,0,0,0,0,0,0,0,1,1
AT5G28500,0,0,0,0,0,0,0,0,0,0,1,1
AT5G35590,0,0,0,0,0,0,0,0,0,3,1,1
AT5G36880,0,0,0,0,0,0,0,0,0,0,1,2
AT5G43330,0,0,0,0,0,0,0,0,0,0,1,1
AT5G47010,0,0,0,0,0,0,0,0,0,1,1,1
AT5G59810,0,0,0,0,0,0,0,0,0,0,1,0
AT5G63570,0,0,0,0,0,0,0,0,0,0,1,0
AT5G64130,0,0,0,0,0,0,0,1,0,1,1,2
AT5G64570,0,0,0,0,0,0,0,0,0,1,1,1
ATCG00160,0,0,0,0,0,0,0,0,0,1,1,0
AT2G02760,0,0,0,0,0,0,1,0,0,1,1,1
AT1G15270,0,0,0,0,0,0,1,0,0,0,1,2
AT1G27970,0,0,0,0,0,0,1,1,0,0,1,1
AT1G65260,0,0,0,0,0,0,1,1,0,3,1,3
AT1G66330,0,0,0,0,0,0,1,0,0,0,1,0
AT2G04034,0,0,0,0,0,0,1,0,0,0,1,3
AT3G48580,0,0,0,0,0,0,1,0,0,1,1,1
AT3G59845,0,0,0,0,0,0,1,0,0,0,1,2
AT5G59950,0,0,0,0,0,0,1,0,0,0,1,2
ATCG00330,0,0,0,0,0,0,1,0,0,1,1,0
AT5G13850,0,0,0,0,0,0,2,2,0,0,1,2
AT5G22650,0,0,0,0,0,0,2,0,0,1,1,6
AT1G01320,0,0,0,0,0,0,0,0,0,3,0,0
AT1G01950,0,0,0,0,0,0,0,0,0,6,0,0
AT1G01960,0,0,0,0,0,0,0,0,0,1,0,0
AT1G02050,0,0,0,0,0,0,0,0,0,0,0,1
AT1G02080,0,0,0,0,0,0,0,0,0,7,0,0
AT1G02770,0,0,0,0,0,0,0,0,0,3,0,0
AT1G02840,0,0,0,0,0,0,0,0,0,0,0,5
AT1G04170,0,0,0,0,0,0,0,0,0,1,0,0
AT1G05190,0,0,0,0,0,0,0,1,0,1,0,1
AT1G06110,0,0,0,0,0,0,0,0,0,2,0,0
AT5G25230,0,0,0,0,0,0,0,0,0,2,0,0
AT1G07320,0,0,0,0,0,0,0,0,0,1,0,2
AT1G07780,0,0,0,0,0,0,0,0,0,3,0,0
AT1G07990,0,0,0,0,0,0,0,0,0,2,0,0
AT1G09010,0,0,0,0,0,0,0,0,0,4,0,0
AT5G65360,0,0,0,0,0,0,0,1,0,2,0,0
AT1G11475,0,0,0,0,0,0,0,0,0,1,0,0
AT1G11660,0,0,0,0,0,0,0,0,0,1,0,0
AT1G12180,0,0,0,0,0,0,0,0,0,1,0,0
AT1G12190,0,0,0,0,0,0,0,0,0,7,0,0
AT1G13060,0,0,0,0,0,0,0,0,0,7,0,1
AT1G14380,0,0,0,0,0,0,0,0,0,2,0,0
AT1G14510,0,0,0,0,0,0,0,0,0,2,0,1
AT1G15690,0,0,0,0,0,0,0,0,0,0,0,2
AT1G15930,0,0,0,0,0,0,0,0,0,1,0,0
AT1G16030,0,0,0,0,0,0,0,1,0,1,0,0
AT1G16300,0,0,0,0,0,0,0,0,0,2,0,0
AT1G79210,0,0,0,0,0,0,0,0,0,6,0,0
AT1G16820,0,0,0,0,0,0,0,0,0,1,0,1
AT1G17580,0,0,0,0,0,0,0,0,0,6,0,0
AT1G20360,0,0,0,0,0,0,0,0,0,4,0,0
AT1G20680,0,0,0,0,0,0,0,0,0,2,0,0
AT1G20735,0,0,0,0,0,0,0,0,0,2,0,0
AT1G20940,0,0,0,0,0,0,0,0,0,3,0,0
AT1G22410,0,0,0,0,0,0,0,0,0,3,0,0
AT1G22920,0,0,0,0,0,0,0,0,0,4,0,0
AT1G23950,0,0,0,0,0,0,0,0,0,15,0,0
AT1G23970,0,0,0,0,0,0,0,0,0,3,0,0
AT1G26290,0,0,0,0,0,0,0,1,0,0,0,0
AT1G28030,0,0,0,0,0,0,0,0,0,2,0,0
AT1G28520,0,0,0,0,0,0,0,0,0,2,0,0
AT1G29400,0,0,0,0,0,0,0,0,0,3,0,0
AT1G30470,0,0,0,0,0,0,0,0,0,6,0,0
AT1G30630,0,0,0,0,0,0,0,0,0,1,0,0
AT1G30680,0,0,0,0,0,0,0,0,0,6,0,0
AT1G30920,0,0,0,0,0,0,0,0,0,5,0,0
AT1G30930,0,0,0,0,0,0,0,0,0,1,0,0
AT4G10610,0,0,0,0,0,0,0,0,0,1,0,0
AT1G32850,0,0,0,0,0,0,0,0,0,3,0,0
AT1G34650,0,0,0,0,0,0,0,0,0,2,0,0
AT1G35220,0,0,0,0,0,0,0,0,0,1,0,0
AT1G41880,0,0,0,0,0,0,0,0,0,0,0,3
AT1G42980,0,0,0,0,0,0,0,0,0,14,0,0
AT1G48920,0,0,0,0,0,0,0,0,0,0,0,2
AT1G49760,0,0,0,0,0,0,0,0,0,2,0,1
AT1G51210,0,0,0,0,0,0,0,0,0,2,0,0
AT1G51320,0,0,0,0,0,0,0,0,0,2,0,0
AT1G55300,0,0,0,0,0,0,0,0,0,2,0,0
AT1G55860,0,0,0,0,0,0,0,0,0,1,0,0
AT1G59500,0,0,0,0,0,0,0,0,0,2,0,0
AT1G59670,0,0,0,0,0,0,0,0,0,4,0,0
AT1G60620,0,0,0,0,0,0,0,0,0,1,0,0
AT1G60850,0,0,0,0,0,0,0,0,0,1,0,0
AT1G61095,0,0,0,0,0,0,0,0,0,1,0,0
AT1G61330,0,0,0,0,0,0,0,0,0,4,0,0
AT1G62020,0,0,0,0,0,0,0,0,0,8,0,0
AT1G62170,0,0,0,0,0,0,0,0,0,2,0,0
AT1G62800,0,0,0,0,0,0,0,0,0,0,0,1
AT1G62820,0,0,0,0,0,0,0,0,0,1,0,0
AT1G63020,0,0,0,0,0,0,0,0,0,5,0,0
AT1G63180,0,0,0,0,0,0,0,0,0,1,0,0
AT1G64290,0,0,0,0,0,0,0,0,0,12,0,0
AT1G64550,0,0,0,0,0,0,0,0,0,1,0,0
AT1G64790,0,0,0,0,0,0,0,0,0,6,0,0
AT1G64870,0,0,0,0,0,0,0,0,0,4,0,0
AT1G65300,0,0,0,0,0,0,0,0,0,5,0,0
AT1G65960,0,0,0,0,0,0,0,0,0,3,0,2
AT1G65990,0,0,0,0,0,0,0,0,0,12,0,0
AT1G67310,0,0,0,0,0,0,0,0,0,8,0,0
AT3G13680,0,0,0,0,0,0,0,0,0,1,0,0
AT1G68370,0,0,0,0,0,0,0,0,0,1,0,0
AT1G69200,0,0,0,0,0,0,0,0,0,1,0,2
AT1G71770,0,0,0,0,0,0,0,0,0,4,0,0
AT4G09510,0,0,0,0,0,0,0,0,0,1,0,0
AT1G72370,0,0,0,0,0,0,0,0,0,6,0,2
AT1G72810,0,0,0,0,0,0,0,0,0,0,0,1
AT3G55750,0,0,0,0,0,0,0,0,0,1,0,0
AT1G74470,0,0,0,0,0,0,0,0,0,1,0,0
AT1G74690,0,0,0,0,0,0,0,0,0,2,0,0
AT1G76140,0,0,0,0,0,0,0,0,0,1,0,0
AT1G76680,0,0,0,0,0,0,0,0,0,2,0,0
AT1G76720,0,0,0,0,0,0,0,0,0,11,0,0
AT1G77470,0,0,0,0,0,0,0,0,0,1,0,0
AT1G77650,0,0,0,0,0,0,0,0,0,11,0,0
AT1G78570,0,0,0,0,0,0,0,0,0,3,0,1
AT1G78580,0,0,0,0,0,0,0,0,0,1,0,1
AT1G79050,0,0,0,0,0,0,0,0,0,1,0,0
AT1G79990,0,0,0,0,0,0,0,0,0,1,0,0
AT1G80670,0,0,0,0,0,0,0,0,0,3,0,0
AT2G01690,0,0,0,0,0,0,0,0,0,3,0,0
AT2G03190,0,0,0,0,0,0,0,0,0,2,0,0
AT2G03560,0,0,0,0,0,0,0,0,0,2,0,0
AT2G03750,0,0,0,0,0,0,0,0,0,1,0,2
AT2G03820,0,0,0,0,0,0,0,0,0,6,0,0
AT2G05250,0,0,0,0,0,0,0,0,0,3,0,1
AT2G05840,0,0,0,0,0,0,0,0,0,9,0,0
AT2G16220,0,0,0,0,0,0,0,0,0,4,0,0
AT2G16365,0,0,0,0,0,0,0,0,0,3,0,0
AT2G16940,0,0,0,0,0,0,0,0,0,0,0,2
AT4G35410,0,0,0,0,0,0,0,0,0,3,0,0
AT2G18720,0,0,0,0,0,0,0,0,0,3,0,0
AT2G18730,0,0,0,0,0,0,0,0,0,2,0,0
AT2G19490,0,0,0,0,0,0,0,0,0,0,0,2
AT2G19540,0,0,0,0,0,0,0,1,0,0,0,0
AT2G20495,0,0,0,0,0,0,0,0,0,0,0,0
AT2G20790,0,0,0,0,0,0,0,0,0,2,0,0
AT2G22125,0,0,0,0,0,0,0,0,0,3,0,0
AT2G22560,0,0,0,0,0,0,0,0,0,2,0,0
AT2G23820,0,0,0,0,0,0,0,0,0,1,0,1
AT2G24640,0,0,0,0,0,0,0,0,0,6,0,0
AT2G25670,0,0,0,0,0,0,0,1,0,1,0,1
AT2G25700,0,0,0,0,0,0,0,0,0,3,0,0
AT2G25910,0,0,0,0,0,0,0,0,0,3,0,0
AT2G26990,0,0,0,0,0,0,0,0,0,2,0,0
AT2G27120,0,0,0,0,0,0,0,0,0,2,0,0
AT2G27190,0,0,0,0,0,0,0,0,0,0,0,1
AT2G27700,0,0,0,0,0,0,0,0,0,8,0,0
AT2G30440,0,0,0,0,0,0,0,0,0,1,0,0
AT2G30970,0,4409200,0,0,0,7007900,0,2,0,0,0,4
AT2G31570,0,0,0,0,0,0,0,1,0,1,0,0
AT2G31760,0,0,0,0,0,0,0,0,0,1,0,0
AT2G34470,0,0,0,0,0,0,0,0,0,1,0,0
AT2G34640,0,0,0,0,0,0,0,0,0,2,0,0
AT2G34810,0,0,0,0,0,0,0,0,0,1,0,0
AT2G34890,0,0,0,0,0,0,0,0,0,12,0,0
AT2G36130,0,0,0,0,0,0,0,0,0,0,0,1
AT2G36830,0,0,0,0,0,0,0,1,0,2,0,0
AT2G38020,0,0,0,0,0,0,0,0,0,2,0,0
AT2G39260,0,0,0,0,0,0,0,0,0,6,0,0
AT2G41790,0,0,0,0,0,0,0,0,0,1,0,1
AT2G42100,0,0,0,0,0,0,0,0,0,6,0,0
AT2G42400,0,0,0,0,0,0,0,0,0,2,0,0
AT2G43790,0,0,0,0,0,0,0,0,0,0,0,1
AT2G44100,0,0,0,0,0,0,0,0,0,2,0,0
AT2G44160,0,0,0,0,0,0,0,0,0,1,0,1
AT2G45640,0,0,0,0,0,0,0,1,0,0,0,1
AT3G02180,0,0,0,0,0,0,0,0,0,0,0,2
AT3G02200,0,0,0,0,0,0,0,0,0,6,0,3
AT3G03380,0,0,0,0,0,0,0,0,0,2,0,0
AT3G03405,0,0,0,0,0,0,0,0,0,2,0,0
AT3G04710,0,0,0,0,0,0,0,0,0,2,0,0
AT3G04880,0,0,0,0,0,0,0,0,0,0,0,2
AT3G05000,0,0,0,0,0,0,0,0,0,2,0,0
AT3G06670,0,0,0,0,0,0,0,0,0,1,0,0
AT3G06850,0,0,0,0,0,0,0,0,0,5,0,1
AT3G07270,0,0,0,0,0,0,0,0,0,8,0,0
AT3G07300,0,0,0,0,0,0,0,0,0,3,0,0
AT3G08510,0,0,0,0,0,0,0,0,0,2,0,0
AT3G08947,0,0,0,0,0,0,0,0,0,1,0,1
AT3G09140,0,0,0,0,0,0,0,0,0,10,0,0
AT3G10510,0,0,0,0,0,0,0,0,0,2,0,0
AT3G11200,0,0,0,0,0,0,0,0,0,1,0,0
AT3G12510,0,0,0,0,0,0,0,0,0,2,0,0
AT3G12915,0,0,0,0,0,0,0,0,0,2,0,1
AT3G13300,0,0,0,0,0,0,0,0,0,6,0,0
AT3G13460,0,0,0,0,0,0,0,0,0,3,0,0
AT3G13570,0,0,0,0,0,0,0,0,0,0,0,4
AT3G13640,0,0,0,0,0,0,0,0,0,6,0,0
AT3G14100,0,0,0,0,0,0,0,0,0,0,0,1
AT3G15680,0,0,0,0,0,0,0,0,0,2,0,1
AT3G16320,0,0,0,0,0,0,0,0,0,2,0,0
AT3G16630,0,0,0,0,0,0,0,0,0,1,0,0
AT3G17480,0,0,0,0,0,0,0,0,0,1,0,0
AT3G17940,0,0,0,0,0,0,0,0,0,0,0,3
AT3G18230,0,0,0,0,0,0,0,0,0,1,0,0
AT3G18520,0,0,0,0,0,0,0,0,0,4,0,0
AT3G18524,0,0,0,0,0,0,0,0,0,0,0,1
AT3G20740,0,0,0,0,0,0,0,0,0,2,0,0
AT3G22220,0,0,0,0,0,0,0,0,0,2,0,0
AT3G22480,0,0,0,0,0,0,0,0,0,4,0,0
AT3G23900,0,0,0,0,0,0,0,0,0,0,0,2
AT3G25750,0,0,0,0,0,0,0,0,0,3,0,0
AT3G25800,0,0,0,0,0,0,0,0,0,1,0,0
AT3G27430,0,0,0,0,0,0,0,0,0,2,0,0
AT3G42050,0,0,0,0,0,0,0,0,0,2,0,0
AT3G42830,0,0,0,0,0,0,0,0,0,3,0,0
AT3G45620,0,0,0,0,0,0,0,0,0,4,0,0
AT3G46460,0,0,0,0,0,0,0,0,0,2,0,1
AT3G49430,0,0,0,0,0,0,0,0,0,0,0,1
AT3G51780,0,0,0,0,0,0,0,0,0,13,0,0
AT3G52090,0,0,0,0,0,0,0,0,0,3,0,0
AT3G52140,0,0,0,0,0,0,0,0,0,1,0,0
AT3G52220,0,0,0,0,0,0,0,1,0,0,0,2
AT3G52580,0,0,0,0,0,0,0,1,0,2,0,0
AT3G52870,0,0,0,0,0,0,0,0,0,5,0,0
AT3G53700,0,0,0,0,0,0,0,0,0,1,0,0
AT3G54760,0,0,0,0,0,0,0,0,0,2,0,0
AT3G54860,0,0,0,0,0,0,0,0,0,3,0,0
AT3G55010,0,0,0,0,0,0,0,0,0,0,0,1
AT3G55220,0,0,0,0,0,0,0,0,0,4,0,1
AT3G55610,0,0,0,0,0,0,0,1,0,0,0,2
AT3G55700,0,0,0,0,0,0,0,0,0,1,0,0
AT3G55770,0,0,0,0,0,0,0,0,0,1,0,0
AT3G55940,0,0,0,0,0,0,0,1,0,1,0,0
AT3G57660,0,0,0,0,0,0,0,0,0,2,0,0
AT3G59610,0,0,0,0,0,0,0,0,0,2,0,0
AT3G60040,0,0,0,0,0,0,0,1,0,0,0,1
AT3G61140,0,0,0,0,0,0,0,0,0,5,0,0
AT3G61480,0,0,0,0,0,0,0,0,0,1,0,0
AT5G05620,0,0,0,0,0,0,0,0,0,2,0,0
AT3G61710,0,0,0,0,0,0,0,0,0,4,0,0
AT3G62600,0,0,0,0,0,0,0,0,0,2,0,0
AT3G63250,0,0,0,0,0,0,0,0,0,2,0,0
AT4G01310,0,0,0,0,0,0,0,0,0,0,0,2
AT4G01395,0,0,0,0,0,0,0,0,0,1,0,0
AT4G02480,0,0,0,0,0,0,0,0,0,12,0,1
AT4G02570,0,0,0,0,0,0,0,0,0,38,0,0
AT4G03000,0,0,0,0,0,0,0,0,0,2,0,0
AT4G03020,0,0,0,0,0,0,0,0,0,2,0,0
AT4G03280,0,0,0,0,0,0,0,0,0,3,0,0
AT4G08320,0,0,0,0,0,0,0,0,0,3,0,0
AT4G08870,0,0,0,0,0,0,0,0,0,0,0,1
AT4G09730,0,0,0,0,0,0,0,0,0,0,0,2
AT4G10050,0,0,0,0,0,0,0,0,0,1,0,0
AT4G11260,0,0,0,0,0,0,0,0,0,3,0,0
AT4G11420,0,0,0,0,0,0,0,0,0,3,0,1
AT4G11930,0,0,0,0,0,0,0,0,0,5,0,0
AT4G12540,0,0,0,0,0,0,0,0,0,6,0,0
AT4G12790,0,0,0,0,0,0,0,0,0,3,0,0
AT4G14110,0,0,0,0,0,0,0,0,0,2,0,0
AT4G14160,0,0,0,0,0,0,0,0,0,1,0,0
AT4G14245,0,0,0,0,0,0,0,0,0,1,0,0
AT4G16060,0,0,0,0,0,0,0,0,0,1,0,1
AT4G16130,0,0,0,0,0,0,0,0,0,3,0,0
AT4G16390,0,0,0,0,0,0,0,0,0,3,0,1
AT4G16410,0,0,0,0,0,0,0,0,0,4,0,0
AT4G17100,0,0,0,0,0,0,0,0,0,0,0,2
AT4G18040,0,0,0,0,0,0,0,0,0,0,0,1
AT4G18100,0,0,0,0,0,0,0,1,0,0,0,0
AT4G19210,0,0,0,0,0,0,0,0,0,5,0,0
AT4G21800,0,0,0,0,0,0,0,0,0,4,0,0
AT4G22060,0,0,0,0,0,0,0,0,0,2,0,0
AT4G22390,0,0,0,0,0,0,0,0,0,2,0,0
AT4G22670,0,0,0,0,0,0,0,0,0,4,0,0
AT4G22740,0,0,0,0,0,0,0,0,0,1,0,0
AT4G23690,0,0,0,0,0,0,0,0,0,0,0,1
AT4G24470,0,0,0,0,0,0,0,0,0,2,0,0
AT4G26110,0,0,0,0,0,0,0,0,0,0,0,3
AT4G32840,0,0,0,0,0,0,0,0,0,1,0,0
AT4G27000,0,0,0,0,0,0,0,0,0,0,0,2
AT4G27890,0,0,0,0,0,0,0,0,0,8,0,0
AT4G28480,0,0,0,0,0,0,0,0,0,9,0,0
AT4G29670,0,0,0,0,0,0,0,0,0,2,0,0
AT4G31900,0,0,0,0,0,0,0,0,0,2,0,0
AT4G32870,0,0,0,0,0,0,0,0,0,1,0,0
AT4G33400,0,0,0,0,0,0,0,0,0,2,0,0
AT4G35800,0,0,0,0,0,0,0,1,0,19,0,0
AT4G35910,0,0,0,0,0,0,0,0,0,2,0,0
AT4G36250,0,0,0,0,0,0,0,0,0,2,0,0
AT4G36590,0,0,0,0,0,0,0,0,0,4,0,0
AT4G37460,0,0,0,0,0,0,0,0,0,9,0,0
AT4G38130,0,0,0,4157200,0,2895400,0,0,0,4,0,2
AT4G38460,0,0,0,0,0,0,0,1,0,1,0,1
AT4G38600,0,0,0,0,0,0,0,0,0,6,0,0
AT4G39800,0,0,0,0,0,0,0,0,0,4,0,0
AT4G39960,0,0,0,0,0,0,0,0,0,10,0,0
AT5G03100,0,0,0,0,0,0,0,0,0,1,0,1
AT5G03160,0,0,0,0,0,0,0,0,0,0,0,3
AT5G03415,0,0,0,0,0,0,0,0,0,3,0,0
AT5G03455,0,0,0,0,0,0,0,0,0,5,0,0
AT5G03930,0,0,0,0,0,0,0,0,0,2,0,0
AT5G05980,0,0,0,0,0,0,0,0,0,0,0,1
AT5G06380,0,0,0,0,0,0,0,0,0,2,0,0
AT5G07220,0,0,0,0,0,0,0,0,0,6,0,0
AT5G08450,0,0,0,4766200,0,1903500,0,0,0,4,0,4
AT5G08730,0,0,0,0,0,0,0,0,0,9,0,0
AT5G09410,0,0,0,0,0,0,0,0,0,3,0,0
AT5G10770,0,0,0,0,0,0,0,0,0,1,0,0
AT5G11490,0,0,0,0,0,0,0,0,0,1,0,0
AT5G11720,0,0,0,0,0,0,0,0,0,1,0,0
AT5G13030,0,0,0,0,0,0,0,0,0,2,0,0
AT5G13120,0,0,0,0,0,0,0,0,0,0,0,1
AT5G13420,0,0,0,0,0,0,0,0,0,0,0,1
AT5G13530,0,0,0,0,0,0,0,0,0,3,0,0
AT1G04620,0,0,0,0,0,0,0,0,0,0,1,0
AT1G53780,0,0,0,0,0,0,0,1,0,0,0,0
AT1G76650,0,0,0,0,0,0,0,0,0,1,0,0
AT2G07040,0,0,0,0,0,0,0,0,0,0,0,1
AT3G09970,0,0,0,0,0,0,0,0,0,0,1,1
AT5G13680,0,0,0,0,0,0,0,0,0,13,0,0
AT5G14250,0,0,0,0,0,0,0,0,0,10,0,0
AT5G16070,0,0,0,0,0,0,0,0,0,4,0,0
AT5G17270,0,0,0,0,0,0,0,2,0,0,0,0
AT5G17320,0,0,0,0,0,0,0,0,0,5,0,0
AT5G18420,0,0,0,0,0,0,0,0,0,13,0,0
AT5G18580,0,0,0,0,0,0,0,0,0,3,0,0
AT5G19180,0,0,0,0,0,0,0,0,0,4,0,0
AT5G19485,0,0,0,0,0,0,0,0,0,2,0,0
AT5G20000,0,0,0,0,0,0,0,0,0,2,0,0
AT5G20490,0,0,0,0,0,0,0,0,0,5,0,0
AT5G20570,0,0,0,0,0,0,0,0,0,2,0,0
AT5G20630,0,0,0,0,0,0,0,0,0,1,0,1
AT5G21326,0,0,0,0,0,0,0,0,0,4,0,0
AT5G22780,0,0,0,0,0,0,0,0,0,17,0,0
AT5G23140,0,0,0,0,0,0,0,0,0,1,0,0
AT5G23580,0,0,0,0,0,0,0,0,0,1,0,0
AT5G24710,0,0,0,0,0,0,0,0,0,2,0,0
AT5G27640,0,0,0,0,0,0,0,0,0,2,0,1
AT5G26760,0,0,0,0,0,0,0,0,0,31,0,0
AT5G26830,0,0,0,0,0,0,0,0,0,3,0,0
AT5G27470,0,0,0,0,0,0,0,0,0,1,0,0
AT5G28850,0,0,0,0,0,0,0,0,0,3,0,0
AT5G35620,0,0,0,0,0,0,0,0,0,0,0,1
AT5G35980,0,0,0,0,0,0,0,0,0,1,0,0
AT5G37510,0,0,0,0,0,0,0,0,0,3,0,0
AT5G38770,0,0,0,0,0,0,0,0,0,1,0,0
AT5G42220,0,0,0,0,0,0,0,0,0,9,0,0
AT5G43900,0,0,0,0,0,0,0,0,0,4,0,0
AT5G44200,0,0,0,0,0,0,0,0,0,0,0,2
AT5G45620,0,0,0,0,0,0,0,0,0,4,0,0
AT5G46630,0,0,0,0,0,0,0,0,0,7,0,0
AT5G47040,0,0,0,0,0,0,0,0,0,3,0,0
AT5G50320,0,0,0,0,0,0,0,0,0,6,0,0
AT5G52640,0,0,0,0,0,0,0,0,0,13,0,0
AT5G52960,0,0,0,0,0,0,0,0,0,0,0,1
AT5G53000,0,0,0,0,0,0,0,0,0,4,0,0
AT5G53150,0,0,0,0,0,0,0,0,0,24,0,0
AT5G54440,0,0,0,0,0,0,0,0,0,3,0,0
AT5G54960,0,0,0,0,0,0,0,0,0,1,0,1
AT5G57870,0,0,0,0,0,0,0,1,0,3,0,2
AT5G58450,0,0,0,0,0,0,0,0,0,2,0,0
AT5G60540,0,0,0,0,0,0,0,0,0,2,0,0
AT5G65770,0,0,0,0,0,0,0,2,0,3,0,2
AT5G65840,0,0,0,0,0,0,0,0,0,3,0,1
AT5G65950,0,0,0,0,0,0,0,0,0,5,0,0
AT5G66590,0,0,0,0,0,0,0,0,0,0,0,1
ATCG00170,0,0,0,0,0,0,0,0,0,5,0,1
ATCG00180,0,0,0,0,0,0,0,0,0,4,0,0
ATCG00190,0,0,0,0,0,0,0,0,0,4,0,0
ATCG01300,0,0,0,0,0,0,0,0,0,1,0,0
ATMG00070,0,0,0,0,0,0,0,0,0,2,0,0
AT1G78400,0,0,0,0,0,0,1,1,0,0,0,0
AT2G36980,0,0,0,0,0,0,1,0,0,0,0,1
AT3G16620,0,0,0,0,0,0,1,0,0,0,0,0
AT3G21950,0,0,0,0,0,0,1,1,0,1,0,3
AT4G24020,0,0,0,0,0,0,1,0,0,1,0,0
AT5G39010,0,0,0,0,0,0,1,1,0,1,0,0
ATMG00510,0,0,0,0,0,0,0,0,0,3,0,1
AT1G01300,0,0,0,0,0,0,1,0,0,2,0,1
AT1G26110,0,0,0,0,0,0,1,1,0,0,0,1
AT1G26230,0,0,0,0,0,0,1,0,0,5,0,0
AT1G63810,0,0,0,0,0,0,1,0,0,0,0,1
AT1G64740,0,0,0,9108300,0,5434700,1,0,0,5,0,5
AT1G68560,0,0,0,0,0,0,1,0,0,2,0,1
AT2G20290,0,0,0,0,0,0,1,0,0,13,0,0
AT2G21940,0,0,0,0,0,0,1,1,0,0,0,0
AT2G47710,0,0,0,0,0,0,1,0,0,2,0,0
AT3G22790,0,0,0,0,0,0,1,0,0,1,0,0
AT3G24430,0,0,0,0,0,0,1,0,0,1,0,0
AT4G24550,0,0,0,0,0,0,1,1,0,3,0,2
AT4G36740,0,0,0,0,0,0,1,1,0,1,0,0
AT5G13050,0,0,0,0,0,0,1,2,0,1,0,1
AT5G28840,0,0,0,0,0,0,1,0,0,1,0,0
AT5G47930,0,0,0,0,0,0,1,0,0,1,0,0
AT5G52040,0,0,0,0,0,0,1,0,0,0,0,0
AT1G29965,0,0,0,0,0,0,2,0,0,0,0,0
