Protein,AT4G15180,AT4G151801,WT,WT
AT4G15180,279,384,0,0
AT1G48050,59,89,0,0
AT2G31320,31,59,0,0
AT1G71260,39,53,0,0
ATCG00190,34,53,0,0
AT3G04260,39,52,0,0
AT3G48500,39,49,0,0
AT1G48620,41,39,0,0
AT4G35800,30,39,0,0
ATCG00180,33,36,0,0
AT5G51590,32,34,0,0
AT1G61730,35,33,0,0
AT1G69200,30,33,0,0
AT1G74850,24,33,0,0
AT2G34640,30,32,0,0
AT1G21600,25,31,0,0
AT4G21710,23,28,0,0
AT4G20130,20,27,0,0
AT3G04590,26,26,0,0
AT5G28040,17,25,0,0
AT4G15570,10,24,0,0
AT1G63470,30,23,0,0
AT4G17950,21,23,0,0
AT5G45140,17,23,0,0
AT4G25210,39,22,0,0
AT5G60040,18,22,0,0
AT3G54090,17,22,0,0
AT5G54180,6,19,0,0
AT4G23800,21,18,0,0
AT3G20540,7,16,0,0
AT3G14890,0,16,0,0
AT1G52740,14,15,0,0
AT4G25320,6,15,0,0
AT2G33620,9,14,0,0
AT5G51100,7,14,0,0
AT3G12410,11,13,0,0
AT1G14900,10,13,0,0
AT3G61310,10,12,0,0
AT4G25180,7,12,0,0
AT2G06510,4,12,0,0
AT5G42080,2,12,0,0
AT3G18990,12,11,0,0
AT3G49000,8,11,0,0
AT3G22320,7,11,0,0
AT2G26550,5,11,0,0
AT1G60620,14,10,0,1
AT5G59870,11,10,0,0
ATCG00740,10,10,0,1
AT5G49530,6,10,0,0
AT5G24314,3,10,0,0
AT1G30680,8,9,0,1
AT2G35530,6,9,0,0
AT4G16130,0,9,0,0
AT5G02560,9,8,0,0
AT2G45850,8,8,0,0
AT3G04930,8,8,0,0
AT3G06730,4,8,0,0
AT5G23570,4,8,0,0
AT5G52840,2,8,0,0
AT2G40840,1,8,0,0
AT5G45620,0,8,0,0
AT4G00390,9,7,0,0
AT5G23310,9,7,0,0
AT5G46640,9,7,0,0
AT3G12460,6,7,0,0
AT4G31210,5,7,0,0
AT1G63480,4,7,0,0
AT3G60190,2,7,0,0
AT5G22010,2,7,0,0
AT1G78580,0,7,0,1
AT3G25810,0,7,0,0
AT4G28470,0,7,0,0
AT5G27670,9,6,0,0
AT3G23900,7,6,0,0
AT4G00200,7,6,0,0
AT1G55520,4,6,0,0
AT1G21690,2,6,0,0
AT1G72040,2,6,0,0
AT3G25800,1,6,0,0
AT4G26900,1,6,0,1
AT1G63810,0,6,0,1
AT3G24430,0,6,0,0
AT3G63460,0,6,0,2
AT4G18465,0,6,0,0
AT3G12480,6,5,0,0
AT4G12080,4,5,0,0
AT1G14830,3,5,0,0
AT1G59610,3,5,0,0
AT4G24800,3,5,0,2
AT2G27020,2,5,0,0
AT1G64520,1,5,0,0
AT1G01100,0,5,0,0
AT1G24360,0,5,0,0
AT1G43190,0,5,0,3
AT1G70320,0,5,0,0
AT3G06810,0,5,0,0
AT3G23810,0,5,0,0
AT4G19006,0,5,0,0
AT3G24170,5,4,0,0
AT3G29090,4,4,0,0
AT4G01590,4,4,0,0
AT5G07030,4,4,0,0
AT1G76180,3,4,0,2
AT2G32650,3,4,0,0
AT3G52170,3,4,0,0
AT1G06790,2,4,0,0
AT1G19520,2,4,0,0
AT1G75280,2,4,0,0
AT4G02930,2,4,0,3
AT4G17100,2,4,0,0
AT5G54160,2,4,0,1
AT1G04690,1,4,0,1
AT1G53850,1,4,0,0
AT1G62820,1,4,0,0
AT2G45640,1,4,0,0
AT4G09730,1,4,0,0
AT4G33400,1,4,0,0
AT1G05190,0,4,0,1
AT1G54270,0,4,0,1
AT1G62020,0,4,0,0
AT1G67660,0,4,0,0
AT3G02650,0,4,0,0
AT4G11380,0,4,0,0
AT4G11420,0,4,0,0
AT4G16390,0,4,0,0
AT4G20050,0,4,0,0
AT4G34215,0,4,0,0
AT5G02050,0,4,0,0
AT5G40040,0,4,0,0
AT5G42820,0,4,0,0
AT5G45300,0,4,0,0
AT5G54640,4,3,0,0
AT2G31390,4,3,0,0
AT3G12050,4,3,0,1
AT4G05420,4,3,0,1
AT1G01370,3,3,0,0
AT2G17280,3,3,0,1
AT3G09210,3,3,0,0
AT3G15610,3,3,0,0
AT3G08770,2,3,0,0
AT3G12580,2,3,0,2
AT1G07360,1,3,0,0
AT1G77470,1,3,0,0
AT2G03750,1,3,0,1
AT3G10610,1,3,0,1
AT4G28750,1,3,0,1
AT4G24550,1,3,0,2
AT5G16130,1,3,0,1
AT5G52890,1,3,0,0
AT1G10522,0,3,0,0
AT1G16150,0,3,0,0
AT1G16870,0,3,0,0
AT1G32500,0,3,0,1
AT1G48830,0,3,0,2
AT1G49480,0,3,0,0
AT1G50480,0,3,0,0
AT1G63160,0,3,0,0
AT1G64790,0,3,0,0
AT2G03820,0,3,0,0
AT2G04740,0,3,0,0
AT3G02200,0,3,0,0
AT3G23780,0,3,0,0
AT3G60600,0,3,0,0
AT4G02150,0,3,0,0
AT4G02390,0,3,0,0
AT4G04910,0,3,0,0
AT4G10840,0,3,0,0
AT5G12950,0,3,0,0
AT5G37020,0,3,0,0
AT5G39850,0,3,0,0
AT5G47010,0,3,0,0
AT5G50340,0,3,0,0
AT1G47250,5,2,0,0
AT3G55560,4,2,0,0
AT4G17830,4,2,0,0
AT2G34590,3,2,0,0
AT1G54250,3,2,0,0
AT4G03210,3,2,0,1
AT4G26630,3,2,0,0
AT5G23710,3,2,0,0
AT5G38470,3,2,0,2
AT5G61495,3,2,0,0
ATMG00070,3,2,0,0
AT1G12780,2,2,0,0
AT1G72260,2,2,0,2
AT2G38580,2,2,0,0
AT3G09480,2,2,0,0
AT3G13860,2,2,0,0
AT3G46580,2,2,0,0
AT4G10750,2,2,0,0
AT4G12960,2,2,0,0
AT4G36730,2,2,0,0
AT5G40200,2,2,0,0
AT1G09210,1,2,0,0
AT1G13060,1,2,0,0
AT1G79210,1,2,0,0
AT1G60000,1,2,0,0
AT1G65450,1,2,0,0
AT1G79870,1,2,0,0
AT2G05710,1,2,0,1
AT2G18510,1,2,0,1
AT2G36830,1,2,0,0
AT2G37340,1,2,0,0
AT2G40360,1,2,0,0
AT2G46140,1,2,0,0
AT3G10270,1,2,0,0
AT3G20670,1,2,0,0
AT3G55290,1,2,0,0
AT5G05920,1,2,0,1
AT5G41520,1,2,0,0
AT5G49980,1,2,0,0
AT1G08320,0,2,0,0
AT1G24260,0,2,0,0
AT1G25260,0,2,0,1
AT1G26380,0,2,0,0
AT1G27970,0,2,0,0
AT1G29880,0,2,0,0
AT1G29965,0,2,0,1
AT1G43690,0,2,0,0
AT1G51720,0,2,0,0
AT1G54220,0,2,0,0
AT1G62750,0,2,0,0
AT1G71040,0,2,0,0
AT1G72970,0,2,0,0
AT1G73100,0,2,0,0
AT1G74470,0,2,0,0
AT1G75780,0,2,0,0
AT1G79920,0,2,0,0
AT2G24210,0,2,0,0
AT2G30200,0,2,0,0
AT2G36870,0,2,0,0
AT3G01340,0,2,0,0
AT3G01390,0,2,0,0
AT3G02260,0,2,0,0
AT3G02720,0,2,0,0
AT3G03950,0,2,0,0
AT3G04600,0,2,0,0
AT3G05590,0,2,0,0
AT3G09100,0,2,0,0
AT3G18165,0,2,0,0
AT3G18580,0,2,0,0
AT3G18600,0,2,0,0
AT3G19820,0,2,0,0
AT3G22220,0,2,0,0
AT3G24480,0,2,0,0
AT3G28730,0,2,0,0
AT3G28830,0,2,0,0
AT3G29320,0,2,0,0
AT3G29630,0,2,0,0
AT3G43300,0,2,0,0
AT3G45640,0,2,0,0
AT3G58990,0,2,0,0
AT3G60370,0,2,0,1
AT3G60830,0,2,0,0
AT3G63250,0,2,0,0
AT4G10790,0,2,0,0
AT4G11220,0,2,0,0
AT4G15210,0,2,0,0
AT4G24770,0,2,0,0
AT4G25890,0,2,0,0
AT4G27500,0,2,0,0
AT4G28990,0,2,0,0
AT4G34050,0,2,0,0
AT5G04420,0,2,0,0
AT5G11490,0,2,0,0
AT5G14170,0,2,0,0
AT5G14910,0,2,0,0
AT5G19990,0,2,0,0
AT5G20280,0,2,0,0
AT5G21150,0,2,0,0
AT5G26830,0,2,0,0
AT5G27740,0,2,0,0
AT5G35430,0,2,0,0
AT5G44785,0,2,0,0
AT5G51970,0,2,0,0
AT5G53850,0,2,0,1
AT5G65760,0,2,0,0
AT1G23820,6,1,0,3
AT1G66850,4,1,0,0
AT3G16000,4,1,0,0
AT5G06910,4,1,0,0
AT1G53645,3,1,0,0
AT2G02850,3,1,0,1
AT4G18430,3,1,0,2
AT5G64200,3,1,0,1
AT2G17560,2,1,0,0
AT2G34170,2,1,0,0
AT3G13120,2,1,0,0
AT3G28956,2,1,0,0
AT3G52380,2,1,0,0
AT3G56090,2,1,0,1
AT4G28980,2,1,0,0
AT4G32460,2,1,0,0
AT1G08110,1,1,0,0
AT5G65360,1,1,0,0
AT1G11475,1,1,0,0
AT2G35635,1,1,0,0
AT1G52330,1,1,0,0
AT1G65260,1,1,0,0
AT2G16700,1,1,0,0
AT2G17340,1,1,0,0
AT2G21385,1,1,0,0
AT2G30870,1,1,0,0
AT2G47250,1,1,0,0
AT3G03780,1,1,0,0
AT3G16980,1,1,0,0
AT3G51840,1,1,0,0
AT3G53650,1,1,0,0
AT3G55620,1,1,0,1
AT4G21620,1,1,0,2
AT4G22770,1,1,0,0
AT4G27520,1,1,0,0
AT5G06060,1,1,0,0
AT5G16510,1,1,0,0
AT5G22650,1,1,0,0
AT5G23210,1,1,0,0
AT5G27120,1,1,0,1
AT5G55670,1,1,0,0
AT5G55920,1,1,0,1
AT1G02690,0,1,0,0
AT1G03900,0,1,0,0
AT1G04810,0,1,0,0
AT1G06850,0,1,0,0
AT1G08250,0,1,0,0
AT1G10200,0,1,0,1
AT1G11630,0,1,0,0
AT1G11660,0,1,0,0
AT1G13320,0,1,0,0
AT1G15130,0,1,0,0
AT1G15440,0,1,0,0
AT1G15470,0,1,0,0
AT1G15690,0,1,0,0
AT1G17220,0,1,0,0
AT1G73230,0,1,0,0
AT1G20340,0,1,0,0
AT1G22060,0,1,0,0
AT1G22920,0,1,0,0
AT1G23280,0,1,0,0
AT1G29260,0,1,0,0
AT1G29940,0,1,0,0
AT1G31150,0,1,0,0
AT1G41830,0,1,0,1
AT1G49670,0,1,0,0
AT1G51690,0,1,0,0
AT1G55090,0,1,0,0
AT1G60200,0,1,0,0
AT1G64510,0,1,0,1
AT1G64670,0,1,0,0
AT4G26300,0,1,0,0
AT1G67700,0,1,0,0
AT1G74150,0,1,0,0
AT1G76110,0,1,0,0
AT2G01350,0,1,0,0
AT2G18170,0,1,0,0
AT2G19940,0,1,0,0
AT2G24765,0,1,0,0
AT2G25170,0,1,0,0
AT2G32000,0,1,0,0
AT2G33040,0,1,0,0
AT2G35370,0,1,0,0
AT2G36250,0,1,0,0
AT2G37470,0,1,0,0
AT2G40030,0,1,0,0
AT2G45880,0,1,0,0
AT2G47450,0,1,0,2
AT3G02090,0,1,0,0
AT3G02480,0,1,0,0
AT3G02730,0,1,0,0
AT3G06350,0,1,0,0
AT3G07480,0,1,0,0
AT3G08947,0,1,0,0
AT3G10530,0,1,0,0
AT3G13350,0,1,0,0
AT3G13445,0,1,0,0
AT3G13990,0,1,0,0
AT3G15680,0,1,0,0
AT4G14800,0,1,0,0
AT3G25220,0,1,0,0
AT3G28760,0,1,0,0
AT3G29075,0,1,0,0
AT5G60360,0,1,0,0
AT5G59290,0,1,0,0
AT3G49240,0,1,0,0
AT3G53420,0,1,0,0
AT3G54960,0,1,0,1
AT3G55330,0,1,0,0
AT3G55630,0,1,0,0
AT3G58570,0,1,0,0
AT3G58730,0,1,0,0
AT3G61860,0,1,0,0
AT3G63410,0,1,0,0
AT4G00430,0,1,0,0
AT4G03020,0,1,0,0
AT4G12290,0,1,0,0
AT4G13780,0,1,0,0
AT4G17520,0,1,0,0
AT5G47200,0,1,0,0
AT4G17770,0,1,0,0
AT4G19210,0,1,0,0
AT4G20260,0,1,0,0
AT4G25050,0,1,0,0
AT4G28520,0,1,0,0
AT4G32930,0,1,0,0
AT4G34740,0,1,0,0
AT4G39520,0,1,0,1
AT5G01930,0,1,0,0
AT5G03420,0,1,0,0
AT5G09730,0,1,0,0
AT5G11330,0,1,0,0
AT5G12140,0,1,0,0
AT5G13680,0,1,0,0
AT5G14720,0,1,0,0
AT5G18525,0,1,0,0
AT5G21326,0,1,0,0
AT5G38830,0,1,0,0
AT5G40760,0,1,0,0
AT5G42390,0,1,0,0
AT5G47500,0,1,0,1
AT5G47700,0,1,0,0
AT5G47930,0,1,0,1
AT5G50870,0,1,0,0
AT5G53530,0,1,0,0
AT5G54750,0,1,0,0
AT5G57160,0,1,0,0
AT5G58590,0,1,0,0
AT5G60660,0,1,0,0
AT5G60990,0,1,0,0
AT5G63550,0,1,0,0
AT5G63890,0,1,0,1
AT5G63950,0,1,0,0
AT5G66120,0,1,0,0
ATCG00820,0,1,0,0
ATMG00560,0,1,0,0
AT2G45220,5,0,0,0
AT1G47970,3,0,0,1
AT4G16265,3,0,0,0
AT1G14210,2,0,0,0
AT1G63010,2,0,0,0
AT1G78850,2,0,0,0
AT2G33380,2,0,0,0
AT4G07950,2,0,0,0
AT4G20010,2,0,0,0
AT5G17270,2,0,0,0
AT5G46790,2,0,0,0
AT5G63860,2,0,0,0
AT2G30000,1,0,0,1
AT1G15200,1,0,0,0
AT1G35420,1,0,0,1
AT1G35580,1,0,0,1
AT1G67280,1,0,0,1
AT3G12250,1,0,0,0
AT1G80350,1,0,0,0
AT2G02100,1,0,0,0
AT2G21580,1,0,0,0
AT2G21940,1,0,0,0
AT2G28720,1,0,0,0
AT3G60250,1,0,0,0
AT3G28700,1,0,0,0
AT3G52090,1,0,0,0
AT3G61980,1,0,0,2
AT4G01120,1,0,0,0
AT4G08870,1,0,0,0
AT4G15233,1,0,0,0
AT4G37000,1,0,0,0
AT5G20995,1,0,0,0
AT5G28500,1,0,0,0
AT5G57330,1,0,0,0
AT5G59950,1,0,0,0
AT1G08190,0,0,0,0
AT1G24050,0,0,0,1
AT1G26550,0,0,0,1
AT1G50140,0,0,0,1
AT1G63770,0,0,0,0
AT5G37780,0,0,0,1
AT2G02160,0,0,0,2
AT2G14870,0,0,0,1
AT2G18100,0,0,0,0
AT2G18740,0,0,0,1
AT2G27880,0,0,0,0
AT2G27930,0,0,0,1
AT2G46610,0,0,0,1
AT3G02770,0,0,0,0
AT3G11310,0,0,0,1
AT3G25150,0,0,0,0
AT3G46010,0,0,0,1
AT4G13170,0,0,0,1
AT4G21660,0,0,0,1
AT4G35050,0,0,0,1
AT5G46100,0,0,0,1
AT5G60340,0,0,0,3
AT5G67280,0,0,0,1
ATCG00170,51,73,1,0
AT1G16970,39,59,1,0
AT1G63680,37,45,1,0
AT2G21390,0,21,1,2
AT1G36160,1,20,1,2
AT3G11964,0,17,1,0
AT1G68010,10,15,1,6
AT5G10980,15,11,1,2
AT2G18960,5,10,1,0
AT4G34450,0,10,1,0
AT3G52500,6,8,1,0
AT1G79690,5,8,1,2
AT4G29510,1,8,1,1
AT5G67320,1,8,1,0
AT3G14420,1,7,1,5
AT4G23630,1,7,1,0
AT5G04130,0,7,1,0
AT5G35590,5,6,1,2
AT5G63420,5,6,1,2
AT1G35720,4,6,1,1
AT4G35830,4,6,1,2
AT1G71840,3,6,1,0
AT3G02360,2,6,1,1
AT5G28850,2,6,1,1
AT5G47190,2,6,1,1
AT3G58140,1,6,1,2
AT5G35530,0,6,1,1
AT5G26570,16,5,1,0
AT1G04680,6,5,1,5
AT1G17290,4,5,1,3
AT2G20490,3,5,1,2
AT3G48730,3,5,1,3
ATCG00780,3,5,1,3
AT1G79550,2,5,1,1
AT4G11010,2,5,1,1
AT1G04530,1,5,1,1
AT1G80930,0,5,1,0
AT5G56350,0,5,1,0
AT4G39680,7,4,1,1
AT1G71310,4,4,1,0
AT4G12600,4,4,1,1
AT5G65780,4,4,1,1
AT3G28790,3,4,1,0
AT5G37720,3,4,1,0
AT1G26110,2,4,1,1
AT1G27090,2,4,1,1
AT2G24490,2,4,1,0
AT2G34160,2,4,1,2
AT2G42910,2,4,1,4
AT5G04590,2,4,1,0
AT5G07440,2,4,1,0
AT1G11840,1,4,1,0
AT4G24680,1,4,1,1
AT5G41770,1,4,1,0
AT1G05520,0,4,1,0
AT1G79340,0,4,1,3
AT2G47970,0,4,1,0
AT3G21140,0,4,1,0
AT4G38130,0,4,1,0
AT5G15490,0,4,1,0
ATMG00090,0,4,1,1
AT1G16610,5,3,1,0
AT1G59900,5,3,1,1
AT1G77180,4,3,1,1
AT5G10920,4,3,1,4
AT1G09340,2,3,1,2
AT1G53310,2,3,1,0
AT1G56450,2,3,1,1
AT1G66580,2,3,1,1
AT1G78680,2,3,1,1
AT3G02520,2,3,1,1
AT3G06720,2,3,1,3
AT3G10220,2,3,1,3
AT3G17820,2,3,1,0
AT3G26520,2,3,1,2
AT5G65620,2,3,1,1
AT1G52980,1,3,1,2
AT4G02080,1,3,1,1
AT1G64040,1,3,1,0
AT3G05070,1,3,1,1
AT3G48560,1,3,1,0
AT5G36700,1,3,1,0
AT5G46180,1,3,1,2
AT5G56290,1,3,1,0
AT5G62930,1,3,1,2
ATMG00510,1,3,1,0
AT1G04170,0,3,1,0
AT1G06720,0,3,1,2
AT2G18900,0,3,1,0
AT2G45440,0,3,1,0
AT3G06510,0,3,1,0
AT4G26870,0,3,1,0
AT4G27440,0,3,1,1
AT5G47210,0,3,1,2
AT4G11175,5,2,1,1
AT1G12010,3,2,1,2
AT2G22420,3,2,1,3
AT3G55460,3,2,1,3
AT3G60820,3,2,1,0
AT5G10010,3,2,1,1
AT1G18070,2,2,1,0
AT1G49430,2,2,1,1
AT1G70580,2,2,1,2
AT5G64990,2,2,1,0
AT3G14930,2,2,1,1
AT3G51000,2,2,1,1
AT4G17870,2,2,1,1
AT4G28080,2,2,1,2
AT4G30330,2,2,1,3
AT5G23940,2,2,1,0
AT1G17745,1,2,1,0
AT1G64230,1,2,1,2
AT3G23830,1,2,1,4
AT3G26420,1,2,1,1
AT3G42050,1,2,1,0
AT4G33220,1,2,1,1
AT3G53110,1,2,1,0
AT3G61430,1,2,1,0
AT4G02290,1,2,1,2
AT4G37870,1,2,1,0
AT5G08180,1,2,1,1
AT5G24770,1,2,1,1
AT5G64260,1,2,1,1
AT1G20950,0,2,1,0
AT2G37640,0,2,1,0
AT1G31230,0,2,1,0
AT1G45145,0,2,1,0
AT1G50670,0,2,1,0
AT1G80750,0,2,1,0
AT2G39770,0,2,1,0
AT5G59840,0,2,1,0
AT3G11930,0,2,1,1
AT3G13300,0,2,1,0
AT3G23840,0,2,1,0
AT3G27740,0,2,1,0
AT3G61820,0,2,1,0
AT4G04460,0,2,1,0
AT4G10340,0,2,1,0
AT4G14160,0,2,1,0
AT4G32840,0,2,1,0
AT4G34620,0,2,1,0
AT4G37510,0,2,1,0
AT4G39980,0,2,1,0
AT5G39320,0,2,1,0
AT5G43830,0,2,1,2
AT5G58490,0,2,1,0
AT5G64670,0,2,1,2
AT3G53990,4,1,1,1
AT4G11600,4,1,1,1
AT2G26080,3,1,1,1
AT2G34470,3,1,1,2
AT3G13570,3,1,1,3
AT3G26400,3,1,1,0
AT4G11060,3,1,1,0
AT4G15410,3,1,1,0
AT1G15270,2,1,1,0
AT1G18250,2,1,1,2
AT1G35310,2,1,1,0
AT1G56190,2,1,1,0
ATMG01270,2,1,1,0
AT2G20890,2,1,1,1
AT2G27860,2,1,1,1
AT2G35490,2,1,1,0
AT3G02780,2,1,1,2
AT3G07030,2,1,1,2
AT3G16950,2,1,1,2
AT3G49160,2,1,1,1
AT4G02430,2,1,1,2
AT4G14880,2,1,1,2
AT4G24780,2,1,1,0
AT5G06290,2,1,1,0
AT5G16400,2,1,1,1
AT5G22040,2,1,1,4
AT5G48375,2,1,1,2
AT5G48480,2,1,1,1
AT1G04750,1,1,1,0
AT1G07750,1,1,1,1
AT4G09570,1,1,1,1
AT5G54760,1,1,1,2
AT2G28355,1,1,1,1
AT2G36130,1,1,1,2
AT2G37020,1,1,1,1
AT2G45600,1,1,1,0
AT2G46070,1,1,1,1
AT5G03850,1,1,1,1
AT3G11510,1,1,1,1
AT3G12290,1,1,1,0
AT3G14600,1,1,1,1
AT3G51260,1,1,1,0
AT3G51600,1,1,1,1
AT3G62460,1,1,1,0
AT4G00100,1,1,1,1
AT4G02840,1,1,1,2
AT4G13850,1,1,1,2
AT4G30800,1,1,1,1
AT4G31340,1,1,1,0
AT5G05270,1,1,1,0
AT5G11670,1,1,1,0
AT5G14920,1,1,1,1
AT5G27700,1,1,1,1
AT5G45390,1,1,1,0
AT5G56010,1,1,1,0
AT5G58420,1,1,1,1
AT5G64570,1,1,1,0
AT1G02050,0,1,1,1
AT1G21540,0,1,1,0
AT1G69940,0,1,1,0
AT1G79050,0,1,1,0
AT1G80380,0,1,1,0
AT2G13540,0,1,1,1
AT2G18040,0,1,1,1
AT2G19490,0,1,1,0
AT2G24590,0,1,1,2
AT2G33410,0,1,1,1
AT2G34040,0,1,1,0
AT2G34730,0,1,1,0
AT2G34810,0,1,1,1
AT2G35840,0,1,1,0
AT2G43710,0,1,1,0
AT2G43910,0,1,1,0
AT2G44530,0,1,1,3
AT2G47410,0,1,1,0
AT3G01980,0,1,1,0
AT3G15190,0,1,1,0
AT3G16810,0,1,1,0
AT3G23450,0,1,1,1
AT3G27530,0,1,1,0
AT3G44340,0,1,1,0
AT3G50670,0,1,1,2
AT3G53900,0,1,1,0
AT3G56150,0,1,1,0
AT4G21650,0,1,1,0
AT4G27690,0,1,1,1
AT4G32520,0,1,1,0
AT4G35420,0,1,1,0
AT5G06360,0,1,1,1
AT5G19150,0,1,1,1
AT5G19370,0,1,1,1
AT5G64420,0,1,1,0
AT5G64730,0,1,1,1
AT5G65020,0,1,1,0
ATCG00670,0,1,1,0
AT3G55140,4,0,1,0
AT4G21110,3,0,1,2
AT1G16800,2,0,1,1
AT4G09420,3,2,3,2
AT3G12490,2,0,1,0
AT5G15230,2,0,1,1
AT1G01050,1,0,1,1
AT1G08500,1,0,1,1
AT1G09140,1,0,1,2
AT2G02760,1,0,1,0
AT1G14650,1,0,1,0
AT1G21380,1,0,1,0
AT1G74670,1,0,1,0
AT1G78150,1,0,1,1
AT2G04690,1,0,1,3
AT2G25080,1,0,1,0
AT2G36620,1,0,1,2
AT2G45470,1,0,1,1
AT3G07390,1,0,1,0
AT3G11200,1,0,1,2
AT3G46940,1,0,1,0
AT3G47810,1,0,1,0
AT3G48420,1,0,1,0
AT4G10230,1,0,1,1
AT4G16060,1,0,1,0
AT4G22140,1,0,1,1
AT4G34850,1,0,1,4
AT5G64370,1,0,1,1
AT1G02140,0,0,1,1
AT1G12520,0,0,1,0
AT1G25490,0,0,1,0
AT1G29350,0,0,1,0
AT1G69510,0,0,1,0
AT1G74690,0,0,1,0
AT2G22240,0,0,1,0
AT2G28290,0,0,1,0
AT2G31425,0,0,1,0
AT2G38730,0,0,1,0
AT2G42370,0,0,1,0
AT2G45820,0,0,1,0
AT3G02180,0,0,1,2
AT3G04610,0,0,1,0
AT3G15980,0,0,1,0
AT3G16400,0,0,1,0
AT4G14320,0,0,1,1
AT3G23700,0,0,1,0
AT3G44600,0,0,1,0
AT3G48000,0,0,1,0
AT3G48690,0,0,1,0
AT3G52140,0,0,1,0
AT3G52640,0,0,1,1
AT3G56070,0,0,1,0
AT3G58660,0,0,1,0
AT3G63170,0,0,1,0
AT4G00360,0,0,1,0
AT4G20460,0,0,1,0
AT4G26760,0,0,1,1
AT5G20630,0,0,1,1
AT5G52640,0,0,1,0
AT5G53820,0,0,1,1
AT5G54900,0,0,1,2
AT5G58240,0,0,1,0
AT5G59390,0,0,1,1
AT5G61605,0,0,1,0
AT5G62350,0,0,1,0
AT5G65560,0,0,1,0
AT3G10690,15,35,2,1
AT1G68560,11,22,2,4
AT2G38770,4,17,2,1
AT1G54690,22,16,2,2
AT5G60980,14,14,2,0
AT1G20200,2,14,2,3
AT1G48610,15,13,2,2
AT1G11910,4,10,2,2
AT1G09620,1,10,2,0
AT3G42170,0,10,2,2
AT3G11830,6,9,2,2
AT5G61780,1,9,2,1
AT3G06850,5,8,2,1
AT5G02960,4,8,2,4
AT1G50370,3,8,2,1
AT2G19540,2,7,2,3
AT1G65930,1,7,2,0
AT3G54930,1,7,2,1
AT5G13650,0,7,2,1
AT2G19770,5,6,2,4
AT1G10670,3,6,2,3
AT5G62200,3,6,2,4
AT3G50000,1,6,2,0
AT1G63660,0,6,2,0
AT5G27640,0,6,2,0
AT4G29350,7,5,2,8
AT1G18500,5,5,2,1
AT4G08950,5,5,2,4
AT5G65430,4,5,2,4
AT2G43160,3,5,2,1
AT2G45960,3,5,2,2
AT1G41880,2,5,2,1
AT1G52040,2,5,2,1
AT5G21274,2,5,2,2
AT3G51800,2,5,2,0
AT5G59890,2,5,2,5
AT3G20050,1,5,2,0
AT3G52880,1,5,2,0
AT5G57890,1,5,2,2
AT5G01600,0,5,2,2
AT2G03850,7,4,2,6
AT2G46280,3,4,2,2
AT5G38430,3,4,2,4
AT1G75350,2,4,2,3
AT2G30050,2,4,2,1
AT3G12800,2,4,2,2
AT3G54470,2,4,2,0
AT5G42980,2,4,2,3
AT1G50010,1,4,2,2
AT1G10370,1,4,2,0
AT3G52990,1,4,2,0
AT4G36690,1,4,2,1
AT3G14790,0,4,2,1
AT5G66420,0,4,2,1
AT4G29410,6,3,2,2
AT4G34870,6,3,2,4
AT3G60245,5,3,2,1
AT4G24620,4,3,2,3
AT4G31300,4,3,2,2
AT1G12050,3,3,2,3
AT1G18450,3,3,2,1
AT1G70200,3,3,2,5
AT1G79850,3,3,2,2
AT3G22200,3,3,2,2
AT3G54050,3,3,2,2
AT5G64350,3,3,2,1
AT1G32990,2,3,2,1
AT2G36390,2,3,2,1
AT3G04790,2,3,2,1
AT3G07590,2,3,2,1
AT3G17020,2,3,2,1
AT4G36680,2,3,2,2
AT5G13520,2,3,2,1
AT5G55730,2,3,2,1
AT5G65750,2,3,2,0
AT1G05720,1,3,2,1
AT1G63940,1,3,2,0
AT3G07770,1,3,2,1
AT3G53870,1,3,2,1
AT4G11820,1,3,2,2
AT5G28050,1,3,2,3
AT5G52650,1,3,2,0
AT5G52820,1,3,2,2
AT5G58230,1,3,2,1
ATCG00470,1,3,2,0
AT1G64740,0,3,2,0
AT2G04842,0,3,2,0
AT3G01450,0,3,2,4
AT3G55700,0,3,2,1
AT4G02510,0,3,2,1
AT4G22930,0,3,2,0
AT5G45950,0,3,2,0
AT2G47610,5,2,2,3
AT1G04270,4,2,2,1
AT1G07440,4,2,2,2
AT2G27810,3,2,2,1
AT2G38270,3,2,2,1
AT2G43550,3,2,2,3
AT3G22230,3,2,2,1
AT5G04740,3,2,2,1
AT5G18100,3,2,2,6
AT5G22440,3,2,2,3
AT2G15820,2,2,2,1
AT2G38540,2,2,2,1
AT3G10740,2,2,2,0
AT3G13580,2,2,2,2
AT3G44300,2,2,2,2
AT3G53460,2,2,2,3
AT4G01310,2,2,2,3
ATMG00080,2,2,2,2
AT1G10840,1,2,2,1
AT1G14510,1,2,2,2
AT1G43670,1,2,2,1
AT1G61250,1,2,2,1
AT1G66260,1,2,2,0
AT1G75270,1,2,2,2
AT3G12110,1,2,2,0
AT3G13200,1,2,2,3
AT3G17940,1,2,2,0
AT3G19390,1,2,2,0
AT3G52180,1,2,2,1
AT3G56910,1,2,2,1
AT4G02230,1,2,2,1
AT5G14520,1,2,2,3
AT5G15110,1,2,2,0
AT5G55000,1,2,2,3
AT5G58330,1,2,2,1
AT5G64140,1,2,2,1
AT1G12920,0,2,2,0
AT1G32050,0,2,2,0
AT1G53280,0,2,2,0
AT1G54560,0,2,2,0
AT1G62940,0,2,2,0
AT2G43790,0,2,2,1
AT2G47240,0,2,2,0
AT3G06860,0,2,2,0
AT3G21540,0,2,2,0
AT4G25730,0,2,2,1
AT5G25757,0,2,2,0
AT5G64270,0,2,2,0
AT4G25590,4,1,2,1
AT5G07470,4,1,2,4
AT2G30970,3,1,2,1
AT4G14570,3,1,2,2
AT4G22240,3,1,2,0
AT5G14030,3,1,2,2
AT5G15650,3,1,2,1
AT5G44710,3,1,2,0
AT1G12230,2,1,2,4
AT1G15340,2,1,2,1
AT1G33680,2,1,2,2
AT1G69620,2,1,2,1
AT2G10940,2,1,2,1
AT5G02450,2,1,2,4
AT5G18400,2,1,2,0
AT1G09070,1,1,2,0
AT1G30630,1,1,2,1
AT1G48860,1,1,2,0
AT2G26060,1,1,2,1
AT2G39390,1,1,2,1
AT2G47470,1,1,2,0
AT3G28900,1,1,2,1
AT3G59990,1,1,2,1
AT4G00270,1,1,2,2
AT5G24165,1,1,2,1
AT5G52960,1,1,2,0
AT2G24050,2,3,3,0
AT3G21950,2,4,1,1
ATCG00330,1,1,2,1
AT1G06290,0,1,2,2
AT1G13930,0,1,2,0
AT1G14610,0,1,2,0
AT1G26620,0,1,2,2
AT2G24420,0,1,2,0
AT3G12700,0,1,2,0
AT3G13235,0,1,2,0
AT3G23620,0,1,2,1
AT3G25050,0,1,2,1
AT3G55360,0,1,2,0
AT5G13780,0,1,2,3
AT5G16450,0,1,2,1
AT5G36210,0,1,2,2
AT5G44200,0,1,2,0
AT2G41500,4,0,2,0
AT4G22670,3,0,2,0
AT5G09660,3,0,2,2
AT2G21980,2,0,2,0
AT3G13470,2,0,2,1
AT4G13230,2,0,2,0
AT1G11360,1,0,2,0
AT2G14260,1,0,2,1
AT2G14285,1,0,2,1
AT2G26210,1,0,2,0
AT4G28730,1,0,2,0
AT5G42190,1,0,2,0
AT5G54430,1,0,2,0
AT5G60640,1,0,2,1
AT1G04110,0,0,2,0
AT1G10590,0,0,2,0
AT1G13020,0,0,2,1
AT1G16030,0,0,2,1
AT1G69410,0,0,2,1
AT4G12700,0,0,2,0
AT2G20450,0,0,2,0
AT3G12915,0,0,2,0
AT3G18130,0,0,2,0
AT3G42790,0,0,2,1
AT3G52300,0,0,2,0
AT4G02425,0,0,2,1
AT4G23500,0,0,2,0
AT4G34150,0,0,2,0
AT4G36020,0,0,2,0
AT5G13530,0,0,2,0
AT5G16390,0,0,2,0
AT5G16710,0,0,2,0
AT5G20500,0,0,2,0
AT5G21222,0,0,2,0
AT5G35753,0,0,2,0
AT5G39740,0,0,2,0
AT5G58470,0,0,2,0
AT5G62190,0,0,2,2
AT3G59770,0,25,3,4
AT3G18035,18,22,3,1
AT3G46970,8,18,3,3
AT2G41475,12,12,3,6
AT2G15430,11,11,3,0
AT3G05060,6,11,3,7
AT2G32730,2,11,3,0
AT5G28740,4,9,3,1
AT4G31490,2,9,3,1
AT5G28840,2,9,3,1
AT1G20440,9,8,3,3
AT1G04510,3,8,3,3
AT4G00570,3,8,3,4
AT3G11130,2,8,3,1
AT3G55220,7,7,3,6
AT5G03300,7,7,3,8
AT1G07140,6,7,3,3
AT4G00490,3,7,3,3
AT3G18190,2,7,3,2
AT4G13430,1,7,3,2
AT1G02813,6,6,3,4
AT3G12490,6,6,3,3
AT3G18060,6,6,3,4
AT1G61580,4,6,3,1
AT2G33210,4,6,3,2
AT5G48810,4,6,3,0
ATCG00770,4,6,3,3
AT3G57610,3,6,3,3
AT2G30110,2,6,3,2
AT4G25500,2,6,3,1
AT5G05010,2,6,3,0
AT5G12250,0,6,3,2
AT5G53560,0,6,3,0
AT1G31080,7,5,3,3
AT2G29320,5,5,3,1
AT2G42590,4,5,3,3
AT5G12940,4,5,3,4
AT1G48630,3,5,3,4
AT4G24130,3,5,3,0
AT5G22330,3,5,3,0
AT2G27720,1,5,3,0
AT2G45810,1,5,3,0
AT4G34200,1,5,3,2
AT5G03650,1,5,3,0
AT2G20060,0,5,3,1
AT3G18000,0,5,3,3
AT3G06050,6,4,3,3
AT3G03250,5,4,3,1
AT5G24400,5,4,3,4
AT5G44340,5,4,3,5
AT3G53890,4,4,3,2
AT5G59810,4,4,3,4
AT2G17870,2,4,3,2
AT3G13460,2,4,3,4
AT4G04640,2,4,3,0
AT5G20950,2,4,3,1
AT5G23860,1,4,3,3
AT3G47520,6,3,3,3
AT2G37220,5,3,3,3
AT3G04920,4,3,3,3
AT5G28540,4,3,3,2
AT5G48180,4,3,3,3
AT1G20580,3,3,3,3
AT3G09500,3,3,3,2
AT3G14040,3,3,3,0
AT4G05180,3,3,3,4
AT2G23930,2,3,3,5
AT2G38400,2,3,3,1
AT4G04020,2,3,3,1
AT4G15900,2,3,3,2
AT4G21860,2,3,3,1
AT5G60960,2,3,3,1
AT3G05420,1,2,2,1
AT5G61170,1,3,3,1
AT3G52200,1,3,3,1
AT2G17130,0,3,3,0
AT3G57410,0,3,3,0
AT5G03470,0,3,3,3
AT2G03680,3,2,3,1
AT2G19730,3,2,3,2
AT2G25970,3,2,3,0
AT3G17810,3,2,3,1
AT2G28950,2,2,3,1
AT2G30060,2,2,3,2
AT3G59540,2,2,3,2
AT3G18490,2,2,3,1
AT3G18790,2,2,3,1
AT3G22890,2,2,3,0
AT5G62300,2,2,3,3
AT3G62030,2,2,3,2
AT5G48230,2,2,3,2
AT1G09760,1,2,3,2
AT1G22410,1,2,3,0
ATMG00290,1,2,3,1
AT2G37600,1,2,3,2
AT3G05560,1,2,3,3
AT3G21055,1,2,3,2
AT4G23680,1,2,3,1
AT5G51550,1,2,3,1
AT1G74960,0,2,3,0
AT2G16190,3,1,3,5
AT4G29060,3,1,3,2
AT4G31810,3,1,3,0
AT5G48760,3,1,3,1
AT1G16350,2,1,3,3
AT1G32580,2,1,3,2
AT2G41790,2,1,3,2
AT2G47580,2,1,3,2
AT3G09980,2,1,3,3
AT3G47650,2,1,3,3
AT5G59320,2,1,3,1
AT3G11770,1,1,3,2
AT3G13160,1,1,3,1
AT3G53580,1,1,3,1
AT3G58110,1,1,3,2
AT4G30160,1,1,3,0
AT4G39860,1,1,3,2
AT5G04280,1,1,3,4
ATCG00540,1,1,3,0
AT1G50200,0,1,3,0
AT3G18240,0,1,3,1
AT5G13850,0,1,3,2
AT5G13930,0,1,3,0
AT5G47910,0,1,3,1
AT4G13340,3,0,3,1
AT2G32060,2,0,3,2
AT1G21350,0,0,3,0
AT1G47980,0,0,3,1
AT2G25300,0,0,3,0
AT4G08900,0,0,3,1
AT4G34490,0,0,3,0
AT5G16240,0,0,3,0
AT5G40270,0,0,3,2
AT3G28500,12,19,4,2
AT1G76010,7,15,4,3
AT1G29150,3,13,4,4
AT3G04400,15,11,4,18
AT3G03570,2,11,4,4
AT1G24510,1,11,4,1
AT2G19520,11,10,4,8
AT2G28190,5,10,4,8
AT3G19760,1,10,4,1
AT1G65150,0,10,4,0
AT1G56580,12,8,4,1
AT4G08390,12,8,4,10
AT1G35160,6,8,4,4
AT5G49650,3,8,4,2
AT4G39330,0,8,4,0
AT3G55760,9,7,4,5
AT3G14310,8,7,4,5
AT4G38740,7,7,4,8
AT2G41740,3,7,4,1
AT3G57890,2,7,4,1
AT5G06600,1,7,4,2
AT4G22010,0,7,4,2
AT1G11650,6,6,4,5
AT1G13280,6,6,4,3
AT5G16440,6,6,4,6
AT1G10580,4,6,4,5
AT3G14100,3,6,4,2
AT5G23740,3,6,4,5
AT4G35100,2,6,4,2
AT5G57870,1,6,4,1
AT1G06410,0,6,4,0
AT1G12840,0,6,4,2
AT3G22330,0,6,4,3
AT3G45190,0,6,4,0
AT2G21330,7,5,4,3
AT2G44350,7,5,4,3
AT4G39200,4,5,4,3
AT3G63490,4,5,4,5
AT4G24510,4,5,4,3
AT5G43060,4,5,4,3
AT2G21170,3,5,4,1
AT3G49601,3,5,4,4
AT4G30930,3,5,4,4
AT5G05780,3,5,4,5
AT1G65980,2,5,4,1
AT2G17420,2,5,4,6
AT1G06000,6,4,4,3
AT1G08200,6,4,4,7
AT2G36160,5,4,4,6
AT3G55120,5,4,4,2
AT5G62270,4,4,4,5
AT2G40300,3,4,4,1
AT4G03120,3,4,4,4
AT4G16500,3,4,4,2
AT4G23100,3,4,4,2
AT5G59880,3,4,4,4
AT4G26530,2,4,4,0
AT5G01410,2,4,4,3
AT5G23900,2,4,4,3
AT1G62640,1,4,4,0
AT2G29310,1,4,4,1
AT3G61240,1,4,4,1
AT5G20920,0,4,4,0
AT1G14810,6,3,4,5
AT1G32200,5,3,4,3
AT2G30860,5,3,4,1
AT3G62840,5,3,4,3
AT3G10850,3,3,4,2
AT4G37930,3,3,4,0
AT5G52200,3,3,4,3
AT1G07320,2,3,4,4
AT2G33150,2,3,4,1
AT5G23540,2,3,4,1
AT1G75950,1,3,4,3
AT2G24200,1,3,4,1
AT4G24190,1,3,4,0
AT5G10240,1,3,4,0
AT5G63840,1,3,4,1
AT2G44160,0,3,4,0
AT3G16080,6,2,4,3
AT5G12110,6,2,4,1
AT4G18040,4,2,4,3
AT2G34420,3,2,4,1
AT3G18110,3,2,4,4
AT5G34850,3,2,4,1
AT1G03130,2,2,4,0
AT2G37660,2,2,4,2
AT4G13560,2,2,4,1
AT5G24520,2,2,4,5
AT1G66430,1,2,4,0
AT5G46430,1,2,4,0
AT1G49760,0,2,4,1
AT3G02760,0,2,4,1
AT2G03440,3,1,4,3
AT3G21750,2,1,4,0
AT5G45930,2,1,4,3
AT1G07790,1,1,4,1
AT1G35780,1,1,4,1
AT3G56240,1,1,4,0
AT5G04360,1,1,4,0
AT1G13270,0,1,4,1
AT5G13510,3,0,4,1
AT3G53260,2,0,4,0
AT2G20420,0,0,4,0
AT4G01850,0,0,4,2
AT5G43330,0,0,4,1
AT3G23990,17,21,5,3
AT1G14410,13,18,5,2
AT4G27090,7,17,5,3
AT5G67630,10,15,5,7
AT1G06230,1,0,0,0
AT1G80050,1,1,0,0
AT3G08740,1,0,0,0
AT3G16620,1,1,2,1
AT3G18524,1,0,1,0
AT5G19310,1,0,0,0
AT5G46160,1,1,0,2
AT5G58770,1,4,3,1
AT5G04140,8,14,5,3
AT1G71220,2,13,5,2
AT2G38230,7,12,5,3
AT5G49460,4,12,5,2
AT2G41530,12,10,5,10
AT4G10480,4,10,5,5
AT3G26060,10,9,5,7
AT5G13420,8,9,5,3
AT3G57560,7,9,5,6
AT1G20220,6,9,5,5
AT1G45000,4,9,5,2
AT4G13930,4,9,5,2
AT3G22960,1,9,5,4
AT2G40060,8,8,5,8
AT5G02530,8,8,5,13
ATCG00660,8,8,5,7
AT1G03475,4,8,5,5
AT4G26110,4,8,5,3
AT2G13560,2,8,5,4
AT2G06850,6,7,5,4
AT3G02530,5,7,5,6
AT3G60300,4,7,5,4
ATMG01190,2,7,5,3
AT2G37230,2,7,5,1
AT5G50920,1,7,5,1
AT5G09440,10,6,5,6
AT1G74970,7,6,5,5
AT5G61410,4,6,5,4
AT2G45710,2,6,5,4
AT3G21110,2,6,5,3
AT1G60710,7,5,5,2
AT4G26840,7,5,5,6
AT2G19760,5,5,5,7
AT4G36740,5,5,5,7
AT5G43990,5,5,5,3
AT1G17100,4,5,5,4
AT1G79280,4,5,5,2
AT3G16520,4,5,5,4
AT3G59480,4,5,5,3
AT4G24820,4,5,5,2
AT1G70830,3,5,5,3
AT1G80480,2,5,5,5
AT2G42520,2,5,5,2
AT2G43750,2,5,5,3
AT3G14990,2,5,5,4
AT1G05460,1,5,5,3
AT2G33800,1,5,5,3
AT5G03290,1,5,5,5
AT4G13770,8,4,5,5
AT4G39260,6,4,5,6
ATCG00750,6,4,5,7
AT4G04950,5,4,5,3
AT4G31580,4,4,5,3
AT5G22580,4,4,5,4
AT5G67360,4,4,5,3
AT5G59160,3,4,5,5
AT3G03920,2,4,5,4
AT3G52560,2,4,5,1
AT3G19170,0,4,5,4
AT1G29370,4,3,5,2
AT4G39880,3,3,5,4
AT5G11520,3,3,5,2
AT1G06680,2,3,5,6
AT1G78380,2,3,5,1
AT4G09010,2,3,5,2
AT4G15790,2,3,5,3
AT1G74030,1,3,5,1
AT4G34110,1,3,5,2
AT1G15930,5,2,5,2
AT5G47690,5,2,5,4
AT5G47770,4,2,5,2
AT5G55220,4,2,5,1
AT1G51510,3,2,5,4
AT1G79440,3,2,5,4
AT2G43530,3,2,5,4
AT2G44040,3,2,5,2
AT1G64980,1,2,5,2
AT3G46520,1,2,5,0
AT5G08280,1,2,5,1
AT4G31180,0,2,5,5
AT5G04430,0,2,5,3
AT5G25460,4,1,5,4
AT1G06760,1,1,5,4
AT3G07050,1,1,5,2
AT5G64040,4,0,5,4
AT5G07530,0,0,5,0
AT2G02740,23,25,6,1
AT5G19780,7,21,6,6
AT2G44060,6,13,6,5
AT3G25520,6,13,6,8
AT1G50920,3,13,6,7
AT4G09800,2,13,6,4
AT3G16470,8,12,6,7
AT1G52360,4,12,6,2
AT3G55750,6,11,6,4
AT5G35980,0,11,6,0
AT1G18540,6,10,6,7
AT3G57150,5,10,6,10
AT3G14240,8,9,6,2
AT2G33340,3,9,6,8
AT5G07410,3,9,6,3
AT2G19480,10,8,6,1
AT5G44500,10,8,6,8
AT1G70310,9,8,6,5
AT5G02490,8,8,6,3
AT3G53430,6,8,6,6
AT5G20720,5,8,6,7
AT4G17190,3,8,6,3
AT3G15000,10,7,6,10
AT2G16600,7,7,6,10
AT5G46290,6,7,6,5
AT2G28470,5,7,6,2
AT1G26880,5,6,6,10
AT1G48600,4,6,6,3
AT5G35680,4,6,6,5
AT1G17720,3,6,6,7
AT3G54210,6,5,6,5
AT2G24940,4,5,6,4
AT2G45300,4,5,6,0
AT1G53240,3,5,6,2
AT3G53030,3,5,6,6
AT5G50850,6,4,6,4
AT1G77940,5,4,6,3
AT4G18480,5,4,6,6
AT1G75930,4,4,6,8
AT1G12900,3,4,6,2
AT5G02240,3,4,6,5
AT3G11400,2,4,6,0
AT5G66760,2,4,6,1
AT5G48880,1,4,6,3
AT5G19550,10,3,6,3
ATCG00810,9,3,6,7
AT3G46000,4,3,6,5
AT1G20630,2,3,6,4
AT2G43090,2,3,6,4
AT3G60240,2,3,6,2
AT5G14740,2,3,6,2
AT1G23740,5,2,6,5
AT4G28000,1,2,6,6
AT1G49600,2,1,6,1
AT1G79530,0,1,6,4
AT3G13490,12,30,7,10
AT5G20830,7,24,7,3
AT3G11910,5,22,7,8
AT2G24270,14,16,7,14
AT5G45775,15,15,7,5
AT4G35090,14,13,7,7
AT5G20890,3,13,7,8
AT1G30580,7,11,7,4
AT1G35680,6,11,7,7
AT5G14670,1,11,7,3
AT3G13930,12,10,7,15
AT1G56110,9,10,7,10
AT3G53740,9,10,7,6
AT2G20760,8,9,7,5
AT1G20010,6,9,7,6
AT5G57290,10,8,7,5
AT1G76030,8,8,7,0
ATCG00160,8,8,7,6
AT4G34360,5,8,7,6
AT5G62790,3,8,7,7
ATCG00800,3,8,7,6
AT4G38630,9,7,7,6
AT1G32060,8,7,7,8
AT3G05850,2,7,7,2
AT2G43770,9,6,7,7
AT5G49910,8,6,7,7
AT1G09770,7,6,7,10
AT5G43940,6,6,7,5
AT2G23350,5,6,7,2
AT3G58610,0,6,7,2
AT4G23670,5,5,7,4
AT5G14240,5,5,7,9
AT5G43960,4,5,7,5
AT1G30620,2,5,7,2
AT2G13360,1,5,7,7
AT3G49680,6,4,7,3
AT3G27850,5,4,7,2
AT2G27040,4,4,7,2
ATCG01060,2,4,7,4
AT4G27000,8,3,7,4
AT5G65720,3,3,7,2
AT2G36460,2,3,7,4
AT2G47710,2,3,7,2
AT5G02810,1,3,7,4
AT3G02230,5,1,7,3
AT4G39660,9,21,8,10
AT5G20000,10,20,8,3
AT3G29360,8,18,8,6
AT2G28790,15,17,8,14
AT4G23920,12,15,8,2
AT1G78900,6,15,8,2
AT1G79930,6,15,8,2
AT4G23600,7,14,8,4
AT4G00660,3,14,8,8
AT2G39800,1,14,8,2
AT3G07010,12,13,8,7
AT2G27710,8,13,8,12
AT1G48920,9,12,8,10
AT1G67430,11,11,8,7
AT3G51240,4,11,8,7
AT4G25130,8,10,8,5
ATCG01240,5,10,8,11
AT2G01140,8,9,8,6
AT1G09310,12,8,8,9
AT2G05990,10,8,8,11
AT1G75940,8,8,8,11
AT1G78300,6,8,8,8
AT3G44110,5,8,8,3
AT1G73380,1,8,8,4
AT3G02110,7,7,8,6
AT5G66570,6,7,8,7
AT1G19570,4,7,8,7
AT4G29340,8,6,8,4
AT2G16780,11,5,8,10
AT1G06260,6,5,8,5
AT2G30620,5,5,8,7
AT4G09020,5,5,8,4
AT5G48300,4,5,8,5
AT1G11100,9,4,8,3
AT2G21060,5,4,8,6
AT3G63095,5,4,8,3
AT5G28060,5,4,8,12
AT1G20450,3,4,8,5
AT4G13400,2,4,8,5
AT3G16780,1,4,8,4
AT1G75910,3,3,8,5
AT3G52960,2,3,8,3
AT1G12000,0,3,8,0
AT5G40370,6,2,8,7
AT1G80070,3,40,9,4
AT1G53750,5,21,9,5
AT3G60770,13,20,9,9
AT5G10450,20,18,9,8
AT3G58510,2,17,9,7
AT1G78570,1,17,9,3
AT4G21280,11,14,9,14
AT5G60790,8,14,9,5
AT1G15750,1,14,9,6
AT3G59970,5,13,9,7
AT3G53750,4,13,9,8
AT1G65960,2,13,9,3
AT1G80410,2,12,9,5
AT2G27530,13,11,9,14
AT5G48900,11,11,9,4
AT1G47128,10,11,9,12
AT5G55070,9,11,9,5
AT1G62380,3,11,9,2
AT4G18100,13,10,9,11
AT5G08690,10,10,9,5
AT5G09900,8,10,9,7
AT3G07110,6,10,9,9
AT1G02780,4,10,9,8
AT3G12780,11,9,9,8
AT1G09690,9,9,9,9
ATCG00790,10,8,9,11
AT3G16640,8,8,9,6
AT4G36130,8,8,9,5
AT5G52470,7,7,9,5
AT3G03530,6,6,9,6
AT3G06580,1,6,9,2
AT2G47730,2,5,9,3
AT4G01290,5,3,9,3
AT5G19960,2,2,9,8
AT3G25230,6,1,9,1
AT2G29550,10,28,10,7
AT3G52580,12,17,10,12
AT3G03960,9,17,10,9
AT1G06220,7,16,10,6
ATCG00480,12,14,10,6
AT1G01090,8,14,10,6
AT5G02870,7,14,10,7
AT2G47510,11,11,10,7
AT3G22110,10,10,10,4
AT1G42970,3,10,10,4
AT4G34980,11,8,10,8
AT3G55440,8,8,10,8
ATCG00500,4,8,10,3
AT5G20010,7,7,10,7
AT4G14710,6,7,10,5
AT5G38480,5,7,10,6
AT5G08640,3,7,10,2
AT3G56490,7,6,10,7
AT2G01970,7,3,10,7
AT5G59970,41,38,11,8
AT5G22880,20,29,11,7
AT1G20960,4,23,11,9
AT4G29040,8,22,11,7
AT5G02790,11,18,11,15
AT1G22300,14,17,11,9
AT3G25530,11,17,11,6
AT3G11630,17,15,11,16
AT5G61790,9,14,11,5
AT5G35360,8,14,11,10
AT5G52920,0,13,11,0
ATCG00380,13,12,11,13
AT1G59359,7,11,11,8
AT5G16050,11,9,11,11
AT1G69740,8,8,11,8
AT2G44120,6,8,11,6
AT4G31700,8,6,11,6
AT1G56340,7,6,11,5
AT3G56340,7,6,11,8
AT4G09320,2,5,11,2
AT3G09880,10,22,12,14
AT2G28000,14,19,12,13
AT1G78630,17,18,12,13
AT1G34430,12,16,12,6
AT1G08520,5,16,12,7
AT4G33010,13,11,12,2
AT1G52030,7,11,12,6
AT5G18380,11,9,12,7
AT5G26360,5,8,12,4
AT4G31990,10,7,12,7
AT5G55230,11,6,12,6
AT1G13440,9,27,13,12
AT1G29900,6,25,13,16
AT1G33140,11,20,13,19
AT4G38970,10,16,13,13
AT5G30510,10,16,13,9
AT1G04410,21,15,13,17
AT5G59850,8,14,13,7
AT4G20360,8,10,13,5
AT1G21750,6,7,13,4
AT3G23600,15,28,14,18
AT3G55410,10,23,14,7
AT5G36160,14,19,14,12
AT1G72370,9,19,14,13
AT1G24020,7,13,14,10
AT1G48410,7,13,14,9
AT4G16155,15,10,14,12
AT3G58500,5,10,14,8
AT4G20890,3,10,14,5
AT5G35630,5,9,14,9
AT1G02500,11,8,14,10
AT3G09440,26,32,15,17
AT5G56740,14,28,15,23
AT4G13940,16,24,15,8
AT2G36530,20,23,15,19
AT3G60750,14,22,15,8
AT2G21660,17,19,15,15
AT4G34670,17,19,15,15
ATCG00120,8,18,15,12
AT5G19510,15,17,15,19
AT3G18740,15,14,15,12
AT3G01500,13,13,15,14
AT3G25920,12,13,15,15
AT1G29250,12,9,15,10
AT5G52040,7,9,15,16
AT3G21810,3,5,15,10
AT3G13920,16,26,16,15
AT3G49910,17,24,16,20
AT3G04840,18,17,16,13
AT3G09200,17,16,16,14
AT3G55280,14,15,16,14
AT3G14067,11,14,16,13
AT1G11860,8,13,16,8
AT3G62530,16,12,16,15
AT2G31610,9,12,16,15
AT4G15000,9,12,16,16
AT5G36880,1,10,16,9
AT1G12910,13,8,16,16
AT3G04470,13,8,16,3
AT3G18780,23,26,17,21
AT4G16143,9,24,17,15
AT2G05920,21,22,17,13
AT3G44320,31,21,17,19
AT2G38040,12,20,17,13
AT3G24830,24,18,17,20
AT3G12145,14,16,17,15
AT2G32080,16,15,17,22
AT1G01300,12,11,17,9
AT1G18080,16,10,17,9
AT2G23390,14,32,18,16
AT3G25860,23,31,18,14
AT3G26650,17,30,18,18
AT3G55800,26,28,18,26
AT1G13880,17,23,18,21
AT5G09650,12,23,18,14
AT5G06850,12,22,18,17
AT1G07930,17,15,18,11
AT5G24420,14,15,18,15
AT4G37910,12,14,18,13
AT2G19070,2,14,18,11
AT3G53020,18,6,18,15
AT5G24780,38,28,19,18
AT1G14320,19,28,19,16
AT1G20020,12,18,19,22
AT5G65730,11,16,19,17
AT1G70600,14,14,19,17
AT1G69830,17,34,20,15
AT3G62250,37,32,20,14
AT1G74060,27,29,20,20
AT2G41840,23,23,20,22
AT2G34480,18,23,20,17
AT1G57720,19,22,20,16
AT4G20850,24,21,20,17
AT2G20580,18,35,21,9
AT5G11710,29,29,21,16
AT1G30230,25,26,21,14
AT5G17920,14,23,21,13
AT1G26630,23,19,21,28
ATCG01310,19,19,21,27
AT1G52400,36,39,22,14
AT3G05530,25,23,22,18
AT5G63110,10,22,22,14
AT1G07890,21,20,22,22
AT3G48930,18,19,22,18
AT4G38680,14,17,22,22
AT1G67090,8,15,22,19
AT2G04030,18,38,23,18
AT4G16720,20,25,23,21
AT1G23310,11,19,23,15
AT5G52040,15,14,23,19
AT4G33680,25,21,24,17
AT2G18020,23,21,24,24
AT3G49010,10,20,24,16
AT2G43030,20,18,24,16
AT3G49430,20,17,24,19
AT2G36880,17,26,25,15
AT1G55490,19,25,25,24
AT4G29270,33,42,26,36
AT5G56030,20,39,26,15
AT4G09000,30,38,26,28
AT4G24280,25,31,26,24
AT2G01250,12,25,26,16
AT5G26742,25,48,27,36
AT1G02840,23,29,27,29
AT5G11200,26,28,27,20
AT5G58290,25,28,27,17
AT5G10360,24,24,27,29
AT1G09640,21,36,28,23
AT5G20290,34,27,28,31
AT2G38760,27,26,28,44
AT5G09590,24,25,28,19
AT3G45140,17,50,29,16
AT3G20820,29,33,29,31
AT1G20620,27,33,29,28
AT5G66190,25,29,29,23
AT3G09840,30,29,30,21
AT5G27850,20,25,30,22
AT3G17390,29,35,31,29
AT3G52930,28,32,31,25
AT3G09820,25,19,31,24
AT2G38750,31,16,31,28
AT5G60100,36,22,32,61
AT5G07090,29,38,33,27
AT3G03540,18,27,34,42
AT1G61850,14,69,35,16
AT3G08530,23,63,35,28
AT5G35200,35,55,35,38
AT5G65770,25,34,36,26
AT5G15200,23,34,36,18
AT5G26000,29,41,37,29
AT5G25980,35,37,37,24
AT1G52570,35,103,38,24
AT3G09630,35,41,38,41
AT4G37800,32,39,38,32
AT5G38420,28,35,38,29
AT4G14960,31,60,39,31
AT2G40660,33,31,39,46
AT1G56070,38,67,40,45
AT5G42020,33,39,40,34
AT3G55870,35,57,41,30
AT5G09810,40,56,41,31
AT1G08360,46,34,41,39
AT2G17630,29,30,41,34
AT5G51750,36,41,42,29
AT2G29560,39,44,43,35
AT3G62870,33,46,44,36
AT1G71080,44,41,50,56
AT5G26710,37,59,51,51
AT2G39730,48,75,57,38
AT3G29410,27,65,64,38
AT1G43170,58,67,66,61
AT5G62700,54,85,67,51
AT1G48120,40,86,71,61
AT1G64880,56,80,74,84
AT4G10320,50,93,77,63
AT5G02500,133,162,103,100
AT3G15730,175,314,104,117
ATCG00490,107,103,140,109
AT4G35630,108,130,179,126
AT1G19480,154,142,189,172
AT3G44310,312,286,234,266
AT3G08590,207,204,234,179
AT3G44690,252,265,286,340
AT5G52040,1346,1214,1585,1436
AT1G09340,0,2,0,0
AT1G21840,0,1,0,0
AT1G37130,0,1,0,0
AT1G67270,0,1,1,0
AT1G78400,0,0,2,0
AT2G02580,0,1,1,0
AT2G23740,0,1,0,0
AT3G02130,0,1,1,0
AT3G04880,0,0,0,1
AT3G24210,0,0,1,0
AT3G61400,0,0,0,1
AT4G00238,0,2,2,0
AT4G26970,0,0,1,0
AT5G06110,0,0,1,0
AT5G38790,0,0,1,0
