Protein,AT3G20810,AT3G20810,AT3G20810,AT3G20810,AT3G20810,AT3G20810,WT,WT
AT3G20810,102,98,96,175,137,128,2,0
AT1G48120,91,89,77,112,86,92,0,0
AT4G35630,84,74,71,92,90,85,1,0
AT1G19480,66,60,59,69,64,67,0,0
AT4G10320,64,57,54,75,45,45,0,0
AT5G35200,61,58,58,72,68,57,0,0
AT3G44320,60,81,69,96,91,67,3,0
AT5G43940,52,46,35,73,76,79,3,0
AT4G37800,43,50,39,53,40,34,0,0
AT3G44690,42,22,21,21,19,23,0,0
AT5G04140,38,38,33,43,24,33,1,0
AT1G71080,35,25,28,38,41,32,0,0
AT5G26710,34,46,42,36,32,35,0,0
AT1G69830,33,33,34,39,37,36,1,0
AT3G23990,33,37,24,29,31,43,0,0
AT3G11130,32,46,36,49,30,30,1,0
AT1G15750,31,24,24,30,21,27,0,0
AT3G11910,30,39,31,72,45,52,0,0
AT3G18190,30,32,22,34,28,40,0,0
AT4G35090,30,24,30,19,26,26,11,0
AT5G26360,30,33,27,36,35,35,4,0
AT5G65730,30,37,28,27,22,23,0,0
AT2G47730,27,18,17,14,12,15,6,0
AT4G18480,27,26,25,20,17,17,3,0
AT5G11710,27,26,21,36,33,24,0,0
AT2G29560,26,17,21,18,9,20,0,0
AT3G55410,26,21,19,19,17,22,1,0
AT1G07890,25,19,17,18,18,24,6,0
AT2G23390,25,26,28,28,31,24,0,0
AT2G40660,25,24,24,26,19,19,0,0
AT1G20020,24,25,22,22,27,30,0,0
AT3G03960,24,23,25,29,23,31,0,0
AT3G20050,24,24,25,28,24,27,0,0
AT1G53750,23,17,18,20,19,20,0,0
AT2G17630,23,28,31,26,26,24,0,0
AT2G21390,23,35,28,26,27,30,0,0
AT4G26530,23,16,16,18,19,19,0,0
AT1G24510,22,22,24,31,20,28,0,0
AT2G20580,22,33,26,24,18,29,0,0
AT2G38040,22,19,20,18,17,19,0,0
AT3G11830,22,28,32,31,29,30,0,0
AT5G16070,22,19,19,29,21,18,0,0
AT3G09820,21,21,26,23,21,21,9,0
AT5G20890,21,28,25,29,27,29,0,0
AT5G56030,21,23,15,27,21,28,0,0
AT5G25980,20,18,13,22,21,21,0,0
AT1G36160,19,23,18,13,15,17,0,0
AT1G78900,19,31,20,24,19,24,1,0
AT4G37930,19,17,16,18,16,18,6,0
AT2G13360,17,18,18,14,15,16,4,0
AT2G42600,17,16,20,10,7,9,0,0
AT3G57410,17,21,12,7,5,9,0,0
AT1G78580,16,12,17,16,10,11,0,0
AT4G29040,16,12,12,17,10,11,0,0
AT2G27040,16,7,14,13,9,5,1,0
AT2G32080,16,15,17,18,19,18,0,0
AT2G36460,16,16,19,9,11,11,0,0
AT2G38580,16,8,8,13,14,12,0,0
AT3G14420,16,17,13,17,17,22,2,0
AT3G45140,16,13,15,35,17,23,1,0
AT1G09640,15,17,14,16,12,9,0,0
AT1G61850,15,9,7,5,0,3,0,0
AT2G04030,15,15,19,24,14,21,1,0
ATMG01190,15,24,22,15,12,19,2,0
AT2G18960,15,23,18,26,17,18,0,0
AT3G09440,15,12,15,23,17,15,3,0
AT4G20850,15,20,21,25,22,20,0,0
AT5G20000,15,24,16,23,21,17,1,0
AT5G35630,15,19,13,21,16,10,8,0
AT1G48050,14,10,9,15,13,10,1,0
AT5G07090,14,13,13,14,10,12,0,0
AT3G16400,14,10,14,17,11,17,1,0
AT3G25530,14,11,17,9,8,10,1,0
AT3G55800,14,12,8,11,12,12,0,0
AT5G26742,14,15,13,5,7,12,2,0
AT1G52360,13,13,9,11,10,11,0,0
AT1G69740,13,12,12,8,9,7,3,0
AT1G73600,13,18,11,19,6,18,1,0
AT2G39800,13,18,17,16,10,18,0,0
AT3G24503,13,11,10,11,10,5,1,0
AT3G25230,13,11,15,10,7,5,1,0
AT3G44110,13,7,16,16,13,17,1,0
AT3G53870,13,19,11,12,11,14,3,0
AT4G38630,13,9,11,10,7,7,0,0
AT5G06600,13,18,13,28,21,28,0,0
AT5G30510,13,11,6,12,7,7,2,0
AT5G67030,13,18,14,15,11,12,0,0
AT1G08520,12,16,13,18,7,8,3,0
AT1G80410,12,25,16,18,11,7,0,0
AT3G22110,12,12,9,13,12,12,0,0
AT4G04640,12,14,12,19,14,15,2,0
AT5G06850,12,7,6,6,9,6,0,0
AT5G11200,12,13,14,12,7,11,0,0
AT5G50850,12,14,10,11,6,8,0,0
AT5G58290,12,13,13,17,16,15,0,0
AT1G01320,11,13,7,9,8,7,0,0
AT1G07140,11,8,8,6,8,5,4,0
AT1G18080,11,11,10,10,8,7,9,0
AT1G23740,11,10,10,10,9,13,2,0
AT1G45000,11,18,12,13,13,11,0,0
AT1G70410,11,7,10,11,5,10,4,0
AT2G34730,11,8,10,5,5,9,0,0
AT3G09840,11,12,8,11,11,9,0,0
AT3G22890,11,16,14,13,9,10,2,0
AT3G26400,11,3,6,5,3,5,0,0
AT4G09000,11,9,6,10,13,10,2,0
AT5G05730,11,5,7,8,4,7,0,0
AT5G09650,11,10,8,11,6,10,0,0
AT5G35360,11,7,8,10,4,10,0,0
AT5G36880,11,9,6,11,9,7,0,0
AT5G50920,11,20,13,21,20,21,1,0
AT1G14810,10,9,8,4,5,5,1,0
AT1G32200,10,3,5,3,0,1,0,0
AT1G59900,10,6,9,13,6,10,1,0
AT1G62750,10,10,11,5,2,9,2,0
AT1G65260,10,6,7,7,7,7,0,0
AT1G65930,10,4,5,6,7,9,2,0
AT2G04842,10,13,9,9,9,9,1,0
AT3G11710,10,16,12,13,11,12,0,0
AT3G13860,10,12,14,13,15,13,0,0
AT3G16640,10,5,9,7,8,8,1,0
AT3G54050,10,10,9,9,6,7,5,0
AT3G54960,10,7,7,6,9,6,0,0
AT3G59970,10,15,10,11,10,6,1,0
AT4G01850,10,11,7,9,6,7,1,0
AT5G19220,10,11,5,8,7,4,0,0
AT5G49460,10,7,7,9,5,9,0,0
AT5G56740,10,6,7,3,0,3,0,0
AT5G61780,10,13,6,1,0,0,0,0
AT1G03475,9,6,11,6,9,7,3,0
AT1G09620,9,9,9,8,4,4,0,0
AT2G01970,9,4,5,2,5,2,0,0
AT2G06850,9,13,11,12,11,15,1,0
AT2G16600,9,8,4,7,5,7,0,0
AT2G29550,9,9,10,13,10,8,2,0
AT2G47470,9,3,4,11,8,10,3,0
AT2G47510,9,7,5,9,5,5,0,0
AT3G05530,9,17,13,17,13,12,0,0
AT3G13490,9,4,5,11,12,4,0,0
AT3G14210,9,12,10,11,15,12,1,0
AT3G22960,9,9,9,5,3,6,0,0
AT3G52140,9,7,6,8,5,6,2,0
AT4G00660,9,14,12,12,8,9,1,0
AT4G13430,9,9,6,7,8,9,1,0
AT4G14040,9,10,9,9,5,7,0,0
AT5G02240,9,8,11,8,7,11,1,0
AT5G09590,9,7,6,11,6,5,1,0
AT5G09660,9,9,8,9,4,10,0,0
AT5G14780,9,17,8,13,16,15,0,0
AT5G19510,9,8,5,9,8,6,0,0
AT5G35590,9,7,9,9,6,5,0,0
AT5G44340,9,11,10,15,13,9,6,0
AT5G51840,9,10,6,6,6,5,1,0
AT1G09270,8,4,3,3,1,2,0,0
AT1G20200,8,14,13,16,11,13,0,0
AT1G76030,8,12,15,20,10,13,0,0
AT1G29900,8,6,7,7,2,5,0,0
AT1G48030,8,8,6,10,6,7,1,0
AT1G59870,8,10,4,11,11,7,0,0
AT1G68010,8,17,9,17,11,13,1,0
AT1G75660,8,5,8,10,5,7,2,0
AT2G33150,8,5,9,10,7,9,1,0
AT2G35840,8,9,11,6,9,9,0,0
AT2G41530,8,6,5,5,5,7,0,0
AT3G14310,8,6,9,18,11,14,2,0
AT3G19170,8,11,10,15,6,8,0,0
AT3G25150,8,4,0,2,2,1,0,0
AT3G63190,8,4,4,3,8,4,0,0
AT3G63460,8,12,7,10,7,12,0,0
AT4G02930,8,3,3,7,3,7,0,0
AT4G14880,8,8,9,7,5,3,0,0
AT4G17090,8,6,10,4,2,2,0,0
AT4G24190,8,8,3,6,4,5,0,0
AT4G27500,8,4,5,7,5,6,0,0
AT4G29060,8,11,15,10,7,10,0,0
AT4G31490,8,22,10,13,10,10,1,0
AT4G33680,8,8,10,11,6,12,0,0
AT5G03290,8,9,4,12,6,6,0,0
AT5G17380,8,2,5,2,0,6,0,0
AT5G20490,8,14,11,17,15,11,0,0
AT1G10760,7,5,7,5,3,2,0,0
AT1G16720,7,12,9,9,2,5,3,0
AT1G22300,7,7,3,7,11,8,1,0
AT1G47128,7,7,6,7,6,7,0,0
AT1G48420,7,9,6,4,1,4,1,0
AT1G49760,7,10,8,5,5,5,0,0
AT1G54220,7,6,5,6,3,7,0,0
AT1G55480,7,5,4,3,3,3,0,0
AT1G57720,7,9,8,9,6,7,0,0
AT1G59359,7,6,2,4,2,4,0,0
AT1G62020,7,6,7,5,7,6,0,0
AT1G71220,7,7,7,12,9,8,0,0
AT1G78570,7,10,7,8,4,4,0,0
AT2G27020,7,5,7,8,7,4,0,0
AT2G30870,7,3,2,6,6,7,0,0
AT2G33210,7,11,7,13,7,6,0,0
AT2G33850,7,3,6,6,3,4,0,0
AT2G36390,7,8,5,11,4,10,0,0
AT2G40490,7,11,8,11,3,10,1,0
AT3G11630,7,6,5,8,9,4,0,0
AT3G13460,7,4,7,5,2,7,0,0
AT3G18060,7,4,7,4,2,3,2,0
AT3G23700,7,6,4,3,4,3,0,0
AT4G01800,7,2,3,2,0,1,0,0
AT4G02770,7,5,5,7,4,12,2,0
AT4G23920,7,18,10,14,12,9,0,0
AT4G24820,7,7,7,9,7,8,0,0
AT4G27000,7,11,8,8,6,4,3,0
AT4G35260,7,6,1,3,0,4,0,0
AT4G37910,7,11,6,12,3,4,3,0
AT5G04360,7,10,7,6,5,7,0,0
AT5G06290,7,9,8,6,8,6,2,0
AT5G12250,7,3,4,5,5,7,1,0
AT5G13630,7,10,7,5,0,3,0,0
AT5G14660,7,8,4,6,1,3,0,0
AT5G16780,7,8,0,7,11,7,0,0
ATCG00540,7,3,3,6,2,4,0,0
ATCG01310,7,10,13,6,4,9,0,0
AT1G06290,6,3,9,8,5,0,0,0
AT1G17720,6,2,5,0,0,0,0,0
AT1G21350,6,3,2,0,0,0,0,0
AT1G23190,6,5,4,6,2,6,0,0
AT1G29150,6,12,2,11,5,6,0,0
AT1G29880,6,10,5,7,6,3,0,0
AT2G34420,6,1,4,5,4,1,0,0
AT1G31230,6,7,4,0,1,1,0,0
AT1G32500,6,4,5,7,6,4,4,0
AT1G49750,6,3,3,6,2,3,0,0
AT1G56110,6,7,6,3,2,2,0,0
AT1G78380,6,5,5,3,5,5,0,0
AT2G19520,6,7,5,10,5,4,1,0
AT2G19940,6,8,6,10,5,8,0,0
AT2G20610,6,6,1,8,4,4,0,0
AT2G32730,6,10,6,18,8,10,0,0
AT2G33730,6,7,0,3,0,2,0,0
AT3G53750,6,5,6,4,3,3,0,0
AT2G41740,6,10,3,4,2,4,0,0
AT2G42500,6,10,7,7,3,10,2,0
AT2G46280,6,3,11,2,2,4,0,0
AT5G27850,6,3,4,3,4,2,1,0
AT3G10060,6,2,0,3,1,2,0,0
AT3G47520,6,5,6,3,4,4,0,0
AT3G55440,6,8,8,11,8,8,1,0
AT3G57890,6,6,3,4,2,2,0,0
AT4G08390,6,2,6,7,6,9,0,0
AT4G09010,6,9,5,11,4,6,1,0
AT4G10480,6,2,5,4,2,5,0,0
AT4G16500,6,7,5,6,5,4,1,0
AT4G23600,6,7,3,9,6,7,3,0
AT4G23850,6,8,3,6,1,7,0,0
AT4G31770,6,6,3,5,5,6,2,0
AT5G03350,6,6,3,6,9,6,0,0
AT5G03650,6,13,5,11,7,7,0,0
AT5G09900,6,8,2,7,5,6,0,0
AT5G10450,6,2,1,6,4,6,0,0
AT5G57870,6,5,3,4,3,5,0,0
AT5G63570,6,6,4,6,5,7,0,0
ATCG00500,6,7,5,8,4,4,0,0
AT1G02930,5,1,0,1,2,2,0,0
AT1G59830,5,2,4,6,3,5,0,0
AT1G12900,5,6,4,5,3,4,0,0
AT1G13060,5,1,2,2,1,2,0,0
AT1G15340,5,2,9,1,3,7,0,0
AT1G29670,5,4,5,4,3,8,0,0
AT1G30580,5,3,4,7,5,9,0,0
AT1G35780,5,3,3,0,0,1,0,0
AT1G47710,5,4,4,9,4,9,1,0
AT1G53240,5,6,5,8,4,7,0,0
AT1G64790,5,10,4,15,6,7,0,0
AT1G74260,5,9,8,1,0,0,0,0
AT1G74470,5,5,4,10,5,6,0,0
AT1G78300,5,4,1,6,4,3,0,0
AT1G80480,5,3,4,6,2,3,1,0
AT4G39200,5,3,2,3,3,4,0,0
AT2G21170,5,4,4,3,3,4,2,0
AT2G23350,5,4,6,7,6,5,0,0
AT2G24270,5,3,2,5,9,5,0,0
AT2G27680,5,4,4,9,5,8,0,0
AT2G33340,5,2,2,2,2,4,0,0
AT2G35410,5,3,3,4,2,4,0,0
AT2G41680,5,8,10,4,3,6,0,0
AT2G41790,5,5,2,9,5,7,0,0
AT2G43750,5,7,5,7,4,6,0,0
AT2G45710,5,4,4,4,4,5,1,0
AT2G47940,5,8,10,11,3,2,2,0
AT3G02530,5,5,8,9,6,6,0,0
AT3G04790,5,6,2,3,3,3,0,0
AT3G06050,5,4,3,3,3,2,0,0
AT3G06810,5,3,4,3,2,2,0,0
AT3G09630,5,3,4,2,5,3,0,0
AT3G09880,5,5,5,8,9,5,0,0
AT3G11400,5,3,1,0,1,0,0,0
AT3G14990,5,5,2,1,2,3,0,0
AT3G23400,5,3,3,6,5,4,0,0
AT3G44300,5,3,3,17,7,11,0,0
AT3G46970,5,15,8,8,7,6,1,0
AT3G50820,5,5,3,2,5,8,2,0
AT3G52880,5,2,4,4,2,7,0,0
AT3G53420,5,5,6,5,7,7,0,0
AT3G53990,5,4,2,4,0,1,2,0
AT4G01370,5,3,3,2,3,1,2,0
AT4G03280,5,2,1,5,3,5,0,0
AT4G10840,5,5,2,6,7,7,0,0
AT4G11010,5,3,3,3,5,4,1,0
AT4G11260,5,0,0,1,0,0,0,0
AT4G13930,5,9,8,7,5,6,0,0
AT4G18100,5,4,6,3,3,4,0,0
AT4G24620,5,3,2,1,1,0,0,0
AT4G25080,5,6,2,7,4,4,0,0
AT4G27520,5,2,2,7,3,8,0,0
AT4G29410,5,5,4,3,4,2,0,0
AT4G31700,5,8,10,9,5,11,1,0
AT4G31990,5,8,9,14,7,10,0,0
AT4G34450,5,7,3,10,2,8,0,0
AT4G39520,5,4,5,9,5,4,0,0
AT5G03300,5,8,3,8,2,3,1,0
AT5G05010,5,9,5,7,4,8,3,0
AT5G08650,5,2,5,3,1,3,1,0
AT5G17990,5,5,2,5,2,5,0,0
AT5G22880,5,6,4,4,3,7,1,0
AT5G28840,5,5,4,5,5,6,0,0
AT5G40490,5,1,4,3,3,2,0,0
AT5G42220,5,4,5,13,9,6,0,0
AT5G42650,5,7,5,14,6,7,0,0
AT5G42790,5,6,5,6,7,4,0,0
AT5G43990,5,4,5,9,9,4,0,0
AT5G52040,5,6,5,2,3,4,0,0
AT5G59880,5,5,5,4,5,4,3,0
AT5G67630,5,10,3,15,10,10,0,0
ATCG00380,5,3,6,3,2,4,1,0
AT1G04170,4,5,1,5,1,3,1,0
AT1G05190,4,4,2,4,1,5,0,0
AT1G06950,4,6,4,7,2,7,0,0
AT5G59850,4,4,4,2,4,3,3,0
AT1G08360,4,6,7,9,3,6,3,0
AT1G11650,4,2,4,2,2,2,2,0
AT1G11910,4,2,5,12,6,10,0,0
AT1G14380,4,3,4,9,7,7,0,0
AT1G14410,4,3,0,1,0,3,0,0
AT1G15690,4,6,4,7,5,4,0,0
AT1G15930,4,3,3,2,3,3,0,0
AT1G16970,4,7,7,5,5,3,0,0
AT1G20950,4,6,3,8,3,6,0,0
AT1G21750,4,2,1,3,2,1,0,0
AT1G24180,4,2,1,1,4,2,0,0
AT1G30360,4,1,2,5,1,3,0,0
AT1G51510,4,0,1,0,0,0,1,0
AT1G53280,4,3,1,3,4,0,0,0
AT1G56450,4,5,3,4,4,7,0,0
AT1G64040,4,3,0,4,4,1,0,0
AT3G43810,4,3,1,4,3,4,0,0
AT1G75280,4,5,5,0,0,0,0,0
AT1G76080,4,2,5,1,2,2,0,0
AT1G78630,4,1,7,2,0,5,0,0
AT2G02160,4,3,4,6,7,2,2,0
AT2G05840,4,1,4,2,1,2,0,0
AT2G05990,4,9,5,6,6,8,1,0
AT2G10940,4,3,3,1,1,1,2,0
AT2G26570,4,0,1,0,0,0,0,0
AT2G27860,4,4,2,4,2,1,1,0
AT2G31610,4,3,3,1,0,2,0,0
AT2G34480,4,2,3,1,0,2,0,0
AT3G53020,4,4,4,2,1,3,0,0
AT2G37040,4,9,5,4,8,11,0,0
AT2G43030,4,2,3,2,1,4,1,0
AT2G44760,4,2,2,4,2,2,0,0
AT3G04470,4,2,0,3,1,2,0,0
AT3G05850,4,2,1,7,2,2,0,0
AT3G08530,4,5,5,5,6,6,0,0
AT5G02960,4,2,2,3,1,1,2,0
AT3G12580,4,4,4,4,4,4,0,0
AT3G18740,4,4,5,4,3,5,0,0
AT3G21750,4,1,0,0,1,1,0,0
AT3G27850,4,3,5,0,2,2,0,0
AT3G29360,4,5,9,4,2,4,0,0
AT3G42050,4,4,5,3,4,1,0,0
AT3G42170,4,7,5,5,11,9,0,0
AT3G48420,4,5,7,5,7,6,2,0
AT3G52180,4,3,3,6,6,4,0,0
AT3G52960,4,1,4,2,2,4,1,0
AT3G58140,4,11,7,7,4,5,0,0
AT3G60240,4,1,3,6,5,6,0,0
AT3G62870,4,3,6,2,4,5,0,0
AT3G63490,4,3,0,3,3,1,0,0
AT4G00490,4,4,7,6,6,6,0,0
AT4G01310,4,4,4,4,3,5,2,0
AT4G03020,4,7,4,3,2,3,0,0
AT4G11150,4,5,7,7,5,5,1,0
AT4G11420,4,3,2,2,5,1,0,0
AT4G23100,4,2,1,3,0,2,0,0
AT4G24510,4,3,4,1,0,0,0,0
AT4G24680,4,2,1,2,3,2,0,0
AT4G29350,4,3,5,1,3,2,0,0
AT4G31300,4,6,5,10,5,6,0,0
AT4G34110,4,5,7,7,8,6,0,0
AT4G38710,4,5,9,5,5,5,0,0
AT5G01410,4,3,4,3,5,4,1,0
AT5G02490,4,4,5,10,5,4,0,0
AT5G02790,4,2,0,3,2,1,0,0
AT5G06690,4,2,2,2,4,2,0,0
AT5G08280,4,3,4,6,5,6,0,0
AT5G14240,4,3,2,1,0,1,0,0
AT5G16710,4,6,6,2,4,5,0,0
AT5G16715,4,1,2,1,1,1,0,0
AT5G18110,4,3,7,5,2,3,0,0
AT5G20720,4,6,8,5,5,6,1,0
AT5G20950,4,4,5,6,6,4,0,0
AT5G23540,4,4,7,8,6,4,0,0
AT5G27770,4,2,1,1,1,3,0,0
AT5G42980,4,3,2,3,0,3,0,0
AT5G45469,4,1,3,4,0,1,0,0
AT5G52920,4,5,3,7,1,4,1,0
AT5G55220,4,4,3,6,1,4,0,0
AT5G56290,4,3,4,8,4,4,0,0
AT5G57655,4,3,1,1,0,1,0,0
AT5G60790,4,5,5,6,9,3,0,0
AT5G65010,4,5,4,3,4,6,0,0
AT5G66760,4,2,3,2,0,2,0,0
AT5G67590,4,3,3,3,3,4,0,0
ATCG00790,4,5,6,6,3,3,2,0
ATCG01060,4,2,4,3,3,1,0,0
AT1G01090,3,4,3,6,6,3,0,0
AT1G01940,3,2,2,2,1,1,0,0
AT1G03630,3,5,4,6,7,9,3,0
AT1G04270,3,2,3,3,2,3,0,0
AT1G10200,3,1,2,2,3,4,0,0
AT1G10590,3,2,2,3,5,2,0,0
AT1G11720,3,3,1,0,0,0,0,0
AT1G13270,3,3,1,2,1,2,5,0
AT1G16030,3,0,0,0,0,0,0,0
AT1G17140,3,0,0,1,0,1,0,0
AT1G18450,3,1,4,1,0,2,0,0
AT1G18500,3,6,3,4,0,3,0,0
AT1G19570,3,2,1,5,4,6,0,0
AT1G25490,3,4,1,3,1,1,0,0
AT1G26880,3,0,4,1,0,0,0,0
AT1G27752,3,1,2,1,2,1,0,0
AT1G30230,3,6,5,4,3,5,0,0
AT1G31280,3,1,0,7,7,4,0,0
AT1G31330,3,2,3,3,4,1,0,0
AT1G35720,3,2,1,2,3,3,0,0
AT1G48860,3,4,2,2,0,1,0,0
AT1G50480,3,7,3,4,2,4,3,0
AT1G52400,3,2,1,10,7,6,0,0
AT1G64520,3,1,0,3,1,2,0,0
AT1G65440,3,2,2,2,5,4,0,0
AT1G66970,3,2,0,4,1,1,0,0
AT1G71500,3,1,0,4,2,2,0,0
AT1G73060,3,2,5,2,3,1,0,0
AT1G78370,3,5,2,3,3,3,0,0
AT1G79340,3,1,1,3,1,0,0,0
AT2G01140,3,4,6,6,9,5,0,0
AT2G03440,3,1,1,2,1,2,0,0
AT2G04700,3,2,3,3,4,2,0,0
AT5G18380,3,4,4,1,7,3,0,0
AT2G20260,3,1,2,1,1,1,0,0
AT2G20890,3,5,4,2,5,4,0,0
AT2G24940,3,3,2,4,2,3,0,0
AT2G28900,3,3,1,9,8,4,0,0
AT2G29320,3,3,0,10,6,9,0,0
AT2G30110,3,2,1,1,0,1,0,0
AT2G35370,3,3,3,6,5,7,0,0
AT2G36250,3,7,2,3,0,5,0,0
AT2G37270,3,3,4,4,3,3,0,0
AT3G56340,3,2,3,2,2,2,1,0
AT2G41475,3,1,0,1,4,1,1,0
AT2G43910,3,5,3,5,5,1,0,0
AT2G46580,3,2,1,1,1,1,0,0
AT2G47710,3,5,4,5,2,4,0,0
AT3G01280,3,0,1,7,2,3,0,0
AT3G01340,3,5,6,4,5,6,3,0
AT3G01800,3,1,0,3,2,1,0,0
AT3G03250,3,6,4,3,1,4,0,0
AT3G06580,3,2,1,1,2,1,0,0
AT3G08580,3,4,1,3,3,3,0,0
AT3G09740,3,0,1,0,0,0,0,0
AT3G11930,3,4,3,5,3,5,0,0
AT3G12110,3,2,2,4,3,3,0,0
AT3G12290,3,3,0,3,3,1,0,0
AT3G15000,3,2,3,4,2,2,0,0
AT3G16760,3,1,3,2,1,1,0,0
AT3G17020,3,2,2,2,1,4,3,0
AT3G18490,3,1,2,4,3,3,0,0
AT3G26520,3,3,3,1,2,4,0,0
AT3G44890,3,3,1,2,0,1,1,0
AT3G48000,3,3,5,5,1,6,0,0
AT3G49680,3,3,1,6,1,1,0,0
AT3G51800,3,0,1,1,2,2,0,0
AT3G52380,3,2,2,2,0,1,0,0
AT3G52560,3,1,1,0,0,0,0,0
AT3G52990,3,3,4,2,2,2,0,0
AT3G43160,5,3,2,6,3,4,1,0
AT3G53110,3,7,5,7,8,4,0,0
AT3G54210,3,2,1,3,2,3,0,0
AT3G55120,3,0,0,0,0,0,0,0
AT3G55330,3,3,1,3,1,0,2,0
AT3G55610,3,1,5,2,0,1,0,0
AT3G59400,3,1,1,1,1,0,0,0
AT3G60370,3,7,4,9,5,6,1,0
AT3G60820,3,4,3,4,4,3,0,0
AT3G61440,3,7,8,4,2,8,0,0
AT3G61820,3,1,0,6,4,3,0,0
AT4G00430,3,2,2,5,3,2,0,0
AT4G01690,3,5,1,4,2,1,0,0
AT4G04950,3,5,1,2,0,2,0,0
AT4G09650,3,6,4,1,1,7,0,0
AT4G10340,3,6,2,6,5,3,0,0
AT4G12880,3,2,1,2,1,1,0,0
AT4G13400,3,2,1,5,2,2,0,0
AT4G15560,3,1,0,0,0,1,0,0
AT4G16720,3,5,8,7,6,3,0,0
AT4G19210,3,2,1,3,1,1,0,0
AT4G20890,3,4,2,1,2,1,0,0
AT4G22670,3,0,0,3,0,4,0,0
AT4G30160,3,4,2,1,1,1,0,0
AT4G30190,3,4,3,3,1,0,0,0
AT4G34200,3,6,7,5,3,7,1,0
AT4G34980,3,1,1,4,5,3,0,0
AT4G36130,3,2,2,0,0,1,0,0
AT4G38740,3,1,3,2,3,1,0,0
AT5G03660,3,3,1,5,1,6,0,0
AT5G04430,3,2,0,3,1,0,0,0
AT5G09440,3,4,2,6,4,4,0,0
AT5G10860,3,5,4,7,5,5,0,0
AT5G11330,3,2,1,1,0,1,0,0
AT5G11420,3,5,4,5,3,4,2,0
AT5G13030,3,3,2,5,4,3,0,0
AT5G14060,3,3,4,0,0,2,2,0
AT5G15970,3,0,0,1,0,1,0,0
AT5G19140,3,1,1,0,1,1,0,0
AT5G19550,3,6,5,5,4,8,0,0
AT5G20630,3,1,2,2,1,0,1,0
AT5G22060,3,2,5,2,1,1,0,0
AT5G23010,3,5,1,6,2,5,1,0
AT5G23120,3,1,2,4,0,2,0,0
AT5G24400,3,1,1,2,2,2,0,0
AT5G26830,3,4,2,4,2,3,0,0
AT5G37850,3,2,1,2,2,3,0,0
AT5G41580,3,3,1,1,0,0,0,0
AT5G42390,3,5,5,2,0,1,0,0
AT5G47190,3,3,2,2,1,2,0,0
AT5G48375,3,3,3,2,1,1,0,0
AT5G54770,3,3,3,4,1,3,0,0
AT5G55070,3,4,3,7,5,6,0,0
AT5G57890,3,3,3,4,7,2,0,0
AT5G60600,3,13,5,3,0,3,0,0
AT5G64400,3,1,2,0,1,0,0,0
AT5G65720,3,4,1,6,3,5,0,0
AT5G65750,3,2,2,4,2,2,0,0
AT5G66420,3,7,7,9,5,8,0,0
ATCG00340,3,2,3,2,3,2,0,0
ATCG00660,3,4,3,4,2,3,0,0
ATCG00680,3,4,6,4,4,5,0,0
ATCG00750,3,2,3,1,3,4,1,0
ATCG00810,3,3,3,2,2,3,1,0
ATCG01120,3,2,3,2,2,2,0,0
AT1G02080,2,3,2,3,2,2,0,0
AT1G02330,2,1,2,0,1,1,0,0
AT1G02500,2,3,1,1,1,2,1,0
AT1G04420,2,1,0,0,0,0,0,0
AT1G04690,2,3,4,7,5,4,0,0
AT5G54640,2,4,1,1,2,1,0,0
AT4G40030,2,1,1,0,1,2,0,0
AT1G57860,2,3,2,5,0,5,1,0
AT1G11840,2,1,4,2,3,3,0,0
AT1G12310,2,0,1,3,2,2,0,0
AT1G14000,2,1,0,0,0,0,0,0
AT1G14610,2,3,1,3,2,2,0,0
AT1G15290,2,0,0,1,0,0,0,0
AT1G16080,2,2,2,2,1,2,0,0
AT1G16890,2,2,1,0,2,3,0,0
AT1G17100,2,4,2,4,3,3,2,0
AT1G17290,2,5,5,6,4,4,0,0
AT1G20340,2,1,0,0,1,1,0,0
AT1G20450,2,0,0,0,1,0,0,0
AT1G20810,2,0,1,0,0,0,0,0
AT1G22410,2,6,2,3,2,4,0,0
AT1G22940,2,2,2,1,1,1,0,0
AT1G24360,2,4,2,6,1,6,0,0
AT1G29350,2,3,2,2,1,0,0,0
AT1G29530,2,3,2,3,2,4,0,0
AT1G30620,2,3,1,0,1,3,0,0
AT1G31530,2,1,3,1,2,0,0,0
AT1G33811,2,5,2,3,7,4,1,0
AT1G43670,2,3,5,3,3,3,0,0
AT1G48630,2,7,1,4,1,2,1,0
AT1G49670,2,0,1,0,0,0,0,0
AT1G50200,2,3,5,5,2,3,1,0
AT1G52510,2,4,2,6,4,4,0,0
AT1G54270,2,2,1,1,1,2,0,0
AT1G56190,2,1,2,2,3,1,0,0
AT4G02080,2,0,2,3,2,3,0,0
AT1G61250,2,2,1,1,1,1,0,0
AT1G62640,2,3,1,1,1,1,0,0
AT1G63000,2,1,2,5,0,2,0,0
AT1G63810,2,6,2,8,3,4,0,0
AT1G67280,2,1,0,2,1,2,0,0
AT1G70580,2,0,3,1,0,0,0,0
AT1G74690,2,2,1,4,2,2,0,0
AT1G76810,2,0,0,0,0,0,0,0
AT1G78870,2,0,2,1,0,1,0,0
AT1G79040,2,1,2,2,0,2,0,0
AT1G79530,2,1,1,7,2,3,0,0
AT1G80380,2,2,2,2,0,1,0,0
AT1G80490,2,4,3,2,0,0,0,0
AT2G02740,2,2,2,2,1,2,0,0
AT2G14610,2,2,0,1,2,1,0,0
AT2G17870,2,1,3,4,2,5,0,0
AT2G19830,2,4,3,2,1,3,0,0
AT2G20420,2,0,1,2,0,3,0,0
AT2G20630,2,2,3,3,2,1,0,0
AT2G23600,2,1,1,1,0,0,0,0
AT2G23930,2,2,1,4,2,2,0,0
AT2G24090,2,0,0,0,0,0,0,0
AT2G24200,2,5,2,6,4,4,1,0
AT2G25080,2,2,5,3,2,2,1,0
AT2G26080,2,3,1,2,1,1,0,0
AT2G26210,2,1,1,0,0,1,0,0
AT2G26670,2,3,1,3,4,3,1,0
AT2G30620,2,3,3,1,0,0,0,0
AT2G32060,2,1,1,1,1,1,0,0
AT2G33040,2,3,2,4,3,1,0,0
AT2G35880,2,0,0,0,1,0,0,0
AT2G36830,2,0,1,0,0,0,0,0
AT2G38270,2,5,5,8,2,5,5,0
AT2G39080,2,3,2,4,0,1,0,0
AT2G41100,2,2,2,2,2,2,2,0
AT2G41430,2,2,2,3,1,2,0,0
AT2G42590,2,1,3,4,2,5,0,0
AT5G45775,2,5,3,6,3,3,0,0
AT2G43550,2,3,1,2,2,2,0,0
AT2G43710,2,2,3,1,0,1,0,0
AT2G44120,2,3,1,2,0,1,0,0
AT2G45180,2,0,3,4,1,1,5,0
AT2G46520,2,1,1,2,1,3,0,0
AT2G47390,2,2,2,4,0,3,0,0
AT3G62790,2,2,0,1,0,0,0,0
AT3G01310,2,2,1,2,2,0,0,0
AT3G02360,2,5,2,1,2,2,0,0
AT3G02730,2,1,2,0,1,0,0,0
AT3G03530,2,3,4,3,4,3,0,0
AT3G03950,2,1,0,0,1,0,0,0
AT3G06650,2,1,3,1,1,2,0,0
AT3G12800,2,2,1,3,4,6,0,0
AT3G13470,2,2,2,3,2,4,0,0
AT3G14067,2,3,1,6,4,3,1,0
AT3G15360,2,0,0,0,0,0,0,0
AT3G18000,2,2,1,2,1,2,0,0
AT3G18580,2,1,1,0,4,3,0,0
AT3G20820,2,1,1,3,1,3,0,0
AT3G26420,2,1,1,4,2,2,0,0
AT3G27430,2,1,1,2,2,1,0,0
AT3G28710,2,1,1,3,3,2,0,0
AT3G46580,2,1,0,0,0,0,0,0
AT3G47610,2,1,0,1,1,0,0,0
AT3G47650,2,0,2,0,0,1,0,0
AT3G48110,2,1,0,1,1,2,0,0
AT3G48560,2,2,2,0,0,0,0,0
AT3G48990,2,1,1,1,0,2,0,0
AT3G49720,2,1,1,0,0,1,0,0
AT3G51260,2,2,3,2,2,2,0,0
AT3G52200,2,0,3,1,1,2,0,0
AT3G54470,2,1,2,1,1,2,0,0
AT3G54660,2,2,3,3,0,1,0,0
AT3G54760,2,1,1,0,0,0,0,0
AT3G55430,2,2,3,5,3,2,0,0
AT3G55520,2,1,1,2,1,0,0,0
AT3G56490,2,0,1,0,0,1,0,0
AT3G56940,2,3,2,2,1,1,0,0
AT3G57560,2,1,1,1,1,2,0,0
AT3G58730,2,3,3,5,3,3,0,0
AT3G60040,2,1,1,1,1,1,0,0
AT3G61260,2,2,3,3,1,0,0,0
AT3G62600,2,1,1,0,1,3,0,0
AT3G63410,2,3,3,4,2,3,0,0
AT4G02230,2,1,1,0,2,2,0,0
AT4G02730,2,4,1,2,1,2,1,0
AT4G03190,2,3,0,0,1,1,0,0
AT4G04770,2,1,0,2,1,1,0,0
AT4G04910,2,6,2,0,1,1,0,0
AT4G05090,2,2,1,0,0,0,0,0
AT4G09020,2,3,1,2,1,3,0,0
AT4G10790,2,1,1,7,2,2,0,0
AT4G14030,2,3,5,1,0,3,0,0
AT4G14716,2,3,0,4,2,2,0,0
AT4G15530,2,1,1,1,2,4,0,0
AT4G16060,2,1,1,2,0,0,0,0
AT4G17040,2,0,0,1,0,1,0,0
AT4G18240,2,2,0,0,0,1,0,0
AT4G32840,2,3,1,1,1,1,0,0
AT4G27740,2,2,0,2,2,2,0,0
AT4G28080,2,2,6,2,3,0,0,0
AT4G28570,2,5,0,4,0,4,0,0
AT4G29130,2,1,1,6,1,1,0,0
AT4G29510,2,2,1,1,1,1,0,0
AT4G32720,2,1,0,1,0,0,0,0
AT4G33090,2,5,0,2,1,1,0,0
AT4G34350,2,5,3,2,0,0,0,0
AT4G34360,2,2,0,3,1,1,0,0
AT4G34490,2,0,5,5,2,1,0,0
AT4G34670,2,3,1,4,0,2,0,0
AT4G34740,2,3,0,1,2,1,2,0
AT4G35100,2,3,2,4,3,2,0,0
AT4G35250,2,3,2,9,1,4,0,0
AT4G35450,2,2,1,3,1,2,0,0
AT4G35890,2,2,2,1,0,0,0,0
AT4G37980,2,2,0,2,2,2,0,0
AT4G38130,2,0,2,1,1,0,0,0
AT4G39330,2,2,4,2,4,5,0,0
AT5G02450,2,0,1,1,2,0,0,0
AT5G03040,2,2,0,4,2,4,0,0
AT5G03940,2,1,2,2,0,2,0,0
AT5G07030,2,2,2,5,4,2,0,0
AT5G08080,2,0,0,0,0,0,0,0
AT5G11680,2,1,2,0,0,0,0,0
AT5G13780,2,5,2,3,5,2,0,0
AT5G16050,2,1,1,1,1,2,0,0
AT5G16440,2,0,0,0,0,0,0,0
AT5G16990,2,3,0,3,3,2,0,0
AT5G20500,2,1,2,0,2,1,0,0
AT5G22330,2,3,2,5,7,2,0,0
AT5G27390,2,2,2,1,3,2,0,0
AT5G28060,2,1,0,1,1,2,0,0
AT5G36230,2,3,3,2,2,2,0,0
AT5G37510,2,0,0,1,0,0,0,0
AT5G37720,2,1,0,3,3,1,0,0
AT5G41520,2,1,0,3,1,3,0,0
AT5G41670,2,3,0,1,0,0,0,0
AT5G42020,2,0,1,1,1,0,0,0
AT5G43330,2,1,1,0,0,1,0,0
AT5G43780,2,1,1,2,1,3,0,0
AT5G44020,2,0,0,0,0,0,0,0
AT5G45620,2,2,2,3,0,3,0,0
AT5G47910,2,3,1,2,2,2,0,0
AT5G50250,2,1,1,2,1,1,0,0
AT5G51180,2,3,1,5,1,1,0,0
AT5G54960,2,1,0,1,1,2,0,0
AT5G56010,2,1,0,1,1,4,1,0
AT5G58330,2,3,0,4,1,2,0,0
AT5G60100,2,2,1,7,8,7,0,0
AT5G61210,2,1,1,1,1,4,0,0
AT5G62790,2,4,6,4,3,2,1,0
AT5G62930,2,0,1,1,0,1,0,0
AT5G63120,2,1,1,1,0,1,0,0
AT5G64350,2,1,0,1,1,1,0,0
AT5G65260,2,0,0,1,0,0,0,0
AT5G65620,2,3,3,4,2,4,0,0
AT5G67360,2,0,1,1,1,2,0,0
ATCG00020,2,2,1,5,1,3,0,0
ATCG00280,2,2,3,7,3,3,1,0
ATCG00330,2,2,3,3,2,5,0,0
ATCG00650,2,1,0,1,1,2,1,0
AT3G07870,3,1,0,1,1,1,0,0
AT5G35917,3,0,1,0,1,0,0,0
ATCG00670,2,2,1,1,1,2,0,0
AT1G02150,1,5,2,5,4,5,0,0
AT3G04400,1,3,3,7,3,6,1,0
AT1G05010,1,1,2,3,2,4,0,0
AT1G06410,1,2,1,3,2,2,0,0
AT1G07780,1,1,1,3,1,1,0,0
AT1G09130,1,1,1,1,2,2,0,0
AT1G09490,1,2,1,0,0,0,0,0
AT1G10290,1,0,0,1,0,2,0,0
AT1G10360,1,0,0,1,0,0,0,0
AT1G10370,1,1,0,1,0,1,0,0
AT1G60810,1,2,2,1,0,1,0,0
AT5G08590,1,1,0,3,1,1,0,0
AT1G11430,1,2,2,0,1,1,1,0
AT1G11750,1,1,3,1,2,1,0,0
AT2G02760,1,0,1,1,0,0,0,0
AT1G15140,1,1,0,1,1,2,0,0
AT1G15730,1,0,2,0,0,0,0,0
AT1G15950,1,0,0,1,1,0,0,0
AT1G16350,1,2,2,0,0,0,0,0
AT1G17580,1,1,2,6,7,6,0,0
AT1G17650,1,2,2,1,0,0,0,0
AT1G18250,1,1,2,2,1,2,0,0
AT1G74060,1,0,2,2,2,0,0,0
AT1G19920,1,3,4,2,3,4,0,0
AT1G20620,1,0,0,0,0,0,0,0
AT1G20630,1,1,0,0,1,1,0,0
AT1G21680,1,1,0,2,0,0,0,0
AT1G22530,1,4,0,6,1,3,0,0
AT1G27130,1,1,0,1,1,1,0,0
AT1G27430,1,1,1,1,1,1,0,0
AT1G29990,1,0,2,1,2,2,0,0
AT2G34590,1,1,2,2,0,0,0,0
AT1G30630,1,4,0,1,0,0,0,0
AT2G35635,1,0,1,1,0,1,0,0
AT1G32470,1,0,2,0,2,0,0,0
AT4G10610,1,1,2,1,1,2,0,0
AT1G33680,1,1,0,2,2,1,0,0
AT1G35680,1,0,2,1,0,1,0,0
AT1G41830,1,1,0,1,2,1,0,0
AT1G44575,1,2,1,1,0,1,0,0
AT1G48210,1,0,0,2,0,0,0,0
AT1G48350,1,4,3,0,0,1,0,0
AT1G48760,1,0,1,2,3,1,0,0
AT1G48850,1,3,3,1,1,0,0,0
AT1G49970,1,0,0,1,0,1,0,0
AT1G51100,1,1,2,2,1,2,0,0
AT1G51160,1,1,0,1,1,0,0,0
AT3G16140,1,1,0,0,1,1,0,0
AT1G53500,1,2,1,3,2,0,0,0
AT1G60095,1,1,0,0,0,1,0,0
AT1G60780,1,5,3,6,5,5,0,0
AT1G62380,1,1,2,4,2,3,0,0
AT1G63940,1,5,2,6,2,4,0,0
AT1G63970,1,2,2,3,3,0,0,0
AT5G53300,1,3,1,2,1,2,1,0
AT1G64370,1,0,0,1,0,0,0,0
AT1G64510,1,1,3,2,2,2,0,0
AT1G66200,1,1,0,1,0,2,0,0
AT1G66260,1,2,0,2,2,4,0,0
AT1G68560,1,3,3,2,1,4,0,0
AT1G70820,1,0,0,0,0,1,0,0
AT1G72550,1,3,0,1,0,0,0,0
AT1G73030,1,1,1,0,0,0,0,0
AT1G73110,1,2,4,3,2,4,0,0
AT1G73380,1,3,3,2,2,3,0,0
AT1G74880,1,1,0,1,2,1,0,0
AT1G74970,1,1,1,3,0,1,1,0
AT1G75950,1,2,1,1,3,4,0,0
AT1G75990,1,0,0,4,1,0,0,0
AT1G76010,1,1,2,1,1,3,5,0
AT1G76180,1,1,2,1,2,2,0,0
AT1G76680,1,0,1,2,1,5,0,0
AT1G78020,1,0,0,0,0,0,0,0
AT1G78830,1,0,0,0,0,1,1,0
AT1G79440,1,5,2,4,2,4,0,0
AT1G79850,1,2,1,3,1,2,1,0
AT1G79870,1,2,1,1,0,0,0,0
AT2G03680,1,1,1,0,0,0,0,0
AT2G05100,1,3,2,3,3,2,0,0
AT2G05920,1,3,3,6,4,4,0,0
AT2G06530,1,0,1,0,0,0,0,0
AT2G14750,1,6,3,1,1,3,0,0
AT2G15620,1,3,5,4,0,0,0,0
AT2G16700,1,0,0,2,2,0,0,0
AT2G17265,1,0,2,1,2,0,0,0
AT2G18040,1,4,1,1,2,0,1,0
AT2G18660,1,0,0,0,0,0,0,0
AT2G19870,1,0,0,0,0,1,2,0
AT2G21280,1,0,0,1,0,2,0,0
AT2G21385,1,2,2,1,0,0,1,0
AT2G22230,1,4,1,3,1,3,0,0
AT2G22240,1,1,1,1,1,2,0,0
AT2G23810,1,1,1,2,1,2,0,0
AT2G24020,1,2,1,7,1,5,0,0
AT2G25830,1,2,0,1,1,1,0,0
AT2G26930,1,3,3,0,1,1,0,0
AT2G28470,1,0,0,0,0,1,0,0
AT2G28790,1,0,0,1,1,3,0,0
AT2G29310,1,1,0,2,1,1,0,0
AT2G30060,1,1,2,0,1,1,0,0
AT2G30970,1,3,1,2,0,1,0,0
AT2G31170,1,1,0,0,0,0,0,0
AT2G31810,1,2,0,0,0,0,0,0
AT2G34470,1,4,0,2,0,1,0,0
AT2G35490,1,0,2,2,0,1,0,0
AT2G35605,1,0,0,1,0,0,0,0
AT2G36130,1,2,3,1,3,2,0,0
AT2G36145,1,1,0,1,1,0,0,0
AT2G37500,1,0,3,0,0,0,0,0
AT2G37690,1,1,0,0,0,0,0,0
AT2G39010,1,2,1,2,1,1,0,0
AT2G40130,1,0,0,0,0,0,0,0
AT2G42690,1,1,0,2,1,1,0,0
AT2G42810,1,4,1,3,0,2,0,0
AT2G43090,1,1,1,1,0,1,0,0
AT2G43160,1,1,2,6,2,4,0,0
AT2G43520,1,1,1,1,2,2,0,0
AT2G44040,1,2,3,3,1,3,0,0
AT2G44060,1,0,1,3,0,0,0,0
AT2G44160,1,2,0,3,2,1,0,0
AT2G45300,1,1,2,0,0,0,0,0
AT2G45470,1,1,1,3,3,4,0,0
AT2G45770,1,2,1,2,0,1,0,0
AT2G47240,1,0,0,6,0,1,0,0
AT3G02230,1,0,1,0,0,2,0,0
AT3G03380,1,2,4,6,0,4,0,0
AT3G03570,1,3,1,3,1,2,0,0
AT3G03780,1,2,1,6,0,1,0,0
AT3G04120,1,0,0,1,1,0,0,0
AT3G04600,1,1,2,3,0,1,0,0
AT3G04920,1,2,0,1,0,2,0,0
AT3G04940,1,0,0,1,0,1,0,0
AT3G05220,1,1,2,2,1,2,0,0
AT3G05560,1,1,1,1,0,1,0,0
AT3G05970,1,0,1,1,1,3,0,0
AT3G06510,1,2,6,7,2,1,0,0
AT3G06860,1,1,0,0,2,1,0,0
AT3G07100,1,1,0,1,1,0,0,0
AT3G07230,1,2,1,1,1,1,0,0
AT3G07480,1,0,1,0,0,0,0,0
AT3G07660,1,0,0,2,0,1,0,0
AT3G08030,1,0,1,2,2,3,0,0
AT3G08940,1,4,1,0,0,1,0,0
AT3G08947,1,0,0,1,0,1,0,0
AT3G10690,1,1,1,0,0,0,0,0
AT3G10850,1,3,2,3,1,2,0,0
AT3G10920,1,2,0,2,1,1,0,0
AT5G05780,1,2,1,3,1,4,0,0
AT3G11450,1,1,0,0,0,0,0,0
AT3G11820,1,1,2,2,1,0,0,0
AT3G12915,1,1,1,0,2,1,0,0
AT3G13224,1,0,0,3,2,0,0,0
AT3G13300,1,0,4,3,2,8,0,0
AT3G13990,1,0,1,1,1,1,0,0
AT3G14160,1,1,1,0,0,0,0,0
AT3G14390,1,4,5,0,0,0,0,0
AT3G14415,1,3,1,2,1,0,2,0
AT3G14930,1,1,0,0,0,0,0,0
AT3G15840,1,0,1,0,0,0,0,0
AT3G15980,1,1,2,1,1,1,0,0
AT3G16430,1,2,2,2,0,0,0,0
AT3G16470,1,2,1,8,3,6,0,0
AT3G16520,1,2,3,2,1,3,1,0
AT3G16950,1,1,1,1,0,0,0,0
AT3G18035,1,2,2,2,3,3,0,0
AT3G18410,1,2,0,1,1,1,0,0
AT3G19760,1,0,1,1,2,2,0,0
AT3G23450,1,0,0,0,1,1,0,0
AT3G23810,1,1,2,2,1,1,0,0
AT3G24100,1,0,0,0,1,0,1,0
AT3G24430,1,2,1,0,1,0,0,0
AT3G25070,1,0,1,3,1,2,0,0
AT3G25770,1,1,2,2,2,2,0,0
AT3G28300,1,1,1,6,1,5,0,0
AT3G29185,1,1,1,0,0,1,0,0
AT5G60360,1,1,2,1,3,0,0,0
AT3G46740,1,1,1,2,1,0,0,0
AT3G47800,1,3,0,1,2,5,0,0
AT3G48090,1,0,1,0,0,1,0,0
AT3G48930,1,3,1,2,0,1,0,0
AT3G50370,1,1,1,1,0,3,0,0
AT3G51890,1,0,0,3,0,2,0,0
AT3G52580,1,1,1,1,0,1,0,0
AT3G53900,1,2,1,1,0,0,0,0
AT3G54400,1,2,2,3,0,9,0,0
AT3G54900,1,2,2,2,1,1,2,0
AT3G55360,1,0,0,1,2,1,1,0
AT3G56070,1,0,0,0,0,0,0,0
AT3G56150,1,2,3,3,2,1,0,0
AT3G56190,1,1,2,6,5,2,0,0
AT3G56290,1,0,1,0,1,0,0,0
AT3G60300,1,4,0,1,0,1,0,0
AT3G60600,1,0,0,0,1,0,0,0
AT3G62030,1,2,2,6,2,3,0,0
AT3G62310,1,2,0,0,0,2,0,0
AT3G62910,1,0,0,0,0,0,0,0
AT3G63160,1,1,3,1,2,1,0,0
AT4G00165,1,1,1,0,1,1,0,0
AT4G01050,1,0,0,1,0,1,0,0
AT4G01150,1,1,0,3,1,1,0,0
AT4G03110,1,0,0,0,0,0,1,0
AT4G05420,1,6,3,8,4,5,0,0
AT4G08870,1,2,2,2,2,2,0,0
AT4G09040,1,2,4,1,1,1,0,0
AT4G09570,1,1,1,3,1,3,0,0
AT4G11380,1,2,1,4,2,3,0,0
AT4G12420,1,1,0,0,0,1,0,0
AT4G12730,1,0,0,1,0,2,0,0
AT4G13615,1,1,1,0,1,1,1,0
AT4G13670,1,0,3,0,0,0,0,0
AT4G14160,1,2,2,3,2,1,0,0
AT4G14570,1,0,1,1,1,0,0,0
AT4G14800,1,0,0,5,3,2,0,0
AT4G15545,1,2,0,2,1,2,0,0
AT4G17100,1,0,1,2,2,4,0,0
AT4G17190,1,3,1,1,1,1,0,0
AT4G17530,1,1,0,1,1,1,0,0
AT4G19410,1,1,0,1,1,3,0,0
AT4G21670,1,0,0,0,0,2,0,0
AT4G21960,1,1,2,3,0,1,0,0
AT5G20160,1,2,1,2,2,1,0,0
AT1G05670,2,2,5,0,2,2,3,0
AT3G04810,2,2,2,4,3,2,2,2
AT4G22930,1,2,0,1,1,2,0,0
AT4G23650,1,2,0,3,2,1,0,0
AT4G24800,1,3,2,6,3,3,0,0
AT4G25050,1,1,1,2,1,2,0,0
AT5G52470,1,4,2,3,2,2,0,0
AT4G26870,1,1,1,1,1,1,0,0
AT4G26910,1,1,1,1,0,0,0,0
AT4G28540,1,1,1,1,1,1,0,0
AT4G28730,1,0,1,3,2,1,1,0
AT4G29010,1,1,1,1,0,1,0,0
AT4G29160,1,1,3,3,2,1,0,0
AT4G29840,1,2,1,0,0,0,0,0
AT4G31120,1,1,0,0,1,2,0,0
AT4G32330,1,1,0,0,0,0,0,0
AT4G33470,1,0,0,1,0,5,0,0
AT4G34620,1,2,2,1,1,2,0,0
AT4G35830,1,4,1,7,2,5,1,0
AT4G36020,1,1,2,0,1,3,0,0
AT4G38460,1,0,0,1,0,1,0,0
AT5G02710,1,1,0,2,1,0,0,0
AT5G03470,1,1,3,3,2,1,0,0
AT5G04130,1,2,1,0,0,0,0,0
AT5G04260,1,3,1,0,0,2,0,0
AT5G04740,1,2,0,2,0,1,0,0
AT5G06060,1,2,1,2,0,2,0,0
AT5G08060,1,1,1,2,1,2,0,0
AT5G08180,1,1,0,0,0,0,0,0
AT5G08260,1,0,0,0,0,0,0,0
AT5G08300,1,0,0,1,1,1,0,0
AT5G09510,1,1,0,0,2,0,0,0
AT5G10010,1,0,0,1,0,0,0,0
AT5G10160,1,1,0,2,1,1,0,0
AT5G10360,1,0,2,1,1,2,0,0
AT5G11450,1,1,2,0,1,0,0,0
AT5G11670,1,1,2,4,3,5,0,0
AT5G13490,1,1,0,0,0,0,0,0
AT5G13650,1,1,2,0,0,0,0,0
AT5G14200,1,1,1,4,0,2,0,0
AT5G14260,1,2,0,1,0,2,0,0
AT5G14460,1,2,0,0,0,0,0,0
AT5G15650,1,0,0,3,1,1,0,0
AT5G15770,1,1,0,0,0,0,0,0
AT5G16400,1,0,0,1,0,0,0,0
AT5G19370,1,2,4,7,4,4,1,0
AT5G19940,1,5,3,1,0,0,0,0
AT5G21326,1,2,2,1,1,0,8,0
AT5G22770,1,3,2,15,6,8,0,0
AT5G23060,1,1,1,10,4,6,0,0
AT5G24490,1,4,3,3,0,0,0,0
AT5G24770,1,0,0,1,1,1,0,0
AT5G28050,1,1,2,0,0,0,1,0
AT5G28850,1,2,0,2,1,0,0,0
AT5G34850,1,0,0,2,0,0,0,0
AT5G35430,1,1,0,1,1,0,0,0
AT5G36700,1,1,2,2,1,2,0,0
AT5G38480,1,1,2,1,2,2,0,0
AT5G39740,1,0,3,2,3,2,0,0
AT5G40270,1,2,1,0,3,0,0,0
AT5G43900,1,1,2,10,3,4,0,0
AT5G45390,1,1,0,2,0,1,0,0
AT5G45930,1,1,1,0,0,0,0,0
AT5G46110,1,0,0,0,1,0,0,0
AT5G46630,1,4,2,4,5,3,0,0
AT5G50950,1,0,3,1,2,2,0,0
AT5G51120,1,4,2,2,1,1,0,0
AT5G51720,1,1,0,1,1,0,0,0
AT5G52840,1,0,0,1,0,1,0,0
AT5G53850,1,2,0,2,1,5,0,0
AT5G54160,1,6,3,5,0,4,0,0
AT5G54600,1,2,4,1,2,3,0,0
AT5G55860,1,0,0,2,0,0,0,0
AT5G56260,1,3,1,1,0,0,0,0
AT5G56430,1,1,0,0,0,0,0,0
AT5G56500,1,0,1,4,3,0,0,0
AT5G56680,1,1,1,2,0,0,0,0
AT5G58140,1,2,0,3,1,5,0,0
AT5G61140,1,0,0,0,1,0,0,0
AT5G61790,1,0,1,1,1,2,0,0
AT5G63680,1,2,1,0,0,0,0,0
AT5G63840,1,3,0,0,0,0,0,0
AT5G63860,1,0,0,1,0,0,0,0
AT5G63890,1,0,1,1,1,0,0,0
AT5G64840,1,0,1,0,0,0,0,0
AT5G65840,1,2,1,1,1,1,0,0
AT5G66100,1,1,1,1,1,1,0,0
AT5G66530,1,4,2,0,0,2,0,0
ATCG00130,1,0,1,2,1,1,0,0
ATCG00160,1,0,2,2,1,0,0,0
ATCG00270,1,0,0,3,2,1,0,0
ATCG00350,1,1,1,0,0,0,0,0
ATCG00770,1,3,2,1,4,2,1,0
ATCG00820,1,2,0,2,0,1,2,0
ATCG01300,1,0,0,1,0,1,0,0
ATCG01240,1,1,3,1,1,0,1,0
ATMG00510,1,1,1,1,1,1,0,0
AT1G01080,0,2,2,0,1,2,1,0
AT1G01620,0,0,1,0,0,0,0,0
AT1G01800,0,1,0,1,1,1,0,0
AT1G02020,0,0,0,8,4,7,0,0
AT1G02560,0,2,2,1,0,1,0,0
AT1G03130,0,2,1,1,2,1,0,0
AT1G03330,0,0,0,1,0,0,0,0
AT1G03970,0,0,0,0,0,0,1,0
AT1G06190,0,0,0,0,2,1,0,0
AT1G07440,0,1,1,5,4,4,0,0
AT1G07790,0,2,1,1,1,0,0,0
AT1G08200,0,0,0,1,0,1,0,0
AT1G09750,0,1,0,0,0,1,0,0
AT1G09780,0,1,0,0,0,0,2,0
AT1G09795,0,0,1,0,0,0,0,0
AT1G10390,0,0,0,0,0,1,0,0
AT1G12000,0,1,2,0,0,1,0,0
AT1G12230,0,2,2,0,0,1,0,0
AT1G12840,0,2,1,1,1,0,0,0
AT1G13280,0,0,0,1,1,3,0,0
AT1G13930,0,1,1,1,0,0,0,0
AT1G15125,0,0,0,3,2,4,0,0
AT1G52730,0,1,0,0,1,1,1,0
AT1G16470,0,2,2,6,6,2,0,0
AT1G16820,0,1,0,0,0,1,0,0
AT1G16880,0,1,0,0,0,0,0,0
AT1G18170,0,1,0,1,1,2,0,0
AT1G18590,0,1,0,2,0,1,0,0
AT1G21065,0,0,3,2,1,3,2,0
AT1G21130,0,0,0,8,1,3,0,0
AT1G22920,0,0,0,1,1,0,0,0
AT1G23820,0,1,1,0,1,0,0,0
AT1G23900,0,0,1,3,0,0,0,0
AT1G24020,0,0,0,0,0,3,0,0
AT1G24100,0,0,0,1,0,0,0,0
AT1G25280,0,0,1,0,0,0,0,0
AT1G27970,0,1,0,0,0,2,0,0
AT1G30470,0,1,0,0,1,0,0,0
AT1G31930,0,0,0,0,0,0,1,0
AT1G33590,0,0,0,0,0,1,0,0
AT1G35160,0,0,1,1,3,1,0,0
AT1G43710,0,2,2,1,1,1,0,0
AT1G45150,0,1,0,3,2,0,0,0
AT1G45201,0,2,3,6,7,6,0,0
AT1G47490,0,1,2,0,0,0,0,0
AT1G47970,0,1,0,2,2,1,0,0
AT1G51710,0,0,0,1,0,1,0,0
AT1G51980,0,1,0,1,2,0,0,0
AT3G14290,0,0,0,1,0,0,0,0
AT1G54780,0,1,0,1,0,1,0,0
AT1G55210,0,1,0,4,3,1,1,0
AT1G70320,0,2,1,0,0,0,0,0
AT1G58290,0,1,4,0,0,0,0,0
AT1G60710,0,1,0,1,1,2,0,0
AT1G60990,0,2,0,1,0,0,0,0
AT1G61620,0,1,0,0,2,0,0,0
AT1G61870,0,1,0,2,0,0,0,0
AT1G63770,0,3,1,4,1,2,0,0
AT1G64190,0,5,0,0,0,1,0,0
AT1G65860,0,0,0,4,0,0,0,0
AT1G66330,0,1,0,0,0,0,0,0
AT1G66670,0,1,0,0,1,0,0,0
AT1G70290,0,1,1,2,1,2,0,0
AT1G71695,0,0,1,1,0,4,0,0
AT1G72610,0,1,1,1,0,0,3,0
AT1G72910,0,0,2,1,0,1,0,0
AT1G72970,0,1,0,1,0,0,0,0
AT1G73530,0,0,3,1,0,0,0,0
AT1G74100,0,0,0,2,0,0,0,0
AT1G74910,0,1,0,0,0,0,0,0
AT1G74960,0,5,3,3,3,5,0,0
AT1G75460,0,0,1,1,0,0,0,0
AT1G75780,0,0,0,1,0,1,0,0
AT1G77490,0,1,0,1,0,1,0,0
AT1G77590,0,0,0,3,0,0,0,0
AT1G78060,0,0,0,1,0,3,0,0
AT1G79280,0,0,2,0,0,0,0,0
AT1G79990,0,2,0,0,0,0,0,0
AT1G80030,0,0,0,1,0,4,0,0
AT1G80360,0,0,0,3,0,2,0,0
AT1G80460,0,1,0,0,0,1,0,0
AT2G01350,0,1,0,1,0,1,0,0
AT2G01690,0,1,0,0,0,1,0,0
AT2G02790,0,0,1,1,0,1,0,0
AT2G03420,0,1,0,0,0,0,0,0
AT2G03640,0,2,1,1,0,0,0,0
AT2G04690,0,1,1,1,1,2,0,0
AT2G05710,0,0,1,4,4,2,0,0
AT2G05830,0,0,0,1,1,0,0,0
AT2G13760,0,0,0,0,0,0,0,0
AT2G14120,0,2,1,1,1,0,0,0
AT2G14260,0,1,0,0,0,0,0,0
AT2G14900,0,1,0,0,0,0,0,0
AT2G15430,0,0,1,2,0,0,0,0
AT2G17380,0,0,0,2,0,1,0,0
AT2G17840,0,1,0,1,0,1,0,0
AT2G19710,0,0,0,0,1,0,0,0
AT2G20340,0,1,0,4,1,3,0,0
AT2G21620,0,0,0,2,1,1,0,0
AT2G22125,0,1,1,1,0,0,0,0
AT2G22420,0,0,0,0,0,1,0,0
AT2G24590,0,0,0,0,0,2,0,0
AT2G24820,0,0,0,7,0,1,0,0
AT2G25450,0,0,0,1,0,0,0,0
AT2G25670,0,1,2,0,1,1,0,0
AT2G25820,0,1,0,0,0,1,0,0
AT2G25970,0,1,1,0,0,0,0,0
AT2G27530,0,0,1,1,1,1,0,0
AT2G27600,0,1,0,2,1,1,0,0
AT2G28190,0,0,1,0,3,0,0,0
AT2G29450,0,0,0,1,0,1,0,0
AT2G29690,0,1,2,0,2,0,0,0
AT2G29720,0,0,0,1,0,0,0,0
AT2G30170,0,1,0,0,0,0,0,0
AT2G30200,0,1,0,1,1,0,0,0
AT2G31570,0,1,0,1,1,0,0,0
AT2G32240,0,0,0,2,0,2,0,0
AT2G33380,0,0,0,0,0,0,1,0
AT2G33410,0,0,1,2,0,0,0,0
AT2G34560,0,1,0,1,1,0,0,0
AT2G34810,0,0,0,0,0,2,0,0
AT2G36410,0,2,0,1,0,0,0,0
AT2G37710,0,0,1,1,0,0,0,0
AT2G38500,0,3,0,2,2,2,0,0
AT2G38750,0,1,0,3,0,3,0,0
AT2G39770,0,1,0,2,5,2,2,0
AT2G40030,0,0,0,1,0,0,0,0
AT2G40290,0,0,0,0,0,2,0,0
AT2G43810,0,2,2,3,2,1,1,0
AT2G44350,0,1,0,3,0,1,0,0
AT2G44490,0,2,1,3,2,1,0,0
AT2G44530,0,2,0,0,0,0,0,0
AT2G44920,0,2,0,0,1,0,0,0
AT2G45220,0,0,0,0,0,0,6,0
AT2G45810,0,0,0,1,0,0,1,0
AT2G46820,0,2,1,1,1,1,0,0
AT2G46900,0,0,1,1,1,0,0,0
AT2G47400,0,0,1,0,0,0,0,0
AT3G02090,0,1,0,3,0,2,0,0
AT3G02110,0,0,0,2,0,3,0,0
AT3G02180,0,1,0,2,3,0,0,0
AT3G02260,0,1,0,0,1,1,0,0
AT3G02560,0,0,0,1,0,0,0,0
AT3G02760,0,1,1,4,1,2,0,0
AT3G02780,0,0,1,1,0,1,0,0
AT3G04870,0,3,2,1,0,0,0,0
AT3G05000,0,2,0,2,1,0,0,0
AT3G05350,0,2,1,2,0,0,0,0
AT3G05727,0,0,0,2,1,0,0,0
AT3G07720,0,3,2,7,5,1,1,0
AT3G08010,0,2,0,1,0,0,0,0
AT3G09260,0,2,1,1,0,0,0,0
AT4G35970,0,1,1,2,0,1,0,0
AT3G09810,0,1,0,0,0,1,0,0
AT3G10650,0,0,0,0,1,0,1,0
AT5G05370,0,0,0,0,0,2,0,0
AT3G12050,0,1,0,0,1,0,0,0
AT3G12145,0,0,0,2,1,11,0,0
AT3G12640,0,1,0,0,1,1,0,0
AT3G13330,0,1,0,4,2,1,0,0
AT3G14100,0,1,0,4,1,0,0,0
AT3G17240,0,0,0,1,0,1,0,0
AT3G17810,0,2,2,1,2,1,0,0
AT3G18130,0,2,1,0,0,1,0,0
AT3G18165,0,0,1,0,0,0,0,0
AT3G18860,0,3,1,0,0,1,0,0
AT3G18890,0,0,0,1,0,1,0,0
AT3G19450,0,2,1,2,0,0,0,0
AT3G19480,0,0,2,0,0,0,0,0
AT3G19710,0,2,4,7,2,7,0,0
AT3G19820,0,0,0,1,0,0,0,0
AT4G21940,0,0,0,1,2,1,0,0
AT3G22200,0,0,0,1,0,1,0,0
AT3G22220,0,1,0,0,0,1,0,0
AT3G22630,0,0,0,1,0,0,0,0
AT3G24170,0,0,1,1,1,3,0,0
AT3G24830,0,2,2,0,0,0,1,0
AT3G25520,0,0,2,0,0,0,0,0
AT3G25760,0,0,0,0,0,1,0,0
AT3G27120,0,0,0,0,2,1,0,0
AT3G27740,0,1,1,0,0,0,0,0
AT3G28270,0,1,0,0,2,3,0,0
AT3G29320,0,3,0,1,0,4,0,0
AT3G29410,0,3,2,6,5,7,0,0
AT3G43300,0,1,0,1,0,1,0,0
AT3G44340,0,0,0,0,0,1,1,0
AT3G44620,0,2,2,3,0,4,0,0
AT3G45620,0,0,0,2,0,0,0,0
AT3G45640,0,0,0,1,0,2,0,0
AT3G46000,0,0,0,3,2,2,0,0
AT5G59840,0,0,2,3,0,3,0,0
AT3G47470,0,2,0,3,0,1,0,0
AT3G48690,0,1,0,1,0,0,0,0
AT3G48750,0,0,0,1,0,1,0,0
AT3G48870,0,1,0,1,0,0,0,0
AT3G50740,0,0,0,0,0,1,0,0
AT3G50950,0,0,1,2,0,0,0,0
AT3G52500,0,0,0,0,0,1,0,0
AT3G52730,0,0,0,1,0,0,0,0
AT3G53130,0,0,0,1,0,1,0,0
AT3G54930,0,1,0,0,0,0,0,0
AT3G55000,0,0,0,1,0,0,0,0
AT3G55580,0,1,0,3,1,3,0,0
AT3G55770,0,1,0,1,1,3,0,0
AT3G57090,0,0,0,1,0,0,0,0
AT3G57610,0,0,2,4,0,2,0,0
AT3G58500,0,1,0,2,0,1,0,0
AT3G58570,0,0,1,0,1,1,1,0
AT3G59010,0,0,0,1,1,1,0,0
AT3G59920,0,3,0,2,0,0,0,0
AT3G59990,0,2,0,0,1,0,0,0
AT3G60450,0,0,0,1,0,1,0,0
AT3G60830,0,0,0,1,1,0,0,0
AT3G61140,0,2,0,3,1,2,0,0
AT3G61220,0,2,2,3,0,0,0,0
AT3G61240,0,1,0,2,0,0,0,0
AT3G63170,0,0,0,2,0,1,0,0
AT3G63520,0,1,0,0,1,1,0,0
AT4G00620,0,1,0,0,0,0,0,0
AT4G01070,0,2,0,2,0,0,0,0
AT4G01610,0,1,0,1,0,3,0,0
AT4G01700,0,1,0,0,1,1,0,0
AT4G02150,0,1,0,0,0,0,0,0
AT4G02480,0,2,0,2,1,2,0,0
AT4G02570,0,0,1,4,0,1,0,0
AT4G03430,0,0,0,2,0,0,0,0
AT4G04020,0,2,3,3,3,4,0,0
AT4G08320,0,0,0,1,2,1,0,0
AT4G10070,0,0,0,0,0,0,2,0
AT4G10120,0,2,0,1,0,1,0,0
AT4G11240,0,0,0,2,0,0,0,0
AT4G11830,0,0,0,1,0,0,0,0
AT4G12800,0,1,0,0,0,0,0,0
AT4G12830,0,3,0,4,1,2,0,0
AT4G12980,0,1,0,1,1,0,0,0
AT1G34650,1,0,1,0,1,1,0,0
AT1G76350,1,2,1,0,0,1,0,0
AT4G16162,1,0,0,0,0,0,0,0
AT5G58770,1,2,1,2,3,2,3,1
AT4G14960,0,6,4,1,3,2,0,0
AT4G15020,0,1,0,3,0,0,0,0
AT4G15110,0,1,1,2,0,0,0,0
AT4G15210,0,0,0,0,0,1,0,0
AT4G16130,0,1,0,1,1,1,0,0
AT4G16990,0,2,0,4,2,2,0,0
AT4G17030,0,0,0,1,0,2,0,0
AT4G35860,0,1,1,1,1,1,0,0
AT4G17330,0,0,0,1,1,2,0,0
AT4G17830,0,0,0,1,0,0,0,0
AT4G18740,0,0,0,0,2,0,0,0
AT4G18760,0,0,0,1,0,0,0,0
AT4G19170,0,1,0,1,1,1,0,0
AT4G19530,0,0,0,3,0,0,0,0
AT4G19880,0,3,1,0,1,3,0,0
AT4G21580,0,0,0,1,1,2,0,0
AT4G21660,0,0,0,0,0,1,0,0
AT4G21710,0,0,1,0,0,0,0,0
AT4G24350,0,0,0,1,0,0,0,0
AT4G24550,0,3,1,1,1,3,0,0
AT4G24690,0,0,0,3,0,0,0,0
AT4G25100,0,0,0,2,0,1,0,0
AT4G27700,0,0,0,0,1,0,0,0
AT4G28470,0,1,0,0,0,1,0,0
AT4G28710,0,1,1,1,0,0,0,0
AT4G29260,0,0,0,1,0,0,0,0
AT4G29670,0,1,1,2,1,2,1,0
AT4G30530,0,0,0,3,1,0,0,0
AT4G30920,0,1,2,1,0,0,0,0
AT4G31180,0,5,4,4,1,3,0,0
AT4G33060,0,0,1,0,0,1,0,0
AT4G33080,0,0,0,4,0,0,0,0
AT4G33510,0,1,1,1,0,1,0,0
AT4G34870,0,3,1,3,2,4,0,0
AT4G36250,0,1,2,2,0,1,0,0
AT4G37000,0,1,0,2,0,0,0,0
AT4G38220,0,0,0,1,0,1,0,0
AT4G39090,0,2,1,3,0,4,0,0
AT4G39660,0,1,0,0,0,1,0,0
AT4G39960,0,1,1,2,1,1,0,0
AT4G39980,0,1,0,2,0,1,0,0
AT5G02160,0,0,0,0,0,1,0,0
AT5G04590,0,3,1,6,1,3,0,0
AT5G06320,0,0,0,3,1,2,0,0
AT5G07440,0,0,0,1,0,0,0,0
AT5G07470,0,2,1,0,0,0,0,0
AT5G07860,0,1,0,0,0,0,0,0
AT5G10920,0,0,0,1,0,0,0,0
AT5G11040,0,0,0,1,0,0,0,0
AT5G11060,0,0,0,1,1,0,0,0
AT5G11490,0,1,1,0,0,0,0,0
AT5G12040,0,0,0,1,1,1,0,0
AT5G12110,0,1,1,2,0,0,0,0
AT5G12370,0,0,0,0,0,1,0,0
AT5G12950,0,0,1,0,1,0,0,0
AT5G13430,0,0,0,1,0,0,0,0
AT5G13450,0,2,0,1,0,1,0,0
AT5G14250,0,0,0,4,0,0,0,0
AT5G15090,0,0,0,4,0,1,0,0
AT5G15490,0,1,1,1,0,2,0,0
AT5G16280,0,1,0,1,0,0,0,0
AT5G18420,0,0,0,1,1,1,0,0
AT5G18570,0,1,1,0,0,0,0,0
AT5G18660,0,0,1,2,0,0,0,0
AT5G19090,0,0,1,0,0,1,0,0
AT5G19990,0,2,0,0,1,0,0,0
AT5G20280,0,4,0,0,0,0,0,0
AT5G20570,0,0,0,0,0,1,0,0
AT5G20830,0,2,0,5,1,2,0,0
AT5G21040,0,0,0,1,1,1,0,0
AT5G22360,0,0,0,0,0,0,1,0
AT5G22580,0,2,0,0,2,3,0,0
AT5G22620,0,0,0,1,0,0,0,0
AT5G22800,0,5,0,0,0,0,0,0
AT5G23860,0,5,1,2,2,4,1,0
AT5G24070,0,0,0,0,1,0,0,0
AT5G24780,0,0,0,2,2,5,0,0
AT5G25757,0,2,0,0,0,0,0,0
AT5G26570,0,2,1,2,2,0,0,0
AT5G27470,0,0,0,0,0,1,0,0
AT5G28500,0,1,0,2,0,0,0,0
AT5G35530,0,2,0,0,1,0,0,0
AT5G35910,0,1,0,1,0,1,0,0
AT5G35970,0,2,0,1,1,0,0,0
AT5G35980,0,0,1,1,0,0,0,0
AT5G36160,0,1,0,1,1,0,0,0
AT5G37475,0,1,0,1,1,1,0,0
AT5G37600,0,1,0,0,0,1,0,0
AT5G38520,0,1,0,0,0,1,0,0
AT5G39480,0,1,0,0,0,1,0,0
AT5G40020,0,1,0,1,0,2,0,0
AT5G42740,0,2,0,0,0,0,0,0
AT5G42970,0,2,0,1,0,3,0,0
AT5G43010,0,1,0,0,0,0,0,0
AT5G43470,0,0,0,2,0,0,0,0
AT5G44070,0,0,1,1,0,0,0,0
AT5G44400,0,0,0,1,1,1,0,0
AT5G45950,0,5,1,3,1,6,0,0
AT5G46430,0,0,1,0,0,0,0,0
AT5G46580,0,4,0,1,0,0,0,0
AT5G46800,0,1,1,2,0,2,0,0
AT5G47770,0,0,0,1,0,1,0,0
AT5G47890,0,0,0,0,0,0,1,0
AT5G48385,0,0,0,0,0,1,1,0
AT5G48620,0,1,0,2,2,1,0,0
AT5G48790,0,1,3,1,1,1,0,0
AT5G48870,0,0,0,0,0,1,0,0
AT5G48880,0,0,0,3,1,1,0,0
AT5G49810,0,6,2,1,1,1,0,0
AT5G51110,0,1,2,1,1,0,0,0
AT5G51820,0,4,1,1,0,2,0,0
AT5G51970,0,1,2,1,0,1,0,0
AT5G51980,0,2,0,2,0,1,0,0
AT5G53480,0,2,1,0,0,1,0,0
AT5G53490,0,1,0,0,0,1,0,0
AT5G54810,0,0,0,1,0,1,0,0
AT5G54900,0,0,0,1,2,3,0,0
AT5G55160,0,0,0,0,0,0,1,0
AT5G55230,0,0,0,2,1,0,0,0
AT5G55730,0,0,0,0,0,2,0,0
AT5G56280,0,0,0,2,0,0,0,0
AT5G56350,0,0,1,2,0,0,0,0
AT5G58390,0,0,1,0,0,1,0,0
AT5G58490,0,0,0,1,0,1,0,0
AT5G58710,0,0,0,1,0,0,0,0
AT5G59160,0,0,0,2,0,0,0,0
AT5G59290,0,4,3,1,0,3,0,0
AT5G59890,0,1,1,3,2,1,0,0
AT5G64460,0,2,0,1,0,2,0,0
AT5G64570,0,0,0,0,1,2,0,0
AT5G64860,0,1,0,1,0,0,0,0
AT5G65770,0,1,1,2,0,0,0,0
AT5G67280,0,1,1,0,0,1,0,0
ATCG00180,0,1,0,1,0,0,0,0
ATCG00360,0,0,0,1,0,0,0,0
ATCG00420,0,0,0,3,0,0,0,0
ATCG01110,0,1,0,2,1,1,0,0
AT4G33010,52,41,37,47,39,32,10,1
AT5G26000,43,40,37,51,35,48,3,1
AT5G42950,25,20,31,21,13,13,2,1
AT5G08690,20,15,7,14,9,17,11,1
AT3G63140,19,12,14,17,14,11,6,1
AT5G48300,19,14,19,13,10,22,6,1
AT5G66190,17,12,13,15,15,17,0,1
AT5G09810,14,10,11,20,16,11,3,1
AT2G37660,13,13,13,12,11,9,6,1
AT5G20290,13,14,17,9,9,13,0,1
AT2G34040,12,12,11,13,11,11,0,1
AT3G25860,12,11,13,12,10,13,2,1
AT3G62530,12,7,10,5,4,4,0,1
AT1G34430,11,11,11,11,12,13,3,1
AT2G38230,11,6,11,14,8,9,3,1
AT3G09980,11,13,10,14,9,10,1,1
AT3G13920,11,10,10,10,10,15,3,1
AT4G16155,11,16,12,13,9,13,1,1
AT2G34160,10,7,3,11,10,12,3,1
AT3G04840,10,7,5,8,7,8,3,1
AT3G13930,10,10,10,9,9,7,5,1
AT5G60980,10,10,10,15,11,13,5,1
AT1G07660,9,6,3,5,3,6,2,1
AT1G09070,9,7,3,5,6,6,2,1
AT1G17220,9,13,8,14,6,5,0,1
AT2G24060,9,4,4,4,4,3,0,1
AT2G41840,8,5,5,7,5,4,1,1
AT3G05060,8,10,5,9,8,8,0,1
AT4G22010,8,13,8,12,9,9,1,1
AT2G01250,7,4,2,5,2,8,1,1
AT2G18020,7,8,9,6,4,3,1,1
AT3G63540,7,8,4,4,3,5,3,1
AT5G20010,7,8,9,10,8,7,1,1
AT1G67430,6,2,2,4,3,4,2,1
AT2G37220,6,3,7,5,3,5,1,1
AT3G56240,6,4,4,5,3,4,2,1
AT1G14320,5,4,3,1,3,0,1,1
AT3G02080,5,6,4,4,4,3,2,1
AT3G06720,5,4,6,4,2,1,3,1
AT3G21055,5,6,6,3,5,7,3,1
AT3G49010,5,6,7,2,3,3,2,1
AT3G58610,5,9,4,10,5,5,0,1
AT4G02520,5,2,2,3,2,8,2,1
AT5G20920,5,4,3,3,3,4,2,1
AT5G61410,5,1,3,5,1,3,3,1
AT1G20010,4,4,8,9,4,5,0,1
AT1G70600,4,1,2,2,2,0,0,1
AT2G40060,4,5,4,5,3,4,2,1
AT2G45960,4,6,4,9,7,8,2,1
AT3G52920,4,4,3,3,2,3,1,1
AT3G62240,4,2,1,3,1,3,1,1
AT4G23670,4,4,5,5,5,14,1,1
AT5G16130,4,3,2,7,1,2,0,1
AT5G52650,4,6,5,3,3,4,1,1
AT1G06680,3,5,3,4,5,4,2,1
AT4G09800,3,2,2,7,2,7,0,1
AT1G66240,3,3,4,5,3,3,1,1
AT1G77122,3,1,1,3,3,2,0,1
AT2G20490,3,3,4,2,0,2,1,1
AT2G33830,3,4,3,5,6,5,3,1
AT2G47610,3,3,3,4,2,2,1,1
AT5G14920,3,2,3,3,2,4,2,1
AT5G65220,3,1,1,2,2,3,0,1
AT1G06000,2,1,1,1,0,1,6,1
AT5G14670,2,2,4,3,1,4,1,1
AT1G17880,2,3,3,3,2,2,1,1
AT1G19870,2,0,2,1,2,2,1,1
AT1G32990,2,5,2,2,3,2,1,1
AT1G48610,2,1,1,2,2,4,2,1
AT1G49975,2,2,1,1,2,1,1,1
AT1G51400,2,1,2,1,1,2,0,1
AT2G02100,2,2,1,0,0,3,2,1
AT2G25110,2,2,1,3,0,3,2,1
AT3G13120,2,1,2,1,1,3,1,1
AT3G22330,2,1,1,1,1,3,0,1
AT3G51600,2,1,0,1,0,2,1,1
AT4G00100,2,5,4,7,4,5,1,1
AT4G21620,2,2,2,2,3,3,1,1
AT5G16470,2,2,0,1,1,1,0,1
AT5G64130,2,2,1,2,0,0,1,1
AT1G04750,1,1,1,4,1,3,1,1
AT1G79550,1,4,3,2,1,4,0,1
AT3G55280,1,1,1,2,0,1,1,1
AT3G09500,1,0,1,0,0,0,1,1
AT5G62300,1,1,0,1,1,0,1,1
AT3G47370,1,2,4,1,0,0,1,1
AT3G49910,1,2,1,1,1,0,2,1
AT4G26840,1,3,3,3,3,3,3,1
AT5G25610,1,2,2,3,4,5,1,1
AT5G62340,1,1,2,1,2,1,3,1
AT5G62670,1,1,1,2,1,2,1,1
AT1G07320,0,1,0,0,0,0,0,1
AT1G31970,0,0,0,0,0,0,1,1
AT1G74670,0,0,0,0,0,0,0,1
AT2G05380,0,0,0,0,0,0,1,1
AT2G25420,0,0,0,0,0,0,1,1
AT2G45350,0,0,0,0,0,0,0,1
AT4G28750,0,0,2,2,1,3,0,1
AT4G33480,0,0,0,2,1,1,0,1
AT5G43830,0,1,2,3,1,1,0,1
AT5G52130,0,0,0,0,0,0,0,1
AT5G54940,0,1,1,0,0,1,0,1
AT5G60140,0,0,0,0,0,0,1,1
AT3G08590,132,132,135,99,101,111,0,2
AT4G29270,49,43,44,52,55,46,1,2
AT1G55490,34,28,38,35,34,36,6,2
AT2G28000,30,31,25,36,32,39,6,2
AT1G13020,24,20,15,22,17,20,2,2
AT1G32060,17,11,16,17,11,12,9,2
AT1G65960,16,25,20,19,11,13,5,2
AT5G66570,16,11,15,17,14,11,5,2
AT3G16530,14,7,5,8,10,8,1,2
AT2G32920,13,11,11,16,11,16,5,2
AT1G43170,12,16,17,11,9,7,2,2
AT1G29370,11,13,9,6,11,10,3,2
AT1G72150,11,13,17,21,19,21,2,2
AT2G20760,11,7,11,4,7,8,1,2
AT5G04280,11,9,4,8,8,12,0,2
AT2G21330,10,7,6,8,10,8,8,2
AT2G30860,10,7,6,10,8,7,3,2
AT5G02530,9,9,7,11,9,10,1,2
AT4G27440,8,12,5,12,11,11,3,2
AT1G26110,7,9,9,13,10,13,2,2
AT1G26550,7,3,5,3,3,3,4,2
AT2G21060,7,7,7,6,4,4,3,2
AT3G25920,7,7,6,6,6,5,5,2
AT5G46290,7,8,8,12,10,9,3,2
AT1G02780,6,4,5,3,3,2,1,2
AT5G15200,6,6,3,6,4,7,2,2
AT5G49910,6,5,5,4,6,5,5,2
AT2G43530,5,2,3,2,3,5,3,2
AT2G19730,4,4,2,3,2,2,2,2
AT2G33845,4,5,7,4,2,2,0,2
AT2G34860,4,3,4,3,4,4,4,2
AT2G37190,4,7,3,5,4,4,3,2
AT2G38540,4,3,2,1,2,4,2,2
AT3G09200,4,0,1,3,1,3,2,2
AT3G49470,4,1,3,2,1,1,0,2
AT4G27090,4,1,3,2,2,3,1,2
AT5G38430,4,4,4,4,6,4,2,2
AT2G05520,3,2,2,4,3,3,1,2
AT2G14880,3,2,7,0,0,2,2,2
AT5G47930,3,2,2,2,1,1,1,2
ATCG00470,3,5,6,8,6,6,2,2
ATCG00780,3,3,6,6,1,4,1,2
AT5G54760,2,2,2,2,2,3,1,2
AT2G42680,2,1,2,3,2,2,3,2
AT3G15356,2,3,2,2,2,4,1,2
AT4G15000,2,3,5,2,2,3,1,2
AT1G16210,1,3,3,4,2,2,0,2
AT4G32590,1,2,3,3,2,2,5,2
AT1G55830,0,0,0,0,0,0,1,2
AT1G63610,0,0,0,1,0,0,0,2
AT2G21160,0,0,0,0,0,0,0,2
AT3G27160,0,1,0,1,3,1,0,2
AT5G26667,0,0,0,0,0,0,2,2
AT3G46780,19,13,13,15,13,11,3,3
AT1G04980,17,11,17,16,16,16,4,3
AT4G16143,16,22,14,19,13,20,7,3
AT3G47070,15,8,12,11,9,10,7,3
AT1G80940,13,12,22,13,16,16,3,3
AT4G13940,12,23,19,23,16,24,16,3
AT5G58470,12,9,13,14,12,12,2,3
AT4G38680,11,6,9,7,7,8,5,3
AT3G15730,10,8,3,8,5,5,0,3
AT1G16810,9,7,5,5,5,2,4,3
AT5G02870,9,11,15,6,7,8,0,3
AT2G33800,7,7,5,5,4,5,3,3
AT3G18080,7,8,7,8,5,6,4,3
AT2G45820,6,2,5,4,3,4,1,3
AT3G07170,6,4,3,4,4,3,3,3
AT4G05180,6,10,7,7,10,11,4,3
AT4G09320,6,6,8,5,8,12,7,3
AT5G03850,5,3,6,3,4,4,1,3
AT4G39880,5,4,7,5,8,9,3,3
AT4G11175,3,5,3,3,2,3,3,3
AT5G64050,3,4,2,1,1,1,4,3
AT1G03600,2,2,6,4,5,1,3,3
AT1G15270,2,3,2,1,2,2,2,3
AT5G62350,2,4,2,6,3,3,6,3
AT5G64140,2,3,4,4,3,3,1,3
AT1G75750,1,2,2,2,3,2,5,3
AT1G48410,31,25,26,32,26,27,6,4
AT3G60750,28,25,30,25,24,31,12,4
AT1G27090,20,20,23,22,22,23,6,4
AT2G36530,17,16,18,17,9,13,9,4
AT2G36880,16,9,9,10,8,7,11,4
AT1G75350,14,3,6,8,3,4,6,4
AT3G58510,14,12,11,15,8,12,13,4
AT4G39260,14,14,17,18,16,17,3,4
AT5G19780,11,9,6,8,3,7,4,4
AT3G58680,10,11,7,8,9,8,6,4
AT4G25130,10,8,8,13,11,11,4,4
AT4G20260,8,7,6,6,7,8,2,4
AT1G48600,7,7,4,5,5,5,4,4
AT5G35680,5,4,2,4,3,3,3,4
AT3G52930,85,60,77,42,33,45,22,5
AT5G62700,36,38,34,47,29,47,18,5
AT1G09340,29,32,30,29,28,32,7,5
AT1G04410,18,18,16,17,20,22,12,5
AT5G64040,17,12,13,15,13,11,5,5
AT5G17920,15,14,10,16,11,16,8,5
ATCG00800,14,13,14,19,16,17,5,5
AT1G23310,13,22,25,22,13,20,15,5
AT5G14740,11,6,9,11,6,10,5,5
AT1G67700,8,11,13,10,8,12,4,5
AT1G21500,5,4,6,3,6,3,7,5
AT5G24165,5,3,4,4,6,6,6,5
AT2G24070,0,0,0,0,0,0,3,5
AT2G32810,0,0,0,0,0,0,15,5
AT5G53370,0,0,0,0,0,0,2,5
AT3G01500,33,31,30,27,25,32,9,6
AT4G38970,21,27,22,26,21,21,15,6
AT3G23600,18,15,10,16,19,16,6,6
AT1G72370,15,10,8,7,4,7,6,6
AT4G17520,14,13,13,11,13,14,7,6
AT3G11510,11,8,14,11,8,7,9,6
AT1G33140,5,10,9,14,6,13,5,6
AT1G09310,3,9,5,9,6,7,5,6
ATCG00120,40,50,47,38,36,35,8,7
AT4G24280,17,20,22,26,23,20,14,7
AT3G12780,16,22,11,24,13,19,8,7
AT3G26060,12,13,14,14,12,16,9,7
AT4G16830,8,6,9,11,6,8,10,7
AT5G28540,34,35,25,31,35,38,9,8
AT5G43960,25,24,26,32,30,34,8,8
AT1G50010,20,16,19,22,17,18,12,8
ATCG00480,20,19,20,26,23,29,8,8
AT1G11860,16,22,19,23,17,14,13,8
AT5G59950,16,17,15,16,23,22,4,8
AT3G62120,13,20,19,22,18,15,11,8
AT1G20620,53,47,43,49,44,49,11,9
AT1G29250,32,24,15,25,30,29,16,9
AT2G42520,25,31,25,29,25,22,13,9
AT2G21660,23,25,26,23,22,24,10,9
AT1G67090,18,19,14,16,12,15,10,9
AT1G26630,12,13,16,13,13,15,12,9
AT5G47210,30,32,39,41,35,35,12,10
AT3G53460,12,10,16,8,6,6,10,10
AT3G18780,37,34,36,39,32,37,22,11
AT4G20360,31,28,20,32,26,34,16,11
AT5G60390,24,18,22,18,10,26,11,11
AT1G42970,40,53,53,49,37,45,25,12
AT3G17390,27,34,22,25,26,27,32,12
AT3G26650,19,25,20,21,19,22,18,12
AT1G13440,37,35,29,49,29,39,20,13
AT1G56070,38,39,44,52,39,46,27,15
AT4G21280,35,23,27,22,26,33,11,16
AT1G79920,0,1,1,1,1,1,15,17
AT5G38420,23,31,25,27,24,23,24,19
AT5G02500,79,63,63,76,63,55,26,21
AT2G39730,69,82,57,93,52,79,36,21
AT3G62250,18,20,16,19,21,25,32,29
AT3G44310,875,1065,901,1142,1156,1123,64,31
ATCG00490,130,127,141,130,97,118,120,53
AT1G79930,12,12,11,15,10,11,88,55
AT1G80790,0,0,1,0,1,1,1,0
AT2G23740,0,0,0,1,0,0,0,1
AT3G01820,0,0,0,1,0,0,0,0
AT3G19320,0,0,0,0,0,0,0,2
AT3G21950,0,1,0,1,0,2,0,1
AT3G60140,0,0,0,1,1,1,0,0
AT4G18975,0,0,0,0,0,0,1,1
AT4G29970,0,0,1,0,0,0,0,0
AT5G04860,0,0,0,0,0,0,0,2
AT5G05490,0,0,0,0,0,0,1,0
AT5G11780,0,0,0,0,0,0,0,1
