Protein,WT,WT,AT1G09060,AT1G09060,AT4G00990,AT4G00990
AT4G00990,0,1,0,0,465,587
AT5G52040,300,375,385,518,413,244
AT3G44310,99,136,96,163,167,96
AT3G44690,116,123,98,104,94,85
ATCG00490,67,78,52,102,91,83
AT5G02500,22,36,76,100,73,84
AT1G56070,25,34,42,84,70,70
AT3G08590,50,65,60,83,64,61
AT5G62700,8,10,25,70,62,56
AT1G19480,39,47,46,71,51,55
AT3G15730,15,21,18,35,47,29
AT5G28540,29,28,33,36,42,38
AT4G20850,14,23,24,35,39,34
AT4G35630,38,53,38,63,39,47
AT3G52930,33,36,22,34,37,36
AT3G62870,13,18,17,10,36,8
AT1G43170,10,16,9,17,35,33
AT1G71080,27,31,29,34,35,24
AT1G20620,25,31,23,37,32,32
AT2G20580,3,4,17,19,30,28
AT4G35090,15,19,20,35,30,24
AT2G38040,5,6,14,20,29,27
AT1G29250,14,21,9,9,29,11
AT3G09820,16,25,23,30,29,28
AT1G42970,9,12,14,23,28,21
AT1G07890,13,16,19,27,27,23
AT4G24280,8,10,22,22,26,16
AT5G56010,8,15,15,23,26,25
AT5G04140,0,3,2,4,25,9
AT3G55410,4,4,4,13,25,14
AT3G62250,6,5,16,26,25,35
AT4G14960,6,8,16,23,25,18
AT3G06650,11,13,10,16,25,16
AT4G33010,12,15,12,35,25,22
AT5G09810,15,22,33,50,25,24
AT5G47690,0,0,2,6,24,19
AT1G55490,7,5,6,9,24,12
AT3G45140,8,5,14,12,24,20
AT3G09630,9,11,10,6,24,14
AT1G21750,9,16,12,23,24,22
AT2G39730,6,9,9,22,23,18
AT2G37040,19,16,11,23,23,28
AT1G20960,3,1,11,19,22,21
AT1G36160,0,2,10,15,22,19
AT1G79930,3,6,10,17,22,21
AT3G42170,0,0,11,19,21,17
AT1G80070,1,1,9,21,21,19
AT5G50920,2,1,7,12,21,15
AT5G10360,10,7,12,13,21,27
AT2G28000,7,8,12,13,21,19
AT1G69740,10,11,6,22,21,11
AT1G78900,7,12,14,14,21,20
AT3G17390,9,12,12,19,21,16
AT3G03540,13,16,16,19,21,19
AT5G67630,0,0,72,63,20,9
AT4G17330,0,0,10,14,20,18
AT3G54760,0,1,10,9,20,25
AT2G04030,2,1,6,9,20,19
AT5G57655,10,11,11,16,20,11
AT5G20290,10,13,11,12,20,18
AT3G13920,1,1,14,19,19,14
AT1G65010,2,1,2,4,19,7
AT3G09840,7,8,9,21,19,14
AT2G27040,10,19,11,20,19,16
AT1G09770,1,3,11,16,18,13
AT5G01410,3,3,4,7,18,4
AT4G16720,7,5,5,6,18,4
AT3G03960,6,6,5,16,18,18
AT1G48410,4,9,5,10,18,11
AT2G19520,8,13,15,25,18,17
AT2G46280,7,14,8,13,18,16
AT1G09060,0,0,377,632,17,7
AT2G21390,0,0,5,7,17,12
AT5G65770,0,0,3,3,17,13
AT5G35630,7,4,3,8,17,9
AT3G09440,2,5,8,11,17,15
AT3G48560,2,5,4,6,17,4
AT1G52030,6,7,10,12,17,13
AT4G13940,7,7,9,7,17,18
AT3G55120,6,9,12,10,17,15
AT3G44320,8,9,4,7,17,10
AT3G01500,13,9,11,11,17,11
AT2G47510,6,12,10,13,17,18
AT4G31490,0,0,12,16,16,18
AT4G35800,0,0,1,2,16,16
AT2G32730,1,0,4,6,16,13
AT3G11910,1,0,3,9,16,13
AT5G04290,1,1,1,4,16,15
AT1G69830,4,1,10,12,16,15
AT4G29060,3,2,3,7,16,14
AT1G78570,2,3,2,1,16,11
ATCG00120,1,5,5,4,16,12
AT4G37910,4,7,14,22,16,18
AT5G60390,12,7,9,11,16,9
AT1G08360,9,9,9,10,16,7
AT2G18020,7,10,10,6,16,14
AT1G26630,8,11,10,12,16,19
ATCG00500,0,0,4,9,15,10
AT4G16143,1,3,6,11,15,12
AT3G20050,1,4,10,13,15,7
AT3G25860,3,4,5,13,15,15
AT5G55230,4,4,6,9,15,8
AT4G20360,1,5,10,12,15,13
AT1G65960,3,5,6,13,15,12
AT4G24620,3,6,3,11,15,13
AT3G55870,4,6,8,12,15,9
AT3G49910,6,6,7,5,15,6
AT3G59970,11,6,5,10,15,16
AT3G09200,2,8,10,5,15,4
AT5G27850,5,8,7,7,15,13
AT5G07090,7,9,8,9,15,13
AT5G38420,4,10,15,19,15,10
AT2G21660,12,15,9,13,15,9
AT1G48920,23,16,13,16,15,31
AT1G20200,0,1,8,4,14,12
AT2G41740,1,1,5,5,14,7
AT1G53750,1,1,4,8,14,15
AT5G30510,2,1,5,6,14,11
AT3G05530,2,3,13,17,14,16
AT5G27640,3,3,4,10,14,9
AT1G32060,4,4,3,9,14,5
AT4G16155,5,4,5,8,14,12
AT3G60750,4,7,6,7,14,8
AT1G27090,7,7,13,15,14,17
AT1G13440,7,9,7,13,14,14
AT4G39330,4,10,4,10,14,11
AT5G24780,12,11,6,14,14,5
AT4G38970,17,14,12,16,14,13
AT5G25980,8,15,8,27,14,10
AT5G26710,11,17,17,20,14,20
AT2G01250,0,0,3,3,13,15
AT1G02840,1,2,3,7,13,8
AT5G26742,1,2,1,4,13,2
AT4G05420,2,2,5,12,13,13
AT1G65440,2,3,8,3,13,12
AT1G18540,5,4,4,4,13,1
AT5G59290,5,4,2,7,13,4
AT4G26110,4,5,5,4,13,9
AT1G48420,5,5,2,6,13,5
AT3G55280,4,7,4,5,13,4
AT1G26110,6,8,5,9,13,7
AT5G09590,9,9,11,18,13,16
AT5G19510,6,10,5,13,13,10
AT3G26060,10,10,11,14,13,13
AT2G40660,7,11,12,13,13,17
AT5G02530,12,11,9,10,13,16
AT1G04410,12,12,8,16,13,15
ATCG01310,0,0,0,2,12,4
AT5G60210,0,1,1,2,12,4
AT3G18190,3,1,2,7,12,11
AT4G00100,1,2,4,7,12,8
AT5G02490,1,3,12,15,12,15
AT2G43770,1,3,7,8,12,13
AT3G11830,7,3,7,11,12,8
AT2G19480,4,4,1,7,12,5
AT3G49010,5,4,5,7,12,10
AT4G26870,2,5,2,1,12,7
AT2G36880,3,5,4,8,12,10
AT5G15200,6,5,2,6,12,15
AT1G48120,3,6,9,11,12,10
AT1G60710,6,6,3,4,12,6
AT2G25970,6,7,2,6,12,12
AT1G08200,1,8,5,6,12,9
AT1G75940,6,9,4,16,12,11
AT5G17920,7,9,8,14,12,12
AT2G47730,7,9,4,17,12,7
AT3G11510,5,12,9,7,12,17
AT4G10320,7,12,11,15,12,19
AT5G08450,0,0,11,7,11,15
AT4G21710,0,0,7,15,11,13
AT5G66420,0,0,7,8,11,19
AT3G49140,0,0,0,0,11,5
AT3G60240,1,0,3,5,11,9
AT4G00570,5,1,2,3,11,6
AT3G56150,0,2,3,3,11,6
AT5G44340,1,2,3,6,11,10
AT1G09640,3,2,2,13,11,12
AT3G11130,0,3,11,8,11,13
AT4G22670,2,3,8,10,11,7
AT4G29040,5,3,2,7,11,9
AT5G08640,6,3,4,12,11,10
AT2G33340,0,4,10,11,11,12
AT3G20820,2,4,2,5,11,4
AT2G29550,3,4,10,9,11,11
ATCG00480,4,4,7,16,11,10
AT3G04840,4,4,3,9,11,15
AT2G38580,6,5,4,9,11,5
AT3G53740,6,5,4,5,11,5
AT1G17720,3,6,5,8,11,6
AT3G05060,3,7,6,11,11,11
AT3G53870,5,7,6,6,11,25
AT2G27530,2,8,4,4,11,2
AT5G17380,5,8,0,7,11,14
AT3G23990,6,8,9,13,11,21
AT4G33090,7,9,8,10,11,9
AT2G17630,7,10,10,12,11,9
AT5G59950,7,10,8,15,11,11
AT3G03380,0,0,5,6,10,4
AT1G52360,0,0,4,6,10,7
AT1G06220,0,0,3,6,10,14
AT5G09900,0,0,1,1,10,5
AT3G02930,0,0,0,0,10,0
AT5G19780,1,0,4,2,10,4
AT1G05520,1,0,1,0,10,2
AT3G63460,2,0,2,6,10,10
AT5G58230,0,1,11,15,10,11
AT4G11420,2,1,1,3,10,7
AT4G24130,2,1,1,6,10,5
AT5G48180,3,1,4,1,10,4
AT1G70600,0,2,0,1,10,2
AT4G34110,1,2,3,5,10,8
AT2G40490,1,2,0,3,10,2
AT2G43750,2,2,3,6,10,6
AT2G43030,2,2,2,2,10,7
AT3G07110,2,2,2,2,10,7
AT5G42980,3,2,3,5,10,2
AT5G60790,0,3,8,4,10,11
AT1G78630,0,3,0,0,10,0
AT1G24020,3,3,5,7,10,5
AT3G22230,6,3,2,2,10,2
AT1G53310,1,4,2,5,10,6
AT5G39740,1,4,1,8,10,15
AT5G11200,3,4,3,14,10,11
AT5G20890,4,4,9,9,10,9
AT4G01850,6,4,5,11,10,9
AT1G52400,2,5,2,12,10,7
AT5G08280,1,6,2,3,10,4
AT5G15490,5,6,7,10,10,10
AT3G26650,6,6,7,8,10,8
AT5G65020,7,6,6,13,10,9
AT2G28790,8,6,6,7,10,6
AT3G25530,5,8,5,4,10,7
AT4G21280,8,8,11,10,10,9
AT1G07140,7,9,10,12,10,9
AT3G12780,6,10,7,9,10,11
AT5G22330,0,0,44,60,9,2
AT2G02160,0,0,5,5,9,4
AT5G58290,0,0,5,5,9,14
AT2G44730,0,0,4,6,9,6
AT4G28080,0,0,3,6,9,6
AT1G80410,0,0,2,3,9,5
AT3G57290,0,0,2,5,9,3
AT1G15910,0,0,0,1,9,3
AT4G34350,0,0,0,0,9,3
AT1G09620,2,0,0,6,9,6
AT5G13030,0,1,3,2,9,3
AT3G05420,0,1,2,1,9,1
AT3G55220,1,1,5,7,9,4
AT1G67230,1,1,3,5,9,8
AT2G41840,2,1,4,9,9,6
AT2G02470,1,2,3,5,9,6
AT5G26360,2,2,4,12,9,12
AT5G43940,2,2,4,6,9,4
AT3G11630,6,2,6,7,9,6
AT3G53020,0,3,1,5,9,4
AT3G02530,1,3,4,5,9,5
AT1G57860,1,3,3,4,9,4
AT1G29350,2,3,7,7,9,6
AT4G38680,3,3,3,11,9,2
AT3G53260,3,3,1,4,9,6
AT3G03250,4,3,2,5,9,4
AT5G64130,5,4,6,6,9,9
AT5G52920,2,5,3,1,9,5
AT2G32080,4,5,7,13,9,4
AT3G49430,1,6,4,8,9,7
AT3G52990,2,6,4,5,9,12
AT2G42520,6,6,5,6,9,10
AT5G47210,10,6,12,7,9,11
AT1G11860,8,7,3,11,9,5
AT1G78150,7,8,2,8,9,10
AT3G12580,0,0,4,4,8,5
AT3G58110,0,0,2,3,8,9
AT3G60830,0,0,2,3,8,5
AT5G46290,0,0,1,8,8,4
AT1G01510,0,0,0,0,8,3
AT1G55090,0,0,0,0,8,0
AT2G20630,0,0,0,1,8,2
AT1G12270,1,0,0,5,8,7
AT3G50370,0,1,1,1,8,6
AT4G38630,1,1,2,4,8,5
AT1G75660,2,1,2,3,8,1
AT3G25920,0,2,1,1,8,4
AT1G18450,1,2,34,43,8,5
AT3G58500,1,2,3,6,8,9
AT5G49910,1,2,3,10,8,4
AT2G27720,2,2,2,2,8,1
AT5G57290,2,2,2,2,8,1
AT1G66580,3,2,3,5,8,11
AT1G34430,4,2,9,8,8,8
AT3G13460,2,3,4,6,8,9
AT5G03300,2,3,2,4,8,4
AT3G59760,2,3,0,3,8,5
AT1G20010,3,3,5,5,8,10
AT4G09000,3,3,4,8,8,7
AT4G24190,3,3,3,6,8,5
AT4G04950,3,3,1,4,8,5
AT3G18740,0,4,0,2,8,2
AT3G55440,1,4,4,8,8,8
AT4G14030,3,4,8,8,8,7
AT1G35780,3,4,3,5,8,6
AT1G78300,4,4,5,5,8,4
AT2G47470,5,4,4,8,8,9
AT4G33680,5,4,2,4,8,7
AT3G16470,3,6,3,7,8,6
AT1G49760,4,6,9,9,8,12
AT5G36160,4,6,4,4,8,3
AT3G16640,5,7,7,9,8,7
AT3G51240,8,8,3,9,8,7
AT1G06000,7,12,8,7,8,7
AT5G14170,0,0,5,9,7,5
AT3G04610,0,0,3,4,7,6
AT2G16485,0,0,2,3,7,6
AT4G34450,0,0,2,3,7,8
AT1G16350,0,0,1,4,7,5
AT4G37210,0,0,1,1,7,6
AT1G71220,0,0,0,1,7,4
AT1G80480,0,0,0,3,7,1
AT2G44120,0,0,0,1,7,6
AT4G10840,0,0,0,3,7,5
AT4G23600,0,0,0,1,7,0
AT4G33400,0,0,0,2,7,3
AT4G34980,0,0,0,0,7,0
ATCG00380,0,0,0,2,7,2
AT5G44070,1,0,2,1,7,5
AT1G15750,1,0,1,3,7,7
AT5G60640,2,0,0,2,7,4
AT2G33210,0,1,3,3,7,7
AT5G10450,0,1,2,6,7,3
AT5G51750,0,1,1,0,7,1
AT3G57890,0,1,0,4,7,8
AT1G29900,1,1,3,1,7,3
AT4G13930,1,1,0,3,7,2
AT5G43010,2,1,1,6,7,7
AT3G48930,3,1,5,6,7,8
AT1G31080,0,2,1,5,7,3
AT3G62530,1,2,4,6,7,9
AT5G14240,1,2,4,3,7,3
AT3G12145,1,2,3,7,7,10
AT5G05010,1,2,2,3,7,6
AT4G14880,1,2,1,3,7,2
AT4G39680,2,2,5,6,7,5
AT1G70830,2,2,4,4,7,9
AT1G23820,2,2,2,4,7,6
AT1G33680,3,2,3,6,7,4
AT3G55800,4,2,5,7,7,4
AT3G15000,4,2,2,6,7,3
AT1G02780,5,2,5,4,7,8
AT1G14810,0,3,2,5,7,5
AT1G23310,1,3,1,3,7,4
AT2G29560,1,3,1,7,7,6
AT1G33140,2,3,6,11,7,19
AT1G76030,2,3,4,8,7,8
AT1G12520,2,3,3,2,7,3
AT5G11710,2,3,3,4,7,2
AT5G54160,2,3,3,4,7,6
AT4G27000,2,3,2,4,7,5
AT5G58330,2,3,2,9,7,6
AT1G78380,2,3,1,4,7,4
AT2G38270,2,3,1,5,7,3
AT1G67090,3,3,5,10,7,8
AT1G60420,3,3,3,4,7,9
AT1G22300,4,3,3,9,7,7
AT3G52560,4,3,1,4,7,1
AT3G53750,0,4,3,8,7,7
AT3G22960,1,4,2,7,7,7
AT3G13930,3,4,5,4,7,9
AT1G29880,3,4,3,7,7,5
AT1G02050,4,4,9,17,7,5
AT4G18100,4,4,4,5,7,6
AT1G15340,4,4,2,3,7,7
AT5G20010,6,4,7,10,7,11
AT5G56740,7,4,5,4,7,8
AT3G44110,2,6,8,8,7,9
AT2G17870,1,7,6,9,7,8
AT2G30860,4,7,4,6,7,4
AT4G37800,5,7,7,7,7,7
AT4G31580,5,7,5,7,7,8
AT4G39260,5,7,5,5,7,5
AT1G51510,9,8,7,10,7,6
AT2G36530,8,9,8,7,7,9
AT5G26000,3,10,9,21,7,9
AT1G20630,5,10,9,15,7,11
AT2G21060,11,11,4,13,7,11
AT1G14650,0,0,3,4,6,8
AT1G17210,0,0,3,3,6,5
AT1G51690,0,0,2,1,6,2
AT5G19990,0,0,2,3,6,5
AT1G13930,0,0,1,4,6,1
AT2G43090,0,0,1,6,6,6
AT4G11150,0,0,1,2,6,6
AT4G16130,0,0,1,1,6,3
AT4G37120,0,0,1,4,6,5
AT4G39980,0,0,1,2,6,5
ATCG00810,0,0,1,1,6,1
AT1G50140,0,0,0,0,6,5
AT2G22400,0,0,0,0,6,2
AT2G45710,0,0,0,1,6,6
AT3G16780,0,0,0,0,6,3
AT3G17850,0,0,0,0,6,2
AT4G25340,0,0,0,0,6,8
AT5G65720,0,0,0,1,6,3
ATCG00800,1,0,3,2,6,9
AT1G48860,1,0,1,2,6,3
AT2G21580,2,0,1,1,6,3
AT4G37930,3,0,3,1,6,2
AT1G65450,0,1,2,3,6,3
AT1G62940,1,1,3,4,6,4
AT2G19570,1,1,3,3,6,1
AT2G34480,1,1,1,2,6,1
AT3G03950,1,1,1,2,6,1
AT4G24510,1,1,1,4,6,4
AT4G36020,1,1,1,3,6,1
AT5G28840,1,1,1,0,6,3
AT4G23670,1,1,0,1,6,3
AT5G43060,1,1,0,3,6,4
AT3G07720,2,1,2,1,6,5
AT2G37660,2,1,0,2,6,4
AT4G36130,2,1,0,0,6,3
AT2G28190,3,1,1,3,6,2
AT3G43810,4,1,3,3,6,3
AT5G48880,0,2,2,9,6,8
AT5G10300,0,2,0,2,6,1
AT2G23350,1,2,3,7,6,5
AT3G26420,1,2,3,4,6,5
AT3G24830,1,2,2,3,6,7
AT3G53110,1,2,1,0,6,6
AT4G20050,1,2,0,1,6,0
AT1G04690,2,2,5,11,6,6
AT1G20020,2,2,5,3,6,6
AT1G09310,2,2,3,6,6,4
AT5G23940,2,2,1,4,6,3
AT4G31990,2,2,0,1,6,3
AT2G13560,3,2,5,1,6,5
AT5G43830,3,2,4,5,6,4
AT2G01140,3,2,3,4,6,4
AT3G18060,3,2,2,3,6,7
AT2G37190,3,2,1,1,6,1
AT4G29410,4,2,3,3,6,5
AT4G18480,0,3,2,9,6,8
AT2G33150,1,3,5,1,6,4
AT3G56340,1,3,4,2,6,4
AT2G39800,1,3,2,11,6,7
AT4G25130,2,3,5,3,6,5
AT1G11650,2,3,2,6,6,6
AT1G09340,3,3,1,4,6,3
AT3G28500,4,3,3,2,6,1
AT1G59359,1,4,2,5,6,7
AT5G58470,2,4,7,8,6,8
AT1G53240,2,4,3,5,6,5
AT3G48730,2,4,2,2,6,2
AT5G16050,2,4,1,3,6,6
AT4G39880,3,4,7,6,6,4
AT5G08690,3,4,5,14,6,14
AT5G43960,8,4,6,9,6,5
AT1G57720,5,5,6,4,6,7
AT3G23600,6,7,6,6,6,11
AT1G76180,4,8,7,5,6,7
AT4G09320,4,8,6,5,6,7
AT1G51450,0,0,10,8,5,5
AT2G15430,0,0,5,6,5,7
AT4G15020,0,0,4,2,5,5
AT1G22410,0,0,3,3,5,4
AT2G18510,0,0,3,1,5,4
AT3G52140,0,0,3,5,5,7
AT3G58510,0,0,3,4,5,6
AT1G54060,0,0,2,2,5,5
AT3G22110,0,0,2,4,5,4
AT5G25757,0,0,2,4,5,3
AT5G28740,0,0,2,1,5,6
AT5G42970,0,0,2,2,5,2
AT5G48300,0,0,2,3,5,7
AT1G12050,0,0,1,2,5,1
AT1G62390,0,0,1,4,5,5
AT1G79280,0,0,1,0,5,3
AT3G27740,0,0,1,3,5,2
AT4G29720,0,0,1,0,5,3
AT5G04740,0,0,1,2,5,2
AT5G09510,0,0,1,0,5,3
AT1G04170,0,0,0,2,5,3
AT1G06410,0,0,0,1,5,6
AT1G12570,0,0,0,0,5,0
AT1G32730,0,0,0,1,5,3
AT1G70310,0,0,0,0,5,3
AT1G70320,0,0,0,0,5,7
AT2G25870,0,0,0,0,5,5
AT2G27710,0,0,0,0,5,1
AT2G30110,0,0,0,0,5,1
AT2G32920,0,0,0,1,5,1
AT2G35840,0,0,0,1,5,2
AT3G02760,0,0,0,0,5,2
AT3G06010,0,0,0,1,5,0
AT3G14310,0,0,0,1,5,1
AT3G18000,0,0,0,2,5,2
AT3G22320,0,0,0,1,5,2
AT3G63140,0,0,0,0,5,0
AT5G03650,0,0,0,0,5,0
ATCG01240,0,0,0,0,5,2
AT5G23570,1,0,3,1,5,3
AT3G52200,1,0,2,2,5,4
AT4G00660,1,0,2,4,5,5
AT4G27500,1,0,1,1,5,1
AT3G29410,1,0,0,0,5,0
AT5G16730,1,0,0,0,5,0
AT5G57870,1,0,0,0,5,0
AT3G18780,2,0,2,4,5,3
AT1G72550,3,0,2,4,5,3
AT4G09510,0,1,3,6,5,7
AT1G04510,0,1,2,1,5,2
AT1G49600,0,1,2,2,5,1
AT2G40290,0,1,2,2,5,4
AT3G04600,0,1,2,6,5,10
AT1G20220,0,1,1,1,5,3
AT2G44350,0,1,1,2,5,2
AT3G62310,0,1,1,2,5,1
AT4G14160,0,1,1,3,5,2
AT5G51700,0,1,0,1,5,4
AT5G20160,1,1,3,4,5,2
AT3G06050,1,1,2,2,5,2
AT3G15660,1,1,2,2,5,1
AT1G18500,1,1,1,3,5,5
AT1G48030,1,1,1,3,5,2
AT3G24503,1,1,1,2,5,3
AT4G34670,1,1,1,2,5,5
AT5G53850,1,1,1,1,5,3
AT2G28290,1,1,0,1,5,12
AT3G12800,1,1,0,3,5,1
AT5G65750,2,1,3,5,5,4
AT1G17100,2,1,1,1,5,3
AT1G64980,2,1,1,2,5,2
AT4G24680,3,1,3,3,5,5
AT3G13490,0,2,0,0,5,3
AT3G11200,1,2,4,2,5,4
AT3G54470,1,2,3,3,5,0
AT5G44500,1,2,2,3,5,4
AT1G12230,1,2,1,0,5,4
AT1G74060,1,2,0,0,5,0
AT4G13430,1,2,0,4,5,2
AT1G20450,2,2,4,6,5,6
AT3G11500,2,2,2,2,5,2
AT1G75270,2,2,1,2,5,2
AT2G44160,2,2,1,3,5,7
AT4G35830,2,2,1,4,5,5
AT5G15650,2,2,0,3,5,6
AT2G31570,3,2,1,1,5,2
AT2G38230,3,2,1,6,5,5
AT2G19070,4,2,1,8,5,5
AT2G13360,0,3,1,7,5,2
AT1G11840,1,3,1,3,5,3
AT3G48000,1,3,1,2,5,5
AT5G24420,3,3,3,5,5,6
AT5G02240,3,3,1,5,5,2
AT1G13020,4,3,2,3,5,3
AT2G21330,4,3,2,3,5,3
AT1G10200,1,4,3,3,5,2
AT1G69620,1,4,1,2,5,1
AT1G19570,2,4,5,4,5,3
AT3G23450,2,4,5,1,5,8
AT5G04280,2,4,2,6,5,5
AT2G34040,2,4,1,0,5,3
AT5G28050,2,4,0,3,5,6
AT4G05180,3,4,4,4,5,5
AT1G64880,4,4,6,5,5,4
AT2G45640,1,5,5,6,5,5
AT1G06290,3,5,2,3,5,7
AT2G41530,4,5,4,2,5,3
AT5G22040,4,5,3,9,5,8
AT1G06260,5,5,2,4,5,5
AT4G39860,2,6,9,5,5,6
AT1G31812,3,6,3,2,5,4
AT3G25230,4,6,5,6,5,4
AT1G72370,6,10,6,14,5,19
AT3G21060,0,0,7,10,4,2
AT3G22220,0,0,5,4,4,4
AT1G29220,0,0,4,1,4,3
AT2G17410,0,0,3,1,4,4
AT3G14890,0,0,2,2,4,7
AT3G18165,0,0,2,2,4,1
AT3G56860,0,0,2,2,4,3
AT3G61140,0,0,2,1,4,4
AT4G20890,0,0,2,0,4,2
AT4G38600,0,0,2,3,4,6
AT5G12250,0,0,2,4,4,4
AT5G24400,0,0,2,1,4,4
AT1G15950,0,0,1,0,4,1
AT1G74470,0,0,1,0,4,4
AT1G79530,0,0,1,0,4,0
AT2G03820,0,0,1,2,4,4
AT2G25110,0,0,1,0,4,1
AT3G05070,0,0,1,0,4,2
AT3G09670,0,0,1,1,4,6
AT3G44750,0,0,1,0,4,4
AT3G48430,0,0,1,3,4,2
AT4G04640,0,0,1,3,4,2
AT4G17090,0,0,1,2,4,2
AT5G20920,0,0,1,3,4,2
AT1G04190,0,0,0,0,4,1
AT1G09730,0,0,0,0,4,3
AT1G20950,0,0,0,0,4,2
AT1G51710,0,0,0,2,4,4
AT1G62750,0,0,0,1,4,0
AT2G41680,0,0,0,1,4,2
AT2G42600,0,0,0,1,4,1
AT2G47620,0,0,0,1,4,2
AT3G12270,0,0,0,1,4,3
AT3G14100,0,0,0,2,4,3
AT3G42790,0,0,0,1,4,3
AT3G54670,0,0,0,0,4,5
AT3G58140,0,0,0,0,4,0
AT4G14570,0,0,0,1,4,1
AT4G24490,0,0,0,0,4,1
AT4G29730,0,0,0,1,4,4
AT4G31160,0,0,0,0,4,7
AT5G16715,0,0,0,0,4,3
AT5G48760,0,0,0,0,4,0
AT5G54770,0,0,0,0,4,1
AT5G56350,0,0,0,1,4,2
AT5G66190,0,0,0,3,4,2
AT1G35580,1,0,2,2,4,4
AT1G03900,1,0,1,1,4,0
AT5G05730,1,0,1,0,4,2
AT1G20140,1,0,0,1,4,1
AT5G52820,1,0,0,3,4,3
AT1G76010,0,1,4,2,4,2
AT1G77180,0,1,2,2,4,5
AT4G24820,0,1,2,5,4,3
AT1G68560,0,1,1,8,4,5
AT4G21110,0,1,1,0,4,4
AT4G22140,0,1,1,3,4,2
AT1G80460,0,1,0,0,4,1
AT4G18905,0,1,0,0,4,1
AT5G13520,0,1,0,1,4,2
AT2G27020,1,1,3,2,4,5
AT2G30060,1,1,2,4,4,5
AT1G05670,1,1,2,2,4,2
AT1G52730,1,1,1,2,4,1
AT4G30920,1,1,1,1,4,1
AT5G03740,1,1,1,2,4,1
AT5G13930,1,1,1,1,4,3
AT1G24510,2,1,4,4,4,7
AT2G03440,2,1,3,3,4,3
AT5G59880,2,1,2,2,4,3
AT1G04750,2,1,1,1,4,1
AT5G45775,0,2,2,2,4,7
AT3G58610,0,2,1,0,4,4
AT3G53500,1,2,4,2,4,3
AT1G48050,1,2,2,2,4,4
AT1G16970,1,2,1,2,4,2
AT1G30580,1,2,0,2,4,1
AT5G13050,1,2,0,3,4,3
AT4G29270,2,2,2,3,4,2
AT5G27450,2,2,0,2,4,3
AT5G62930,3,2,4,5,4,3
AT5G66570,3,2,4,0,4,4
AT2G24590,3,2,3,1,4,1
AT2G03680,3,2,2,3,4,3
AT2G44040,3,2,2,2,4,3
AT2G38540,3,2,1,2,4,2
AT5G48230,3,2,1,1,4,3
AT3G07850,4,2,3,3,4,5
AT5G35360,0,3,0,5,4,2
AT2G36460,1,3,5,6,4,5
AT2G18040,1,3,3,3,4,5
AT5G20720,1,3,2,6,4,4
AT4G34850,1,3,1,3,4,3
AT5G60160,1,3,1,6,4,7
AT2G05990,2,3,4,5,4,3
AT1G35160,2,3,3,5,4,3
AT5G35200,2,3,3,4,4,7
AT1G52570,2,3,2,6,4,6
AT1G67430,2,3,2,3,4,10
AT2G26080,2,3,2,4,4,3
AT2G19730,3,3,5,5,4,5
AT4G26530,4,3,3,4,4,2
AT4G08390,4,3,2,6,4,9
AT1G79440,5,3,2,5,4,5
AT2G34160,1,4,1,1,4,2
AT1G56110,2,4,2,5,4,8
AT2G40060,3,4,5,6,4,5
AT3G47520,3,4,2,5,4,6
AT5G02870,3,4,2,3,4,3
AT5G54900,3,4,2,3,4,0
AT2G47610,4,4,4,0,4,2
AT3G56490,4,4,4,4,4,2
AT5G06850,4,4,4,2,4,6
AT1G08830,3,5,4,5,4,5
AT1G75950,3,5,4,5,4,6
AT1G47128,3,5,1,5,4,7
AT4G13560,7,6,5,10,4,5
AT1G30230,0,7,3,3,4,1
AT5G22650,2,9,8,4,4,7
AT1G07360,0,0,7,5,3,9
AT3G49660,0,0,6,7,3,1
AT5G23540,0,0,4,2,3,2
AT4G01370,0,0,3,1,3,2
AT5G06600,0,0,3,4,3,3
AT1G21700,0,0,2,1,3,3
AT1G79340,0,0,2,5,3,3
AT3G07770,0,0,2,2,3,1
AT3G15970,0,0,2,1,3,5
AT4G37870,0,0,2,6,3,6
AT5G02960,0,0,2,2,3,10
AT5G14530,0,0,2,0,3,1
AT5G22060,0,0,2,2,3,1
AT1G08520,0,0,1,2,3,6
AT1G09020,0,0,1,2,3,1
AT1G12900,0,0,1,2,3,2
AT1G59900,0,0,1,1,3,5
AT1G63000,0,0,1,0,3,4
AT1G79350,0,0,1,1,3,2
AT2G24020,0,0,1,1,3,2
AT2G25170,0,0,1,4,3,7
AT2G27170,0,0,1,1,3,3
AT2G27860,0,0,1,1,3,1
AT2G33610,0,0,1,3,3,3
AT2G47970,0,0,1,0,3,2
AT3G02780,0,0,1,0,3,1
AT3G13860,0,0,1,0,3,7
AT3G15290,0,0,1,1,3,2
AT3G18790,0,0,1,1,3,2
AT3G19760,0,0,1,1,3,4
AT3G22380,0,0,1,2,3,2
AT3G25800,0,0,1,1,3,2
AT3G49250,0,0,1,3,3,3
AT4G20400,0,0,1,1,3,3
AT4G22320,0,0,1,2,3,3
AT4G31120,0,0,1,0,3,2
AT5G02790,0,0,1,0,3,0
AT5G10010,0,0,1,0,3,1
AT5G10240,0,0,1,0,3,3
AT5G12410,0,0,1,2,3,2
AT5G13530,0,0,1,1,3,6
AT5G14250,0,0,1,1,3,6
AT5G16780,0,0,1,0,3,2
AT5G38600,0,0,1,1,3,2
AT5G44635,0,0,1,0,3,6
AT5G57890,0,0,1,2,3,2
ATCG00750,0,0,1,0,3,2
AT1G04530,0,0,0,0,3,2
AT1G06500,0,0,0,0,3,2
AT1G07780,0,0,0,0,3,0
AT1G12000,0,0,0,1,3,1
AT1G15930,0,0,0,1,3,10
AT1G32470,0,0,0,1,3,1
AT1G35310,0,0,0,3,3,0
AT3G19980,0,0,0,3,3,1
AT1G54170,0,0,0,0,3,2
AT1G72610,0,0,0,0,3,0
AT1G73600,0,0,0,0,3,0
AT1G74260,0,0,0,0,3,1
AT1G75510,0,0,0,0,3,2
AT1G75980,0,0,0,0,3,0
AT2G05120,0,0,0,0,3,1
AT2G14880,0,0,0,1,3,1
AT2G24270,0,0,0,1,3,0
AT2G25080,0,0,0,1,3,1
AT2G42810,0,0,0,0,3,1
AT2G44310,0,0,0,0,3,0
AT3G01340,0,0,0,2,3,1
AT3G06930,0,0,0,1,3,2
AT3G09980,0,0,0,0,3,2
AT3G10340,0,0,0,1,3,0
AT3G16520,0,0,0,0,3,0
AT3G18035,0,0,0,0,3,4
AT3G18520,0,0,0,3,3,2
AT3G21750,0,0,0,0,3,2
AT3G27850,0,0,0,0,3,0
AT3G48670,0,0,0,0,3,4
AT3G49680,0,0,0,0,3,0
AT5G66880,0,0,0,2,3,4
AT3G54170,0,0,0,0,3,1
AT3G54210,0,0,0,0,3,2
AT3G55760,0,0,0,2,3,0
AT3G59770,0,0,0,0,3,1
AT3G61600,0,0,0,0,3,2
AT4G10480,0,0,0,3,3,3
AT4G11260,0,0,0,0,3,0
AT4G21100,0,0,0,0,3,1
AT4G23860,0,0,0,1,3,5
AT4G23890,0,0,0,2,3,1
AT4G24800,0,0,0,3,3,2
AT4G29840,0,0,0,0,3,3
AT4G31700,0,0,0,0,3,2
AT4G32720,0,0,0,0,3,1
AT5G04360,0,0,0,1,3,0
AT5G08590,0,0,0,1,3,5
AT5G11810,0,0,0,0,3,0
AT5G26210,0,0,0,0,3,1
AT5G28060,0,0,0,0,3,4
AT5G48650,0,0,0,3,3,1
AT5G50950,0,0,0,0,3,2
AT5G52040,0,0,0,0,3,0
AT5G53480,0,0,0,0,3,2
AT5G55220,0,0,0,0,3,3
AT5G57410,0,0,0,0,3,0
AT5G58190,0,0,0,0,3,2
AT5G60340,0,0,0,0,3,1
AT5G62790,0,0,0,0,3,1
AT5G64050,0,0,0,1,3,1
AT5G18380,1,0,3,0,3,3
AT2G25950,1,0,3,4,3,3
AT2G30050,1,0,1,1,3,1
AT3G15010,1,0,1,2,3,1
AT1G20440,1,0,0,3,3,1
AT2G16780,1,0,0,1,3,3
AT3G16950,1,0,0,2,3,0
AT3G24080,1,0,0,1,3,0
AT5G13020,1,0,0,1,3,2
AT5G19090,1,0,0,3,3,2
AT1G65930,2,0,1,1,3,2
AT1G68010,2,0,0,1,3,2
AT5G59850,3,0,5,4,3,4
AT3G12490,3,0,3,4,3,3
AT1G14980,0,1,4,6,3,2
AT3G29360,0,1,2,1,3,4
AT1G10370,0,1,1,2,3,2
AT1G30480,0,1,1,1,3,2
AT3G12915,0,1,1,2,3,4
AT4G38130,0,1,1,5,3,4
AT5G27470,0,1,1,0,3,4
AT5G42820,0,1,1,4,3,2
AT5G50870,0,1,1,1,3,2
AT2G31390,0,1,0,0,3,1
AT1G60200,0,1,0,0,3,0
AT2G16900,0,1,0,1,3,1
AT2G40300,0,1,0,2,3,3
AT4G16760,0,1,0,3,3,0
AT5G11670,0,1,0,2,3,2
AT5G11900,0,1,0,1,3,0
AT5G46430,0,1,0,1,3,3
AT5G57850,0,1,0,0,3,2
AT1G10580,1,1,3,6,3,5
AT3G47070,1,1,3,2,3,3
AT3G61430,1,1,3,2,3,3
AT2G43360,1,1,2,3,3,3
AT2G46580,1,1,2,2,3,2
AT4G26840,1,1,2,2,3,6
AT5G54960,1,1,2,1,3,3
AT1G29990,1,1,1,0,3,4
AT1G54270,1,1,1,1,3,3
AT3G52180,1,1,1,4,3,4
AT4G34870,1,1,1,2,3,4
AT4G39280,1,1,1,4,3,3
AT5G16990,1,1,1,1,3,0
AT5G24770,1,1,1,5,3,1
AT1G74970,1,1,0,0,3,1
AT3G12290,1,1,0,1,3,3
AT3G22200,1,1,0,0,3,1
AT5G14060,1,1,0,2,3,4
AT5G16450,1,1,0,0,3,5
AT1G69510,2,1,2,2,3,3
AT5G56950,2,1,2,0,3,1
AT5G22440,2,1,1,0,3,1
AT5G56630,2,1,1,2,3,1
AT5G36210,2,1,0,0,3,1
AT4G35110,0,2,0,0,3,0
AT1G02500,1,2,3,3,3,4
AT5G58590,1,2,1,2,3,2
AT3G14420,2,2,4,4,3,2
AT5G14200,2,2,3,5,3,1
AT4G11600,2,2,1,2,3,3
AT1G23740,2,2,0,2,3,3
AT4G22930,2,2,0,0,3,2
AT1G62640,1,3,1,2,3,1
AT1G69940,1,3,1,2,3,5
AT5G09660,1,3,1,5,3,8
AT3G52880,1,3,0,1,3,2
AT4G13230,3,3,3,4,3,3
AT4G32330,4,3,4,5,3,5
AT5G58240,4,3,3,2,3,2
AT5G52040,4,3,1,5,3,3
AT3G53460,1,4,2,1,3,1
ATCG01060,1,4,1,2,3,4
AT5G52470,2,4,6,5,3,6
AT5G55070,2,4,1,7,3,5
AT4G21650,1,6,3,6,3,4
AT5G60100,6,7,4,2,3,3
AT5G16310,0,0,19,21,2,0
AT1G09760,0,0,5,1,2,3
AT1G12380,0,0,4,6,2,5
AT3G12110,0,0,4,5,2,3
AT3G22330,0,0,4,0,2,2
AT3G49600,0,0,3,2,2,6
AT5G05780,0,0,3,0,2,4
AT1G10840,0,0,2,5,2,3
AT2G17510,0,0,2,0,2,2
AT3G10740,0,0,2,1,2,2
AT3G11100,0,0,2,1,2,2
AT3G12130,0,0,2,0,2,0
AT3G46820,0,0,2,0,2,3
AT3G51260,0,0,2,1,2,4
AT4G35450,0,0,2,1,2,0
AT5G17050,0,0,2,0,2,0
AT1G14320,0,0,1,1,2,2
AT2G33860,0,0,1,2,2,1
AT1G56190,0,0,1,2,2,2
AT5G41670,0,0,1,2,2,1
AT1G74960,0,0,1,3,2,1
AT2G21150,0,0,1,2,2,1
AT2G34470,0,0,1,2,2,1
AT2G38770,0,0,1,0,2,2
AT3G06820,0,0,1,0,2,1
AT3G14180,0,0,1,0,2,1
AT3G15680,0,0,1,1,2,1
AT3G15980,0,0,1,0,2,6
AT3G20810,0,0,1,2,2,2
AT3G44340,0,0,1,1,2,1
AT3G46940,0,0,1,1,2,0
AT3G48750,0,0,1,1,2,2
AT3G57410,0,0,1,1,2,4
AT3G62330,0,0,1,3,2,1
AT4G10710,0,0,1,1,2,4
AT4G17060,0,0,1,0,2,1
AT4G21670,0,0,1,2,2,2
AT4G38780,0,0,1,0,2,0
AT5G13010,0,0,1,0,2,1
AT5G13780,0,0,1,2,2,3
AT5G14600,0,0,1,0,2,1
AT5G18620,0,0,1,5,2,6
AT5G19370,0,0,1,0,2,1
AT5G20510,0,0,1,0,2,1
AT5G23860,0,0,1,1,2,2
AT5G28850,0,0,1,1,2,1
AT5G50850,0,0,1,5,2,4
AT5G52200,0,0,1,0,2,1
AT5G53440,0,0,1,1,2,2
AT5G61020,0,0,1,2,2,2
AT5G63110,0,0,1,4,2,0
ATCG00190,0,0,1,0,2,1
ATCG00770,0,0,1,0,2,2
AT1G01090,0,0,0,1,2,3
AT1G02150,0,0,0,0,2,0
AT1G03130,0,0,0,1,2,1
AT1G04130,0,0,0,1,2,1
AT1G05460,0,0,0,0,2,3
AT1G05830,0,0,0,0,2,1
AT1G06190,0,0,0,0,2,1
AT1G06900,0,0,0,0,2,0
AT1G09490,0,0,0,0,2,0
AT1G11910,0,0,0,1,2,3
AT1G11950,0,0,0,0,2,2
AT1G12310,0,0,0,3,2,1
AT1G14610,0,0,0,0,2,0
AT3G16080,0,0,0,0,2,2
AT1G15440,0,0,0,0,2,0
AT1G21350,0,0,0,0,2,0
AT1G24050,0,0,0,0,2,2
AT1G26550,0,0,0,2,2,4
AT1G32500,0,0,0,0,2,3
AT4G09570,0,0,0,1,2,3
AT1G43190,0,0,0,2,2,3
AT1G44900,0,0,0,0,2,3
AT1G48600,0,0,0,0,2,1
AT1G50110,0,0,0,0,2,0
AT1G50200,0,0,0,0,2,2
AT1G50300,0,0,0,1,2,0
AT1G60170,0,0,0,0,2,1
AT1G61620,0,0,0,1,2,0
AT1G67830,0,0,0,0,2,1
AT1G71440,0,0,0,0,2,0
AT1G71500,0,0,0,0,2,1
AT1G72970,0,0,0,0,2,0
AT1G74030,0,0,0,0,2,0
AT1G76080,0,0,0,0,2,0
AT1G77250,0,0,0,0,2,1
AT1G79230,0,0,0,2,2,1
AT2G01350,0,0,0,2,2,0
AT2G06050,0,0,0,0,2,0
AT2G13540,0,0,0,1,2,1
AT2G14260,0,0,0,0,2,0
AT2G15790,0,0,0,0,2,0
AT2G16600,0,0,0,1,2,1
AT2G20280,0,0,0,1,2,2
AT2G20330,0,0,0,0,2,1
AT2G21170,0,0,0,0,2,2
AT2G22780,0,0,0,3,2,2
AT2G25090,0,0,0,0,2,0
AT2G28680,0,0,0,0,2,0
AT2G30200,0,0,0,0,2,0
AT2G34640,0,0,0,0,2,0
AT2G34970,0,0,0,0,2,2
AT2G36390,0,0,0,0,2,0
AT2G37220,0,0,0,0,2,1
AT2G37500,0,0,0,0,2,0
AT2G39080,0,0,0,0,2,2
AT2G42200,0,0,0,0,2,1
AT2G44060,0,0,0,1,2,2
AT2G45240,0,0,0,1,2,1
AT2G47940,0,0,0,0,2,0
AT3G01540,0,0,0,1,2,2
AT3G02020,0,0,0,0,2,0
AT3G02200,0,0,0,0,2,0
AT3G06340,0,0,0,0,2,2
AT3G06400,0,0,0,1,2,0
AT3G06580,0,0,0,0,2,2
AT3G06720,0,0,0,2,2,1
AT3G06850,0,0,0,4,2,4
AT3G07100,0,0,0,0,2,0
AT3G07480,0,0,0,1,2,1
AT3G09350,0,0,0,0,2,1
AT3G10670,0,0,0,0,2,1
AT3G11770,0,0,0,1,2,1
AT3G11964,0,0,0,0,2,2
AT3G13300,0,0,0,1,2,1
AT3G13580,0,0,0,0,2,1
AT3G14010,0,0,0,0,2,0
AT3G15180,0,0,0,0,2,0
AT3G16980,0,0,0,0,2,2
AT3G17900,0,0,0,0,2,1
AT3G19990,0,0,0,0,2,0
AT3G21110,0,0,0,0,2,1
AT3G21200,0,0,0,0,2,0
AT3G26085,0,0,0,0,2,0
AT3G27120,0,0,0,0,2,1
AT3G28900,0,0,0,0,2,0
AT5G62300,0,0,0,1,2,11
AT3G47650,0,0,0,0,2,0
AT3G48050,0,0,0,0,2,4
AT3G48090,0,0,0,0,2,0
AT3G48460,0,0,0,0,2,0
AT3G57520,0,0,0,1,2,3
AT3G57560,0,0,0,0,2,0
AT3G62240,0,0,0,0,2,0
AT3G63250,0,0,0,0,2,1
AT4G00238,0,0,0,0,2,3
AT4G00620,0,0,0,0,2,0
AT4G02480,0,0,0,1,2,1
AT4G04770,0,0,0,0,2,0
AT4G12610,0,0,0,1,2,1
AT4G19210,0,0,0,1,2,1
AT4G21660,0,0,0,0,2,0
AT4G26630,0,0,0,0,2,2
AT4G27320,0,0,0,0,2,1
AT4G27440,0,0,0,0,2,1
AT4G27690,0,0,0,0,2,0
AT4G28980,0,0,0,0,2,0
AT4G29350,0,0,0,2,2,2
AT4G30160,0,0,0,0,2,1
AT4G31790,0,0,0,2,2,0
AT4G32590,0,0,0,1,2,2
AT4G34430,0,0,0,0,2,3
AT4G34490,0,0,0,2,2,3
AT4G34860,0,0,0,2,2,4
AT4G36810,0,0,0,0,2,1
AT5G05920,0,0,0,0,2,1
AT5G06060,0,0,0,0,2,0
AT5G06290,0,0,0,0,2,0
AT5G09390,0,0,0,0,2,0
AT5G11680,0,0,0,0,2,1
AT5G14720,0,0,0,0,2,2
AT5G16270,0,0,0,0,2,3
AT5G20280,0,0,0,1,2,2
AT5G22510,0,0,0,2,2,3
AT5G25230,0,0,0,2,2,0
AT5G35790,0,0,0,0,2,0
AT5G37850,0,0,0,0,2,0
AT5G38640,0,0,0,0,2,0
AT5G40340,0,0,0,0,2,4
AT5G41770,0,0,0,2,2,1
AT5G46790,0,0,0,0,2,2
AT5G47930,0,0,0,1,2,5
AT5G51980,0,0,0,0,2,0
AT5G52840,0,0,0,1,2,0
AT5G53120,0,0,0,1,2,2
AT5G54750,0,0,0,0,2,0
AT5G56900,0,0,0,1,2,2
AT5G58490,0,0,0,0,2,1
AT5G61170,0,0,0,1,2,3
AT5G63420,0,0,0,0,2,0
AT5G63860,0,0,0,1,2,1
AT5G64040,0,0,0,2,2,2
AT5G65840,0,0,0,0,2,1
AT5G67320,0,0,0,0,2,1
AT5G67530,0,0,0,0,2,0
ATCG00170,0,0,0,0,2,1
ATCG00330,0,0,0,0,2,0
ATCG00660,0,0,0,0,2,0
ATCG00680,0,0,0,0,2,1
ATCG00740,0,0,0,0,2,2
AT1G06680,1,0,3,3,2,3
AT3G13200,1,0,2,1,2,4
AT3G04400,1,0,1,1,2,2
AT4G38740,1,0,1,3,2,3
AT4G15210,1,0,1,1,2,2
AT5G03290,1,0,1,1,2,4
AT5G42790,1,0,1,3,2,5
AT2G17420,1,0,0,1,2,0
AT2G30870,1,0,0,3,2,0
AT3G10850,1,0,0,2,2,1
AT3G52580,1,0,0,1,2,4
AT4G28000,1,0,0,0,2,0
AT1G64520,2,0,1,1,2,2
AT2G05710,2,0,1,1,2,2
AT5G23900,2,0,1,2,2,2
AT5G60980,2,0,1,2,2,3
AT5G63890,2,0,1,1,2,0
AT3G46440,2,0,0,0,2,2
AT5G05360,2,0,0,0,2,1
AT1G75240,0,1,2,5,2,2
AT3G25520,0,1,2,1,2,2
AT5G21150,0,1,2,1,2,3
AT1G16810,0,1,1,0,2,1
AT1G32580,0,1,1,1,2,1
AT1G62740,0,1,1,2,2,4
AT1G74560,0,1,1,1,2,1
AT1G76810,0,1,1,0,2,4
AT2G23820,0,1,1,0,2,1
AT3G17020,0,1,1,1,2,3
AT4G14320,0,1,1,1,2,2
AT3G23830,0,1,1,2,2,1
AT5G19960,0,1,1,2,2,4
AT5G41010,0,1,1,1,2,0
AT1G01940,0,1,0,0,2,1
AT1G07750,0,1,0,3,2,3
AT1G19870,0,1,0,0,2,2
AT4G09800,0,1,0,1,2,3
AT1G55150,0,1,0,0,2,1
AT1G71310,0,1,0,2,2,0
AT1G77940,0,1,0,0,2,0
AT1G79550,0,1,0,0,2,0
AT3G12050,0,1,0,0,2,2
AT4G23680,0,1,0,0,2,0
AT5G61780,0,1,0,0,2,6
AT5G64370,0,1,0,1,2,2
AT5G64570,0,1,0,1,2,1
ATMG01190,1,1,4,1,2,3
AT2G36130,1,1,3,2,2,1
AT1G17745,1,1,2,1,2,5
AT1G54410,1,1,2,0,2,2
AT2G20890,1,1,2,1,2,3
AT3G09740,1,1,2,1,2,2
AT3G60245,1,1,2,0,2,6
AT4G15900,1,1,2,2,2,5
AT5G25610,1,1,2,1,2,1
AT1G47970,1,1,1,6,2,1
AT1G77510,1,1,1,1,2,0
AT2G20420,1,1,1,4,2,5
AT2G33800,1,1,1,3,2,5
AT3G01590,1,1,1,1,2,1
AT3G55520,1,1,1,3,2,2
AT4G02930,1,1,1,0,2,1
AT4G10750,1,1,1,3,2,4
AT5G17990,1,1,1,2,2,2
AT5G23740,1,1,1,2,2,3
AT5G42950,1,1,1,1,2,5
AT1G03110,1,1,0,1,2,2
AT1G03475,1,1,0,1,2,0
AT5G14670,1,1,0,2,2,6
AT1G21440,1,1,0,1,2,1
AT1G56700,1,1,0,0,2,0
AT2G42910,1,1,0,3,2,3
AT2G43530,1,1,0,1,2,1
AT3G18640,1,1,0,0,2,0
AT3G48690,1,1,0,1,2,0
AT3G54900,1,1,0,2,2,2
AT4G03190,1,1,0,3,2,2
AT4G28750,1,1,0,0,2,2
AT5G43330,1,1,0,1,2,0
AT3G44370,1,1,0,1,2,2
AT3G56240,2,1,2,3,2,1
AT2G37340,2,1,1,2,2,2
AT1G35680,2,1,0,0,2,1
AT2G24940,2,1,0,1,2,2
AT4G16500,3,1,5,4,2,4
AT1G52380,4,1,3,1,2,1
AT1G30170,0,2,2,2,2,2
AT2G10940,0,2,1,0,2,1
AT3G17820,0,2,1,1,2,2
AT1G09140,0,2,0,0,2,2
AT1G64510,0,2,0,3,2,3
AT4G34555,0,2,0,2,2,1
AT1G04270,1,2,4,0,2,2
AT1G25211,1,2,3,2,2,5
AT3G51800,1,2,3,2,2,1
AT4G35260,1,2,3,2,2,5
AT1G50010,1,2,1,2,2,3
AT1G60810,1,2,1,1,2,2
AT5G09650,1,2,1,1,2,4
AT5G20830,1,2,1,0,2,2
AT5G66760,1,2,1,3,2,7
AT1G16890,1,2,0,1,2,2
AT1G65150,1,2,0,1,2,3
AT2G22240,1,2,0,1,2,2
AT2G45600,1,2,0,2,2,4
AT2G47710,1,2,0,2,2,5
AT1G15270,2,2,4,3,2,4
AT4G02840,2,2,2,3,2,2
AT1G13280,2,2,1,3,2,2
AT2G38500,2,2,1,1,2,1
AT5G19140,2,2,1,1,2,3
AT3G63095,3,2,2,2,2,5
AT5G38480,3,2,2,2,2,2
AT4G39660,3,2,1,0,2,1
AT3G62840,0,3,2,1,2,3
AT4G29130,0,3,2,0,2,1
AT5G22880,1,3,2,1,2,2
AT1G56340,1,3,2,2,2,6
AT1G14510,1,3,1,1,2,1
AT1G78680,1,3,1,1,2,0
AT1G66240,2,3,1,4,2,2
AT5G35680,2,3,1,1,2,4
AT2G30410,2,3,1,1,2,1
AT1G24360,2,3,0,1,2,2
AT1G14410,3,3,2,4,2,3
AT5G54640,3,3,1,2,2,2
AT2G20490,3,5,4,6,2,5
AT4G11010,4,5,2,2,2,5
AT4G15000,4,5,2,3,2,2
AT4G17520,2,6,3,3,2,2
AT5G59970,8,6,6,9,2,11
AT5G26570,0,0,3,0,1,0
AT1G09700,0,0,2,0,1,3
AT1G44835,0,0,2,0,1,3
AT1G62020,0,0,2,2,1,2
AT3G22310,0,0,2,1,1,2
AT3G22520,0,0,2,1,1,1
AT5G45930,0,0,2,1,1,5
AT5G53430,0,0,2,6,1,0
ATCG00780,0,0,2,0,1,2
AT1G01730,0,0,1,0,1,1
AT1G12840,0,0,1,1,1,3
AT1G47710,0,0,1,0,1,1
AT1G49430,0,0,1,0,1,2
AT1G61150,0,0,1,0,1,1
AT1G65480,0,0,1,1,1,1
AT1G74690,0,0,1,0,1,1
AT1G78650,0,0,1,0,1,0
AT1G80930,0,0,1,0,1,4
AT2G07690,0,0,1,1,1,1
AT2G17700,0,0,1,0,1,1
AT2G25670,0,0,1,0,1,1
AT2G37690,0,0,1,1,1,2
AT2G39900,0,0,1,1,1,1
AT2G46020,0,0,1,1,1,1
AT3G03920,0,0,1,0,1,2
AT3G13990,0,0,1,1,1,2
AT3G18580,0,0,1,1,1,3
AT3G21810,0,0,1,5,1,3
AT3G28760,0,0,1,0,1,1
AT3G53990,0,0,1,0,1,3
AT3G54360,0,0,1,1,1,3
AT3G63260,0,0,1,0,1,0
AT4G02290,0,0,1,1,1,3
AT4G17050,0,0,1,2,1,1
AT4G23100,0,0,1,2,1,1
AT4G26450,0,0,1,1,1,1
AT4G26720,0,0,1,0,1,0
AT4G26910,0,0,1,2,1,0
AT4G28470,0,0,1,1,1,6
AT4G31300,0,0,1,1,1,2
AT5G09830,0,0,1,1,1,0
AT5G18400,0,0,1,0,1,0
AT5G20990,0,0,1,1,1,1
AT5G35430,0,0,1,1,1,2
AT5G35590,0,0,1,1,1,6
AT5G42220,0,0,1,1,1,1
AT5G48370,0,0,1,1,1,0
AT5G50310,0,0,1,1,1,3
AT5G56130,0,0,1,0,1,0
AT5G58040,0,0,1,0,1,3
AT5G65430,0,0,1,0,1,0
AT1G01100,0,0,0,2,1,0
AT1G01320,0,0,0,0,1,1
AT1G02080,0,0,0,0,1,1
AT1G06760,0,0,0,0,1,0
AT1G08600,0,0,0,0,1,3
AT1G09780,0,0,0,0,1,1
AT1G59830,0,0,0,0,1,0
AT1G11360,0,0,0,0,1,2
AT1G11475,0,0,0,1,1,0
AT1G12350,0,0,0,0,1,0
AT1G12410,0,0,0,0,1,1
AT1G13060,0,0,0,0,1,3
AT1G14000,0,0,0,1,1,1
AT1G14710,0,0,0,0,1,1
AT1G18070,0,0,0,0,1,3
AT1G19520,0,0,0,0,1,1
AT1G20910,0,0,0,1,1,0
AT1G21540,0,0,0,1,1,1
AT1G21690,0,0,0,0,1,1
AT1G23190,0,0,0,0,1,1
AT1G23860,0,0,0,0,1,0
AT1G27650,0,0,0,1,1,1
AT1G28120,0,0,0,0,1,0
AT1G30460,0,0,0,1,1,1
AT1G30630,0,0,0,1,1,0
AT1G31070,0,0,0,0,1,1
AT1G31280,0,0,0,0,1,1
AT2G35635,0,0,0,1,1,2
AT1G31730,0,0,0,0,1,1
AT1G32990,0,0,0,0,1,2
AT1G43690,0,0,0,0,1,2
AT1G45180,0,0,0,0,1,0
AT1G50480,0,0,0,0,1,1
AT3G21220,0,0,0,0,1,1
AT1G52040,0,0,0,0,1,0
AT1G53110,0,0,0,0,1,1
AT1G54220,0,0,0,0,1,1
AT1G54630,0,0,0,0,1,1
AT4G02080,0,0,0,0,1,2
AT1G56450,0,0,0,1,1,2
AT1G61430,0,0,0,0,1,0
AT1G69010,0,0,0,0,1,0
AT1G71260,0,0,0,0,1,0
AT1G75930,0,0,0,0,1,1
AT1G76880,0,0,0,0,1,1
AT2G03640,0,0,0,0,1,0
AT3G10610,0,0,0,1,1,1
AT2G04570,0,0,0,0,1,1
AT2G05250,0,0,0,1,1,0
AT2G06850,0,0,0,0,1,2
AT2G06990,0,0,0,0,1,1
AT2G18740,0,0,0,1,1,2
AT2G19540,0,0,0,0,1,1
AT2G22230,0,0,0,0,1,0
AT2G23390,0,0,0,0,1,1
AT2G26060,0,0,0,0,1,0
AT2G27840,0,0,0,0,1,1
AT2G29690,0,0,0,0,1,0
AT2G30280,0,0,0,0,1,2
AT2G30440,0,0,0,1,1,0
AT2G30620,0,0,0,0,1,0
AT3G59020,0,0,0,0,1,0
AT2G32700,0,0,0,0,1,2
AT2G33540,0,0,0,0,1,1
AT2G35010,0,0,0,0,1,0
AT2G35530,0,0,0,0,1,0
AT2G37600,0,0,0,0,1,0
AT2G37990,0,0,0,0,1,0
AT2G38400,0,0,0,0,1,0
AT2G41040,0,0,0,0,1,3
AT2G42590,0,0,0,1,1,2
AT2G43910,0,0,0,0,1,0
AT2G45300,0,0,0,0,1,0
AT2G45810,0,0,0,0,1,1
AT2G47390,0,0,0,1,1,2
AT3G01980,0,0,0,0,1,0
AT3G02560,0,0,0,1,1,6
AT3G02875,0,0,0,0,1,1
AT3G03140,0,0,0,0,1,0
AT3G04880,0,0,0,1,1,1
AT3G05000,0,0,0,0,1,0
AT3G08780,0,0,0,2,1,1
AT3G08947,0,0,0,1,1,1
AT3G10800,0,0,0,0,1,0
AT3G13470,0,0,0,0,1,2
AT3G15360,0,0,0,0,1,1
AT3G16050,0,0,0,0,1,1
AT3G16150,0,0,0,0,1,0
AT3G16170,0,0,0,1,1,0
AT3G17590,0,0,0,1,1,1
AT3G19820,0,0,0,1,1,8
AT3G20550,0,0,0,0,1,1
AT3G20740,0,0,0,2,1,1
AT3G20790,0,0,0,0,1,0
AT3G22890,0,0,0,0,1,1
AT3G23840,0,0,0,0,1,2
AT3G24430,0,0,0,0,1,1
AT3G25050,0,0,0,0,1,1
AT3G25545,0,0,0,1,1,0
AT3G28730,0,0,0,0,1,1
AT3G28790,0,0,0,1,1,2
AT3G28830,0,0,0,1,1,1
AT3G29090,0,0,0,1,1,1
AT3G45190,0,0,0,0,1,1
AT3G48420,0,0,0,0,1,2
AT3G49240,0,0,0,0,1,1
AT3G52090,0,0,0,1,1,2
AT3G53580,0,0,0,0,1,0
AT3G54090,0,0,0,0,1,0
AT3G55000,0,0,0,1,1,1
AT3G55770,0,0,0,1,1,0
AT3G56190,0,0,0,0,1,2
AT3G56910,0,0,0,0,1,1
AT3G58730,0,0,0,1,1,2
AT3G60370,0,0,0,0,1,1
AT5G05620,0,0,0,0,1,0
AT3G62120,0,0,0,1,1,0
AT3G63030,0,0,0,0,1,0
AT3G63190,0,0,0,0,1,0
AT4G02020,0,0,0,0,1,1
AT4G02230,0,0,0,0,1,1
AT4G08900,0,0,0,1,1,0
AT4G09010,0,0,0,0,1,2
AT4G12060,0,0,0,0,1,0
AT4G12780,0,0,0,1,1,0
AT4G14040,0,0,0,0,1,0
AT4G14110,0,0,0,0,1,2
AT4G14890,0,0,0,0,1,0
AT4G16265,0,0,0,0,1,1
AT4G17190,0,0,0,1,1,0
AT4G18040,0,0,0,0,1,1
AT4G21860,0,0,0,1,1,0
AT4G26760,0,0,0,1,1,2
AT4G29010,0,0,0,3,1,1
AT4G30800,0,0,0,1,1,2
AT4G32180,0,0,0,1,1,0
AT4G34200,0,0,0,0,1,1
AT4G34620,0,0,0,1,1,1
AT4G34890,0,0,0,0,1,0
AT4G35420,0,0,0,0,1,1
AT4G35850,0,0,0,0,1,2
AT4G39200,0,0,0,0,1,0
AT4G39520,0,0,0,0,1,1
AT4G39960,0,0,0,0,1,0
AT5G03100,0,0,0,0,1,0
AT5G03380,0,0,0,0,1,0
AT5G04260,0,0,0,0,1,0
AT5G08100,0,0,0,0,1,0
AT5G08120,0,0,0,0,1,0
AT5G64960,0,0,0,0,1,1
AT5G13420,0,0,0,0,1,1
AT5G13650,0,0,0,2,1,1
AT5G13850,0,0,0,1,1,2
AT5G14260,0,0,0,0,1,1
AT5G14780,0,0,0,0,1,1
AT5G14910,0,0,0,1,1,0
AT5G15550,0,0,0,0,1,1
AT5G16440,0,0,0,0,1,2
AT5G17530,0,0,0,2,1,0
AT5G19900,0,0,0,0,1,0
AT5G21326,0,0,0,0,1,1
AT5G23420,0,0,0,0,1,0
AT5G26830,0,0,0,0,1,1
AT5G27120,0,0,0,0,1,1
AT5G40370,0,0,0,0,1,0
AT5G40610,0,0,0,1,1,1
AT5G40760,0,0,0,1,1,2
AT5G46280,0,0,0,1,1,1
AT5G46630,0,0,0,0,1,1
AT5G47010,0,0,0,1,1,4
AT5G48480,0,0,0,0,1,0
AT5G50960,0,0,0,1,1,3
AT5G51840,0,0,0,1,1,0
AT5G54430,0,0,0,0,1,3
AT5G55530,0,0,0,0,1,1
AT5G55670,0,0,0,0,1,0
AT5G56500,0,0,0,0,1,0
AT5G62190,0,0,0,1,1,2
AT5G63620,0,0,0,1,1,0
AT5G64140,0,0,0,1,1,1
ATCG00790,0,0,0,0,1,1
AT1G65985,0,0,0,0,1,1
AT3G26900,0,0,0,0,1,0
AT5G03060,0,0,0,0,1,0
AT5G02450,1,0,2,1,1,1
AT3G55560,1,0,2,0,1,1
AT1G27400,1,0,1,1,1,1
AT3G05220,1,0,1,0,1,0
AT4G14080,1,0,1,0,1,1
AT5G58710,1,0,1,1,1,1
AT3G11400,1,0,0,3,1,2
AT4G11820,1,0,0,0,1,2
AT5G42190,1,0,0,0,1,0
AT5G39180,1,0,0,0,1,0
AT3G49601,2,0,6,3,1,4
AT2G36160,2,0,2,4,1,0
AT5G41520,2,0,2,1,1,2
AT2G05520,2,0,0,0,1,0
AT3G25220,2,0,0,0,1,0
AT1G65650,0,1,9,13,1,1
AT1G20110,0,1,3,3,1,3
AT4G02570,0,1,3,3,1,1
AT1G48610,0,1,2,1,1,0
AT1G75280,0,1,2,0,1,5
AT2G27100,0,1,2,1,1,2
AT3G54400,0,1,2,1,1,1
AT4G38710,0,1,2,0,1,1
AT1G01620,0,1,1,1,1,1
AT1G71860,0,1,1,1,1,3
AT1G79920,0,1,1,2,1,1
AT3G11710,0,1,1,0,1,0
AT3G52960,0,1,1,1,1,1
AT4G02580,0,1,1,2,1,1
AT4G29510,0,1,1,2,1,3
AT4G35100,0,1,1,1,1,2
AT5G47190,0,1,1,0,1,1
AT5G56710,0,1,1,2,1,2
AT1G04850,0,1,0,0,1,1
AT1G06070,0,1,0,0,1,1
AT1G12010,0,1,0,2,1,1
AT1G26880,0,1,0,0,1,1
AT1G32200,0,1,0,0,1,2
AT1G47980,0,1,0,0,1,0
AT2G31980,0,1,0,1,1,0
AT3G02110,0,1,0,1,1,2
AT3G06860,0,1,0,0,1,2
AT3G25150,0,1,0,0,1,0
AT3G54440,0,1,0,1,1,1
AT3G54660,0,1,0,0,1,0
AT4G02450,0,1,0,1,1,1
AT4G14716,0,1,0,1,1,0
AT4G21580,0,1,0,1,1,2
AT4G31180,0,1,0,1,1,0
AT5G02050,0,1,0,1,1,2
AT5G07440,0,1,0,0,1,1
AT5G09440,0,1,0,0,1,0
AT5G56030,0,1,0,2,1,1
AT5G57120,0,1,0,0,1,2
AT5G61060,0,1,0,0,1,2
AT5G61790,0,1,0,4,1,9
AT5G54760,1,1,2,2,1,1
AT1G62380,1,1,2,2,1,2
AT3G08580,1,1,2,1,1,4
AT1G17290,1,1,1,0,1,2
AT1G21500,1,1,1,1,1,1
AT3G02520,1,1,1,2,1,3
AT3G06610,1,1,1,1,1,1
AT3G09500,1,1,1,2,1,2
AT4G00430,1,1,1,1,1,1
AT4G09020,1,1,1,0,1,1
AT4G25050,1,1,1,1,1,0
AT5G08610,1,1,1,0,1,1
AT5G53820,1,1,1,1,1,1
AT5G57330,1,1,1,3,1,1
AT1G15415,1,1,0,1,1,0
AT1G29150,1,1,0,2,1,3
AT5G53300,1,1,0,0,1,1
AT1G73880,1,1,0,0,1,1
AT2G29320,1,1,0,0,1,0
AT3G02180,1,1,0,1,1,1
AT5G20500,1,1,0,1,1,2
AT5G62670,1,1,0,1,1,2
AT1G13260,1,1,0,2,1,0
AT1G70580,2,1,2,1,1,1
AT1G76300,2,1,1,0,1,1
AT1G15280,2,1,0,2,1,1
AT3G14990,2,1,0,1,1,1
AT5G07470,3,1,0,0,1,0
AT3G57150,5,1,7,6,1,8
AT1G35720,0,2,2,1,1,0
AT1G76680,0,2,1,1,1,1
AT5G48020,0,2,1,0,1,1
AT3G25400,0,2,0,1,1,1
AT4G38220,0,2,0,0,1,1
AT5G24840,0,2,0,0,1,0
AT3G05560,1,2,2,6,1,6
AT5G08180,1,2,2,1,1,4
AT2G47400,1,2,1,1,1,1
AT4G14930,1,2,1,1,1,3
AT1G79500,1,2,0,1,1,1
AT5G42020,1,2,0,2,1,1
AT5G49460,2,2,4,4,1,3
AT1G03330,0,3,1,2,1,2
AT5G58770,1,3,2,1,1,1
AT1G10590,1,3,1,2,1,0
AT4G21620,1,3,1,4,1,1
AT1G76970,1,3,0,0,1,0
AT4G27090,2,3,4,3,1,9
AT5G65730,2,3,1,5,1,1
AT3G54050,2,4,1,2,1,3
AT3G57300,0,0,75,91,0,0
AT3G45830,0,0,40,53,0,0
AT5G43500,0,0,29,41,0,0
AT4G06634,0,0,22,26,0,0
AT5G13950,0,0,22,17,0,0
AT3G12380,0,0,13,16,0,0
AT4G27910,0,0,11,17,0,0
AT2G47350,0,0,5,4,0,0
AT1G22920,0,0,3,2,0,2
AT4G18400,0,0,3,5,0,0
AT4G30200,0,0,3,1,0,2
AT1G05190,0,0,2,0,0,6
AT1G69410,0,0,2,0,0,2
AT1G75910,0,0,2,1,0,3
AT3G06660,0,0,2,0,0,0
AT4G18430,0,0,2,0,0,4
AT4G30630,0,0,2,4,0,0
AT5G67360,0,0,2,0,0,1
AT1G64150,0,0,2,0,0,0
AT4G15550,0,0,2,1,0,0
AT1G09270,0,0,1,0,0,1
AT1G79210,0,0,1,1,0,3
AT1G18080,0,0,1,1,0,13
AT1G23730,0,0,1,1,0,1
AT1G28420,0,0,1,0,0,0
AT1G49130,0,0,1,4,0,0
AT1G52740,0,0,1,1,0,0
AT1G56460,0,0,1,1,0,0
AT1G60850,0,0,1,0,0,2
AT1G63010,0,0,1,0,0,0
AT2G28450,0,0,1,0,0,0
AT2G32060,0,0,1,1,0,2
AT2G33040,0,0,1,2,0,1
AT2G37080,0,0,1,1,0,1
AT2G37270,0,0,1,0,0,6
AT2G40070,0,0,1,1,0,0
AT2G40620,0,0,1,1,0,0
AT2G42680,0,0,1,0,0,1
AT5G18190,0,0,1,1,0,0
AT3G24490,0,0,1,1,0,0
AT3G51500,0,0,1,0,0,0
AT3G52500,0,0,1,2,0,3
AT4G16830,0,0,1,1,0,0
AT4G31430,0,0,1,0,0,4
AT4G38495,0,0,1,2,0,0
AT4G38890,0,0,1,1,0,4
AT5G06160,0,0,1,2,0,0
AT5G08300,0,0,1,1,0,0
AT5G12110,0,0,1,0,0,0
AT5G22580,0,0,1,1,0,0
AT5G22770,0,0,1,1,0,2
AT5G46070,0,0,1,0,0,2
AT5G49190,0,0,1,0,0,0
AT5G59320,0,0,1,0,0,1
AT5G63260,0,0,1,1,0,1
AT1G04080,0,0,0,0,0,2
AT1G04980,0,0,0,0,0,1
AT4G40030,0,0,0,2,0,0
AT1G10290,0,0,0,0,0,2
AT1G12920,0,0,0,0,0,2
AT1G15820,0,0,0,0,0,1
AT1G18210,0,0,0,0,0,1
AT1G25450,0,0,0,0,0,1
AT1G29940,0,0,0,0,0,1
AT1G48630,0,0,0,1,0,3
AT1G48750,0,0,0,0,0,1
AT1G48830,0,0,0,1,0,2
AT1G56560,0,0,0,0,0,2
AT1G57750,0,0,0,0,0,3
AT1G64790,0,0,0,1,0,1
AT1G71695,0,0,0,0,0,3
AT1G72150,0,0,0,0,0,2
AT1G74310,0,0,0,0,0,1
AT1G79050,0,0,0,2,0,1
AT1G80270,0,0,0,1,0,3
AT2G02740,0,0,0,2,0,2
AT2G05920,0,0,0,0,0,1
AT2G14750,0,0,0,0,0,2
AT2G16430,0,0,0,0,0,1
AT2G18790,0,0,0,2,0,1
AT2G18960,0,0,0,3,0,3
AT2G20370,0,0,0,0,0,1
AT2G20450,0,0,0,0,0,1
AT2G21790,0,0,0,0,0,1
AT2G22560,0,0,0,0,0,0
AT2G24210,0,0,0,2,0,3
AT2G27110,0,0,0,0,0,1
AT2G35110,0,0,0,0,0,1
AT2G40030,0,0,0,0,0,2
AT2G43550,0,0,0,1,0,0
AT2G45470,0,0,0,2,0,2
AT2G47240,0,0,0,0,0,2
AT3G02230,0,0,0,2,0,1
AT3G04920,0,0,0,0,0,2
AT3G06130,0,0,0,0,0,2
AT3G07640,0,0,0,0,0,1
AT3G09880,0,0,0,1,0,2
AT5G03520,0,0,0,0,0,1
AT3G12490,0,0,0,1,0,0
AT3G13350,0,0,0,2,0,0
AT3G14390,0,0,0,0,0,2
AT3G23780,0,0,0,0,0,3
AT3G23900,0,0,0,0,0,2
AT3G24100,0,0,0,0,0,2
AT3G27330,0,0,0,0,0,0
AT3G44530,0,0,0,0,0,3
AT3G44890,0,0,0,0,0,1
AT3G47370,0,0,0,0,0,1
AT3G55610,0,0,0,1,0,0
AT3G57660,0,0,0,1,0,3
AT3G58990,0,0,0,1,0,0
AT3G59920,0,0,0,0,0,1
AT3G60820,0,0,0,1,0,5
AT3G63400,0,0,0,0,0,2
AT3G63410,0,0,0,0,0,2
AT4G01610,0,0,0,0,0,1
AT4G08350,0,0,0,2,0,0
AT4G14200,0,0,0,0,0,1
AT4G17640,0,0,0,0,0,2
AT4G17870,0,0,0,1,0,0
AT4G20910,0,0,0,0,0,2
AT4G24550,0,0,0,3,0,0
AT4G24580,0,0,0,0,0,2
AT4G25500,0,0,0,1,0,0
AT4G28910,0,0,0,0,0,1
AT4G30330,0,0,0,1,0,1
AT4G31340,0,0,0,1,0,3
AT4G31880,0,0,0,0,0,1
AT4G36730,0,0,0,1,0,1
AT4G37900,0,0,0,0,0,2
AT5G03430,0,0,0,1,0,1
AT5G04420,0,0,0,1,0,0
AT5G04430,0,0,0,0,0,0
AT5G08080,0,0,0,0,0,2
AT5G10860,0,0,0,0,0,1
AT5G12950,0,0,0,0,0,9
AT5G13430,0,0,0,0,0,2
AT5G16130,0,0,0,0,0,1
AT5G17510,0,0,0,1,0,1
AT5G19460,0,0,0,1,0,0
AT5G35530,0,0,0,0,0,4
AT5G37510,0,0,0,0,0,3
AT5G37760,0,0,0,0,0,1
AT5G38430,0,0,0,1,0,0
AT5G39320,0,0,0,1,0,2
AT5G42080,0,0,0,0,0,3
AT5G48810,0,0,0,0,0,2
AT5G51660,0,0,0,0,0,1
AT5G52650,0,0,0,1,0,3
AT5G53560,0,0,0,0,0,2
AT5G53800,0,0,0,0,0,6
AT5G54600,0,0,0,0,0,3
AT5G56200,0,0,0,1,0,0
AT5G65410,0,0,0,0,0,2
AT5G66100,0,0,0,0,0,1
ATCG00670,0,0,0,0,0,1
ATCG01120,0,0,0,1,0,2
ATMG00070,0,0,0,0,0,1
AT1G05230,0,0,0,1,0,0
AT2G23740,0,0,0,3,0,1
AT3G10360,0,0,0,1,0,0
AT3G22950,0,0,0,0,0,1
AT2G26210,1,0,1,0,0,1
AT3G04470,1,0,1,0,0,2
AT5G03850,1,0,1,1,0,3
AT3G56840,1,0,1,2,0,1
AT4G23630,1,0,1,1,0,1
AT5G03040,1,0,1,0,0,3
AT5G63680,1,0,1,1,0,0
AT5G56360,1,0,1,1,0,1
AT1G65980,1,0,0,2,0,1
AT2G33845,1,0,0,0,0,0
AT3G26400,1,0,0,1,0,1
AT5G01600,0,1,3,4,0,5
AT1G09210,0,1,2,1,0,1
AT3G53890,0,1,2,2,0,4
AT5G34850,0,1,2,0,0,1
AT5G41580,0,1,2,0,0,1
AT5G64990,0,1,1,1,0,2
AT3G26520,0,1,1,1,0,2
AT5G27770,0,1,1,1,0,1
AT5G48375,0,1,1,1,0,2
AT2G34810,0,1,0,0,0,0
AT3G14067,0,1,0,0,0,1
AT4G08280,0,1,0,2,0,0
AT4G11175,0,1,0,1,0,1
AT4G20020,0,1,0,1,0,0
AT4G22740,0,1,0,1,0,0
AT4G28540,0,1,0,0,0,0
AT5G03660,0,1,0,1,0,1
AT5G49650,0,1,0,1,0,0
AT5G51590,0,1,0,0,0,1
AT5G55490,0,1,0,1,0,0
AT5G61495,0,1,0,0,0,0
AT1G16610,1,1,2,2,0,1
AT5G20080,1,1,1,0,0,0
AT5G27670,1,1,1,0,0,1
AT1G58210,1,1,0,2,0,0
AT5G19440,1,1,0,0,0,1
AT5G46020,1,1,0,0,0,3
AT5G54920,1,1,0,1,0,1
AT4G28140,0,2,1,1,0,0
AT2G47800,0,2,0,0,0,0
AT5G55730,1,2,0,0,0,2
AT5G24165,2,2,2,2,0,2
AT2G34420,2,2,1,3,0,2
AT3G44300,0,3,0,0,0,0
