Protein,AT4G31680,AT4G31680,AT2G24740,AT2G24740,WT,WT,AT1G01730,AT1G08600
AT2G25560,0,0,0,0,0,0,83,176
AT2G25170,0,0,0,0,0,0,420,547
AT1G08600,0,0,0,0,0,0,222,1044
AT5G48160,0,0,0,0,0,0,0,4
AT3G63500,0,0,0,0,0,0,1,2
AT3G11910,1,0,6,5,0,0,0,1
AT2G44730,0,0,0,0,0,0,0,6
AT1G48560,0,0,0,0,0,0,0,4
AT5G57020,0,0,0,0,0,0,0,0
AT2G05230,0,0,0,0,0,0,115,80
AT1G01730,0,0,0,0,0,0,93,98
AT1G01510,0,0,0,0,0,0,0,4
AT2G44530,0,1,3,0,1,0,0,2
AT1G53750,0,0,6,2,1,0,7,15
AT1G14740,0,0,0,0,0,0,0,1
AT1G61710,1,0,3,0,1,0,0,0
AT3G07780,0,0,0,0,0,0,0,0
AT5G12250,0,1,1,2,1,0,0,4
AT1G33240,0,0,0,0,0,0,2,3
AT5G06600,0,0,2,3,0,0,0,2
AT5G03780,0,0,0,0,0,0,0,2
AT1G14770,0,0,0,0,0,0,0,1
AT2G24310,0,0,0,0,0,0,0,1
AT2G33210,0,1,0,0,0,0,0,0
AT5G58340,0,0,0,0,0,0,0,0
AT3G07850,0,0,0,0,0,0,0,4
AT1G54220,1,1,0,0,1,0,0,0
AT5G53150,0,0,0,0,0,0,129,86
AT4G24820,1,1,0,2,1,0,3,10
AT2G04030,0,0,1,0,3,0,2,8
AT2G06850,0,0,0,0,0,0,0,8
AT1G70320,0,0,5,2,0,0,0,5
AT1G76880,0,0,0,0,0,0,0,3
AT5G27640,0,0,1,0,2,0,0,2
AT1G73460,0,0,0,0,0,0,0,2
AT1G51510,2,1,2,1,0,0,3,1
AT1G64370,0,1,1,0,0,0,1,1
AT3G24860,0,0,0,0,0,0,0,1
AT5G40950,0,1,0,0,0,0,0,1
AT4G39200,0,1,0,0,1,0,1,0
AT4G32570,0,0,0,0,0,0,0,0
AT5G51590,0,0,0,0,0,0,0,0
AT4G01850,1,2,2,2,3,0,6,7
AT5G22580,0,0,0,0,0,0,1,1
AT4G29350,0,0,2,0,0,0,0,1
AT1G49130,0,0,1,0,0,0,0,1
AT1G35310,0,0,0,0,2,0,0,1
AT2G45640,1,0,0,0,1,0,0,0
AT3G02260,0,0,0,0,0,0,0,4
AT3G56490,2,0,0,0,1,0,3,2
AT2G28355,0,1,0,0,1,0,0,2
AT5G54760,0,0,0,0,1,0,3,1
AT3G23390,1,3,0,1,0,0,0,1
AT2G21390,0,0,0,0,0,0,0,14
AT3G12800,4,3,2,1,3,0,0,6
AT4G11380,0,0,0,0,0,0,0,6
AT5G59850,0,0,7,1,1,0,5,5
AT3G19120,0,0,0,0,0,0,0,5
AT1G09070,3,2,0,0,2,0,0,5
AT3G04670,0,0,0,0,0,0,2,3
AT1G35160,0,1,2,4,1,0,1,3
AT3G06720,0,0,0,0,1,0,1,3
AT4G33400,0,0,1,0,0,0,0,3
AT5G63120,2,2,2,1,0,0,2,2
AT3G20050,2,1,0,0,0,0,1,2
AT1G16870,1,2,0,1,2,0,1,2
AT1G15720,0,0,0,0,0,0,0,2
AT1G54060,0,0,0,0,0,0,0,2
AT4G22140,0,0,0,0,0,0,0,2
AT5G03470,0,1,0,0,0,0,0,2
AT5G20240,0,0,0,0,0,0,0,2
AT5G46020,1,2,2,0,0,0,2,1
AT1G09270,0,0,0,0,0,0,2,1
AT5G16390,1,1,0,0,2,0,2,1
AT1G62390,1,0,1,0,1,0,1,1
AT3G04640,2,1,0,0,0,0,1,1
AT1G07210,0,0,0,0,0,0,1,1
AT1G75240,0,0,0,0,0,0,0,1
AT2G28290,0,0,0,0,0,0,0,1
AT3G60190,0,0,0,0,0,0,0,1
AT4G17060,0,0,0,0,0,0,0,1
AT4G22240,0,0,0,0,0,0,0,1
AT5G25230,0,1,0,0,0,0,0,1
AT5G25757,0,0,0,0,0,0,0,1
ATCG00170,0,0,0,0,0,0,0,1
AT5G05780,0,0,2,1,0,0,2,0
ATCG00820,2,1,1,2,0,0,1,0
AT1G65010,0,0,1,0,0,0,1,0
AT5G16050,0,0,1,2,0,0,1,0
AT2G17930,0,0,0,0,0,0,1,0
AT4G15802,0,0,0,0,0,0,1,0
AT5G44100,2,1,1,1,0,0,0,0
AT3G24080,0,0,1,0,0,0,0,0
AT1G65890,0,0,1,1,1,0,0,0
AT5G14320,0,0,1,1,1,0,0,0
AT1G12380,0,0,0,0,0,0,0,0
AT1G15740,1,0,0,0,0,0,0,1
AT3G44370,1,0,2,0,0,0,0,2
AT4G27010,1,0,0,0,0,0,1,0
AT1G15290,0,0,0,0,0,0,0,0
AT1G30880,0,2,0,0,0,0,0,0
AT2G34810,0,0,0,0,0,0,0,0
AT3G11770,0,0,0,0,0,0,0,0
AT3G13350,0,0,0,0,0,0,0,0
AT4G02150,0,0,0,0,0,0,0,0
AT4G25590,0,0,0,0,0,0,0,0
AT5G23680,0,0,0,0,0,0,0,0
AT5G62670,0,0,0,0,0,0,0,0
AT2G19870,1,0,0,0,1,0,0,0
AT5G20720,1,2,0,0,1,0,0,0
AT5G27720,0,1,0,0,2,0,0,0
AT1G53110,0,0,0,0,0,0,0,1
AT1G80940,0,2,0,2,0,0,0,0
AT4G23670,2,0,1,1,1,0,0,6
AT2G28860,0,0,0,0,0,0,0,0
AT5G62310,0,0,0,0,0,0,0,0
AT1G03010,0,0,0,4,3,0,0,0
AT5G23940,0,0,0,0,0,0,0,8
AT1G08730,0,0,0,0,0,0,0,2
AT2G17870,0,1,0,0,1,0,0,2
ATCG00650,0,0,0,0,2,0,1,1
AT5G24420,0,0,1,0,0,0,1,0
AT2G20597,0,1,1,1,4,0,1,0
AT1G04790,0,0,0,0,0,0,0,0
AT1G80950,0,0,0,0,0,0,0,0
AT2G21940,0,0,0,1,0,0,0,0
AT5G24490,0,0,0,0,0,0,0,0
AT5G40340,0,0,0,0,0,0,0,11
AT1G04170,0,0,0,0,0,0,1,9
AT3G42170,0,0,0,0,0,0,0,9
AT1G29150,0,1,0,0,0,0,0,7
AT5G25460,1,0,0,1,0,0,3,6
AT1G80480,0,0,0,0,0,0,1,6
AT4G34450,0,0,0,0,0,0,0,6
AT5G42790,0,0,4,1,0,0,7,5
AT4G13400,3,2,1,0,1,0,1,5
AT5G47930,0,0,1,0,1,0,1,5
AT4G29730,0,0,0,0,0,0,0,5
AT5G22060,0,0,0,0,0,0,0,5
AT5G22770,0,0,0,0,0,0,0,5
AT5G23860,0,0,0,0,0,0,0,5
AT5G27120,0,3,0,0,0,0,0,5
AT4G37930,3,1,0,0,1,0,0,5
AT1G79930,0,1,1,0,1,0,2,4
AT4G35780,0,0,0,0,0,0,1,4
AT1G12900,0,0,0,0,1,0,1,4
AT2G19480,0,0,3,1,0,0,0,4
AT5G20920,0,0,1,0,1,0,0,4
AT2G15430,0,0,0,0,0,0,0,4
AT2G24200,0,0,0,0,0,0,0,4
AT2G40290,0,0,0,0,0,0,0,4
AT3G19820,0,0,0,0,0,0,0,4
AT4G04640,0,0,0,0,0,0,0,4
AT5G14520,0,0,0,0,0,0,0,4
ATCG01060,0,0,0,0,0,0,0,4
AT5G35590,0,0,0,0,0,0,4,3
AT1G73380,0,1,1,0,0,0,3,3
AT3G49470,0,0,0,0,0,0,3,3
AT3G55360,0,0,0,0,0,0,3,3
AT2G27020,0,0,2,0,0,0,2,3
AT5G01600,0,0,2,0,1,0,1,3
AT5G40200,1,3,2,0,2,0,1,3
AT5G14670,0,0,0,0,0,0,1,3
AT1G70830,0,0,0,0,0,0,1,3
AT2G40360,0,2,0,0,0,0,1,3
AT3G11400,0,0,0,1,0,0,1,3
AT5G30510,0,0,0,0,0,0,1,3
AT1G24260,0,0,2,0,0,0,0,3
AT2G28950,0,0,1,1,0,0,0,3
AT3G58610,0,0,1,0,0,0,0,3
AT5G51120,1,3,1,1,1,0,0,3
AT1G47550,0,0,0,0,0,0,0,3
AT1G64790,0,0,0,0,0,0,0,3
AT2G05920,0,0,0,0,0,0,0,3
AT2G47250,0,0,0,0,0,0,0,3
AT3G61240,0,0,0,0,0,0,0,3
AT4G15020,0,0,0,0,0,0,0,3
AT4G36250,0,0,0,0,0,0,0,3
AT5G42820,0,0,0,0,0,0,0,3
AT5G46630,0,0,0,0,0,0,0,3
AT5G48880,0,0,0,0,0,0,0,3
AT1G02330,0,1,0,0,1,0,0,3
AT1G76030,0,0,0,0,1,0,0,3
AT1G79280,0,1,0,0,3,0,0,3
AT5G62300,0,0,0,0,1,0,8,2
AT1G56450,0,0,2,0,0,0,2,2
AT1G77750,0,0,2,0,0,0,2,2
AT1G79210,0,0,2,0,0,0,2,2
AT5G43990,1,2,1,0,0,0,2,2
AT3G56150,0,1,1,0,1,0,1,2
AT3G02080,1,0,0,0,0,0,1,2
AT1G79370,0,0,0,0,0,0,1,2
AT3G50050,0,0,0,0,0,0,1,2
AT4G39520,0,0,0,0,0,0,1,2
AT5G35530,0,0,0,0,0,0,1,2
AT1G20450,2,0,0,0,1,0,1,2
AT5G08450,0,0,5,0,0,0,0,2
AT1G12920,0,0,1,0,0,0,0,2
AT5G60670,0,0,1,0,0,0,0,2
AT1G02080,0,0,0,0,0,0,0,2
AT1G05380,0,0,0,0,0,0,0,2
AT1G07440,0,0,0,0,0,0,0,2
AT1G09210,0,0,0,0,0,0,0,2
AT1G22410,0,0,0,0,0,0,0,2
AT1G24706,0,1,0,0,0,0,0,2
AT1G27752,0,0,0,0,0,0,0,2
AT1G30680,0,0,0,0,0,0,0,2
AT1G54170,0,0,0,0,0,0,0,2
AT1G74470,0,0,0,0,0,0,0,2
AT2G03820,0,0,0,0,0,0,0,2
AT2G17410,0,0,0,0,0,0,0,2
AT3G25800,0,0,0,0,0,0,0,2
AT3G45190,0,0,0,0,0,0,0,2
AT5G59890,0,0,0,0,0,0,0,2
AT3G53990,0,0,0,0,0,0,0,2
AT3G55340,0,0,0,0,0,0,0,2
AT3G57410,0,0,0,0,0,0,0,2
AT4G00990,0,0,0,0,0,0,0,2
AT4G08350,0,0,0,0,0,0,0,2
AT4G10610,0,0,0,0,0,0,0,2
AT4G25500,0,0,0,0,0,0,0,2
AT5G13430,0,0,0,0,0,0,0,2
AT5G13780,0,0,0,0,0,0,0,2
AT5G15550,0,0,0,0,0,0,0,2
AT5G38430,0,0,0,0,0,0,0,2
AT5G45950,0,0,0,0,0,0,0,2
AT5G51110,0,0,0,0,0,0,0,2
AT5G65720,0,0,0,0,0,0,0,2
ATMG00070,0,0,0,0,0,0,0,2
ATMG00510,0,0,0,0,0,0,0,2
AT1G10300,1,1,0,1,1,0,0,2
AT5G05010,0,0,0,0,1,0,0,2
AT1G06190,0,1,0,0,0,0,4,1
AT2G30860,1,0,0,0,1,0,3,1
AT5G03300,0,0,0,0,1,0,3,1
AT1G75950,0,0,2,0,0,0,2,1
AT4G24190,0,1,1,0,1,0,2,1
AT5G47200,1,0,0,0,0,0,2,1
AT1G04530,0,0,0,0,0,0,2,1
AT1G12010,0,0,0,0,0,0,2,1
AT2G04860,0,0,0,0,0,0,2,1
AT1G32060,1,0,0,0,1,0,2,1
AT1G15750,0,0,149,124,0,0,1,1
AT1G13060,0,0,2,0,0,0,1,1
AT5G03040,1,0,1,0,0,0,1,1
AT3G60820,0,0,1,0,0,0,1,1
AT1G07140,0,0,1,0,1,0,1,1
AT1G31330,0,0,1,0,1,0,1,1
AT1G60810,0,0,0,0,0,0,1,1
AT1G13930,0,0,0,0,0,0,1,1
AT1G78290,0,0,0,0,0,0,1,1
AT3G03780,0,0,0,0,0,0,1,1
AT3G22300,0,0,0,0,0,0,1,1
AT4G21670,0,0,0,0,0,0,1,1
AT5G38760,0,0,0,0,0,0,1,1
AT5G41580,0,0,0,0,0,0,1,1
AT1G24360,0,0,0,0,1,0,1,1
AT2G20450,0,0,0,0,1,0,1,1
AT3G50000,0,0,3,0,0,0,0,1
AT3G63490,0,1,3,0,0,0,0,1
AT3G22310,0,2,2,0,1,0,0,1
AT3G18165,1,1,1,0,0,0,0,1
AT1G11840,0,0,1,0,0,0,0,1
AT1G80410,0,0,1,0,0,0,0,1
AT3G56090,0,0,1,0,0,0,0,1
AT5G13020,0,0,1,0,0,0,0,1
AT1G48830,3,1,1,0,1,0,0,1
AT5G06160,0,0,1,0,1,0,0,1
AT2G18510,1,1,1,0,2,0,0,1
AT3G48870,1,0,1,0,2,0,0,1
AT2G24700,4,5,0,0,0,0,0,1
AT1G65930,1,0,0,0,0,0,0,1
AT3G57660,1,0,0,0,0,0,0,1
AT4G03205,0,0,0,0,0,0,0,1
AT1G06410,0,0,0,0,0,0,0,1
AT2G30000,0,0,0,0,0,0,0,1
AT1G14810,0,0,0,0,0,0,0,1
AT1G16820,0,0,0,0,0,0,0,1
AT1G25211,0,0,0,0,0,0,0,1
AT1G29940,0,0,0,0,0,0,0,1
AT1G32810,0,0,0,0,0,0,0,1
AT3G17240,0,0,0,0,0,0,0,1
AT2G42600,0,0,0,0,0,0,0,1
AT1G61620,0,0,0,0,0,0,0,1
AT1G61870,0,0,0,0,0,0,0,1
AT1G66200,0,0,0,0,0,0,0,1
AT1G74690,0,0,0,0,0,0,0,1
AT1G77470,0,0,0,0,0,0,0,1
AT1G79050,0,0,0,0,0,0,0,1
AT1G79920,0,0,0,0,0,0,0,1
ATMG01270,0,0,0,0,0,0,0,1
AT2G30440,0,0,0,0,0,0,0,1
AT3G59540,0,0,0,0,0,0,0,1
AT2G44060,0,0,0,0,0,0,0,1
AT2G45820,0,0,0,0,0,0,0,1
AT2G47710,0,0,0,0,0,0,0,1
AT3G04790,0,0,0,0,0,0,0,1
AT3G06400,0,0,0,0,0,0,0,1
AT3G06670,0,0,0,0,0,0,0,1
AT3G13570,0,0,0,0,0,0,0,1
AT3G14067,0,0,0,0,0,0,0,1
AT3G18520,0,0,0,0,0,0,0,1
AT3G22220,0,0,0,0,0,0,0,1
AT3G25050,0,0,0,0,0,0,0,1
AT3G46740,0,0,0,0,0,0,0,1
AT3G49080,0,0,0,0,0,0,0,1
AT3G50670,0,1,0,0,0,0,0,1
AT3G52880,0,0,0,0,0,0,0,1
AT3G55000,0,0,0,0,0,0,0,1
AT3G55770,0,0,0,0,0,0,0,1
AT3G56240,0,0,0,0,0,0,0,1
AT3G58660,0,0,0,0,0,0,0,1
AT4G11150,0,0,0,0,0,0,0,1
AT4G14160,0,0,0,0,0,0,0,1
AT4G15210,0,0,0,0,0,0,0,1
AT4G24800,0,0,0,0,0,0,0,1
AT4G27060,0,0,0,0,0,0,0,1
AT4G33010,0,0,0,0,0,0,0,1
AT4G35570,0,0,0,0,0,0,0,1
AT5G05550,0,0,0,0,0,0,0,1
AT5G13930,0,0,0,0,0,0,0,1
AT5G14050,0,0,0,0,0,0,0,1
AT5G18400,0,0,0,0,0,0,0,1
AT5G38490,0,0,0,0,0,0,0,1
AT5G45890,0,0,0,0,0,0,0,1
AT5G49400,0,1,0,0,0,0,0,1
AT5G51280,0,0,0,0,0,0,0,1
AT5G53930,0,0,0,0,0,0,0,1
AT5G55160,0,0,0,1,0,0,0,1
AT5G61140,0,0,0,0,0,0,0,1
ATCG00190,0,0,0,0,0,0,0,1
ATCG00740,0,0,0,0,0,0,0,1
ATCG01120,0,1,0,0,0,0,0,1
AT5G67510,2,0,0,0,1,0,0,1
AT1G06000,1,0,0,0,1,0,0,1
AT4G34870,1,0,0,0,1,0,0,1
AT1G53645,0,1,0,1,1,0,0,1
AT1G62640,0,0,0,0,1,0,0,1
AT1G70200,0,2,0,0,1,0,0,1
AT2G47330,0,0,0,0,1,0,0,1
AT3G06050,0,0,0,0,1,0,0,1
AT3G18000,0,0,0,0,1,0,0,1
AT2G27860,0,0,0,0,2,0,0,1
AT3G55700,0,0,0,0,0,0,5,0
AT5G39850,0,0,4,1,2,0,4,0
AT3G51260,0,0,2,1,0,0,4,0
AT1G67700,0,0,0,0,0,0,4,0
AT3G52500,0,0,0,0,0,0,4,0
AT4G27160,0,0,0,0,0,0,4,0
AT3G52960,2,1,0,0,0,0,3,0
AT4G09010,1,0,0,0,0,0,3,0
AT3G16400,0,0,0,0,0,0,3,0
AT1G01050,0,0,0,0,0,0,2,0
AT1G04690,0,0,0,0,0,0,2,0
AT3G09350,0,0,0,0,0,0,2,0
AT4G27000,0,0,0,0,0,0,2,0
AT5G03160,0,0,0,0,0,0,2,0
AT5G28540,0,0,2,0,0,0,1,0
AT2G45470,0,0,2,0,1,0,1,0
AT2G35605,1,1,1,0,0,0,1,0
AT2G47470,1,1,1,0,0,0,1,0
AT1G16970,0,0,1,0,0,0,1,0
AT1G49760,0,0,1,0,0,0,1,0
AT1G64520,0,0,1,0,0,0,1,0
AT3G25230,0,0,1,1,0,0,1,0
AT5G60210,0,0,1,0,0,0,1,0
AT1G11860,1,0,0,0,0,0,1,0
AT1G03600,0,0,0,0,0,0,1,0
AT1G20440,0,0,0,0,0,0,1,0
AT1G20696,0,0,0,0,0,0,1,0
AT1G77440,0,0,0,0,0,0,1,0
AT1G32500,0,0,0,0,0,0,1,0
AT2G18040,0,0,0,0,0,0,1,0
AT2G23740,0,0,0,0,0,0,1,0
AT3G12490,0,0,0,0,0,0,1,0
AT3G53890,0,0,0,0,0,0,1,0
AT4G30160,0,0,0,0,0,0,1,0
AT5G24740,0,0,0,1,0,0,1,0
AT5G60460,0,0,0,0,0,0,1,0
AT5G56710,2,0,0,0,1,0,1,0
AT5G09660,0,0,0,0,1,0,1,0
AT2G24740,0,0,153,136,1,0,0,0
AT5G27030,0,0,61,49,0,0,0,0
AT3G16830,0,0,52,36,0,0,0,0
AT3G15880,0,0,29,18,0,0,0,0
AT1G80490,0,0,25,22,0,0,0,0
AT5G05990,0,0,5,3,0,0,0,0
AT5G02050,0,0,4,6,0,0,0,0
AT5G65430,0,0,3,0,1,0,0,0
AT5G58040,0,0,2,1,0,0,0,0
AT5G59870,0,0,2,0,0,0,0,0
AT1G02050,0,0,2,0,1,0,0,0
AT5G42520,1,1,1,1,0,0,0,0
AT1G48050,0,0,1,0,0,0,0,0
AT2G22400,0,0,1,0,0,0,0,0
AT2G22560,0,0,1,0,0,0,0,0
AT3G02310,0,0,1,0,0,0,0,0
AT3G13940,0,0,1,0,0,0,0,0
AT3G22380,0,1,1,0,0,0,0,0
AT5G55230,0,0,1,0,0,0,0,0
AT5G48680,1,0,1,0,1,0,0,0
AT5G64260,0,0,1,0,1,0,0,0
AT4G01580,27,33,0,0,0,0,0,0
AT1G33960,9,10,0,0,0,0,0,0
AT4G31650,5,5,0,0,0,0,0,0
AT1G21560,4,6,0,0,0,0,0,0
AT1G16030,3,2,0,0,0,0,0,0
AT2G24645,2,2,0,0,0,0,0,0
AT3G05220,2,0,0,0,0,0,0,0
AT5G66540,2,0,0,1,0,0,0,0
AT1G69200,1,0,0,0,0,0,0,0
AT1G70100,1,0,0,0,0,0,0,0
AT3G18960,1,0,0,0,0,0,0,0
AT3G56070,1,0,0,0,0,0,0,0
AT4G13615,1,0,0,2,0,0,0,0
AT4G15790,1,0,0,0,0,0,0,0
AT4G26910,1,0,0,0,0,0,0,0
AT5G02240,1,0,0,0,0,0,0,0
AT5G55660,1,0,0,0,0,0,0,0
AT5G62350,1,0,0,0,0,0,0,0
AT5G66860,1,0,0,0,0,0,0,0
AT1G01320,0,0,0,0,0,0,0,0
AT1G01960,0,0,0,0,0,0,0,0
AT1G03910,0,0,0,1,0,0,0,0
AT1G05190,0,0,0,0,0,0,0,0
AT1G05720,0,0,0,0,0,0,0,0
AT1G06910,0,0,0,0,0,0,0,0
AT1G07750,0,0,0,0,0,0,0,0
AT2G27210,0,0,0,0,0,0,0,0
AT1G08500,0,0,0,0,0,0,0,0
AT1G09730,0,0,0,0,0,0,0,0
AT1G17770,0,0,0,0,0,0,0,0
AT1G18610,0,0,0,0,0,0,0,0
AT1G24050,0,0,0,0,0,0,0,0
AT1G27430,0,0,0,0,0,0,0,0
AT1G29880,0,0,0,0,0,0,0,0
AT1G42960,0,0,0,0,0,0,0,0
AT1G56180,0,0,0,0,0,0,0,0
AT1G57860,0,3,0,1,0,0,0,0
AT1G62380,0,0,0,0,0,0,0,0
AT1G62830,0,0,0,0,0,0,0,0
AT1G62870,0,0,0,0,0,0,0,0
AT1G62940,0,0,0,0,0,0,0,0
AT1G63680,0,0,0,0,0,0,0,0
AT1G67310,0,0,0,0,0,0,0,0
AT1G72970,0,0,0,0,0,0,0,0
AT1G73450,0,0,0,0,0,0,0,0
AT1G74850,0,0,0,0,0,0,0,0
AT1G76890,0,0,0,0,0,0,0,0
AT2G02790,0,1,0,0,0,0,0,0
AT2G16920,0,0,0,4,0,0,0,0
AT2G18900,0,0,0,0,0,0,0,0
AT2G19000,0,0,0,0,0,0,0,0
AT5G56600,0,0,0,0,0,0,0,0
AT2G28190,0,0,0,0,0,0,0,0
AT2G30880,0,0,0,0,0,0,0,0
AT2G34640,0,0,0,0,0,0,0,0
AT2G35110,0,0,0,0,0,0,0,0
AT2G43090,0,0,0,0,0,0,0,0
AT2G47940,0,0,0,2,0,0,0,0
AT3G02950,0,0,0,0,0,0,0,0
AT3G04260,0,0,0,0,0,0,0,0
AT3G07300,0,0,0,0,0,0,0,0
AT5G03660,0,1,0,0,0,0,0,0
AT3G11100,0,0,0,0,0,0,0,0
AT3G11290,0,0,0,0,0,0,0,0
AT3G12050,0,0,0,0,0,0,0,0
AT3G12290,0,0,0,0,0,0,0,0
AT3G13060,0,0,0,0,0,0,0,0
AT3G13120,0,0,0,0,0,0,0,0
AT3G14180,0,0,0,0,0,0,0,0
AT3G17750,0,0,0,0,0,0,0,0
AT3G18060,0,0,0,0,0,0,0,0
AT3G19895,0,0,0,0,0,0,0,0
AT3G24490,0,0,0,0,0,0,0,0
AT5G60360,0,0,0,0,0,0,0,0
AT3G45630,0,0,0,0,0,0,0,0
AT3G46000,0,0,0,0,0,0,0,0
AT5G59370,0,0,0,0,0,0,0,0
AT3G51950,0,0,0,0,0,0,0,0
AT3G56130,0,0,0,0,0,0,0,0
AT3G58600,0,0,0,0,0,0,0,0
AT3G58630,0,0,0,0,0,0,0,0
AT3G60600,0,0,0,0,0,0,0,0
AT5G05620,0,0,0,0,0,0,0,0
AT3G61690,0,0,0,0,0,0,0,0
AT3G63190,0,0,0,0,0,0,0,0
AT4G12670,0,0,0,0,0,0,0,0
AT4G22670,0,0,0,0,0,0,0,0
AT4G22740,0,0,0,0,0,0,0,0
AT4G28080,0,0,0,0,0,0,0,0
AT4G28750,0,0,0,0,0,0,0,0
AT4G28910,0,0,0,0,0,0,0,0
AT4G29010,0,0,0,0,0,0,0,0
AT4G29510,0,0,0,0,0,0,0,0
AT4G29670,0,0,0,0,0,0,0,0
AT4G30610,0,0,0,0,0,0,0,0
AT4G34110,0,0,0,0,0,0,0,0
AT4G34850,0,0,0,0,0,0,0,0
AT4G38540,0,0,0,1,0,0,0,0
AT5G04940,0,0,0,0,0,0,0,0
AT5G05230,0,0,0,0,0,0,0,0
AT5G06310,0,0,0,0,0,0,0,0
AT5G07690,0,2,0,0,0,0,0,0
AT5G13530,0,0,0,0,0,0,0,0
AT5G13650,0,0,0,0,0,0,0,0
AT5G35330,0,0,0,0,0,0,0,0
AT5G44410,0,0,0,1,0,0,0,0
AT5G44800,0,0,0,0,0,0,0,0
AT5G47010,0,0,0,0,0,0,0,0
AT5G47660,0,0,0,0,0,0,0,0
AT5G48370,0,0,0,0,0,0,0,0
AT5G49220,0,0,0,0,0,0,0,0
AT5G53000,0,0,0,0,0,0,0,0
AT5G53480,0,0,0,0,0,0,0,0
AT5G54770,0,0,0,0,0,0,0,0
AT5G54930,0,0,0,0,0,0,0,0
AT5G56500,0,0,0,0,0,0,0,0
AT5G59920,0,0,0,1,0,0,0,0
AT5G65410,0,0,0,0,0,0,0,0
ATCG00710,0,0,0,0,0,0,0,0
AT4G28360,2,0,0,0,1,0,0,0
AT2G05710,1,0,0,0,1,0,0,0
AT3G19650,1,0,0,0,1,0,0,0
AT1G56340,0,0,0,0,1,0,0,0
AT1G68010,0,0,0,0,1,0,0,0
AT2G16940,0,0,0,0,1,0,0,0
AT3G24480,0,0,0,0,1,0,0,0
AT4G02730,0,0,0,0,1,0,0,0
AT4G24780,0,0,0,0,1,0,0,0
AT5G08640,0,0,0,0,1,0,0,0
AT5G11240,0,0,0,0,1,0,0,0
AT5G12110,0,0,0,0,1,0,0,0
AT5G46840,0,1,0,0,1,0,0,0
AT2G30050,0,0,0,0,2,0,0,0
AT5G65220,0,1,0,0,2,0,0,0
AT1G45000,2,1,2,0,2,1,4,7
AT5G15650,2,1,0,0,0,1,5,4
AT4G39880,2,2,1,3,6,1,8,2
AT2G38530,2,1,0,1,1,1,1,2
AT3G28790,1,1,0,0,1,1,1,3
AT5G26360,1,3,6,2,1,1,0,5
AT5G60960,0,0,0,0,2,1,0,2
AT5G35680,5,2,2,2,3,1,2,2
AT2G41530,0,2,0,0,2,1,2,2
AT2G45810,0,2,2,3,4,1,2,9
AT3G55750,5,4,0,1,2,1,1,5
AT5G59880,0,1,0,1,1,1,2,2
AT4G31580,1,0,1,1,2,1,0,1
AT3G12580,0,0,5,5,0,1,2,9
AT3G60300,1,1,2,1,2,1,1,5
AT2G39390,1,1,2,0,2,1,2,2
AT1G18450,0,0,2,1,1,1,1,11
AT4G20890,2,0,2,2,1,1,2,8
AT3G13300,1,2,1,0,2,1,2,7
AT2G32730,3,2,4,2,2,1,4,4
AT5G44340,1,3,3,0,3,1,3,4
AT3G08580,0,3,0,1,0,1,2,2
AT3G02230,0,1,2,0,0,1,1,2
AT4G38780,1,2,0,1,2,1,1,2
AT4G31430,1,0,0,0,1,1,1,1
AT3G55620,1,1,1,1,1,1,0,1
AT5G64670,3,1,0,0,2,1,0,1
AT5G66570,0,0,0,0,0,1,1,0
AT4G10750,0,1,2,1,2,1,0,3
AT4G30800,0,2,1,0,1,1,2,2
AT3G53750,2,1,2,3,1,1,0,5
AT3G05910,0,2,2,1,0,1,2,1
AT4G40030,0,0,3,0,0,1,15,27
AT3G55440,4,1,0,0,4,1,0,6
AT3G16950,0,3,2,1,1,1,1,4
AT1G09640,2,0,2,0,3,1,4,3
AT1G72260,1,0,1,3,2,1,3,2
AT2G16505,0,1,0,1,1,1,3,2
AT5G39740,0,2,2,2,1,1,2,2
AT1G54270,0,0,0,2,2,1,1,2
ATCG00770,0,2,0,0,2,1,1,2
AT4G34200,0,0,1,0,0,1,1,1
AT3G51240,1,1,1,1,1,1,1,1
AT4G23600,3,0,0,1,1,1,1,1
AT2G38580,0,0,0,0,0,1,0,0
AT1G20200,0,0,4,2,1,1,3,10
AT3G11830,2,1,1,1,1,1,1,7
AT3G63460,0,0,0,0,1,1,0,6
AT4G31300,2,1,3,4,3,1,4,5
AT4G38740,0,1,3,1,3,1,2,4
AT1G12310,0,1,0,0,1,1,0,4
AT5G38480,1,1,3,2,0,1,1,3
AT1G08520,0,0,1,0,0,1,1,3
AT3G05070,2,3,1,0,3,1,1,3
AT4G21660,0,0,1,0,1,1,0,3
AT5G50850,2,1,0,0,1,1,0,3
AT3G18190,0,2,1,1,1,1,2,2
AT3G02780,0,0,0,1,1,1,2,2
AT2G36160,1,2,2,1,1,1,1,2
AT3G58570,1,3,1,0,1,1,1,2
AT5G09510,3,6,1,0,3,1,1,2
AT5G59310,1,1,0,1,0,1,1,2
AT1G11650,0,0,0,0,1,1,1,2
AT3G06850,0,0,2,0,0,1,0,2
AT4G02290,0,0,0,0,0,1,0,2
AT5G58330,1,0,0,0,1,1,0,2
AT4G18040,0,0,0,0,1,1,0,2
AT1G08660,0,0,0,0,0,0,1,0
AT1G10810,0,0,0,0,0,0,0,0
AT2G20290,0,0,1,0,0,0,0,0
AT2G23900,0,0,0,0,0,0,0,1
AT3G21950,0,1,0,1,0,0,0,1
AT3G22942,0,0,0,0,0,0,0,0
AT3G51190,0,0,0,0,0,0,0,0
AT4G27520,0,0,0,0,0,0,1,7
AT5G40270,0,0,0,0,0,0,0,2
AT4G18430,0,1,0,0,1,1,0,2
AT2G03680,0,0,0,0,2,1,2,1
AT5G58710,0,0,2,0,1,1,1,1
AT4G09800,1,1,0,0,0,1,1,1
AT3G29075,1,0,0,1,1,1,1,1
AT4G11010,1,1,0,0,1,1,1,1
AT1G76180,1,0,0,0,2,1,1,1
ATMG00090,1,0,3,0,0,1,0,1
AT2G15820,0,1,1,1,1,1,0,1
AT5G23535,0,1,0,0,0,1,0,1
AT3G61430,1,0,0,0,1,1,0,1
AT1G64040,1,0,0,0,3,1,0,1
AT1G60680,0,0,1,0,1,1,1,0
AT1G60770,1,0,1,1,1,1,0,0
AT4G30930,0,1,1,2,1,1,0,0
ATMG00080,0,1,1,0,1,1,0,0
AT2G42680,0,3,1,0,2,1,0,0
AT1G33980,0,1,0,0,0,1,0,0
AT5G15960,1,1,0,2,1,1,0,0
AT5G48650,0,0,0,0,1,1,0,0
AT3G25150,0,1,0,0,4,1,0,0
AT2G38500,1,1,1,0,2,1,0,1
AT4G16500,3,1,1,2,2,1,5,4
AT1G03130,0,1,1,0,0,1,4,4
AT2G05990,4,1,0,0,1,1,3,4
AT3G14420,3,0,1,1,3,1,0,4
AT3G13490,0,0,2,1,0,1,0,3
AT5G56010,0,0,1,1,0,1,1,1
AT5G59320,0,0,0,0,0,1,1,1
AT3G60040,0,0,1,0,0,1,0,1
AT1G06260,0,0,0,0,0,1,0,1
AT3G62030,1,1,0,0,0,1,1,0
AT1G19570,0,0,1,0,1,1,0,0
AT3G12145,2,0,4,2,1,1,3,11
AT2G18960,1,0,0,0,0,1,1,11
AT5G47690,0,0,0,0,3,1,0,10
AT5G58230,0,0,6,4,0,1,3,7
AT1G78570,0,0,1,1,0,1,1,7
AT1G71220,1,1,0,0,1,1,0,7
AT2G45960,0,0,1,1,2,1,4,6
AT3G58500,0,1,0,0,1,1,0,6
AT1G29900,1,0,0,0,0,1,6,5
AT5G61790,0,0,3,0,3,1,1,5
AT5G43060,0,0,1,1,1,1,0,5
AT1G74970,2,2,1,1,2,1,0,5
AT5G52650,0,0,1,1,2,1,4,4
AT2G40300,0,0,1,0,0,1,3,4
AT1G15690,1,0,1,0,1,1,3,4
AT5G10450,2,0,8,1,3,1,1,4
AT3G02530,0,0,3,0,0,1,3,3
AT2G16600,0,0,2,0,0,1,3,3
AT1G30580,0,0,0,0,1,1,3,3
AT4G39330,0,0,0,0,1,1,3,3
AT2G23090,0,0,0,0,0,1,2,3
AT5G23570,1,0,0,1,1,1,2,3
AT2G37230,1,3,1,0,0,1,1,3
AT4G05420,1,0,1,0,1,1,1,3
AT5G64270,1,1,1,0,1,1,1,3
AT1G65960,0,0,0,0,0,1,1,3
AT2G27040,0,0,0,0,0,1,1,3
AT3G14100,0,0,0,0,0,1,1,3
AT5G61605,0,0,0,1,0,1,1,3
ATCG00500,0,0,0,0,0,1,1,3
AT3G15020,2,0,0,0,4,1,1,3
AT1G19880,3,0,2,1,1,1,0,3
AT5G15230,0,2,1,2,2,1,0,3
AT1G49140,0,0,1,0,0,1,3,2
AT3G05560,0,0,0,0,0,1,3,2
AT1G21500,2,1,0,0,1,1,3,2
AT1G17880,1,0,0,1,2,1,3,2
AT2G14880,1,0,1,0,0,1,2,2
AT5G06360,0,1,2,0,0,1,1,2
AT5G23540,1,1,2,2,1,1,1,2
AT1G80750,0,1,1,0,0,1,1,2
AT2G36830,0,0,1,0,0,1,1,2
AT3G57290,0,0,1,0,0,1,1,2
AT2G24270,1,0,1,0,2,1,1,2
AT1G02500,1,0,0,0,0,1,1,2
AT2G33800,1,1,0,0,0,1,1,2
AT2G42590,0,1,0,2,0,1,1,2
AT4G21650,0,0,0,0,0,1,1,2
AT1G79550,1,0,0,0,1,1,1,2
AT3G10850,0,0,0,0,1,1,1,2
AT3G62120,0,0,0,0,1,1,1,2
AT1G66260,1,0,1,2,2,1,0,2
AT1G19870,0,1,0,0,0,1,0,2
AT1G67650,0,0,0,0,0,1,0,2
AT3G02200,0,0,0,0,0,1,0,2
AT4G17190,0,0,0,0,0,1,0,2
AT5G49460,1,0,0,0,2,1,0,2
AT5G28050,0,0,0,0,0,1,3,1
AT5G43940,0,0,1,0,2,1,2,1
AT4G31360,2,0,0,0,0,1,2,1
AT2G38780,0,2,0,1,1,1,2,1
AT4G34620,2,0,0,0,2,1,2,1
AT5G48375,1,0,1,0,0,1,1,1
AT3G16760,0,0,1,1,1,1,1,1
AT3G54960,0,0,1,0,1,1,1,1
AT1G74670,1,0,0,0,0,1,1,1
AT2G37270,1,0,0,0,0,1,1,1
AT1G29030,0,1,0,0,0,1,1,1
AT3G14080,0,0,0,1,0,1,1,1
AT2G37990,0,1,0,0,1,1,1,1
AT3G47520,0,0,0,0,1,1,1,1
AT5G19090,0,0,0,1,2,1,1,1
AT3G54470,0,0,3,0,2,1,0,1
AT1G30620,0,0,2,0,1,1,0,1
AT4G00430,1,0,1,0,0,1,0,1
AT4G12600,0,0,1,1,0,1,0,1
AT1G10170,1,1,1,1,1,1,0,1
AT2G20060,1,0,1,0,1,1,0,1
AT5G56130,0,0,1,0,1,1,0,1
AT5G57890,0,0,1,1,1,1,0,1
AT3G04810,1,1,1,0,1,1,0,1
AT2G30260,0,0,0,0,0,1,0,1
AT2G30970,0,0,0,0,0,1,0,1
AT2G33150,0,0,0,0,0,1,0,1
AT2G44920,0,0,0,0,0,1,0,1
AT3G10690,0,0,0,0,0,1,0,1
AT3G22320,0,0,0,0,0,1,0,1
AT4G10340,0,0,0,0,0,1,0,1
AT4G11220,0,0,0,0,0,1,0,1
AT4G19190,0,1,0,0,0,1,0,1
AT5G48543,0,0,0,0,0,1,0,1
AT1G54410,1,1,0,1,1,1,0,1
AT3G51010,1,0,0,0,1,1,0,1
AT4G13170,0,1,0,1,1,1,0,1
AT5G48810,0,0,0,0,1,1,0,1
AT2G36620,0,0,0,0,2,1,0,1
AT5G16730,0,0,2,0,0,1,3,0
AT2G32060,0,0,1,0,1,1,2,0
AT4G10970,2,0,1,1,0,1,1,0
AT2G35880,0,1,1,1,0,1,1,0
AT4G38710,0,1,1,1,0,1,1,0
AT5G56670,1,1,1,0,1,1,1,0
AT1G14510,1,0,1,1,3,1,1,0
AT1G78380,1,0,0,0,0,1,1,0
AT5G15970,1,2,0,0,0,1,1,0
AT5G42950,1,0,0,0,0,1,1,0
AT2G24940,0,1,0,0,0,1,1,0
AT3G01250,0,0,0,0,0,1,1,0
AT4G18465,0,0,0,2,0,1,1,0
AT5G48385,0,0,0,0,0,1,1,0
AT4G39860,0,0,0,0,1,1,1,0
AT5G42400,0,0,0,0,1,1,1,0
AT3G55800,1,0,0,0,2,1,1,0
AT1G32490,0,0,1,0,0,1,0,0
AT2G03870,0,0,1,0,0,1,0,0
AT2G40070,0,0,1,0,0,1,0,0
AT3G03920,0,1,1,1,0,1,0,0
AT5G67240,0,1,1,0,0,1,0,0
AT3G55430,0,0,1,0,1,1,0,0
AT5G14240,0,1,1,1,1,1,0,0
AT1G01940,1,0,0,0,0,1,0,0
AT1G69830,1,0,0,0,0,1,0,0
AT1G12570,0,1,0,0,0,1,0,0
AT3G15460,0,0,0,0,0,1,0,0
AT1G67870,0,0,0,0,0,1,0,0
AT2G44860,0,3,0,0,0,1,0,0
AT3G06980,0,1,0,0,0,1,0,0
AT4G20050,0,0,0,0,0,1,0,0
AT5G45875,0,0,0,0,0,1,0,0
AT4G04940,0,1,0,0,1,1,0,0
AT5G40490,0,1,0,0,1,1,0,0
AT2G13360,0,0,0,0,3,1,0,0
AT1G15440,0,0,0,0,4,1,0,0
AT2G20580,3,7,15,7,5,2,11,20
AT3G05530,3,2,11,4,1,2,7,15
ATCG00480,1,2,0,0,0,2,0,7
AT5G49910,2,0,2,1,0,2,5,6
AT2G34590,2,3,3,1,4,2,1,2
AT4G05180,1,1,1,3,2,2,1,1
AT1G29350,7,2,3,3,3,2,6,4
AT3G53740,3,3,3,3,3,2,2,4
AT5G52040,1,2,3,1,5,2,1,4
AT5G60790,0,2,5,0,1,2,2,15
AT5G11200,2,2,1,1,3,2,8,8
AT3G52580,1,1,1,1,2,2,1,2
AT3G16080,3,2,4,1,5,2,3,4
AT3G49160,4,4,4,1,2,2,3,3
ATCG00810,3,2,1,1,2,2,1,3
AT4G35100,1,1,3,2,2,2,2,5
AT2G43550,0,1,4,2,2,2,2,4
AT5G47700,0,1,1,3,3,2,0,3
AT3G03960,4,1,2,3,2,2,4,12
AT4G26110,0,3,2,2,2,2,1,5
AT5G07090,2,1,1,1,0,2,0,2
AT3G12780,1,1,2,0,1,2,3,2
AT2G23350,1,2,2,2,2,2,1,2
AT3G14310,1,1,0,1,4,2,0,8
AT5G19780,2,2,3,4,1,2,3,6
AT5G60980,2,4,5,2,4,2,4,3
AT5G35630,3,1,0,0,2,2,3,2
AT3G02480,0,1,3,1,4,2,1,1
AT1G09310,0,2,3,0,3,2,1,7
AT3G21810,1,4,3,0,2,2,1,6
AT5G47190,1,2,2,1,3,2,1,6
AT4G21110,1,3,2,1,3,2,2,5
AT1G78300,2,1,3,7,5,2,3,4
AT5G46290,0,1,1,0,2,2,2,4
AT1G15280,2,3,3,6,1,2,1,4
AT4G21620,2,2,3,1,0,2,2,2
ATCG00330,2,3,1,0,3,2,1,2
AT3G17020,0,1,0,0,0,2,1,1
AT1G07790,0,0,2,0,1,2,0,1
AT1G27400,2,1,0,0,1,2,0,1
AT2G36530,0,1,1,2,2,2,4,4
AT2G01140,0,0,0,0,2,2,2,4
AT4G14960,0,1,0,2,1,2,3,3
AT1G01100,2,1,2,1,2,2,1,3
AT4G24130,0,0,1,1,2,2,3,7
AT5G28060,3,4,3,0,4,2,1,5
AT4G38680,2,2,4,4,3,2,2,3
AT5G48760,2,4,3,3,3,2,2,3
AT5G41520,1,2,3,2,3,2,6,2
AT3G28900,4,1,1,0,1,2,2,2
AT2G36130,4,1,3,3,2,2,1,1
AT3G18110,2,4,3,2,3,2,1,1
AT1G56580,0,1,1,1,2,2,1,1
AT5G19990,0,1,1,2,1,2,3,11
AT5G09900,0,1,3,0,0,2,4,10
AT3G15980,2,0,1,0,0,2,0,8
AT5G07410,0,0,0,0,0,2,2,7
AT1G15930,0,2,6,1,3,2,1,6
AT1G52040,2,3,0,0,2,2,0,5
AT3G28830,0,0,0,0,0,2,3,4
AT2G33845,3,0,2,5,3,2,3,3
AT4G13560,0,0,0,0,1,2,2,3
AT1G30230,1,2,1,0,2,2,1,3
AT3G22960,1,0,0,0,0,2,1,3
AT3G57560,1,1,0,0,1,2,1,3
AT1G04680,1,3,2,0,1,2,0,3
AT1G48610,1,1,3,0,0,2,2,2
AT2G25670,3,0,1,0,1,2,2,2
AT3G02180,0,2,0,2,0,2,1,2
AT3G15190,1,3,3,1,4,2,0,2
AT1G32730,0,0,0,0,1,0,0,1
AT4G36680,0,3,2,0,2,2,0,2
AT3G18240,2,0,1,1,2,2,0,2
AT4G23630,1,0,1,0,1,2,3,1
AT4G25340,0,1,3,1,0,2,2,1
AT5G24165,1,1,1,3,1,2,2,1
AT4G03120,3,2,2,1,2,2,1,1
AT2G18740,1,2,1,2,1,2,1,1
AT3G10610,1,0,1,0,2,2,1,1
AT2G38400,0,0,2,2,2,2,0,1
AT1G24510,3,0,1,1,1,2,0,1
AT1G29965,0,1,1,1,1,2,0,1
AT1G17100,0,1,0,0,0,2,0,1
AT2G10940,0,1,0,0,0,2,0,1
AT3G13160,0,3,0,0,0,2,0,1
AT1G12910,0,0,1,2,0,2,1,0
AT4G05410,2,1,1,0,1,2,1,0
AT5G08610,1,1,1,1,1,2,1,0
AT3G61980,0,0,1,3,1,2,1,0
AT3G62530,1,1,3,2,0,2,5,10
AT4G11175,1,1,1,0,1,2,4,4
AT2G21580,1,2,1,1,3,2,1,2
AT3G21055,0,0,0,2,1,2,2,0
AT5G58290,0,1,4,0,2,2,3,14
AT5G62190,0,0,0,0,0,2,0,9
AT5G55190,2,0,1,0,0,2,6,7
AT5G35360,2,1,2,0,4,2,5,7
AT3G11964,1,5,1,0,1,2,0,7
AT1G52980,0,1,1,0,1,2,0,6
AT3G53420,0,0,2,1,0,2,1,5
AT4G00660,0,0,0,0,1,2,1,5
AT3G23620,0,1,0,0,0,2,0,5
AT3G58510,0,0,1,0,1,2,2,4
AT1G10840,1,0,0,0,0,2,1,4
AT3G26520,2,1,1,1,1,2,2,3
AT3G53870,1,1,1,1,2,2,2,3
AT5G64990,1,0,0,0,1,2,1,3
AT4G11240,0,0,2,1,0,2,0,3
AT5G52820,0,1,0,0,0,2,0,3
AT2G21330,2,0,0,0,1,2,0,3
AT2G02160,1,1,3,1,1,2,2,2
AT3G29360,1,0,0,0,0,2,2,2
AT2G37600,2,2,1,1,3,2,1,2
AT4G25890,1,1,0,0,1,2,1,2
AT5G67320,0,1,1,0,2,2,0,2
AT4G31490,0,0,0,0,0,2,0,2
AT2G43520,2,1,1,0,1,2,2,1
AT5G47320,0,1,1,0,1,2,2,1
AT5G13850,0,0,0,1,0,2,2,1
AT1G06680,1,1,1,1,1,2,1,1
AT4G25130,0,1,1,0,1,2,1,1
AT3G02650,1,0,0,0,0,2,1,1
AT4G08950,1,0,3,1,0,2,0,1
AT3G19760,0,0,2,0,2,2,0,1
AT3G12170,1,0,1,0,1,2,0,1
AT4G25730,0,0,0,0,0,2,0,1
AT1G65260,2,2,0,0,1,2,0,1
AT2G32690,0,1,2,0,1,2,2,0
AT1G69740,0,1,1,0,0,2,1,0
AT4G02425,0,1,0,0,2,2,1,0
AT1G07320,1,0,4,0,2,2,0,0
AT1G14410,1,0,1,0,1,2,0,0
AT2G47580,2,0,0,0,0,2,0,0
AT5G51840,2,0,0,0,0,2,0,0
AT3G07030,1,0,0,0,0,2,0,0
AT1G59900,0,0,0,0,0,2,0,0
AT5G17900,0,0,0,0,0,2,0,0
AT4G21520,0,3,0,0,0,2,0,0
ATCG00120,9,5,2,2,4,3,5,15
AT3G07010,4,3,2,3,5,3,3,6
AT1G35680,7,5,6,4,3,3,3,4
AT5G67630,6,7,14,4,4,3,2,12
AT3G44300,1,1,2,3,5,3,1,4
AT1G04270,7,4,3,4,8,3,3,6
AT5G08690,6,1,2,2,4,3,5,7
AT4G27090,2,1,3,3,4,3,2,11
AT3G44110,2,1,4,1,4,3,2,19
AT1G78900,1,3,1,0,6,3,2,8
AT5G25610,3,2,1,2,0,3,3,4
AT2G05380,4,6,3,1,1,3,2,1
AT3G56910,1,0,0,3,1,3,0,1
AT2G19730,3,3,2,2,3,3,6,10
AT1G32990,3,6,5,3,7,3,1,5
AT1G06760,3,2,2,2,2,3,0,3
AT3G60245,4,4,4,3,4,3,3,2
AT3G63095,1,0,1,0,2,3,0,2
AT2G05520,5,8,6,6,2,3,4,3
AT1G67090,1,3,3,3,4,3,6,6
AT2G34160,3,5,2,2,6,3,3,1
AT3G24100,2,2,2,1,2,3,2,4
AT1G57720,1,4,8,0,3,3,6,12
AT2G43530,2,4,3,2,2,3,5,3
AT4G02230,2,2,5,2,4,3,2,2
AT1G20220,3,2,4,2,3,3,1,2
AT3G11500,2,2,1,3,1,3,3,5
AT2G34860,2,4,2,3,5,3,5,4
AT1G16800,2,2,2,2,3,3,2,2
AT3G60770,2,1,1,1,3,3,2,2
AT5G22440,4,4,4,2,4,3,1,2
AT1G11910,2,1,0,1,1,3,1,2
AT5G52040,3,3,4,2,2,3,0,2
AT4G10480,2,3,6,4,5,3,7,6
AT1G16810,2,4,2,2,2,3,3,5
AT1G20580,1,1,2,1,1,3,3,4
ATCG00780,1,2,5,1,3,3,2,4
ATMG00290,2,1,1,0,1,3,1,3
AT4G31990,3,4,1,0,2,3,1,3
AT3G44750,3,3,3,1,1,3,3,2
AT2G03440,1,2,1,1,1,3,1,1
AT5G53820,1,2,4,4,4,3,2,5
AT5G01410,1,2,1,2,1,3,2,3
AT1G72610,1,2,2,1,2,3,1,2
AT3G18780,2,3,2,3,2,3,4,7
AT4G26840,5,3,9,8,3,3,8,6
AT3G11630,0,1,1,1,2,3,5,5
AT2G30620,4,3,4,3,2,3,2,5
AT2G19540,0,2,0,1,4,3,0,4
AT4G18905,2,0,1,2,2,3,1,3
AT5G64130,0,2,0,1,1,3,2,2
AT1G26880,2,1,2,1,1,3,0,1
AT5G64140,2,1,5,2,0,3,4,0
AT2G38040,2,2,2,1,1,3,4,13
AT4G09320,1,2,2,0,2,3,3,5
ATMG01190,2,1,2,1,1,3,2,5
AT3G52200,1,4,4,2,3,3,1,5
AT3G14600,4,3,4,0,3,3,0,5
AT5G22330,2,0,1,1,3,3,2,4
AT5G20890,1,1,4,0,3,3,0,4
AT1G19520,2,1,1,0,2,3,2,3
AT1G02813,3,2,2,0,1,3,2,2
AT3G53460,6,4,3,5,5,3,1,2
AT4G17330,2,2,3,1,1,3,5,1
AT5G53440,1,1,1,0,2,3,3,1
AT3G60370,1,3,1,0,3,3,1,1
AT5G64400,2,1,1,1,2,3,0,1
AT5G40040,0,0,0,0,3,3,1,0
AT2G47730,0,1,3,1,2,3,3,1
AT3G12110,1,0,0,0,0,3,2,2
AT4G13930,0,0,1,0,1,3,1,6
AT5G27700,2,0,0,0,0,3,8,8
AT1G42970,2,1,0,0,1,3,3,8
AT5G36880,1,1,0,0,2,3,3,7
AT2G23390,1,3,3,0,0,3,4,6
AT3G05850,0,1,1,0,0,3,3,5
AT5G53800,0,3,2,0,0,3,1,4
AT1G75930,1,1,1,0,2,3,0,4
AT1G68560,3,0,1,0,0,3,2,3
AT2G01970,0,0,1,0,0,3,5,2
AT5G48300,0,1,1,0,4,3,2,2
AT3G60240,0,0,3,3,1,3,1,1
AT2G33830,2,3,0,1,1,3,1,1
AT5G51550,1,0,2,0,0,3,0,1
AT5G12940,0,0,1,0,1,3,0,1
AT4G31180,0,0,0,0,0,3,0,1
AT5G52920,0,0,0,0,0,3,0,1
AT4G23920,1,1,0,0,3,3,0,1
AT3G18580,0,0,1,0,1,3,0,0
AT2G25300,0,0,0,0,1,3,0,0
AT5G64040,5,7,4,3,2,4,6,7
AT4G38970,8,4,3,2,6,4,7,12
AT4G34670,3,7,7,3,8,4,8,9
AT1G18540,5,5,6,5,4,4,5,3
AT3G22330,7,4,6,5,8,4,3,9
AT2G27720,3,2,3,2,4,4,1,2
AT1G75350,2,5,3,3,4,4,3,4
AT2G28790,3,8,6,5,8,4,6,2
AT2G36880,5,3,4,1,4,4,6,8
AT1G77940,3,7,6,2,6,4,4,9
AT1G26550,2,6,2,1,2,4,6,2
AT4G09000,3,4,9,10,9,4,5,10
AT5G54640,3,3,5,2,6,4,4,4
AT4G29040,1,1,3,3,2,4,5,11
AT4G38630,4,3,5,4,6,4,8,7
AT2G20490,0,4,2,1,0,4,6,6
ATCG00160,5,1,2,1,3,4,0,6
AT3G58110,0,1,4,0,1,4,2,5
AT5G24770,2,2,3,3,2,4,2,4
AT5G03850,4,4,6,5,8,4,9,2
AT5G22880,3,4,5,2,1,4,7,5
AT3G22230,4,6,5,1,4,4,4,4
AT4G08390,3,4,1,0,3,4,0,4
AT5G42080,2,1,2,1,0,4,2,8
AT4G02840,2,2,4,3,1,4,2,2
AT1G03330,3,1,4,6,2,4,1,2
AT3G14210,2,3,0,0,2,4,2,1
ATCG00800,0,0,2,1,1,4,8,18
AT5G62270,1,2,4,2,4,4,2,10
AT3G15000,3,7,3,1,1,4,4,8
AT3G02520,1,3,5,5,5,4,8,6
AT1G59610,1,1,1,0,3,4,0,3
AT4G31810,0,1,0,0,3,4,0,3
AT4G24580,0,0,1,0,1,4,4,2
AT3G50370,1,0,2,4,2,4,1,2
AT4G35090,2,1,0,0,2,4,0,1
AT4G11420,3,1,1,0,0,4,5,8
AT4G26630,5,6,2,1,6,4,1,2
AT3G03530,3,2,1,2,2,4,2,6
AT5G55670,0,2,0,3,4,4,2,4
AT2G46280,2,1,3,1,3,4,4,3
AT2G34420,2,1,0,0,1,4,1,2
AT5G16780,3,2,0,2,1,4,4,1
AT5G20160,0,5,3,4,1,4,3,1
AT3G16640,1,1,0,0,2,4,3,2
AT2G40060,3,5,2,2,4,4,1,5
AT4G20360,4,0,1,0,2,4,5,4
AT4G01310,5,0,1,1,3,4,1,5
AT4G39660,0,1,3,1,4,4,0,5
AT2G45710,4,3,1,0,3,4,4,4
AT1G80930,1,2,2,0,1,4,2,4
AT1G14650,1,0,1,0,0,4,1,4
AT4G34360,0,0,0,0,0,4,3,3
AT4G36740,2,1,0,1,3,4,3,3
AT1G61580,3,2,1,1,5,4,0,3
AT3G18035,0,0,1,2,0,4,5,2
AT2G17560,0,2,3,0,3,4,3,2
AT5G37720,2,0,0,1,2,4,2,2
AT3G12390,1,0,0,0,0,4,7,1
AT3G04470,3,1,2,0,2,4,5,1
AT4G34555,5,3,8,2,6,5,10,7
AT2G20760,5,4,7,2,6,5,6,12
AT1G13440,7,3,5,5,6,5,11,18
AT3G09500,4,4,6,4,7,5,3,6
AT1G01090,1,4,4,5,3,5,2,8
AT1G31080,5,4,9,1,5,5,2,6
AT5G59970,8,6,9,2,5,5,25,76
AT1G14830,4,3,1,1,2,5,2,6
AT5G48900,2,2,0,0,3,5,4,9
AT3G04920,4,5,5,4,5,5,9,6
AT3G16470,5,1,7,5,6,5,4,13
AT1G76010,3,5,7,4,5,5,2,4
AT3G09880,0,1,6,2,3,5,1,13
AT2G44120,2,4,0,1,8,5,0,5
AT1G09760,6,4,4,5,5,5,5,8
AT5G46430,3,3,4,3,4,5,2,6
AT3G26420,0,2,1,4,2,5,3,3
AT3G16780,5,3,3,2,5,5,4,4
AT1G15270,4,2,1,3,3,5,3,3
AT2G21060,5,4,5,3,3,5,4,5
AT4G39680,3,3,2,2,5,5,0,4
AT1G07360,8,5,2,2,2,5,4,10
AT2G03850,6,4,2,3,3,5,2,6
AT5G23740,4,3,7,4,4,5,2,5
AT5G13510,3,5,5,3,7,5,1,5
AT5G11520,1,3,4,1,8,5,0,3
AT3G07050,2,2,0,0,2,5,0,3
AT3G13200,3,5,3,0,3,5,0,2
AT3G01500,6,4,3,1,7,5,9,10
AT5G17920,3,2,5,4,6,5,11,13
AT4G29410,6,5,4,4,4,5,3,7
AT5G11710,3,4,10,4,7,5,15,17
AT4G31700,0,4,4,2,5,5,3,8
AT3G09840,2,2,14,7,3,5,9,9
AT3G02110,0,3,4,2,1,5,0,9
AT3G60750,4,0,2,0,3,5,6,7
AT1G72370,1,0,3,0,4,5,11,6
AT3G03570,4,5,0,1,2,5,1,4
AT5G19960,1,2,2,0,1,5,0,2
AT3G59970,1,0,1,0,4,5,6,6
AT1G13190,1,1,3,1,1,5,2,2
AT3G22110,2,1,6,2,2,5,5,8
AT3G49430,2,2,2,0,5,5,1,6
AT3G12640,0,0,3,0,0,5,0,0
AT3G09440,4,13,27,29,6,6,23,26
AT5G02490,4,6,21,16,3,6,18,33
AT2G19520,0,1,3,2,2,6,5,18
AT2G31610,12,12,6,5,10,6,22,20
AT4G37910,2,2,12,7,5,6,13,16
AT2G29550,2,5,4,8,4,6,6,21
AT3G13920,4,3,6,2,0,6,5,11
AT1G20010,2,2,4,3,6,6,7,9
AT1G07890,9,7,6,4,10,6,7,11
AT3G56340,6,9,7,4,11,6,9,10
AT5G18380,5,8,7,4,5,6,8,5
AT4G34980,7,9,3,1,8,6,0,5
AT3G09820,8,2,5,3,6,6,19,16
AT3G11130,3,3,3,5,3,6,1,8
AT2G41475,2,6,3,7,0,6,0,10
AT3G04400,6,9,4,3,7,6,6,7
AT3G54210,2,5,5,4,9,6,2,6
AT5G44500,3,1,4,1,2,6,3,5
AT1G24020,1,6,6,6,7,6,7,8
AT4G16830,5,6,4,3,2,6,4,6
AT3G18790,6,6,4,2,2,6,3,5
AT3G62840,4,3,3,5,6,6,3,2
AT5G41770,1,1,2,1,1,6,1,9
AT5G07530,0,0,0,0,3,6,3,7
AT1G75910,3,0,2,1,2,6,1,6
AT5G08180,0,3,2,0,0,6,2,4
AT5G19550,0,2,3,1,4,6,0,1
AT1G04410,1,0,1,0,2,6,5,9
AT3G62250,23,16,27,25,10,7,21,30
AT3G23990,5,6,5,4,3,7,3,7
AT2G27530,15,8,13,8,11,7,7,15
AT5G60390,7,5,7,3,7,7,12,13
AT5G19510,4,4,8,4,9,7,11,6
AT4G31770,2,6,1,2,5,7,1,0
AT5G04280,3,7,4,7,5,7,3,8
AT1G33140,5,4,8,4,8,7,14,14
AT3G58680,9,7,7,8,5,7,8,8
AT5G09440,6,5,4,5,4,7,1,4
AT1G02840,5,9,7,7,8,7,3,10
ATCG00790,3,3,8,4,2,7,4,5
AT3G49601,2,8,4,3,5,7,4,5
AT5G52470,1,6,5,1,0,7,2,7
AT1G22300,3,2,3,2,4,7,2,7
AT5G03740,6,4,5,3,6,7,4,3
ATCG00750,5,5,4,5,5,7,1,4
ATCG01240,4,6,6,5,8,7,3,3
AT1G18080,0,0,1,0,0,7,7,7
AT2G27710,8,7,7,11,9,8,8,10
AT4G16143,6,8,10,6,13,8,6,15
AT3G62870,5,8,9,7,10,8,8,6
AT1G59359,6,8,10,8,9,8,12,13
AT5G63420,7,8,3,0,13,8,0,4
AT3G23600,10,10,10,13,6,8,6,14
AT5G56030,3,5,16,13,5,8,10,23
AT3G26650,11,5,6,6,7,8,18,22
AT4G36130,9,9,5,4,8,8,4,6
AT3G06650,9,4,2,1,7,8,8,8
AT5G23900,1,4,6,3,3,8,4,3
AT1G52030,3,2,10,3,3,8,6,9
AT2G19070,5,10,7,2,2,8,2,11
AT1G50920,1,2,4,0,2,8,2,11
AT1G66580,3,3,6,4,6,8,4,5
AT1G04510,2,2,12,0,6,8,6,9
AT5G66190,4,2,3,2,6,8,5,13
ATCG00660,4,4,4,3,4,8,4,3
AT5G09650,1,3,8,1,8,8,16,10
AT2G27880,0,0,1,0,2,8,5,1
AT5G65770,1,2,7,1,4,9,7,15
AT5G09590,5,4,14,6,7,9,17,16
AT4G39260,4,8,10,12,7,9,13,10
AT4G13940,6,3,8,2,8,9,13,17
AT5G02960,5,4,9,7,9,9,7,7
AT1G01300,12,12,13,6,11,9,6,14
AT5G02790,0,1,4,6,3,9,3,7
AT1G26630,7,7,8,5,6,9,11,10
AT3G27850,4,8,7,5,6,9,5,7
AT3G13930,4,6,8,3,8,9,7,11
AT5G22650,7,10,6,6,6,9,7,6
AT2G43770,6,7,5,2,7,9,2,5
AT4G29270,6,8,4,2,4,9,2,4
AT3G17390,9,3,8,4,9,9,14,12
AT1G75660,4,6,3,7,8,9,6,9
AT4G21280,11,10,6,7,8,9,13,9
AT1G20020,6,3,5,1,8,9,5,6
AT3G47070,5,5,6,6,13,9,8,8
AT3G53430,10,8,12,5,8,9,15,7
AT4G18480,1,2,2,3,5,9,13,5
AT4G16155,11,15,11,10,16,10,11,14
AT1G09770,4,12,13,5,3,10,7,19
AT3G26060,5,6,2,7,2,10,8,10
AT1G13880,6,10,5,2,5,10,9,7
AT3G11510,7,10,12,9,15,10,15,10
AT5G45775,6,9,11,5,7,10,4,11
AT1G69620,8,5,6,6,14,10,9,6
AT1G70180,8,17,11,12,9,10,6,18
AT1G09690,10,7,10,5,10,10,7,6
AT1G10580,5,4,6,1,2,10,3,8
AT1G23310,1,3,1,0,2,10,0,4
AT4G24280,13,9,20,7,12,11,20,26
AT3G28500,7,11,14,11,10,11,12,16
AT5G09810,7,12,11,12,11,11,15,35
AT1G52570,1,0,2,3,15,11,6,18
AT5G38420,7,10,11,7,6,11,13,15
AT5G55070,12,9,6,7,13,11,5,8
AT5G51750,12,15,7,5,11,11,2,10
AT4G15900,4,2,11,1,9,11,6,17
AT5G65730,8,8,10,11,8,11,11,17
AT3G05060,0,10,7,2,2,11,3,11
AT5G06850,9,7,3,2,12,11,2,5
AT5G65750,7,0,5,0,3,11,3,7
AT2G38770,1,5,7,2,6,11,4,17
AT1G13020,10,4,3,3,12,11,4,9
AT2G39800,9,16,3,3,8,11,16,12
AT1G26110,10,16,18,11,15,12,7,16
AT2G39730,6,12,14,10,9,12,13,29
AT2G38540,9,17,10,15,16,12,11,11
AT2G21660,15,11,14,9,12,12,13,14
AT1G67430,8,13,14,4,10,12,4,13
AT4G17520,6,11,5,5,9,12,15,11
AT3G25520,9,19,14,7,11,12,4,19
AT3G57150,0,13,7,1,0,12,6,13
AT1G77180,8,5,4,2,10,12,5,11
AT1G20620,8,5,7,1,12,12,15,8
AT1G56110,2,9,6,3,1,12,7,11
AT1G02780,12,10,8,11,10,13,12,18
AT4G33680,8,9,10,12,17,13,7,16
AT2G28000,5,12,10,1,12,13,12,18
AT3G09200,17,13,15,13,14,13,7,16
AT1G47128,4,8,4,6,6,13,7,13
AT3G45140,13,15,10,3,10,13,9,20
ATCG00380,8,11,7,5,9,13,4,6
AT4G24680,6,9,9,7,7,13,7,8
AT1G75940,4,4,12,1,8,13,5,5
AT1G78630,4,9,6,5,7,13,6,5
AT3G55280,13,14,12,15,22,14,12,14
AT1G50010,13,18,18,17,17,14,18,31
AT3G25860,12,11,12,17,11,14,11,15
AT5G02870,6,9,9,11,12,14,14,10
AT2G34480,8,11,18,11,18,14,9,14
AT3G23450,9,10,6,7,13,14,13,12
AT1G31280,1,6,2,5,6,14,5,14
AT5G02450,10,13,6,3,9,14,8,11
AT5G26000,5,4,2,1,6,14,13,18
AT5G60100,6,2,11,8,7,14,10,4
AT3G44320,16,16,15,16,22,15,14,24
AT2G32080,14,20,7,12,9,15,15,18
AT4G20850,14,14,11,5,19,15,10,15
AT2G40660,15,22,10,6,19,15,20,25
AT3G49910,12,13,14,9,24,15,10,10
AT5G24780,13,15,12,19,21,15,8,15
AT3G25920,12,14,14,7,15,15,9,18
AT2G41840,10,10,17,12,15,15,11,19
AT4G37800,6,7,19,20,15,15,27,32
AT3G48930,14,18,17,15,15,15,14,14
AT3G55220,5,8,8,2,9,15,11,14
AT1G65440,6,5,4,5,5,15,9,17
AT1G74060,19,24,12,15,18,16,13,24
AT5G35200,12,15,17,16,17,16,25,22
AT3G24830,15,13,14,10,17,16,11,14
AT3G18740,12,10,17,13,14,16,12,12
AT3G52930,14,12,15,5,13,16,19,20
AT4G18100,22,21,19,10,14,16,14,20
AT2G34040,9,15,15,8,16,16,13,18
AT3G07110,15,13,15,14,24,16,9,13
AT5G15200,15,22,21,16,23,17,19,20
AT3G03540,15,22,17,16,17,17,13,24
AT1G70600,8,15,10,9,14,17,10,13
AT5G36160,10,15,12,15,16,17,4,16
AT5G28740,9,6,10,6,14,17,8,24
AT1G29250,12,16,11,11,13,17,6,14
AT3G20820,6,15,11,10,16,17,10,19
AT1G55490,10,4,9,3,16,17,9,16
AT2G42520,9,14,9,9,12,17,17,14
AT5G63110,5,8,2,4,6,17,15,10
AT5G02530,9,15,14,13,19,18,15,14
AT2G43030,19,19,14,20,27,18,11,21
AT5G27850,21,15,21,12,22,18,15,22
AT1G34430,12,15,14,14,18,18,19,20
AT5G10360,17,24,22,16,23,18,23,21
AT2G17630,14,15,20,9,21,18,23,19
AT3G53020,20,13,12,7,13,18,14,15
AT2G33340,7,11,12,10,13,18,10,18
AT3G13580,13,13,16,10,13,18,9,16
AT5G58470,6,9,11,13,14,18,8,12
AT1G52400,17,15,26,16,15,19,23,32
AT1G61850,11,19,7,11,10,19,16,30
AT2G38760,0,25,18,0,0,19,27,17
AT4G00100,12,15,19,15,16,19,15,21
ATCG01310,20,17,20,13,15,19,11,15
AT3G29410,5,12,0,0,8,19,5,23
AT1G14320,23,26,20,17,19,20,20,18
AT3G07170,16,22,20,6,15,20,9,14
AT1G06220,11,9,11,4,16,20,13,25
AT1G27090,11,20,21,17,19,21,24,24
AT2G38750,0,16,7,0,0,21,29,20
AT3G04840,17,15,13,21,23,21,15,23
AT5G62700,16,24,31,26,25,22,29,79
AT5G20290,29,21,25,19,30,22,21,25
AT5G57290,7,7,19,9,13,22,9,13
AT3G55870,14,26,13,18,18,24,28,32
AT5G59950,31,30,25,26,22,24,21,25
AT5G26710,18,26,31,12,26,24,48,42
AT2G18020,24,23,23,26,32,24,18,31
AT3G49010,18,19,20,19,27,24,21,17
AT4G16720,20,17,24,12,26,24,16,19
AT1G48920,24,26,20,22,25,25,15,22
AT5G26742,20,30,17,13,30,25,8,34
AT5G43960,10,15,20,17,16,25,23,25
AT5G25980,13,19,7,11,16,25,11,24
AT5G42020,15,16,33,26,18,27,40,39
AT4G15000,18,18,15,11,14,27,24,20
AT2G01250,22,24,31,16,25,28,18,34
AT3G55410,18,16,17,9,22,28,10,28
AT5G58420,22,19,31,19,25,29,23,24
AT1G56070,27,19,27,15,24,29,28,56
AT2G29560,16,25,11,17,30,31,15,30
AT1G20960,19,26,20,18,26,31,27,36
AT1G71080,32,34,22,26,33,32,30,41
AT4G10320,18,36,30,16,26,32,62,58
AT5G47210,28,31,26,23,28,32,42,28
AT3G09630,32,45,34,27,36,35,31,36
AT3G08530,18,29,27,28,29,36,28,55
AT1G08360,29,30,26,19,29,37,23,22
AT1G80070,14,12,22,6,26,37,17,42
AT2G47610,38,45,30,25,47,38,24,43
AT1G48120,24,26,26,20,13,38,32,64
AT5G02500,46,68,116,115,47,43,112,139
ATCG00490,33,39,43,33,46,49,51,60
AT4G35630,35,32,50,38,45,49,53,60
AT3G15730,49,39,38,47,60,50,38,53
AT1G48410,26,23,17,27,32,50,27,32
AT1G43170,65,46,51,37,55,53,38,53
AT1G64880,47,57,51,33,39,55,46,70
AT1G19480,62,81,92,71,73,77,69,98
AT3G08590,77,78,75,57,86,102,76,117
AT3G44690,134,152,113,110,138,156,129,154
AT3G44310,117,148,150,155,169,171,126,170
AT5G52040,380,375,413,398,408,478,367,491
