Protein,WT,AT2G04865,AT1G17930
AT2G04865,1,271,0
AT3G10730,0,5,0
AT5G47880,0,4,0
AT2G30060,1,4,0
AT5G36880,1,4,0
AT2G19730,0,3,0
ATCG00470,0,3,0
AT3G49430,1,3,0
AT1G32440,1,3,0
AT3G57150,3,3,0
AT5G19950,0,0,5
AT1G35670,3,3,0
AT5G16390,0,2,0
AT2G05830,0,2,0
AT3G14930,0,2,0
AT2G18740,0,2,0
AT2G21385,0,2,0
AT1G03890,0,2,0
AT5G52820,0,2,0
AT2G27020,0,2,0
AT1G11580,0,2,0
AT5G45950,0,2,0
AT2G33210,1,2,0
AT1G70840,1,2,0
AT3G23390,1,2,0
AT1G74960,1,2,0
AT5G13650,1,2,0
AT2G19480,1,2,0
AT3G05420,1,2,0
AT5G13050,1,2,0
AT5G63890,1,2,0
AT3G52200,2,2,0
AT1G03600,2,2,0
AT2G28190,5,2,0
ATCG00680,0,1,0
AT5G52040,0,1,0
AT3G51840,0,1,0
AT5G56710,0,1,0
AT1G32690,0,1,0
AT1G67370,0,1,0
AT3G27160,0,1,0
AT5G54600,0,1,0
AT3G48690,0,1,0
AT4G02840,0,1,0
AT5G24420,0,1,0
AT4G27160,0,1,0
AT1G17170,0,1,0
AT3G20370,0,1,0
AT3G63490,0,1,0
AT2G17265,0,1,0
AT4G32330,0,1,0
AT1G02620,0,1,0
AT1G07370,0,1,0
AT4G02580,0,1,0
AT5G07390,0,1,0
AT4G17300,0,1,0
AT3G62730,0,1,0
AT1G09940,0,1,0
AT5G65110,0,1,0
AT5G57420,0,1,0
AT2G35635,0,1,0
AT5G59880,0,1,0
AT4G29720,0,1,0
AT1G50480,0,1,0
AT2G39990,0,1,0
AT4G11820,0,1,0
AT1G04690,0,1,0
AT1G09010,0,1,0
AT1G15820,0,1,0
AT1G63770,0,1,0
AT3G01310,0,1,0
AT3G03060,0,1,0
AT3G10220,0,1,0
AT3G18165,0,1,0
AT4G20960,0,1,0
AT5G03740,0,1,0
AT1G67310,1,1,0
AT1G27310,1,1,0
AT5G60360,1,1,0
AT1G76300,1,1,0
AT4G09150,1,1,0
AT1G48860,1,1,0
AT3G16910,1,1,0
AT3G13470,1,1,0
AT5G64990,1,1,0
AT5G51110,1,1,0
AT2G30050,1,1,0
AT5G04280,1,1,0
AT4G34620,2,1,0
AT3G01390,2,1,0
AT1G09130,2,1,0
AT2G02850,2,1,0
AT1G62380,3,1,0
AT1G16150,3,1,0
AT4G19880,3,1,0
AT5G55040,0,0,0
AT2G22560,0,0,0
AT3G06720,0,0,0
AT5G01010,0,0,0
AT4G29640,0,0,0
AT4G01050,0,0,0
AT1G16030,0,0,0
AT1G52740,0,0,0
AT2G42170,0,0,0
AT3G06010,1,0,0
AT3G12915,1,0,0
AT5G42980,1,0,0
AT4G13360,1,0,0
AT1G07780,1,0,0
AT1G02130,1,0,0
AT1G09690,1,0,0
AT1G12410,1,0,0
AT1G66260,1,0,0
AT2G18960,1,0,0
AT2G40360,1,0,0
AT2G40400,1,0,0
AT1G05820,0,0,2
AT3G07670,1,0,0
AT3G51520,1,0,0
AT4G02230,1,0,0
AT4G03520,1,0,0
AT4G15802,1,0,0
AT4G23850,1,0,0
AT5G02490,1,0,0
AT5G03630,1,0,0
AT5G10470,1,0,0
AT5G11770,1,0,0
AT5G13430,1,0,0
AT5G23010,1,0,0
AT5G27670,1,0,0
AT5G40450,1,0,0
AT5G44635,1,0,0
AT5G65430,1,0,0
AT2G26210,2,0,0
AT1G27970,2,0,0
AT1G78820,2,0,0
AT2G27110,2,0,0
AT5G53850,2,0,0
AT1G12520,3,0,0
AT5G53490,3,0,0
AT3G09980,4,0,0
ATCG00330,2,5,1
AT3G16450,5,5,1
AT2G22170,0,4,1
AT1G26110,2,4,1
AT1G24180,0,3,1
AT2G42520,0,3,1
ATCG00020,0,3,1
AT3G54900,1,3,1
AT1G04270,1,3,1
AT2G36160,1,3,1
AT1G69410,1,3,1
AT5G49360,1,3,1
AT5G65750,1,3,1
AT4G39200,2,3,1
AT3G10060,4,3,1
AT5G20500,0,2,1
AT4G40030,0,2,1
AT5G47930,0,2,1
AT2G22780,0,2,1
ATCG00280,0,2,1
AT1G67280,0,2,1
AT1G55670,0,2,1
AT5G23860,0,2,1
AT4G08280,0,2,1
AT4G23890,0,2,1
AT4G33030,0,2,1
AT3G29185,0,2,1
AT4G28440,0,2,1
AT1G73380,0,2,1
AT1G47540,0,2,1
AT2G26670,1,2,1
AT1G66240,1,2,1
AT5G35680,1,2,1
AT1G09070,1,2,1
AT3G13580,1,2,1
AT2G47450,1,2,1
AT3G16780,1,2,1
AT1G08360,1,2,1
AT3G02780,1,2,1
AT4G05530,1,2,1
AT3G49680,1,2,1
AT1G80490,1,2,1
AT4G27140,2,2,1
AT4G16500,2,2,1
AT1G77940,2,2,1
AT1G13930,2,2,1
AT5G46790,2,2,1
AT1G74470,2,2,1
ATCG00540,2,2,1
AT1G48350,3,2,1
AT5G58470,3,2,1
AT2G13560,3,2,1
AT3G54660,3,2,1
AT2G18100,0,1,1
AT3G53300,0,1,1
ATCG00820,0,1,1
AT3G02730,0,1,1
AT5G17560,0,1,1
AT1G62390,0,1,1
AT3G13200,0,1,1
AT1G61520,0,1,1
AT4G33760,0,1,1
AT4G17520,0,1,1
AT1G32470,0,1,1
AT1G77060,0,1,1
AT1G23190,0,1,1
AT4G16060,0,1,1
AT5G54900,0,1,1
AT3G16950,0,1,1
AT5G04420,0,1,1
AT3G02760,0,1,1
AT3G29360,0,1,1
ATCG00670,0,1,1
AT2G35840,0,1,1
AT5G48930,0,1,1
AT2G02160,0,1,1
AT1G79550,0,1,1
AT1G11720,0,1,1
AT2G27040,0,1,1
AT5G62930,0,1,1
AT2G31810,0,1,1
AT3G06580,0,1,1
AT5G51720,0,1,1
AT3G25770,0,1,1
AT4G32840,0,1,1
AT3G11910,0,1,1
AT3G07230,0,1,1
AT1G13320,0,1,1
AT3G28940,0,1,1
AT1G02150,0,1,1
AT3G54440,0,1,1
AT4G39980,0,1,1
AT3G59990,0,1,1
AT2G41475,0,1,1
AT2G30950,0,1,1
AT4G23680,0,1,1
AT1G31230,0,1,1
AT1G13270,0,1,1
AT2G41380,0,1,1
AT5G48375,1,1,1
ATCG01230,1,1,1
AT3G60040,1,1,1
AT3G16410,1,1,1
AT2G37270,1,1,1
AT3G29075,1,1,1
AT3G05560,1,1,1
AT3G02080,1,1,1
AT5G58710,1,1,1
AT5G23900,1,1,1
AT4G30060,1,1,1
AT1G69200,1,1,1
AT1G43190,1,1,1
AT2G23600,1,1,1
AT5G54770,1,1,1
AT5G54940,1,1,1
AT1G31330,1,1,1
AT1G76160,1,1,1
AT3G22200,1,1,1
AT2G16005,1,1,1
AT3G61440,1,1,1
ATCG00270,1,1,1
AT3G55120,1,1,1
AT3G14067,1,1,1
AT2G37500,1,1,1
AT1G10840,1,1,1
AT3G17820,1,1,1
AT1G56700,1,1,1
AT5G02530,1,1,1
AT5G13850,1,1,1
AT1G17290,1,1,1
AT4G05150,1,1,1
AT5G06600,1,1,1
AT3G44590,1,1,1
AT1G60940,1,1,1
AT1G04530,1,1,1
AT5G26570,1,1,1
AT3G56460,1,1,1
AT5G63860,1,1,1
AT1G78870,1,1,1
AT3G02770,1,1,1
AT5G64570,1,1,1
AT1G69620,2,1,1
AT2G38540,2,1,1
AT1G75950,2,1,1
AT5G62300,2,1,1
AT3G15360,2,1,1
AT2G36145,2,1,1
AT5G41520,2,1,1
AT2G42590,2,1,1
AT3G25800,2,1,1
AT1G12840,2,1,1
AT5G16050,2,1,1
AT4G31180,2,1,1
AT3G11400,2,1,1
AT3G21750,2,1,1
AT5G60660,3,1,1
AT2G37170,3,1,1
AT5G49460,3,1,1
AT1G26550,3,1,1
AT1G58290,3,1,1
AT1G08830,4,1,1
AT3G18000,4,1,1
AT3G57410,5,1,1
AT1G08730,0,0,1
AT2G32530,0,0,1
AT5G66200,0,0,1
AT4G00100,0,0,1
AT5G52040,0,0,1
AT1G16800,0,0,1
AT4G25050,0,0,1
AT3G59540,0,0,1
AT2G40770,0,2,0
AT2G25140,0,1,0
AT2G42790,0,1,0
AT5G03880,0,1,0
AT5G51730,0,1,0
AT2G39130,0,0,0
AT5G12110,0,0,1
AT2G45470,0,0,1
AT5G64460,0,0,1
AT3G26450,0,0,1
AT5G63570,0,0,1
AT4G30800,0,0,1
AT3G51800,0,0,1
AT1G79920,0,0,1
AT3G47370,0,0,1
AT2G02760,0,0,1
AT5G58230,0,0,1
AT1G20950,0,0,1
AT3G42170,0,0,1
AT5G45930,0,0,1
AT1G16350,0,0,1
AT5G65910,0,0,1
AT3G47470,0,0,1
AT3G06860,0,0,1
AT2G40980,0,0,1
AT5G64350,0,0,1
AT3G47810,0,0,1
AT1G22940,0,0,1
AT1G14980,0,0,1
AT3G27660,0,0,1
AT1G26570,0,0,1
AT4G00960,0,0,1
AT5G07350,0,0,1
AT3G52500,0,0,1
AT4G38460,0,0,1
AT5G15770,0,0,1
AT4G34150,0,0,1
AT4G22890,0,0,1
AT4G00490,0,0,1
AT2G06990,0,0,1
AT3G14790,0,0,1
AT3G45780,0,0,1
AT5G52960,0,0,1
AT4G17190,0,0,1
AT1G19920,0,0,1
AT2G38770,0,0,1
AT4G02620,0,0,1
AT3G06980,0,0,1
AT1G59830,0,0,1
ATCG00340,0,0,1
AT5G38830,0,0,1
AT2G44310,0,0,1
AT2G35780,0,0,1
AT1G54100,0,0,1
AT3G04940,0,0,1
AT1G79500,0,0,1
AT1G09780,0,0,1
AT1G13190,0,0,1
AT2G23820,0,0,1
AT4G10680,0,0,1
AT4G16630,0,0,1
AT4G33640,0,0,1
AT5G05780,0,0,1
AT1G70580,1,0,1
AT1G73260,1,0,1
AT2G38600,1,0,1
AT5G14910,1,0,1
AT5G07860,1,0,1
AT5G66040,1,0,1
AT4G02450,1,0,1
AT2G44160,1,0,1
AT1G54630,1,0,1
AT4G31430,1,0,1
AT1G66270,1,0,1
AT4G12730,1,0,1
AT4G22670,1,0,1
AT1G17720,1,0,1
AT1G21770,1,0,1
AT3G16470,1,0,1
AT5G47770,1,0,1
AT4G28030,1,0,1
AT5G40390,1,0,1
AT5G42950,1,0,1
AT3G21110,1,0,1
AT5G47550,1,0,1
AT1G33680,1,0,1
AT3G28270,1,0,1
AT2G29690,1,0,1
AT5G03940,1,0,1
AT1G48830,1,0,1
AT2G27100,1,0,1
AT3G15190,1,0,1
AT3G52180,1,0,1
AT3G47340,1,0,1
AT1G20110,1,0,1
AT1G67230,1,0,1
AT2G37690,1,0,1
AT3G10670,1,0,1
AT4G00430,1,0,1
AT5G50960,1,0,1
ATCG00130,1,0,1
AT5G02790,2,0,1
AT5G12040,2,0,1
AT5G16450,2,0,1
AT5G43990,2,0,1
AT3G52150,3,0,1
AT3G56290,3,0,1
AT1G74260,3,0,1
AT4G09670,3,0,1
AT4G31300,3,0,1
AT3G05727,7,0,1
AT1G70820,6,8,2
AT1G07250,3,7,2
AT3G04790,6,6,2
AT2G45640,0,4,2
ATCG00810,1,4,2
AT2G45810,1,4,2
AT3G17020,1,4,2
AT2G10940,2,4,2
AT4G09650,2,4,2
AT5G64300,2,4,2
AT5G16400,2,4,2
AT4G35250,2,4,2
AT5G57655,2,4,2
AT2G15620,3,4,2
AT5G67630,3,4,2
AT5G03850,4,4,2
AT1G59900,4,4,2
AT5G01410,5,4,2
AT2G44350,0,3,2
AT5G48960,0,3,2
AT5G08590,0,3,2
AT5G11520,0,3,2
AT5G19140,1,3,2
AT2G35370,1,3,2
AT2G20450,1,3,2
AT3G07720,1,3,2
AT3G18190,1,3,2
AT2G44920,2,3,2
AT5G48760,2,3,2
AT4G33510,2,3,2
AT1G24510,2,3,2
AT2G14750,2,3,2
AT1G65440,2,3,2
AT5G59750,2,3,2
AT1G79440,2,3,2
AT3G50820,3,3,2
AT1G30230,3,3,2
AT2G41530,3,3,2
AT5G24490,3,3,2
AT5G06690,3,3,2
AT5G16130,3,3,2
AT2G34160,4,3,2
AT1G79850,4,3,2
AT3G16460,4,3,2
AT3G53110,5,3,2
AT2G14120,5,3,2
AT1G54270,0,2,2
AT5G39740,0,2,2
AT2G31570,0,2,2
AT4G29670,0,2,2
AT1G52510,0,2,2
AT5G24780,0,2,2
AT2G40060,0,2,2
AT1G74030,0,2,2
AT3G26460,0,2,2
AT1G41830,0,2,2
AT2G27190,0,2,2
AT4G29350,1,2,2
AT5G53300,1,2,2
AT3G01450,1,2,2
AT5G28060,1,2,2
AT4G32590,1,2,2
AT1G11750,1,2,2
AT5G66420,1,2,2
AT3G53580,1,2,2
AT1G53310,1,2,2
AT1G05520,1,2,2
AT3G02230,1,2,2
AT5G14780,1,2,2
AT3G54400,1,2,2
AT2G05710,1,2,2
AT3G26520,1,2,2
AT1G62950,1,0,2
AT1G20220,2,2,2
AT5G65220,2,2,2
AT3G11930,2,2,2
AT1G07960,2,2,2
AT5G04260,2,2,2
AT3G01910,2,2,2
AT3G61430,2,2,2
AT3G53260,2,2,2
AT4G28080,2,2,2
AT3G63190,2,2,2
AT4G27520,2,2,2
AT5G24400,3,2,2
AT5G06290,3,2,2
AT5G40950,3,2,2
AT3G15840,4,2,2
AT1G22530,4,2,2
AT3G05900,5,2,2
AT2G05380,7,2,2
ATCG00650,0,1,2
AT3G60245,0,1,2
AT5G13980,0,1,2
AT2G18040,0,1,2
AT1G75750,0,1,2
AT5G61170,0,1,2
AT3G13120,0,1,2
ATCG01120,0,1,2
AT2G22450,0,1,2
AT2G22230,0,1,2
AT5G02610,0,1,2
AT5G13030,0,1,2
AT1G37130,0,1,2
AT5G52650,0,1,2
AT4G34450,0,1,2
AT2G37600,0,1,2
AT1G04750,0,1,2
AT4G04910,0,1,2
AT1G52670,0,1,2
AT2G01755,0,1,2
AT4G28470,0,1,2
AT3G52580,0,1,2
AT4G14160,0,1,2
AT2G46580,0,1,2
AT4G14716,0,1,2
AT2G25840,0,1,2
AT4G24820,0,1,2
AT4G34670,1,1,2
AT2G39770,1,1,2
AT2G47710,1,1,2
AT1G05010,1,1,2
AT1G78300,1,1,2
AT5G11450,1,1,2
AT4G34740,1,1,2
AT4G14570,1,1,2
AT1G72610,1,1,2
AT1G01050,1,1,2
AT1G14510,1,1,2
AT2G47400,1,1,2
AT2G34590,1,1,2
AT3G13460,1,1,2
AT2G31790,1,1,2
AT4G16830,1,1,2
AT1G58270,1,1,2
AT2G14285,1,1,2
AT4G15545,1,1,2
AT2G36390,1,1,2
AT1G04510,1,1,2
AT2G04690,1,1,2
AT4G24510,1,1,2
AT1G48520,1,1,2
AT4G29260,1,1,2
AT2G36130,1,1,2
AT2G19940,1,1,2
AT4G12060,1,1,2
AT1G64370,1,1,2
AT1G78150,1,1,2
AT5G07470,2,1,2
AT3G47650,2,1,2
AT4G04950,2,1,2
AT4G35100,2,1,2
AT3G43810,2,1,2
AT3G56650,2,1,2
AT1G20450,2,1,2
AT1G15140,2,1,2
AT5G58240,2,1,2
AT5G23120,3,1,2
AT5G14670,3,1,2
AT5G48230,3,1,2
AT5G54410,0,0,2
AT3G49160,0,0,2
AT4G11600,0,0,2
AT1G01100,0,0,2
AT4G23600,0,0,2
AT5G11680,0,0,2
AT5G55670,0,0,2
AT2G05100,0,0,2
AT5G24165,0,0,2
AT1G12270,0,0,2
AT5G64260,0,0,2
AT3G43160,1,1,1
AT4G03430,1,0,1
AT5G23110,1,0,1
AT3G28730,0,0,2
AT3G14100,0,0,2
AT2G26930,0,0,2
AT1G51100,0,0,2
AT3G19980,0,0,2
AT2G35410,0,0,2
AT2G01350,0,0,2
AT5G03470,0,0,2
AT3G25660,0,0,2
AT1G13020,0,0,2
AT1G06410,0,0,2
AT4G30170,0,0,2
AT2G45770,0,0,2
AT4G17090,0,0,2
AT1G78680,0,0,2
AT3G10850,1,0,2
AT5G56010,1,0,2
AT5G40420,1,0,2
AT4G31700,1,0,2
AT5G20160,1,0,2
AT5G08050,1,0,2
AT1G79230,1,0,2
AT4G13850,1,0,2
AT3G12110,1,0,2
AT5G54430,1,0,2
AT1G54410,1,0,2
AT2G30200,1,0,2
AT2G37240,1,0,2
AT3G02360,1,0,2
AT5G11330,1,0,2
AT5G57870,1,0,2
AT1G15730,1,0,2
AT1G03220,1,0,2
AT4G21580,1,0,2
AT1G53580,1,0,2
AT2G36250,1,0,2
AT5G14200,1,0,2
AT3G56940,1,0,2
AT5G18400,1,0,2
AT2G44490,1,0,2
AT5G08570,2,0,2
AT1G76810,2,0,2
AT5G47840,2,0,2
AT1G74880,2,0,2
AT2G43710,2,0,2
AT5G27640,2,0,2
AT5G52560,2,0,2
AT4G13180,2,0,2
AT2G42790,2,0,2
AT1G14410,2,0,2
AT5G13630,2,0,2
AT1G74100,2,0,2
AT1G10200,3,0,2
AT3G55330,3,0,2
AT4G17140,1,0,0
AT3G49470,3,0,2
AT4G29840,5,0,2
AT5G28840,6,11,3
AT5G16970,6,8,3
AT5G66530,1,5,3
AT3G25830,1,5,3
AT5G04430,1,5,3
AT1G20200,1,5,3
AT2G27530,2,5,3
AT1G62640,2,5,3
AT3G13930,3,5,3
AT4G11010,3,5,3
AT5G54640,1,4,3
AT5G44340,2,9,6
AT5G65720,1,4,3
AT5G36160,2,4,3
AT5G15650,2,4,3
AT3G61220,2,4,3
AT2G41840,3,4,3
AT5G07440,3,4,3
AT1G71500,3,4,3
AT1G74060,4,4,3
AT1G78570,4,4,3
AT2G47610,5,4,3
AT5G59950,5,4,3
AT5G18100,6,4,3
AT1G15930,0,3,3
AT3G53870,0,3,3
AT2G45710,0,3,3
AT5G59290,0,3,3
AT3G04870,0,3,3
AT2G16600,1,3,3
AT2G27680,1,3,3
AT3G22890,1,3,3
AT3G48000,1,3,3
AT1G25490,1,3,3
AT2G23930,2,3,3
AT1G02500,2,3,3
AT3G22230,2,3,3
AT1G48420,2,3,3
AT2G25450,2,3,3
AT2G40290,2,3,3
AT2G29560,2,3,3
AT1G79530,2,3,3
AT1G74970,3,3,3
AT4G28750,3,3,3
ATCG00660,3,3,3
AT5G38480,3,3,3
AT4G09040,3,3,3
AT5G48180,4,3,3
AT3G62030,5,3,3
AT5G17990,5,3,3
AT1G72550,5,3,3
AT4G17560,0,2,3
AT5G11420,0,2,3
AT4G34870,0,2,3
AT5G09900,0,2,3
AT5G36700,0,2,3
ATCG00740,0,2,3
AT4G28940,0,2,3
AT2G27720,1,2,3
AT3G53740,1,2,3
AT3G52960,1,2,3
AT3G09500,1,2,3
AT3G28900,1,2,3
AT5G45390,1,2,3
AT3G63540,1,2,3
AT1G23440,1,2,3
AT3G16080,2,2,3
AT4G01370,2,2,3
AT2G21170,2,2,3
AT5G57890,2,2,3
AT3G12800,2,2,3
AT1G56190,2,2,3
AT4G00620,2,2,3
AT1G07360,2,2,3
AT5G37850,2,2,3
AT1G64510,3,2,3
AT1G76010,3,2,3
AT5G05730,3,2,3
AT4G11150,3,2,3
AT3G21200,3,2,3
AT3G49601,4,2,3
AT5G47210,4,2,3
AT3G12290,4,2,3
AT4G36020,4,2,3
AT1G21440,4,2,3
AT3G20790,4,2,3
AT1G32990,5,2,3
AT1G76680,5,2,3
AT1G63970,0,1,3
AT3G54890,0,1,3
AT4G01610,0,1,3
AT5G55230,0,1,3
AT5G04590,0,1,3
AT1G71860,0,1,3
AT5G20630,1,1,3
AT4G36130,1,1,3
AT5G47190,1,1,3
AT5G14240,1,1,3
AT3G26420,1,1,3
AT1G49670,1,1,3
AT1G67700,1,1,3
AT3G14390,1,1,3
AT2G30870,1,1,3
AT1G22410,1,1,3
AT3G12390,1,1,3
AT3G10740,1,1,3
AT1G01090,1,1,3
AT5G22330,1,1,3
AT3G57290,1,1,3
AT5G20080,2,1,3
AT4G29410,2,1,3
AT3G10610,2,1,3
AT5G64130,2,1,3
AT4G20890,2,1,3
AT5G34850,2,1,3
AT5G54960,2,1,3
AT3G44620,2,1,3
AT1G52400,2,1,3
AT3G24503,2,1,3
AT1G45000,2,1,3
AT4G21860,2,1,3
AT3G63170,2,1,3
AT2G33830,2,1,3
AT1G18070,2,1,3
AT3G54360,2,1,3
AT1G20630,2,1,3
AT3G58730,2,1,3
AT3G55610,3,1,3
AT1G21750,3,1,3
AT4G20260,3,1,3
AT1G14000,3,1,3
AT3G62840,3,1,3
AT1G54220,3,1,3
AT5G37720,3,1,3
AT4G26110,4,1,3
AT3G57890,7,1,3
AT1G64980,0,0,3
AT1G08980,0,0,3
AT3G50270,0,0,3
AT5G05010,0,0,3
AT2G02740,0,0,3
AT1G77180,0,0,3
AT5G28050,1,0,3
AT5G46430,1,0,3
AT2G14880,1,0,3
AT1G29150,1,0,3
AT4G39680,1,0,3
AT1G18500,1,0,3
AT1G52730,1,0,3
AT1G23820,1,0,3
AT5G42820,1,0,3
AT5G15450,1,0,3
AT5G16715,1,0,3
AT5G36210,1,0,3
AT5G55160,2,0,3
AT3G59980,2,0,3
AT2G24590,2,0,3
AT5G13510,2,0,3
AT1G31860,2,0,3
AT1G09830,2,0,3
AT1G04170,2,0,3
AT2G03440,3,0,3
AT3G56150,3,0,3
AT1G02780,7,9,4
AT5G10860,2,8,4
AT5G64050,5,8,4
AT2G05520,4,7,4
AT4G27150,7,7,4
AT1G35720,0,6,4
AT3G05060,2,6,4
AT5G16070,2,6,4
AT1G26880,4,6,4
AT2G43090,4,6,4
AT1G78850,4,6,4
AT3G52560,3,5,4
AT4G23920,3,5,4
AT3G20050,3,5,4
AT3G56490,4,5,4
AT5G03290,1,4,4
AT4G10750,1,4,4
AT4G39280,1,4,4
AT4G14040,1,4,4
AT5G11670,1,4,4
AT5G54160,1,4,4
AT4G37000,1,4,4
AT5G23740,2,4,4
AT2G43770,2,4,4
AT3G58500,2,4,4
AT3G57610,2,4,4
AT5G67030,2,4,4
AT3G53990,3,4,4
AT2G44040,3,4,4
AT4G38740,3,4,4
AT5G26360,4,4,4
AT3G21055,4,4,4
AT4G15390,4,4,4
AT3G09880,4,4,4
AT5G46290,5,4,4
AT4G34200,5,4,4
AT1G06680,7,4,4
AT4G22485,0,3,4
AT3G22640,0,3,4
AT5G53460,0,3,4
AT1G07320,1,3,4
AT1G18450,2,3,4
AT1G06220,2,3,4
AT1G30620,3,3,4
AT3G16420,3,3,4
AT1G60550,3,3,4
AT1G48030,4,3,4
AT4G03280,6,3,4
AT3G56340,7,3,4
AT2G32730,0,2,4
AT1G73110,0,2,4
AT3G55220,0,2,4
AT4G28730,1,2,4
AT4G24800,1,2,4
AT1G60095,1,2,4
AT5G17310,1,2,4
AT3G08580,1,2,4
ATCG00770,2,2,4
AT2G03680,2,2,4
AT2G43910,2,2,4
AT5G65840,2,2,4
AT5G20280,2,2,4
AT3G63460,2,2,4
AT5G14260,2,2,4
AT1G80070,2,2,4
AT2G24270,2,2,4
AT2G37220,3,2,4
AT1G78370,4,2,4
AT5G58330,4,2,4
AT4G30190,4,2,4
AT1G15950,4,2,4
AT5G22650,5,2,4
AT4G14880,7,2,4
AT1G68560,7,2,4
AT3G53420,8,2,4
AT5G60100,8,2,4
AT5G50950,0,1,4
AT3G15980,0,1,4
AT4G29010,0,1,4
AT4G15900,0,1,4
AT1G78630,1,1,4
AT1G01080,1,1,4
AT5G28740,1,1,4
AT1G16890,1,1,4
AT1G24360,1,1,4
AT5G17330,1,1,4
AT4G09800,2,1,4
AT1G24020,2,1,4
AT1G29350,2,1,4
AT1G63000,3,1,4
AT3G52880,3,1,4
AT3G54470,3,1,4
AT4G11420,3,1,4
AT2G20610,3,1,4
AT3G27850,5,1,4
AT1G15340,9,1,4
AT3G27925,0,0,4
AT4G36810,1,0,4
AT5G35100,1,0,4
AT1G65010,1,0,4
AT5G20920,2,0,4
AT1G43670,4,0,4
AT1G16880,4,0,4
AT5G52470,6,10,5
AT3G47070,7,10,5
AT1G48630,2,8,5
AT3G23990,4,8,5
AT4G10340,5,8,5
ATCG00790,3,7,5
AT1G76180,5,7,5
AT1G75350,2,6,5
AT1G05190,6,6,5
AT4G14030,1,5,5
ATCG00780,3,5,5
AT3G48990,3,5,5
AT1G19570,3,5,5
AT1G75270,3,5,5
AT1G12920,3,5,5
AT1G20010,4,5,5
AT2G39080,6,5,5
AT1G78380,6,5,5
AT5G56350,6,5,5
AT3G16640,8,5,5
AT3G44110,1,4,5
AT1G03475,1,4,5
AT1G56110,2,4,5
AT2G20890,3,4,5
AT2G04700,3,4,5
AT2G06850,3,4,5
AT2G26080,4,4,5
AT4G27000,4,4,5
AT1G29880,4,4,5
AT5G66760,4,4,5
AT1G06000,4,4,5
AT1G70410,5,4,5
AT4G25080,5,4,5
AT3G18060,5,4,5
AT4G08390,8,4,5
AT3G22850,0,3,5
AT5G38430,1,3,5
AT5G10450,1,3,5
AT3G16520,1,3,5
AT3G08530,1,3,5
AT3G12580,1,3,5
ATCG00160,2,3,5
AT1G11650,2,3,5
AT2G24940,3,3,5
AT5G61410,3,3,5
AT5G04740,3,3,5
AT3G48730,8,3,5
AT5G63310,0,2,5
AT1G35680,1,2,5
AT2G17870,1,2,5
AT4G39330,1,2,5
AT5G65770,1,2,5
AT4G35260,1,2,5
AT1G80480,2,2,5
AT3G27740,2,2,5
AT2G14260,3,2,5
AT5G22880,5,2,5
AT3G53750,6,2,5
AT2G21060,6,2,5
AT1G66580,1,1,5
AT5G40370,2,1,5
AT5G23540,2,1,5
AT1G65260,2,1,5
AT4G13430,3,1,5
AT4G10480,3,1,5
AT1G10670,4,1,5
AT1G32200,4,1,5
AT3G24430,6,1,5
AT1G49600,0,0,5
AT5G60600,1,0,5
AT1G01320,1,0,5
AT5G22800,1,0,5
AT5G63180,1,0,5
AT3G56240,2,0,5
AT4G29510,2,0,5
AT1G27090,4,0,5
AT1G03630,3,10,6
AT5G55190,7,10,6
AT2G16780,3,8,6
AT5G65730,5,8,6
AT3G22110,7,8,6
AT2G34420,4,7,6
AT5G63560,4,7,6
AT5G02450,5,7,6
AT5G55070,3,6,6
AT5G57850,4,6,6
AT1G03130,4,6,6
AT2G45300,5,6,6
AT3G14990,3,5,6
AT3G14310,3,5,6
AT5G11710,4,5,6
AT3G62530,4,5,6
AT5G20890,5,5,6
AT5G59970,6,5,6
AT1G20440,6,5,6
AT1G76030,8,5,6
AT5G35790,3,4,6
AT5G02240,4,4,6
AT1G48410,4,4,6
AT1G17100,5,4,6
AT3G48560,5,4,6
AT1G07140,10,4,6
AT4G18100,2,3,6
AT1G48600,3,3,6
AT3G47520,3,3,6
AT5G16710,3,3,6
AT5G04360,4,3,6
AT2G45960,5,3,6
AT1G57720,7,3,6
AT1G16080,0,2,6
AT3G19760,1,2,6
AT4G31490,1,2,6
AT5G43830,2,2,6
AT3G54210,2,2,6
AT5G58290,2,2,6
AT1G50200,2,2,6
AT1G53280,3,2,6
AT2G28790,3,2,6
AT5G27450,3,2,6
AT4G24190,3,2,6
AT1G80410,3,2,6
AT1G02840,4,2,6
AT1G32500,0,1,6
AT5G56260,0,1,6
ATCG00750,4,1,6
AT4G34350,4,1,6
AT4G34110,6,1,6
AT3G02110,0,0,6
AT5G14320,4,0,6
AT4G35830,5,0,6
AT1G03880,2,11,7
AT3G18740,3,10,7
AT5G52920,8,9,7
AT5G15490,4,8,7
AT2G05990,8,8,7
AT2G30860,2,7,7
AT2G44120,3,7,7
AT3G55440,6,7,7
AT3G58610,6,7,7
AT3G54050,1,6,7
AT5G65010,3,6,7
AT1G09620,3,6,7
AT3G11830,3,6,7
AT1G62660,5,6,7
AT1G31080,2,5,7
AT2G24200,2,5,7
AT2G01520,3,5,7
AT5G35360,3,5,7
AT3G52990,3,5,7
AT4G23100,4,5,7
AT3G53890,4,5,7
AT3G60370,4,5,7
ATCG01240,5,5,7
AT2G27710,6,5,7
AT1G49760,7,5,7
AT4G38680,3,4,7
AT5G57290,3,4,7
AT5G19780,3,4,7
AT5G51970,3,4,7
AT5G18380,5,4,7
AT1G79870,7,4,7
AT3G53460,11,4,7
AT5G19990,4,3,7
AT3G15000,4,3,7
AT1G11840,1,2,7
AT1G09310,4,2,7
ATCG00500,4,2,7
AT5G35970,1,1,7
AT2G23350,2,1,7
AT3G19450,4,1,7
AT1G21350,4,1,7
AT4G04640,4,12,8
AT2G38270,5,12,8
AT5G15520,6,12,8
AT1G12900,5,10,8
AT4G09000,2,9,8
AT5G08690,6,9,8
AT2G46280,7,9,8
AT5G50850,7,9,8
AT1G59359,3,8,8
AT4G31990,5,8,8
AT3G44300,4,7,8
AT5G17380,5,7,8
AT2G19520,6,7,8
AT4G29040,6,7,8
AT4G37910,6,7,8
AT1G76080,7,7,8
AT2G43750,7,7,8
AT3G25530,8,7,8
AT1G10760,9,7,8
AT3G55280,4,6,8
AT3G48420,4,6,8
AT1G57860,6,6,8
AT2G36880,7,6,8
AT5G19510,9,6,8
AT4G24620,9,6,8
AT5G27770,1,5,8
AT5G02960,2,5,8
AT5G49910,4,5,8
AT1G30580,4,5,8
AT5G55220,6,5,8
AT5G59850,6,5,8
AT2G29550,7,5,8
AT3G59970,8,5,8
AT4G13930,2,4,8
AT5G20720,3,4,8
AT3G01340,4,4,8
AT1G12230,5,4,8
AT5G61780,5,4,8
AT1G70600,6,4,8
AT1G60710,7,4,8
AT5G60790,1,3,8
AT4G38630,5,3,8
AT2G20630,5,2,8
AT3G12490,6,2,8
AT5G12250,2,1,8
AT5G03300,6,1,8
AT3G02510,1,0,8
AT3G11510,9,12,9
AT2G21330,17,11,9
AT5G14740,7,10,9
AT3G04810,6,4,5
AT2G23390,7,10,9
AT2G34480,4,9,9
AT1G09640,6,8,9
AT1G79930,6,8,9
AT5G45775,9,8,9
AT4G09320,9,8,9
AT5G08280,9,8,9
AT5G63420,1,7,9
AT1G06290,2,7,9
AT5G09810,4,7,9
ATCG00380,7,7,9
AT2G01140,3,6,9
AT3G06050,5,6,9
AT5G06850,5,6,9
AT1G51510,9,6,9
AT3G09440,5,5,9
AT1G22300,6,5,9
AT5G43960,10,5,9
AT2G25970,2,4,9
AT3G04400,3,4,9
AT1G79340,4,4,9
AT1G29900,5,4,9
AT5G02870,7,4,9
AT3G25230,1,3,9
AT2G21390,1,3,9
AT3G53430,2,3,9
AT5G43060,3,3,9
AT2G33340,1,1,9
AT3G22960,6,11,10
AT3G20820,3,10,10
AT2G43030,6,10,10
AT3G26060,8,10,10
AT1G53240,7,9,10
AT4G15000,9,9,10
AT3G14420,11,9,10
AT4G25130,5,8,10
AT1G65930,5,8,10
AT3G49910,7,8,10
AT3G07110,4,7,10
AT2G47940,13,7,10
ATMG01190,5,6,10
AT1G08200,5,6,10
AT2G47510,10,6,10
AT3G23700,4,5,10
AT1G67430,10,5,10
AT2G36460,8,4,10
AT3G23600,10,4,10
AT2G04842,6,3,10
AT1G16720,9,14,11
AT4G05180,6,12,11
AT3G06650,6,12,11
AT3G25920,9,12,11
AT3G53020,4,10,11
AT3G09200,9,10,11
AT2G33800,9,10,11
AT5G19220,4,9,11
AT3G03960,5,9,11
AT3G03250,7,9,11
AT1G55480,11,9,11
AT2G40490,7,8,11
AT3G05530,9,8,11
AT1G72150,11,8,11
AT1G63940,7,7,11
AT4G16143,7,7,11
AT3G63140,10,7,11
AT1G23740,10,7,11
AT3G58140,5,6,11
AT1G08520,3,2,11
AT3G53900,6,2,11
ATCG01060,14,15,12
AT5G09650,8,14,12
AT2G47730,11,14,12
AT3G25860,9,13,12
AT5G09590,13,13,12
AT3G55410,7,11,12
AT1G14320,16,11,12
AT3G09840,3,10,12
AT1G34430,7,9,12
AT2G38040,11,9,12
AT4G01310,3,8,12
AT4G27440,9,6,12
AT2G44060,4,5,12
AT2G47470,6,5,12
AT5G43940,6,5,12
AT3G19170,6,5,12
AT3G58510,6,4,12
AT1G70850,10,4,12
AT3G49010,10,15,13
AT2G37660,8,12,13
AT5G25980,10,12,13
AT5G64040,9,11,13
AT1G18080,11,11,13
AT5G15200,7,9,13
AT1G48920,12,8,13
AT1G14810,11,6,13
AT1G20960,1,5,13
AT5G66190,13,21,14
AT1G69740,15,19,14
AT2G31610,9,16,14
AT4G16155,8,15,14
AT1G26630,14,15,14
AT3G25520,12,14,14
AT3G13920,7,12,14
AT5G17920,14,12,14
AT2G25080,11,11,14
ATCG00800,2,10,14
AT1G62750,7,10,14
AT5G27850,9,10,14
AT1G18540,11,10,14
AT5G66570,12,10,14
AT2G41680,8,6,14
AT4G27170,9,5,14
AT1G20020,16,19,15
AT2G28000,19,19,15
AT2G32080,19,18,15
AT3G24830,9,14,15
AT5G48300,10,13,15
AT5G10360,8,12,15
AT4G01850,10,12,15
AT3G11630,10,12,15
AT1G69830,9,11,15
AT3G57560,5,10,15
AT4G33680,8,10,15
AT5G62790,9,10,15
AT2G04030,13,10,15
AT3G60770,7,9,15
AT3G48930,7,9,15
AT1G65960,9,9,15
AT1G53750,7,7,15
AT3G12780,9,7,15
AT2G33150,5,6,15
AT1G47128,8,6,15
AT1G48120,35,24,16
AT1G29250,15,18,16
AT3G55800,15,18,16
AT5G07090,10,14,16
AT5G26742,12,13,16
AT2G40660,12,10,16
AT5G09660,14,10,16
AT4G16720,7,9,16
AT4G27090,7,8,16
AT5G42020,18,20,17
AT3G04840,6,14,17
ATCG01310,6,13,17
AT2G21660,18,11,17
AT4G09010,12,9,17
AT5G56030,14,22,18
AT2G42600,10,14,18
AT1G78900,10,13,18
AT2G38230,16,13,18
AT1G33140,11,12,18
AT2G20580,11,12,18
AT4G39260,10,9,18
AT3G09260,14,28,19
AT2G13360,15,21,19
AT1G71080,20,17,19
AT4G13940,9,14,19
AT5G44120,12,14,19
AT4G29060,13,14,19
AT3G62250,4,10,19
AT3G03530,23,35,20
AT4G37930,27,18,20
AT5G20290,11,17,20
AT4G37800,18,17,20
AT3G13490,9,14,20
AT4G35630,14,14,20
AT2G01250,11,13,20
AT5G35200,14,13,20
AT5G11200,9,11,20
AT1G64880,24,29,22
AT1G09340,27,22,22
AT1G04410,22,20,22
AT1G67090,25,20,22
AT5G50920,13,12,22
AT3G15950,9,10,22
AT4G18480,19,20,23
AT1G72370,19,19,23
AT5G60390,22,18,23
AT1G50010,24,17,23
AT4G21280,24,17,23
AT1G11860,12,21,24
AT2G18020,16,18,24
AT5G30510,16,14,24
AT3G45140,13,11,24
AT2G36530,9,9,25
ATCG00480,20,23,26
AT1G55490,20,23,26
AT4G20850,24,20,26
AT3G16400,14,19,26
AT3G09820,24,15,26
AT5G26710,23,22,27
AT3G26650,29,27,28
AT4G26530,16,25,28
AT5G56740,17,29,29
AT4G28520,17,29,29
AT1G32060,23,23,29
AT4G24280,12,22,29
AT1G68010,24,39,30
AT3G17390,22,17,30
AT3G15730,24,32,31
AT1G07890,27,31,31
AT3G44320,18,23,31
AT5G35630,26,20,31
AT4G23670,16,22,32
AT2G39800,18,23,33
AT3G62870,22,21,33
AT1G43170,24,39,35
AT5G38420,28,26,35
AT3G09630,24,24,35
AT3G18780,27,40,36
AT3G01500,27,32,36
ATCG00120,31,30,36
AT5G26000,27,31,38
AT3G44690,28,28,38
AT3G60750,32,28,38
AT4G20360,20,23,38
AT4G33010,33,40,39
AT1G23310,29,45,40
AT5G62700,25,19,40
AT4G38970,35,32,41
AT1G13440,20,31,41
AT5G04140,34,29,41
AT3G14415,32,44,45
AT2G17630,46,41,45
AT1G20620,41,40,46
AT4G10320,23,39,48
AT1G56070,36,41,50
AT1G42970,46,47,52
AT4G35090,35,46,52
AT4G29270,36,40,52
AT3G52930,46,39,52
AT1G19480,51,49,55
AT5G02500,40,59,65
AT3G08590,52,86,70
AT2G39730,52,48,78
ATCG00490,125,127,139
AT1G17930,0,0,163
AT5G52040,204,161,173
AT5G10900,0,1,174
AT2G25010,0,1,180
AT3G44310,170,191,257
