Protein,AT5G14620,AT5G146201,WT
AT1G07940,137,151,143
AT1G07930,137,151,143
AT1G07920,137,151,143
AT5G60390,137,151,143
ATCG00490,138,127,151
AT1G52400,115,122,158
AT1G67090,50,41,43
AT5G38420,48,38,41
AT3G26650,82,87,106
AT3G04120,63,65,85
AT1G13440,64,66,82
AT1G50010,88,76,107
AT1G04820,88,76,107
AT5G62690,84,82,95
AT5G62700,84,82,95
AT4G14960,84,72,102
AT3G17390,82,68,71
AT5G23860,82,77,91
AT2G29550,78,76,92
AT5G38430,35,28,33
AT3G13920,69,67,81
AT5G44340,72,68,85
AT1G54270,65,63,77
AT4G20890,69,64,83
AT3G62250,35,31,30
AT2G35635,0,0,30
AT1G31340,0,0,30
AT4G02890,0,0,30
AT1G55060,0,0,30
AT2G36170,0,0,30
AT4G05050,0,0,30
AT1G65350,0,0,30
AT3G52590,0,0,30
AT5G20620,0,0,30
AT5G37640,0,0,30
AT5G03240,0,0,30
AT1G23410,0,0,30
AT2G47110,35,31,30
AT4G05320,0,0,30
AT2G36880,66,53,65
AT5G19770,71,61,80
AT5G19780,71,61,80
AT1G20010,66,60,81
AT5G12250,65,58,81
AT1G52040,66,57,84
AT5G09810,49,53,64
AT4G01850,57,51,56
AT1G75780,56,54,71
AT1G12900,48,45,68
AT1G24020,22,21,18
AT5G17920,100,97,103
AT1G02500,58,41,50
AT5G24780,35,34,33
AT3G20820,44,44,46
AT1G26630,21,15,20
ATCG00120,58,63,54
AT4G35090,60,72,37
AT3G16470,46,43,64
AT1G52030,60,58,92
AT2G28740,11,12,10
AT5G59970,11,12,10
AT3G46320,11,12,10
AT3G45930,11,12,10
AT3G53730,11,12,10
AT1G07820,11,12,10
AT5G59690,11,12,10
AT1G07660,11,12,10
AT1G64740,48,42,54
AT3G53890,8,9,9
AT5G27700,8,9,9
AT1G20630,56,56,41
AT4G27090,17,14,10
AT1G49240,37,37,40
AT3G18780,37,37,40
AT5G56010,67,73,68
AT5G02500,70,60,62
AT4G13940,43,43,57
AT2G37620,37,34,39
AT3G53750,37,34,39
ATCG01060,7,9,7
AT3G52930,38,32,31
AT1G18080,28,30,34
AT3G12110,35,34,37
AT5G25980,49,51,52
ATCG00480,47,49,42
AT5G56030,64,71,66
AT5G42080,54,47,66
AT2G39730,45,43,41
AT5G50920,80,89,82
AT2G20450,15,12,9
AT3G12145,33,27,27
AT1G56070,77,63,86
AT1G19570,18,16,22
AT1G78900,49,53,60
AT4G02930,39,38,38
AT3G45140,77,73,77
AT3G03780,62,60,69
AT3G09200,25,27,27
AT1G72730,31,30,41
AT1G07890,24,19,18
AT2G44060,28,22,29
AT3G58510,54,47,47
AT2G46280,25,29,25
AT5G42020,60,51,49
AT4G20360,34,36,44
AT5G28540,60,49,51
AT3G58570,55,52,45
AT2G27710,8,9,10
AT1G14830,46,38,60
AT3G48870,69,79,72
AT3G18130,24,27,24
AT1G20620,40,41,32
AT1G78300,20,19,20
ATCG00470,11,11,8
AT5G38480,20,20,18
AT4G09320,14,12,12
AT1G42970,29,33,38
AT5G56000,51,56,49
AT5G20630,14,17,16
AT2G21660,14,14,11
AT1G48630,23,26,23
AT3G23810,31,31,45
AT5G19990,33,32,27
AT2G39330,32,28,40
AT5G20290,16,16,16
AT1G30630,19,22,22
AT1G76030,0,0,34
AT1G20260,35,36,34
AT5G54160,28,22,28
AT5G35630,33,32,27
AT1G64520,19,19,19
AT3G46520,26,27,27
AT5G59370,26,27,27
AT1G72370,23,19,21
AT1G33120,13,12,16
AT1G33140,13,12,16
AT3G05530,27,30,32
AT3G09440,49,45,42
AT1G22300,16,20,17
AT5G58290,26,32,27
AT2G42520,45,44,43
AT3G28500,6,8,10
AT4G39330,26,24,25
AT3G62530,16,14,16
AT2G38040,50,57,52
AT5G13450,16,18,14
AT4G09000,21,20,23
AT1G35160,20,19,19
AT3G55440,18,13,19
AT1G10290,63,50,66
AT1G12310,9,8,12
AT4G38510,31,33,32
AT2G47730,20,18,13
AT1G78570,43,40,47
AT4G38970,29,22,26
AT1G59610,60,51,66
AT3G01280,19,17,17
AT3G01390,7,7,7
AT1G70710,29,29,36
AT5G16050,17,17,17
AT3G07030,27,24,26
AT3G22890,30,30,26
AT3G09840,52,50,48
AT3G12780,32,28,29
AT4G02290,30,30,35
AT3G62290,11,10,12
AT5G48880,26,26,31
AT4G33250,14,13,14
AT2G30860,13,12,14
AT1G45000,21,30,21
AT3G11510,11,9,7
AT3G09820,18,20,24
AT3G27850,12,10,12
AT3G27830,12,10,12
AT3G08530,100,86,118
AT5G52840,11,11,8
AT2G45640,8,9,10
AT5G24770,17,15,15
AT2G31610,11,17,16
AT3G11130,99,83,119
AT5G43010,21,29,20
AT3G02520,15,15,16
AT5G20010,12,14,12
AT5G05780,17,16,20
AT3G62870,16,13,15
AT5G43940,21,23,23
AT2G36530,21,26,29
AT2G39990,17,19,14
AT5G22580,9,5,5
AT2G47610,15,12,17
AT1G65930,27,22,21
AT2G33150,28,22,29
AT3G60190,35,34,37
AT2G27720,8,8,6
AT2G28790,14,15,13
AT1G78380,17,9,11
AT2G04030,42,48,41
AT1G04270,9,5,11
AT3G14420,22,20,18
ATMG01190,35,34,36
AT2G07698,35,34,36
AT3G60830,19,23,17
AT2G21330,24,21,20
AT1G48920,32,38,20
AT5G42980,7,8,4
AT1G53240,19,17,19
AT3G53870,10,16,14
AT3G60750,40,45,34
AT4G11150,10,13,14
AT4G13930,23,23,29
AT5G52470,13,15,21
AT1G10840,17,17,19
AT5G21274,8,9,7
AT3G43810,8,9,7
AT3G56800,0,0,7
AT2G27030,0,0,7
AT3G44110,25,21,20
AT4G27440,20,21,22
AT2G37190,9,9,8
AT3G53430,9,9,8
AT5G28840,23,19,17
AT5G37780,9,10,7
AT1G66410,9,10,7
AT4G28990,21,31,9
AT3G01500,19,17,18
AT2G34470,13,12,18
AT5G15650,17,16,23
AT5G04280,17,18,13
AT3G19760,26,23,14
AT3G47520,18,23,21
AT3G02230,17,16,22
AT4G10340,14,12,17
AT4G04640,21,20,16
AT5G54430,13,12,12
AT1G01100,6,6,5
AT5G40770,15,14,13
AT5G67500,13,14,19
AT2G06850,16,11,18
AT5G15200,11,9,10
AT5G25780,32,38,38
AT1G35720,16,15,17
ATCG00800,9,10,14
AT5G47700,6,6,5
AT1G32060,20,20,19
AT2G43770,15,21,15
AT5G23540,14,14,18
AT3G22110,13,14,10
ATCG00780,8,6,4
AT1G66200,20,12,22
AT5G02490,34,33,29
AT1G75350,7,8,6
AT4G23680,8,7,7
AT5G08670,26,30,25
AT5G08680,26,30,25
AT5G08690,26,30,25
ATCG00500,23,22,26
AT2G20580,42,46,41
AT3G44310,19,15,16
AT5G39570,20,15,20
AT3G51260,13,11,12
AT2G33340,26,24,25
AT5G46290,22,18,30
AT5G27640,33,36,36
AT1G62820,6,8,7
AT2G17360,14,10,13
AT5G07090,14,10,13
AT1G53750,22,19,19
AT3G57290,18,21,23
AT5G42790,15,13,11
AT4G25630,14,13,18
AT2G35840,20,21,18
AT2G36460,17,17,16
AT5G10450,12,15,11
AT3G14415,18,18,16
AT2G32060,7,8,5
AT4G00100,6,7,8
AT5G20890,26,28,19
AT1G68590,6,9,8
AT1G04410,15,16,15
AT4G24190,42,37,35
AT1G15930,7,5,8
AT5G25460,19,16,16
AT5G09510,7,5,9
AT5G26000,24,25,25
AT2G01250,12,10,11
AT5G14740,14,17,14
AT1G18450,20,19,21
ATCG00130,8,7,10
AT4G03280,9,11,11
AT3G62820,9,10,7
AT1G56340,20,20,17
AT3G12290,14,15,11
AT5G26742,31,33,36
AT1G55490,28,29,23
AT3G11250,15,14,14
AT1G24510,23,28,20
AT1G09100,18,20,18
AT1G11860,20,17,17
AT5G22330,23,23,14
AT3G52300,8,8,6
AT5G48230,19,14,20
AT1G07770,5,5,7
AT5G59850,5,5,7
AT1G65980,7,8,6
AT4G37930,23,24,20
AT5G65020,14,16,11
AT2G42100,14,16,19
AT1G56330,8,8,9
AT4G02080,8,8,9
AT1G29150,17,19,18
AT4G34450,36,33,45
AT5G20830,37,28,39
AT3G11630,13,13,8
AT5G03300,12,14,18
AT4G33650,53,26,24
AT1G47260,9,15,11
AT1G21750,21,27,15
AT3G04840,11,12,10
AT5G01600,13,13,6
AT5G35590,11,9,11
AT1G76010,17,13,14
AT1G05190,11,9,8
AT3G16640,6,7,8
AT1G79550,18,17,15
AT5G03850,3,2,3
AT3G10090,3,2,3
AT5G15090,11,13,10
AT1G13690,7,7,8
AT2G40060,12,10,10
AT4G30530,12,8,11
AT1G08200,17,16,15
AT1G56190,20,19,20
AT1G75940,21,25,19
AT4G29040,16,17,21
AT2G20140,16,17,0
AT3G12580,27,27,25
AT3G13470,23,28,21
AT4G14800,9,9,8
AT2G37270,0,0,9
AT3G11940,9,7,9
AT2G39800,26,33,27
AT4G31300,12,10,6
AT3G02530,20,25,19
AT4G23670,6,7,5
AT3G62560,8,8,7
AT3G25520,12,9,15
AT1G57720,15,19,15
AT5G36230,12,14,23
AT4G31490,37,38,37
AT2G45710,0,3,3
AT3G61110,0,3,3
AT5G47930,4,3,0
AT2G28000,23,26,20
AT4G28250,11,10,10
AT3G62330,18,21,17
AT2G21390,47,48,47
AT4G24820,15,17,13
AT5G22040,12,12,9
AT3G01340,11,13,11
AT3G14790,27,24,26
AT1G09210,19,15,15
AT3G46040,4,5,6
AT3G08030,15,15,12
AT5G37600,16,12,13
AT3G58730,10,10,10
AT4G31580,9,7,7
AT2G14120,52,21,20
AT4G34620,5,3,5
AT5G62350,8,9,6
AT3G52580,6,6,5
AT5G08450,48,33,23
AT5G67630,15,22,16
AT3G56150,38,30,34
AT1G11475,3,3,2
AT4G31480,35,36,36
AT2G30050,11,10,13
AT3G60820,10,7,8
AT1G18540,10,10,6
AT5G65430,10,10,9
AT1G09310,8,4,8
AT4G18480,15,19,13
AT2G33040,12,13,11
AT4G13670,12,12,19
AT3G17820,14,14,11
AT2G27600,19,14,15
AT2G18230,7,9,8
AT2G01140,16,14,13
AT3G52090,7,5,4
ATCG00820,3,5,2
AT1G53500,22,23,28
AT2G09990,5,4,7
AT5G18380,5,4,7
AT1G63660,17,24,17
AT1G09780,20,25,15
AT1G21720,8,8,6
AT5G42960,7,8,8
AT4G04910,25,25,30
AT1G43170,12,11,19
AT3G47470,8,8,11
AT4G34670,9,9,10
AT5G16070,18,22,17
AT1G23860,8,5,7
AT1G75950,5,6,6
AT4G35260,13,13,13
AT1G55670,5,5,7
AT1G47128,17,15,17
AT1G53850,9,8,8
AT2G27860,14,14,13
AT3G58500,8,12,13
AT3G09680,0,4,0
AT5G02960,5,4,6
AT3G13580,0,7,0
AT2G44120,8,7,11
AT4G32260,7,8,8
AT3G58610,22,21,19
AT1G47250,12,9,8
AT4G15802,3,3,3
AT3G14210,14,12,15
AT5G20920,9,8,11
AT5G60790,17,22,23
AT5G65720,14,17,16
AT1G80480,17,17,12
AT3G10920,6,8,10
AT1G12840,12,10,17
AT1G06220,36,36,30
AT4G01310,8,9,10
AT1G62020,41,43,41
AT3G53110,20,15,16
AT3G15730,28,25,30
AT5G59910,5,0,0
AT3G45980,5,0,0
AT1G07790,5,0,0
AT3G46030,5,0,0
AT2G28720,5,0,0
AT5G22880,5,5,5
AT3G24490,11,13,10
AT3G56490,6,4,5
AT2G24590,8,5,7
AT2G27100,28,26,19
AT3G11910,55,39,18
AT1G09340,14,13,11
AT2G40660,15,15,9
AT3G63095,8,9,8
AT3G49430,12,9,9
AT3G11400,14,11,7
AT1G11840,12,10,10
AT5G12140,3,4,3
AT4G14680,18,15,13
AT3G56340,5,2,6
AT2G40590,0,2,0
AT2G40510,0,2,0
AT4G11420,34,20,44
AT4G09650,8,9,6
AT2G16600,5,7,5
AT5G30510,15,12,14
AT1G23310,15,18,14
AT3G12260,5,4,4
AT4G10450,7,5,7
AT1G27090,19,11,11
AT2G18960,29,20,44
AT1G12000,14,19,22
AT1G03630,12,12,15
AT3G44890,6,8,5
AT3G56190,11,8,9
AT3G45850,51,34,17
AT2G17870,9,10,10
AT3G08590,19,16,19
AT3G59970,18,16,23
AT3G02200,13,12,15
AT5G58490,10,10,11
AT5G25757,16,17,16
AT5G25754,16,17,16
AT3G46740,27,24,27
AT5G06600,52,33,21
AT4G39260,5,5,6
AT3G62830,15,15,12
AT4G34700,2,5,4
AT4G28470,28,28,28
AT1G09640,13,13,13
AT3G07770,27,27,21
AT4G17060,11,12,6
AT1G54020,11,10,14
AT1G68560,32,25,29
AT5G35360,18,19,15
AT3G28710,10,9,14
AT3G28715,10,9,14
AT5G43780,15,12,17
AT4G17390,5,6,8
AT4G16720,5,6,8
AT4G38740,6,4,6
AT3G42050,10,12,19
AT2G24200,17,16,15
AT2G19740,4,3,4
AT5G56710,4,3,4
AT4G26230,4,3,4
AT2G20760,10,11,10
AT3G14990,12,11,13
AT3G02090,17,17,15
AT3G29360,15,14,15
AT4G02770,7,7,5
AT3G03960,15,18,17
AT2G41840,9,7,10
AT5G13510,7,6,7
AT5G22060,15,12,11
AT3G55280,7,3,4
AT2G39460,0,3,4
AT5G14040,9,9,16
AT4G36020,12,8,7
AT4G14880,10,10,9
AT5G37510,23,23,21
AT1G62750,23,27,20
AT2G34480,7,4,7
AT1G29965,0,4,0
AT1G29970,0,4,0
AT2G29450,5,8,7
AT3G50360,6,7,2
AT1G02840,10,10,7
AT1G50370,9,10,8
AT4G31340,14,12,13
AT2G31390,12,8,9
AT3G63140,14,12,10
AT5G61790,17,15,15
AT2G39770,12,10,10
AT3G06580,15,13,16
AT5G41520,5,4,7
AT3G45030,4,3,4
AT5G62300,4,3,4
AT1G77440,6,6,6
AT2G44530,9,7,19
AT3G16980,2,5,3
AT1G61520,7,8,9
AT1G20200,12,9,22
AT4G34870,5,6,4
AT3G48930,4,4,6
AT5G19370,8,8,10
AT5G26360,13,18,17
AT5G23940,17,10,15
AT3G08580,10,10,13
AT1G04510,12,19,14
AT3G20050,17,15,15
AT3G29030,7,7,8
AT5G59880,4,3,5
AT5G08640,10,6,13
AT3G20390,6,6,4
AT1G51650,2,2,2
AT3G17020,4,4,6
AT1G68010,12,11,10
AT2G24270,15,12,16
AT4G34050,8,7,7
AT4G31990,13,17,9
AT5G19510,6,6,7
AT4G27320,7,8,7
AT2G47240,14,14,28
AT4G25740,5,5,5
AT5G52650,5,5,5
AT1G51060,4,4,3
AT4G27230,4,4,3
AT5G54640,4,4,3
AT4G16143,15,15,15
AT1G72150,15,16,17
AT5G19760,8,7,10
AT5G66190,11,11,8
AT1G69830,30,24,20
AT3G23990,18,19,11
AT1G07360,12,16,12
AT4G02450,7,7,6
AT5G45620,11,10,11
AT3G13200,6,6,7
AT2G13360,12,10,11
AT1G01080,8,8,8
AT1G14320,6,5,7
AT3G52880,13,13,12
AT1G79010,7,6,5
AT3G51240,10,10,9
AT4G24280,21,23,14
AT1G30230,8,8,5
AT5G06290,8,8,6
AT3G18190,13,19,11
AT5G03290,9,10,11
AT4G19006,13,8,10
AT5G66680,12,12,11
AT4G25550,7,5,4
ATCG01120,2,3,2
AT2G18740,3,2,2
AT4G30330,3,2,2
AT4G35630,12,14,8
ATCG00380,4,4,8
AT5G61020,15,14,10
AT1G34030,3,4,5
AT1G22780,3,4,5
AT4G09800,3,4,5
AT2G40290,8,12,7
AT4G17530,0,3,0
AT5G47200,5,3,8
AT4G16130,29,21,32
AT2G15430,8,9,8
AT3G63490,10,10,7
AT4G30010,2,3,2
AT4G11820,12,11,13
AT3G02360,12,9,17
AT5G17770,5,5,12
AT2G25110,6,4,7
AT5G01410,9,6,9
AT5G63670,4,2,3
AT1G04170,11,10,15
AT1G03860,9,7,6
AT4G25080,9,7,8
AT5G49910,20,21,14
AT1G04680,11,12,10
AT3G04790,7,8,6
AT2G21170,9,8,7
AT5G05590,7,6,8
AT1G07780,0,0,8
AT1G79530,9,13,10
AT3G15020,7,7,12
AT3G63460,28,23,33
AT1G16350,13,14,11
AT1G22920,7,11,9
AT3G55610,18,18,19
AT4G16450,3,3,2
AT3G07480,2,5,5
AT4G38630,10,12,7
AT2G42210,5,4,4
AT5G46430,3,3,4
AT2G47470,11,10,6
AT4G34200,16,17,12
AT2G32730,27,24,24
AT5G54770,10,8,8
AT4G21650,20,18,19
AT1G16890,4,4,4
AT4G32460,8,10,9
AT1G75560,6,6,7
AT4G15210,14,5,18
AT3G61650,10,10,15
AT1G15820,7,5,7
AT4G24510,14,7,10
AT3G47810,6,3,5
AT2G45790,4,7,7
AT1G56450,6,6,6
AT2G36130,4,4,4
AT2G36250,12,11,12
AT3G52960,6,7,4
AT1G50480,15,18,13
AT5G66760,15,14,17
AT3G03250,11,11,12
AT3G23730,7,8,6
AT5G45930,10,14,6
AT3G07010,12,9,9
AT5G47890,2,2,3
AT5G08530,15,10,10
AT3G27280,7,7,6
AT3G57610,12,12,11
AT5G09900,10,11,12
AT2G34560,10,10,8
AT2G17130,9,11,6
AT4G00810,3,3,2
AT5G56500,15,16,11
AT1G03475,7,13,7
AT4G28750,4,4,2
AT5G66420,17,15,21
AT4G34230,7,9,9
AT5G05010,12,9,16
AT5G15520,3,3,0
AT5G61170,3,3,4
AT2G33800,7,9,5
AT1G19920,13,13,7
AT5G66570,10,9,4
AT5G05620,9,10,14
AT5G16960,9,7,8
AT1G78370,7,3,5
AT3G42170,19,13,16
AT2G43360,8,8,10
AT1G23190,12,13,15
AT1G74960,12,14,11
AT2G19480,11,6,9
AT3G20670,4,3,2
ATMG00070,3,4,6
AT1G52360,21,24,21
AT4G30190,20,15,32
AT1G27400,5,2,5
AT1G67430,5,2,0
AT1G70410,8,4,7
AT5G02240,6,7,4
AT4G33010,21,22,27
AT5G59290,5,10,9
AT2G44730,8,9,8
AT1G43190,8,10,11
AT5G57655,9,11,12
AT4G02060,22,14,12
AT3G13930,14,12,10
AT3G21140,4,6,16
AT2G41475,3,3,6
AT2G05990,12,8,6
AT1G58684,6,5,8
AT1G58983,6,5,8
AT1G59359,6,5,8
AT1G58380,6,5,8
AT5G58230,11,10,7
AT4G37910,16,17,12
AT3G18410,3,2,2
AT3G52180,11,7,7
AT5G41670,10,13,9
AT5G51410,9,7,6
AT5G40200,11,13,15
AT5G11200,10,8,12
AT5G11170,10,8,12
AT3G57990,6,9,9
AT3G06730,2,4,6
AT1G65220,7,7,13
AT4G24830,9,16,7
AT1G63780,7,10,2
AT5G03740,7,10,2
AT3G13570,5,6,6
AT1G65270,7,5,7
ATCG00680,12,9,12
AT3G61240,9,15,8
AT3G55460,8,3,6
AT5G39320,12,9,10
AT3G06810,16,20,17
AT5G15490,12,8,11
AT3G48750,5,5,9
AT2G27020,5,6,5
AT3G61820,8,10,13
AT4G35100,4,5,9
AT1G32220,7,5,7
AT1G17890,8,6,7
AT1G04690,7,6,8
AT1G16470,0,4,3
AT1G79210,8,0,3
AT4G24130,4,3,3
AT3G48730,10,11,9
AT1G54690,4,3,2
AT1G08880,4,3,2
AT3G52750,10,10,10
AT1G10200,4,5,3
AT3G15980,21,17,21
AT2G41530,7,5,6
AT1G63000,6,7,6
AT1G04710,9,9,10
AT3G11830,11,15,9
AT1G72610,4,6,3
AT5G55940,4,6,3
AT1G12780,9,7,6
AT4G26900,10,15,12
AT5G13780,5,4,3
AT4G02620,2,3,3
AT1G52410,16,19,12
AT2G20420,9,11,6
AT1G68530,9,6,16
AT5G14910,4,4,3
AT4G21110,4,2,3
AT3G16140,4,2,3
AT1G02090,5,7,4
AT5G16440,7,5,6
AT3G26420,5,6,4
AT2G34160,3,2,3
AT5G11670,12,13,11
AT1G56110,10,10,12
AT1G63770,21,19,22
AT3G15680,3,4,3
AT5G64040,3,5,3
AT5G13930,9,9,6
AT1G29670,5,10,7
AT4G34740,13,12,9
AT2G30970,8,10,8
AT1G02280,3,6,9
AT5G05550,4,6,5
AT3G27690,6,5,5
AT2G05070,6,5,5
AT2G05100,6,5,5
AT1G07320,7,5,5
AT1G12920,8,12,6
AT4G31700,6,4,5
AT1G53310,19,15,24
AT1G29930,4,4,8
AT1G29920,4,4,8
AT2G34420,4,4,8
AT2G34430,4,0,0
AT1G29910,4,4,8
AT1G64190,9,12,8
AT1G51980,8,11,11
AT1G20020,10,7,5
AT1G70830,6,6,8
AT4G38680,4,6,2
AT1G53280,10,9,7
AT2G17630,8,10,7
AT3G46970,18,15,17
AT1G35310,2,2,5
AT3G06650,11,11,14
AT5G64260,5,7,6
AT2G22250,8,8,12
AT1G09620,21,18,25
AT1G32990,3,4,6
AT1G20950,13,8,15
AT1G30580,7,7,9
AT5G23140,5,5,4
AT3G05060,10,10,11
AT1G55890,6,10,7
AT1G08520,15,15,14
AT2G18020,7,3,5
AT3G62600,6,7,7
AT5G50850,6,7,8
AT5G55670,17,13,11
AT2G38770,26,32,29
AT5G09440,4,6,6
AT2G01350,7,7,6
AT4G34110,12,15,9
AT3G04930,7,13,6
AT5G05270,5,3,4
AT5G41210,5,5,4
AT2G33370,3,2,3
AT3G04400,3,2,3
AT1G04480,3,2,3
AT1G10370,3,3,7
AT3G11100,3,8,3
ATMG00480,3,2,4
AT2G07707,3,2,4
AT3G63250,8,3,8
AT5G12190,2,3,2
AT3G19820,9,6,17
AT1G79930,17,15,15
AT5G40760,13,11,5
AT5G26830,15,13,12
AT4G24780,7,8,8
AT5G13650,13,15,10
AT3G25800,11,12,10
AT3G25860,11,8,8
AT4G37980,5,7,8
AT1G75660,28,17,12
AT3G53990,2,2,5
AT2G17280,4,8,3
AT3G22425,6,5,4
AT5G20160,2,3,3
AT4G22380,2,3,3
AT5G42970,5,9,8
ATCG00360,3,2,2
AT2G47710,4,2,3
AT3G25530,3,6,7
AT1G75990,8,7,12
AT3G10690,12,24,16
AT3G57150,8,12,11
AT3G48680,5,6,3
AT4G22240,6,6,5
AT3G03340,10,7,5
AT4G26300,14,11,10
AT3G49870,3,3,4
AT5G10540,13,11,14
AT5G55070,9,10,6
AT1G79920,15,13,17
AT5G12940,4,8,8
AT1G34430,9,9,7
AT1G78630,3,4,6
AT2G41040,6,5,8
AT3G59920,8,4,12
AT1G02205,8,7,19
AT3G55430,10,8,6
AT2G36870,6,5,5
AT5G05670,6,2,6
AT3G22330,9,10,14
AT2G45810,9,14,5
AT1G20580,3,2,2
AT5G59870,3,2,3
AT5G64460,4,5,6
AT5G54810,8,7,10
AT1G73110,6,6,11
AT1G06000,7,8,8
AT1G27450,5,5,5
AT5G16130,3,4,3
AT1G16460,5,6,7
AT1G72970,8,13,10
AT5G24020,4,7,6
AT4G39680,10,13,10
AT4G35420,6,6,5
AT5G64760,8,9,6
AT3G61760,14,5,13
AT4G35000,5,4,6
AT5G19550,6,9,6
AT1G51710,9,9,7
AT5G33370,5,7,7
AT1G63310,2,2,4
AT4G00660,9,11,6
AT2G33210,10,15,5
AT1G04530,5,5,6
AT1G54010,9,3,8
AT3G27430,0,0,3
AT5G40580,4,7,3
AT3G18165,5,4,4
AT1G74470,8,7,9
AT1G54080,9,8,5
AT2G38270,5,5,5
AT5G14030,4,2,4
AT3G51160,8,5,6
AT3G56940,7,2,12
AT1G74910,5,9,7
AT5G63570,7,9,8
AT5G54600,4,4,2
AT4G21150,12,12,11
AT2G03510,4,6,8
ATCG00280,7,5,12
AT5G63510,5,6,3
AT5G51110,4,5,2
AT4G20050,10,11,3
AT1G15690,12,5,22
AT4G36130,6,2,5
AT1G77670,8,7,7
AT5G47500,8,7,3
AT5G62670,11,9,28
AT2G38670,7,5,9
AT3G54890,5,3,4
AT2G20360,8,5,7
AT1G31330,3,3,5
AT2G31670,5,5,3
AT1G14410,4,5,4
AT4G16155,9,15,7
AT2G42740,3,3,3
AT3G58700,3,3,3
AT4G18730,3,3,3
AT5G45775,3,3,3
AT2G24765,3,3,3
AT2G19520,8,9,8
AT3G02780,4,5,5
AT1G25490,8,10,11
AT3G19120,7,7,8
AT4G33510,7,8,10
AT5G11420,5,6,7
AT4G23650,8,7,11
AT1G04810,16,16,17
AT4G27585,7,8,5
AT3G61440,6,5,7
AT4G18060,4,9,4
AT5G55280,8,9,4
AT4G28510,6,5,3
AT1G65960,7,8,9
AT3G16950,8,16,6
AT4G38220,8,7,6
AT3G13160,6,7,6
AT5G65620,13,12,13
AT2G35490,6,7,5
AT1G56580,2,2,4
AT2G43970,7,11,8
AT1G74970,4,2,4
AT3G14390,7,9,7
AT1G20220,4,5,6
AT1G77510,10,10,4
AT1G22410,6,8,11
AT1G01300,7,7,9
AT1G10580,8,12,7
AT1G01050,3,4,3
AT1G48350,2,3,3
AT1G13060,5,5,4
AT1G66430,7,7,4
AT5G62390,8,6,7
AT3G14100,8,8,4
AT3G22960,8,10,10
AT4G29830,4,7,4
AT3G18790,4,6,4
AT3G29320,13,16,16
ATCG00540,6,4,5
AT1G70730,11,9,11
AT4G35830,12,13,17
AT1G02140,2,2,3
AT4G34660,6,7,4
AT3G19130,7,7,6
AT2G21870,2,5,4
AT1G54000,8,4,6
AT5G42820,4,4,5
AT5G61780,12,17,16
AT4G26110,5,6,6
AT2G33430,4,3,3
AT3G15000,7,6,5
AT1G61150,4,5,2
AT3G52990,8,7,9
AT2G38110,5,3,15
AT5G09590,13,9,9
AT5G15610,6,7,7
AT4G18100,2,2,2
AT5G26780,8,9,7
AT2G26140,11,14,7
AT2G19940,7,4,7
AT4G08950,5,5,4
AT4G26530,5,5,6
AT4G34980,12,8,14
AT5G14780,6,5,6
AT1G06550,6,6,5
AT5G43500,10,10,6
AT5G04130,10,11,11
AT5G60640,10,10,6
AT5G67360,11,12,10
AT1G02560,6,4,3
AT1G68300,2,2,3
AT2G40100,5,4,3
AT1G02150,5,4,14
AT2G42600,14,11,17
AT1G11910,7,7,8
AT2G18110,3,4,3
AT3G27925,6,7,6
AT4G13430,7,7,8
AT3G11710,8,10,9
AT1G02050,6,6,5
AT5G10980,2,2,0
AT5G10390,2,2,2
AT4G40040,2,2,0
AT1G13370,2,2,2
AT5G65350,2,2,2
AT5G65360,2,2,2
AT3G27360,2,2,2
AT5G10400,2,2,2
AT4G40030,2,2,2
AT1G09200,2,2,2
AT5G13380,12,5,10
AT5G14170,8,7,8
AT3G27380,4,4,4
AT5G18420,8,5,6
AT1G05720,2,2,3
AT3G12490,4,3,3
AT2G27530,2,0,5
AT5G22440,2,0,5
AT1G08360,2,2,6
AT3G61470,3,3,5
AT4G14160,13,9,11
AT5G28040,6,9,3
AT1G75270,3,4,2
AT4G23600,6,4,8
AT4G11010,2,6,2
AT5G22650,4,4,5
AT4G22010,4,7,12
AT1G79990,16,17,15
AT1G62640,6,7,4
AT3G20000,5,5,3
AT5G14250,6,8,4
AT1G71220,25,23,20
AT2G38230,4,5,4
AT5G48480,3,2,2
AT5G08280,8,6,2
AT2G19730,2,2,2
AT2G32520,3,4,3
AT4G29840,8,7,7
AT1G71500,4,4,4
AT5G54270,3,4,4
AT3G61860,6,2,3
AT5G52920,7,9,8
AT5G09660,5,6,4
AT2G05710,15,13,13
AT3G06720,7,8,7
AT1G52230,2,2,2
AT3G06850,7,6,7
AT2G37340,5,3,4
AT4G19210,7,8,10
AT3G46780,5,8,8
AT1G35680,3,4,2
AT4G27000,6,6,5
ATCG00670,3,3,2
AT2G22230,3,3,3
AT4G01050,6,7,6
AT1G13320,7,7,10
AT2G30110,16,15,13
AT5G46790,3,3,3
AT1G09230,6,6,6
AT2G43950,3,4,7
AT3G26340,2,6,3
AT4G35250,5,6,5
AT1G68750,24,6,12
AT3G55120,2,2,6
AT3G07390,3,4,4
AT4G29130,7,6,7
AT1G20960,28,31,28
AT3G02110,7,5,7
AT3G09810,3,5,7
AT4G24800,9,11,8
AT2G21060,3,3,2
AT2G07690,12,9,8
AT2G39900,3,2,3
AT2G15690,8,9,6
AT2G05920,9,10,11
AT2G45960,3,3,6
ATCG00020,4,5,5
AT1G30530,7,5,6
AT4G04460,8,6,6
AT3G62120,5,4,12
AT4G04950,5,11,3
AT4G34180,3,4,3
AT1G07750,4,4,6
AT3G53520,6,5,7
AT3G58750,6,7,7
AT2G28950,3,3,4
AT3G53580,5,5,4
AT2G28470,12,10,11
AT1G21700,13,14,4
AT2G32920,5,5,7
AT1G17745,12,7,6
AT3G61430,3,3,5
AT5G02790,2,3,4
AT1G79340,3,5,8
AT3G18420,4,5,3
AT5G58390,4,5,3
AT3G15610,5,4,4
AT3G55800,8,3,4
AT1G33590,6,6,6
AT1G60850,3,8,3
AT2G44640,6,5,6
AT4G03520,3,2,2
AT5G66470,4,7,5
AT3G07220,5,4,3
AT5G26710,9,8,10
AT3G51800,4,6,5
AT3G17590,3,4,2
AT1G01090,5,5,6
AT2G30490,6,3,10
AT1G73250,4,5,3
AT4G10955,5,5,3
AT1G62380,3,2,7
AT1G23820,5,5,4
AT3G01980,4,3,4
AT1G11650,5,4,6
AT2G04842,7,8,9
AT5G08120,6,4,2
AT5G59840,2,2,4
AT3G46060,2,2,4
AT2G35390,3,2,10
AT5G53060,8,8,8
AT5G41770,7,8,11
AT1G62940,9,4,7
AT2G36620,0,2,2
AT3G53020,2,2,2
AT5G48300,6,7,6
AT4G25500,0,0,4
AT5G52040,5,4,4
AT5G13430,4,2,4
AT5G13440,4,2,4
AT2G26080,15,11,12
AT3G10270,11,10,7
AT3G61220,4,3,4
AT3G57520,14,5,9
AT4G38130,7,7,4
AT3G18490,7,6,5
AT5G43830,4,3,2
AT3G59510,8,5,2
AT2G43750,6,5,3
AT2G46520,8,8,19
AT3G54470,4,6,7
AT2G16440,10,12,8
AT5G14320,2,2,2
AT1G76550,7,5,10
AT1G51560,3,3,8
AT1G16610,5,6,4
AT4G20440,3,4,2
AT5G44500,3,4,2
AT1G54570,9,5,11
AT4G20260,3,2,3
AT5G60540,4,2,3
AT3G22200,6,7,5
AT1G02690,7,5,7
AT4G02990,4,7,8
AT5G14590,7,5,5
AT1G48480,8,6,9
AT1G30070,2,3,3
AT1G72810,5,7,6
AT5G23120,6,6,2
AT1G01620,3,3,4
AT5G07350,9,12,14
AT4G23400,2,3,5
AT4G00430,2,3,5
AT2G05830,3,4,6
AT4G39480,4,4,10
AT4G04020,4,4,3
AT3G25050,4,4,2
AT5G47030,3,2,2
AT3G05420,10,6,7
AT5G23310,3,3,3
AT5G06060,2,4,3
AT3G07300,6,4,4
AT1G52510,4,4,5
AT3G11730,3,2,2
AT3G22320,2,2,3
AT1G01800,3,4,3
AT1G66530,7,7,6
AT1G08110,2,2,4
AT1G15140,4,3,3
AT1G57750,3,2,12
AT2G44350,7,5,4
AT3G12930,3,3,2
AT5G54900,4,5,4
AT3G63130,5,6,7
AT1G54340,5,4,5
AT3G48000,8,7,3
AT2G44160,6,5,9
AT3G03060,7,8,6
AT1G26480,4,2,3
AT2G26280,4,6,9
AT1G71820,8,5,13
AT2G02560,10,7,24
AT5G27380,6,5,7
AT3G12050,3,4,5
AT4G33580,2,5,3
AT5G13680,15,11,18
AT1G29220,4,5,3
AT3G42960,4,3,2
AT3G25580,0,0,3
AT2G18990,2,2,3
AT2G30950,7,8,8
AT1G29880,5,10,9
AT1G30360,8,4,12
AT1G18250,2,3,3
AT1G12230,4,5,5
AT5G51550,3,5,3
AT4G10840,3,7,10
AT3G20630,9,10,7
AT4G35785,3,2,3
AT5G45750,2,3,2
AT4G18800,0,3,2
AT4G39080,5,5,17
AT3G10670,4,4,3
AT1G80070,23,24,30
AT1G63940,4,7,5
AT2G20990,6,3,10
AT4G13780,10,6,10
AT2G26250,4,3,11
AT1G76400,6,5,9
AT3G49601,6,10,3
AT1G33430,6,5,2
AT5G62790,5,7,4
AT5G03630,5,6,3
AT3G63410,3,2,6
AT5G22640,7,11,10
AT1G43670,2,3,6
AT5G56950,4,4,4
AT5G51750,8,9,8
AT3G55360,3,2,5
AT3G62030,3,4,3
AT2G24420,5,6,3
AT1G15200,4,5,6
AT4G12800,2,2,3
AT5G56280,2,6,2
AT5G47010,18,9,13
AT5G41950,5,5,8
AT4G26870,6,3,8
AT2G46910,4,3,2
AT3G44330,5,4,9
AT3G13460,7,10,4
AT1G10670,6,5,3
AT1G19880,7,6,4
AT4G11380,8,8,13
AT2G04280,5,4,9
AT1G49600,6,4,4
AT2G47940,6,8,5
AT5G22770,7,6,0
AT5G22780,7,6,19
AT5G56680,6,4,8
AT5G63680,4,5,7
AT4G05420,10,12,12
AT2G16940,8,7,4
AT4G02480,16,17,6
AT4G06634,7,3,2
AT5G01530,3,2,4
AT3G17840,7,6,7
AT4G27570,6,3,5
AT1G59900,5,3,4
AT4G37990,4,4,3
AT1G07140,3,2,2
AT2G31810,6,4,5
AT5G36700,2,3,6
AT5G36790,2,3,6
AT1G18500,6,8,5
AT5G55130,3,5,6
AT5G47870,2,2,2
AT3G10350,4,4,5
AT1G74920,3,6,6
AT1G44900,10,10,8
AT5G27120,5,4,7
AT4G22140,3,2,2
AT3G24170,5,3,7
AT5G13710,4,4,2
AT4G29810,3,5,3
AT4G37870,10,4,6
AT5G17020,9,8,15
AT3G13300,15,9,16
AT5G04590,7,5,7
AT3G43300,15,15,22
AT1G06950,10,8,12
AT1G77180,6,7,5
AT1G51760,5,3,5
AT5G16290,4,5,5
AT4G39660,7,3,4
AT2G47620,6,5,4
AT5G28740,11,5,11
AT5G05470,2,5,3
AT1G19580,3,3,2
AT2G25430,8,6,5
AT3G01540,7,6,5
AT2G44100,3,3,7
AT4G23460,5,8,13
AT1G43710,7,3,4
AT5G44635,12,8,4
AT4G39960,4,3,6
AT5G27470,4,4,5
AT5G05000,3,2,4
AT1G27390,2,2,2
AT1G55325,17,20,20
AT1G51690,6,8,3
AT5G02890,2,3,5
AT1G50250,7,7,6
AT5G42270,7,7,6
AT1G14710,7,4,6
ATCG00270,4,2,4
AT1G01510,9,3,6
AT5G63620,2,5,5
AT5G14610,8,7,5
AT5G45950,3,3,4
AT2G38610,3,2,3
AT2G37660,3,4,2
AT1G76160,5,5,5
AT5G52520,5,6,4
AT4G24840,8,5,8
AT1G64350,3,3,3
AT1G32730,3,3,3
AT3G60600,2,3,2
AT4G39520,2,6,2
AT1G16340,3,3,2
AT1G25083,2,2,0
AT1G24909,2,2,0
AT1G25155,2,2,0
AT1G24807,2,2,0
AT1G25220,2,2,3
AT5G57890,2,2,0
AT1G65650,4,2,3
AT3G62940,4,3,2
AT5G13010,15,10,9
AT1G49430,4,6,8
AT5G16310,4,3,2
AT5G19960,3,4,2
AT5G40870,4,4,5
AT4G32285,8,4,5
AT1G73620,2,3,2
AT1G14810,2,3,5
AT2G02740,2,3,2
AT1G80410,7,5,12
AT4G38800,2,2,3
AT2G44590,5,5,6
AT5G58470,4,4,3
AT2G34970,6,7,6
AT3G62360,11,10,11
AT1G44835,3,3,2
AT1G60710,3,2,4
AT1G72880,4,3,3
AT3G48500,6,8,4
AT1G36160,24,4,31
AT4G28480,3,3,3
AT1G77590,5,2,11
AT5G67240,8,9,3
AT5G42100,4,2,5
AT5G20950,5,5,6
AT1G73720,5,6,2
AT3G54090,4,5,3
AT1G80930,6,7,10
AT3G17170,2,3,3
AT4G16390,7,3,8
AT1G17840,5,4,9
AT3G08740,2,2,2
AT3G49240,8,4,4
AT1G78580,10,5,9
AT2G45140,2,2,2
AT4G32910,6,3,9
AT1G80270,5,2,8
AT5G44630,3,2,9
AT4G35850,4,4,3
AT4G39980,4,5,4
AT5G58330,4,3,4
AT3G57890,4,6,5
AT1G79750,5,4,7
AT1G15730,4,4,3
AT3G04290,3,3,3
AT4G02510,10,11,16
AT4G31810,4,4,2
AT1G09750,5,3,3
AT5G07440,3,4,3
AT2G43910,2,2,2
AT4G18970,3,3,4
ATCG00740,2,3,3
AT1G11750,2,3,2
AT5G65010,4,6,4
AT1G16880,2,3,2
AT3G43540,2,4,3
AT1G09270,4,5,4
AT5G47690,12,8,19
AT5G04430,2,4,2
AT1G79230,2,5,2
AT3G54050,3,3,4
AT4G35800,16,14,14
AT5G45390,2,2,3
AT1G56050,4,3,3
AT2G41540,3,3,5
AT3G26520,2,2,2
AT3G52150,2,2,2
AT3G60240,14,11,16
AT1G64550,5,4,8
AT1G13280,2,2,2
AT4G13710,2,6,3
AT5G65780,4,15,5
AT5G65770,4,15,5
AT5G24520,3,3,2
AT4G21710,10,5,13
AT3G27740,3,5,2
AT4G26510,3,3,5
AT5G12950,5,9,6
AT5G16930,6,5,4
AT3G56860,2,7,2
AT3G02720,3,2,4
AT4G23100,4,5,3
AT1G64440,3,3,2
AT3G57560,4,2,2
AT5G12370,3,7,9
AT3G49720,2,2,2
AT5G16510,3,2,3
AT2G43790,3,4,2
AT1G70770,4,3,7
AT5G24490,2,3,2
AT1G07370,2,2,2
AT2G29570,2,2,2
AT3G02630,4,2,3
AT1G01910,3,2,3
AT4G36250,2,2,7
AT1G09020,3,3,5
AT5G46750,2,4,3
AT4G15560,4,8,4
AT3G13224,3,3,2
AT3G18000,4,3,4
AT5G62190,6,4,5
AT3G55200,10,10,7
AT3G55220,10,10,7
AT4G23500,4,4,3
AT2G16950,5,4,11
AT1G18070,4,5,3
AT2G43030,2,2,2
AT3G07100,7,6,10
AT5G64270,8,8,12
AT5G51970,4,2,2
AT1G24360,3,2,2
AT1G79470,4,4,3
AT4G27060,7,4,8
AT5G19620,4,6,6
AT4G01100,2,3,3
AT2G37550,4,2,4
AT5G24710,9,11,10
AT1G50200,7,4,11
AT4G33680,4,4,2
AT1G64790,16,13,30
AT3G55410,9,5,8
AT2G01720,2,2,6
AT5G61410,2,2,2
AT2G06210,8,8,7
AT5G46180,4,3,3
AT1G32500,4,3,3
AT3G03950,5,2,2
AT5G15550,2,5,2
AT1G04430,3,5,5
AT5G03160,2,5,3
AT3G04610,5,4,3
AT3G14067,7,7,2
AT2G21410,4,4,9
AT2G37040,6,3,6
AT3G28860,5,4,17
AT3G01780,7,9,8
AT1G24180,2,3,3
AT1G75930,2,2,3
AT3G14180,3,3,3
AT1G73670,0,2,0
AT1G18150,3,2,7
AT5G60600,5,6,4
AT5G11520,3,4,2
AT2G04570,2,3,2
AT1G20670,5,6,2
AT5G51070,7,4,8
AT2G20890,2,2,2
AT3G43590,4,4,3
AT1G02800,2,4,4
ATCG00350,5,4,6
AT5G63190,5,4,5
AT5G10840,0,2,0
AT5G25100,5,2,6
AT2G07560,4,3,12
AT4G32180,6,3,9
AT5G64200,2,2,2
AT1G72680,3,2,2
AT4G33760,5,5,3
AT2G28680,2,2,3
AT4G27500,4,4,4
AT3G28790,4,2,6
AT3G19170,6,10,5
AT2G18790,6,5,12
AT3G48560,3,6,4
AT3G49680,3,3,2
AT5G42220,5,6,6
AT5G26860,6,9,3
AT5G51820,5,4,3
AT4G04040,5,2,4
AT3G54640,2,2,2
AT2G33610,4,3,2
AT1G22940,3,4,3
AT4G33220,3,5,2
AT2G45470,2,4,2
AT3G23840,3,3,2
AT1G60420,3,4,4
AT4G02570,6,4,4
AT2G18330,5,4,3
AT3G17240,2,5,2
AT1G48030,3,5,2
AT1G79940,3,3,7
AT4G31120,3,6,3
AT4G08390,3,2,2
AT5G47770,3,2,2
AT4G17190,0,0,2
AT5G44320,4,4,3
AT4G20980,4,4,3
AT1G01960,9,4,20
AT2G20860,2,2,3
AT3G20810,2,3,3
AT4G15900,2,4,3
AT1G63640,10,3,7
AT5G40480,8,6,22
AT4G33400,3,3,6
AT5G28500,3,3,2
AT5G13110,4,4,3
AT1G24280,0,4,0
AT4G14030,3,4,2
AT4G10320,8,4,10
AT2G22125,9,3,28
AT1G41830,4,2,4
AT2G47510,3,3,3
AT4G20850,8,11,6
AT5G04140,7,10,13
AT1G49970,2,3,2
AT2G22360,2,3,3
AT1G52760,2,2,2
AT4G29060,3,11,3
AT4G14360,4,3,0
AT3G23300,4,3,4
AT1G12360,4,3,5
AT2G31060,4,4,4
AT1G12380,6,4,4
AT4G21670,8,6,3
AT5G57110,4,3,12
AT5G65750,6,4,8
AT2G03120,2,2,2
AT4G36690,4,3,3
AT5G43060,2,3,3
AT5G44620,2,2,5
AT2G15860,4,3,2
AT5G18550,3,2,3
AT4G33090,5,4,6
AT4G10610,2,2,2
AT1G32790,0,0,2
AT3G54230,6,5,6
AT3G06350,4,4,2
AT1G09770,4,5,5
AT1G17290,2,3,4
AT3G06480,8,5,5
AT5G13980,8,3,6
AT4G23850,2,4,5
AT3G01180,4,5,4
AT3G09100,5,4,2
AT1G21540,5,2,2
AT2G39670,2,3,2
AT4G08350,8,3,6
AT1G14850,6,3,15
AT5G11560,3,4,9
AT2G13560,3,4,3
AT2G06990,5,5,6
AT1G29900,6,6,7
AT1G14000,3,2,2
AT4G34460,2,2,2
AT4G10710,7,7,3
AT5G02940,2,3,8
AT5G21060,2,2,2
AT5G49810,4,5,8
AT3G63400,4,3,2
AT5G13280,5,2,2
AT5G38830,3,3,2
AT3G61050,3,2,3
AT5G35790,3,3,3
AT4G21100,6,5,6
AT5G64090,2,2,3
AT1G70320,15,13,29
AT3G14310,2,5,2
AT5G16240,2,2,2
AT5G35430,2,3,7
AT4G32520,3,3,2
AT3G10380,3,5,8
AT1G67680,2,5,3
AT2G43710,2,2,2
AT1G15750,6,2,9
AT1G80490,0,2,9
AT1G29320,3,2,2
AT5G53480,3,3,7
AT4G00570,2,3,4
AT3G16170,2,3,3
AT5G07530,3,2,3
AT1G73460,5,4,8
AT1G73450,5,4,0
AT2G36200,6,5,4
AT2G17980,4,3,2
AT1G09870,3,2,2
AT1G02080,7,8,20
AT1G65060,3,3,2
AT3G01310,4,7,4
AT5G49500,0,2,0
AT1G48900,3,2,2
AT1G06410,4,2,6
AT3G58140,2,2,2
AT1G65440,10,5,8
AT4G16660,4,5,3
AT2G05170,4,3,6
AT1G03230,2,2,2
AT2G20190,5,3,12
AT5G46210,2,2,7
AT1G09850,2,2,2
AT5G20280,5,3,6
AT3G52140,7,3,9
AT5G61970,2,2,4
AT5G22740,3,2,2
AT5G60980,2,2,2
AT4G24620,3,2,3
AT5G08610,4,3,4
AT4G09730,3,2,3
AT2G17410,4,4,2
AT3G52200,3,4,2
AT3G44340,6,2,6
AT3G02260,10,3,52
AT1G67230,4,7,3
AT3G50590,8,5,7
AT2G32700,4,2,4
AT2G41740,4,5,3
AT1G04080,3,4,3
AT5G13300,2,5,3
AT3G06400,3,3,0
AT5G18620,3,3,7
AT1G45332,3,3,3
AT2G45030,3,3,3
AT3G03380,6,5,2
AT3G04050,2,2,2
AT3G25960,2,2,2
AT3G55650,0,0,2
AT2G27170,5,6,3
AT5G65110,4,2,2
AT1G48860,2,2,2
AT2G45300,0,2,2
AT5G57870,5,2,2
AT4G02350,2,4,3
AT4G35790,4,2,4
AT4G27640,3,2,7
AT3G05350,3,3,2
AT1G79600,2,2,4
AT5G16300,4,3,5
AT3G63070,6,6,3
AT1G60070,3,3,4
AT2G21790,2,4,3
AT3G62310,3,3,2
AT5G56290,3,3,2
AT3G59770,5,4,9
AT4G36760,2,2,3
AT4G35310,2,2,2
AT5G19820,3,3,6
AT4G33150,4,3,4
AT1G23900,4,3,2
AT5G15450,4,2,4
AT3G48110,3,3,5
AT4G12420,2,2,2
AT5G18410,6,3,4
AT1G61010,3,2,2
AT3G14120,3,6,2
AT1G15440,3,4,2
AT2G36850,5,5,9
AT1G71270,3,2,2
AT3G04260,2,3,4
AT4G01400,3,2,6
AT3G23750,2,2,5
AT1G80680,3,3,4
AT2G45000,2,3,2
AT1G50500,3,3,2
AT2G05120,4,4,4
AT5G46070,3,3,4
AT3G61690,6,3,3
AT3G14240,2,3,2
AT5G04885,2,2,2
AT4G38600,5,4,8
AT3G06980,2,2,3
AT3G09090,3,2,3
AT2G16640,2,3,0
AT3G16620,0,3,5
AT2G29080,2,3,2
AT1G07510,0,0,2
AT3G07160,4,3,9
AT2G47390,3,3,2
AT1G05910,5,2,3
AT5G64580,2,3,2
AT3G02760,3,2,2
AT4G12780,2,2,3
AT4G12770,2,2,3
AT2G07360,4,2,3
AT1G09060,2,3,2
AT2G26780,3,3,7
AT2G45540,6,2,13
AT5G39500,3,2,5
AT1G48410,2,2,3
AT5G63840,2,2,2
AT5G51200,2,2,8
AT5G54440,3,2,3
AT4G03550,3,2,5
AT4G16340,2,4,4
AT5G11040,2,2,2
AT2G35630,2,4,3
AT2G48160,2,2,2
AT2G46020,2,4,2
AT5G14620,203,231,0
AT1G74050,11,11,0
AT5G35530,8,14,0
AT3G60770,6,7,0
AT5G57290,4,6,0
AT5G66140,9,9,0
AT5G43330,10,11,0
AT1G29250,4,4,0
AT3G23490,4,5,0
AT1G03330,3,2,0
AT2G05840,7,6,0
AT1G76860,3,2,0
AT4G25210,6,12,0
AT1G17100,5,6,0
AT1G78040,2,6,0
AT5G17440,12,7,0
AT5G42190,4,4,0
AT2G20530,6,7,0
AT5G66510,7,5,0
AT4G16265,3,2,0
AT1G67350,2,2,0
AT4G22570,5,2,0
AT5G20090,2,2,0
AT4G05530,3,6,0
AT1G54290,2,2,0
AT5G54760,2,2,0
AT4G27130,2,2,0
AT5G11880,8,9,0
AT3G06050,4,3,0
AT3G59600,3,2,0
AT1G63180,9,3,0
AT5G51100,3,7,0
AT2G43090,4,4,0
AT3G56090,2,6,0
AT1G06680,5,3,0
AT4G26910,7,7,0
AT3G04920,2,2,0
AT1G27970,2,2,0
AT1G71950,2,2,0
AT3G46000,2,2,0
AT4G14910,7,2,0
AT3G18760,2,2,0
AT2G37220,5,3,0
AT5G17510,4,6,0
AT5G44200,4,3,0
AT4G23820,4,8,0
AT2G28900,2,2,0
AT3G27300,9,5,0
AT1G61730,5,5,0
AT1G11760,2,2,0
AT2G01520,2,2,0
AT2G41680,7,7,0
AT1G66670,4,4,0
AT4G30920,8,7,0
AT5G35620,3,2,0
AT1G51510,3,2,0
AT3G15660,2,2,0
AT4G02580,3,3,0
AT2G40300,2,4,0
AT4G17040,3,4,0
AT2G30200,5,4,0
AT5G47590,3,3,0
AT4G15520,3,2,0
AT1G31180,4,5,0
AT2G18510,5,3,0
AT5G57490,3,3,0
AT3G53500,3,3,0
AT1G32550,2,2,0
AT1G21690,3,4,0
AT4G09010,2,5,0
AT4G05410,4,6,0
AT5G01660,8,5,0
AT2G18030,2,3,0
AT1G75240,3,3,0
AT4G25130,3,2,0
AT3G07680,2,2,0
AT5G26667,2,2,0
AT1G47980,2,4,0
AT3G20740,3,4,0
AT3G49470,2,2,0
AT5G47880,3,5,0
AT3G02830,4,3,0
AT1G06430,6,6,0
AT1G06260,3,3,0
AT1G11430,2,2,0
AT4G23920,3,3,0
AT2G26060,3,3,0
AT2G38700,3,4,0
AT4G25840,3,2,0
AT5G53140,3,4,0
AT1G09430,4,3,0
AT1G69200,3,7,0
AT1G09130,4,2,0
AT1G48850,3,4,0
AT1G36730,4,3,0
AT3G20550,3,2,0
AT1G54060,2,4,0
AT4G11120,2,4,0
AT2G34640,3,5,0
AT5G06870,3,2,0
AT5G17170,2,2,0
AT3G21215,3,2,0
AT5G14800,2,2,0
AT3G27190,4,3,0
AT4G23620,2,2,0
AT4G31790,2,2,0
AT1G22800,3,2,0
AT3G14220,3,2,0
AT3G12800,2,2,0
AT4G01370,3,2,0
AT1G01560,3,2,0
AT4G35890,4,3,0
AT1G50575,2,2,0
AT1G48520,4,3,0
AT2G40490,3,2,0
AT5G48180,2,2,0
AT5G18170,3,2,0
AT2G23350,4,4,0
AT3G18240,3,2,0
AT3G18380,2,2,0
AT5G67320,4,3,0
AT1G66680,2,2,0
AT1G73060,2,2,0
AT5G07410,2,2,0
AT1G69940,2,2,0
AT3G01120,3,3,0
AT3G13860,2,4,0
AT1G12570,4,2,0
AT4G20130,2,3,0
AT1G71040,2,4,0
AT4G34090,2,2,0
AT1G76510,2,3,0
AT3G19740,5,5,0
AT5G10270,0,3,0
AT5G64960,2,3,0
AT5G40490,2,2,0
AT4G27180,3,4,0
AT1G62390,4,3,0
AT1G33680,3,4,0
AT2G39090,3,2,0
AT3G52500,2,2,0
AT3G21750,2,2,0
AT4G25340,2,2,0
AT1G19520,2,4,0
AT4G39280,2,2,0
AT5G23570,2,3,0
AT1G21630,5,5,0
AT3G58110,2,4,0
AT1G31230,4,3,0
AT1G52420,2,3,0
AT5G64300,2,2,0
AT5G09760,2,2,0
AT1G02890,4,5,0
AT3G02650,2,2,0
AT4G18240,3,4,0
AT5G17530,2,2,0
AT1G70820,2,2,0
AT1G54090,2,2,0
AT5G46280,3,2,0
AT2G06510,2,2,0
AT4G39690,2,2,0
AT5G52530,2,3,0
AT1G49760,2,2,0
AT3G15940,2,2,0
AT4G26690,2,2,0
AT5G64570,2,2,0
AT5G58040,2,2,0
AT5G15020,2,2,0
AT3G12915,40,0,50
AT5G27850,8,0,11
AT5G64140,2,0,3
AT3G14290,8,0,8
AT4G15000,3,0,5
AT2G21130,5,0,5
AT1G02813,3,0,5
AT1G77940,3,0,2
AT3G09630,9,0,9
AT1G27650,6,0,7
AT5G59890,3,0,3
AT3G05560,3,0,2
AT5G27770,3,0,2
AT1G67730,3,0,9
AT3G28980,7,0,9
AT3G18740,2,0,2
AT1G79040,2,0,3
AT1G32380,3,0,11
AT5G39310,5,0,5
AT2G24210,5,0,15
AT5G08060,2,0,2
AT3G23600,2,0,5
AT3G24830,3,0,3
AT5G57350,7,0,19
AT2G18450,9,0,8
AT3G46010,2,0,2
AT1G75910,5,0,4
AT4G28440,2,0,2
AT3G02560,2,0,3
AT4G35650,6,0,3
AT3G08940,3,0,4
AT3G19950,3,0,5
AT3G05000,2,0,2
AT5G18110,3,0,2
AT1G03680,2,0,2
AT1G20330,3,0,5
AT4G12600,2,0,2
AT4G16190,3,0,5
AT1G55210,2,0,2
AT3G08510,5,0,7
AT5G40950,2,0,2
AT2G44490,5,0,6
AT1G28290,4,0,3
AT2G03820,4,0,6
AT1G75280,2,0,4
AT3G53460,4,0,3
AT3G21200,4,0,2
ATCG00720,2,0,2
AT5G17990,2,0,6
ATCG00340,5,0,8
AT2G45240,4,0,3
AT5G57800,4,0,7
AT1G61790,3,0,3
AT1G60650,3,0,2
AT4G18040,2,0,2
AT3G02950,2,0,2
AT1G15710,3,0,3
AT4G29010,5,0,7
AT3G42850,7,0,9
AT4G12590,2,0,2
AT1G31780,5,0,6
AT1G19670,2,0,3
AT2G41620,4,0,9
AT2G32260,2,0,3
AT5G13560,5,0,5
AT4G28300,5,0,2
AT1G06700,2,0,3
AT5G08570,3,0,4
AT4G24750,2,0,2
AT1G53210,2,0,6
AT2G32080,2,0,2
AT5G46800,2,0,2
AT5G07030,3,0,3
AT1G30690,3,0,4
AT5G60730,3,0,2
AT4G31180,5,0,2
AT4G37000,2,0,2
AT1G30120,3,0,2
AT2G34590,0,0,2
AT5G49830,2,0,8
AT4G00560,2,0,2
AT1G80030,3,0,3
AT3G18640,6,0,2
AT2G39810,3,0,8
AT2G35040,4,0,3
AT3G25810,3,0,4
AT3G48990,3,0,3
AT3G10570,2,0,4
AT3G28820,2,0,3
AT3G21220,2,0,2
AT3G08943,3,0,7
AT5G55230,5,0,2
AT1G48470,2,0,2
AT4G27080,2,0,4
AT5G16590,3,0,4
AT4G02500,2,0,3
AT2G47850,3,0,2
AT5G50320,3,0,3
AT5G10770,2,0,3
AT1G55020,3,0,6
AT4G24330,2,0,3
AT5G22020,2,0,2
AT1G49750,2,0,3
AT4G26940,2,0,2
AT3G19420,3,0,3
AT3G14840,3,0,7
AT3G15880,4,0,7
AT3G22590,2,0,2
AT1G13980,2,0,12
AT3G02880,3,0,3
AT4G33700,2,0,2
AT5G36880,3,0,4
AT4G37820,2,0,3
AT1G20130,2,0,3
AT3G28810,2,0,2
AT4G12650,2,0,4
AT3G05675,2,0,2
AT1G80770,2,0,2
AT1G78820,2,0,2
AT1G78830,2,0,2
AT5G19485,2,0,2
AT4G24520,4,0,2
AT1G60900,2,0,3
AT1G07670,4,0,5
AT4G29220,2,0,2
AT1G54990,2,0,2
AT4G30210,3,0,3
AT4G34490,2,0,2
AT1G30820,2,0,3
AT3G15590,2,0,3
AT5G27030,4,0,5
AT4G25960,2,0,8
AT3G62700,3,0,9
AT4G19490,2,0,6
AT5G19690,2,0,4
AT4G32410,2,0,6
AT2G25540,2,0,6
AT4G17620,2,0,2
AT2G40840,3,0,4
AT3G10420,2,0,3
AT4G30890,2,0,2
AT5G51430,2,0,4
AT4G02940,2,0,2
AT2G35110,4,0,6
AT5G65700,3,0,4
AT1G26830,3,0,2
AT1G10950,2,0,2
AT5G64940,2,0,3
AT5G13630,2,0,7
AT3G54760,3,0,2
AT1G08130,2,0,3
AT1G76810,4,0,4
AT1G22060,4,0,8
AT1G01320,3,0,7
AT1G36180,5,0,8
AT1G71410,2,0,3
AT1G52000,2,0,2
AT3G18860,2,0,2
AT3G17750,2,0,4
AT1G05520,2,0,2
AT3G16630,2,0,2
AT2G40730,2,0,2
AT3G46220,2,0,2
AT4G24680,4,0,3
AT4G16180,2,0,2
AT3G11964,5,0,4
AT5G09870,2,0,3
AT5G64740,2,0,0
AT5G09840,2,0,2
AT5G49760,2,0,2
AT5G13000,2,0,6
AT1G35220,2,0,2
AT4G37640,2,0,2
AT2G22950,0,0,2
AT1G79350,2,0,3
AT5G01770,0,0,2
AT3G08850,2,0,2
AT5G44180,2,0,2
AT5G61140,2,0,2
AT2G36160,0,9,7
AT1G66580,0,4,6
AT5G20500,0,3,3
AT3G46440,0,8,7
AT5G49460,0,10,15
AT3G62840,0,2,2
AT2G47640,0,2,2
AT1G26910,0,4,4
AT1G59830,0,5,6
AT5G02870,0,5,9
AT5G24420,0,3,5
AT4G27960,0,3,2
AT5G53300,0,3,2
AT1G64230,0,0,2
AT5G41700,0,3,2
AT3G08690,0,0,2
AT4G27070,0,7,7
AT5G45670,0,6,4
AT2G42910,0,3,6
AT1G60780,0,4,7
AT5G25760,0,2,2
AT2G38750,0,4,4
AT4G32590,0,2,2
AT1G17370,0,5,4
ATCG00160,0,2,3
AT2G05140,0,0,2
AT2G37690,0,8,2
AT2G21620,0,2,2
AT3G12390,0,0,2
AT5G13850,0,2,2
AT4G27270,0,2,2
AT1G22290,0,2,2
AT3G61140,0,4,4
AT2G42590,0,2,3
AT1G15420,0,2,3
AT3G23400,0,3,2
AT1G67990,0,2,2
AT2G26550,0,3,3
AT5G56630,0,3,5
AT4G26270,0,3,0
AT3G44750,0,2,2
AT3G54110,0,2,3
AT3G13870,0,4,9
AT5G11980,0,4,5
AT5G26210,0,2,2
AT2G39700,0,2,2
AT2G18770,0,2,2
AT3G55000,0,2,2
AT2G17390,0,3,2
AT1G69840,0,2,2
AT4G13210,0,3,3
AT2G47960,0,4,2
AT1G80660,0,3,10
AT1G62180,0,2,4
AT2G31370,0,2,3
AT1G26640,0,2,2
AT1G78050,0,2,2
AT1G78060,0,3,6
AT3G51460,0,2,5
AT5G19220,0,4,2
AT1G80670,0,2,2
AT1G60200,0,7,3
AT4G39090,0,2,2
AT4G09510,0,2,0
AT1G35580,0,2,4
AT5G41970,0,2,2
AT1G60440,0,2,2
AT2G01970,0,2,4
AT1G71840,0,2,2
AT5G23890,0,3,6
AT1G77490,0,2,2
AT1G63680,0,5,2
AT2G26990,0,2,2
AT1G79050,0,2,2
AT4G26760,0,3,2
AT4G21660,0,3,2
AT3G03110,0,3,6
AT1G10510,0,2,3
AT2G44200,0,2,2
AT5G11240,0,2,3
AT3G06670,0,3,4
AT3G45010,0,2,2
AT3G24430,0,2,2
AT1G50120,0,2,2
AT1G67930,0,4,2
AT1G12470,0,2,5
AT3G54540,0,2,3
AT4G03430,0,3,4
AT1G62870,0,2,3
AT1G79690,0,2,3
AT3G62010,0,2,6
AT1G48110,0,2,2
AT4G02030,0,2,3
AT3G49670,0,2,4
ATCG00190,0,2,4
AT2G13440,0,2,2
AT5G51660,0,3,5
AT5G13530,0,3,6
AT5G25590,0,2,2
AT4G25730,0,2,2
AT1G74850,0,2,2
AT5G15580,0,2,2
AT3G57940,0,0,2
AT1G10490,0,2,2
AT4G21820,0,2,2
AT5G37830,0,2,2
AT5G53460,0,3,2
AT4G31570,0,2,2
AT1G48090,0,2,3
AT1G10630,12,0,0
AT2G47170,12,0,0
AT3G46430,2,0,0
AT5G59613,2,0,0
AT2G20490,2,0,0
AT3G19980,7,0,0
AT1G54250,3,0,0
AT2G42310,2,0,0
AT3G57785,2,0,0
AT2G05380,2,0,0
AT4G25890,2,0,0
AT1G09150,3,0,0
AT1G48830,3,0,0
AT3G15360,3,0,0
AT1G33810,2,0,0
AT5G48900,6,0,0
AT1G26797,2,0,0
AT2G36060,2,0,0
AT3G56720,6,0,0
AT1G68875,2,0,0
AT3G55770,3,0,0
AT1G64200,3,0,0
AT5G59180,2,0,0
AT1G71310,2,0,0
AT3G27160,2,0,0
AT5G58030,2,0,0
AT4G14110,2,0,0
AT5G54750,2,0,0
AT4G00270,3,0,0
AT5G28050,2,0,0
AT3G46630,2,0,0
AT1G16080,3,0,0
AT4G39710,2,0,0
AT1G79500,3,0,0
AT2G44050,2,0,0
AT1G11360,2,0,0
AT5G13340,2,0,0
AT3G55620,2,0,0
AT3G28220,3,0,0
AT3G12130,2,0,0
AT1G09760,2,0,0
AT5G09880,4,0,0
AT4G12790,2,0,0
AT1G12410,2,0,0
AT3G21810,3,0,0
AT4G39230,2,0,0
AT1G35470,3,0,0
AT2G41630,2,0,0
AT5G44120,3,0,0
AT3G23660,5,0,0
AT4G17695,2,0,0
AT1G06530,2,0,0
AT4G38460,2,0,0
AT3G58410,2,0,0
AT1G60550,2,0,0
AT1G19980,2,0,0
AT5G08540,2,0,0
AT4G28520,3,0,0
AT3G47120,2,0,0
AT4G11260,2,0,0
AT4G01610,2,0,0
AT4G30840,2,0,0
AT2G17230,2,0,0
AT3G60880,2,0,0
AT2G45440,2,0,0
AT3G19450,2,0,0
AT3G12610,2,0,0
AT2G25650,2,0,0
AT2G36950,2,0,0
AT3G47340,3,0,0
AT5G63120,3,0,0
AT5G56900,3,0,0
AT1G20910,2,0,0
AT3G15010,2,0,0
AT1G80560,2,0,0
AT5G55530,2,0,0
AT5G61840,2,0,0
AT1G27440,2,0,0
AT3G13235,2,0,0
AT5G46110,2,0,0
AT3G44680,2,0,0
AT1G47500,2,0,0
AT4G17100,2,0,0
AT1G22760,3,0,0
AT3G24670,2,0,0
AT1G35620,2,0,0
AT2G47210,2,0,0
AT2G02160,3,0,0
AT2G35780,2,0,0
AT5G19180,2,0,0
AT4G18950,2,0,0
AT4G26450,3,0,0
AT5G41130,3,0,0
AT1G74030,2,0,0
AT4G01070,2,0,0
AT3G11330,2,0,0
AT3G48170,2,0,0
AT5G53850,2,0,0
AT3G01090,2,0,0
AT4G01690,2,0,0
AT2G17290,2,0,0
AT5G43745,3,0,0
AT3G25230,2,0,0
AT5G64050,2,0,0
AT1G13190,2,0,0
AT3G07050,2,0,0
AT5G64440,2,0,0
AT2G13790,2,0,0
AT3G13060,2,0,0
AT1G61040,2,0,0
AT1G19100,2,0,0
AT5G51600,2,0,0
AT3G12380,2,0,0
AT5G23880,2,0,0
AT2G07050,2,0,0
AT2G28360,2,0,0
AT5G20710,2,0,0
AT5G52882,2,0,0
AT4G00990,2,0,0
AT5G18230,2,0,0
AT3G13990,2,0,0
AT4G04920,3,0,0
AT5G22030,2,0,0
AT1G31730,2,0,0
AT5G14770,2,0,0
AT3G42660,2,0,0
AT4G04350,2,0,0
AT1G63880,2,0,0
AT1G17220,2,0,0
AT3G44530,2,0,0
AT1G49630,2,0,0
AT5G49030,2,0,0
AT3G52250,3,0,0
AT5G62310,2,0,0
AT2G19110,2,0,0
AT3G45830,2,0,0
AT4G39850,2,0,0
AT3G33530,2,0,0
AT5G04290,2,0,0
AT1G27430,2,0,0
AT1G24300,2,0,0
AT1G23230,2,0,0
AT2G40770,2,0,0
AT3G57660,2,0,0
AT2G16485,2,0,0
AT3G14570,2,0,0
AT1G79280,2,0,0
AT4G32700,2,0,0
AT1G70490,0,10,0
AT1G23490,0,10,0
AT3G22630,0,8,0
AT1G69410,0,6,0
AT3G05590,0,7,0
AT2G47650,0,14,0
AT5G39740,0,9,0
AT2G32650,0,4,0
AT2G32180,0,4,0
AT5G10160,0,6,0
AT4G16500,0,3,0
AT4G00860,0,2,0
AT1G30380,0,3,0
AT1G16700,0,5,0
AT1G15370,0,3,0
AT1G54410,0,2,0
AT1G49140,0,2,0
AT2G35605,0,2,0
AT5G39730,0,3,0
AT3G14600,0,3,0
AT4G02840,0,2,0
AT3G07590,0,2,0
AT4G08520,0,3,0
AT2G29580,0,8,0
AT3G23830,0,2,0
AT5G26670,0,6,0
AT4G02520,0,3,0
AT3G15060,0,3,0
AT5G60860,0,3,0
AT4G15790,0,2,0
AT3G56910,0,2,0
AT2G45290,0,10,0
AT5G02740,0,3,0
AT3G50520,0,3,0
AT2G35370,0,2,0
AT1G32470,0,2,0
AT1G52730,0,4,0
AT5G65840,0,3,0
AT4G26500,0,4,0
AT3G13120,0,2,0
AT3G16480,0,5,0
AT2G29960,0,2,0
AT3G03920,0,2,0
AT1G35140,0,3,0
AT1G50670,0,2,0
AT5G58250,0,2,0
AT4G26430,0,3,0
AT2G30870,0,2,0
AT3G18580,0,2,0
AT1G32580,0,2,0
AT2G35240,0,2,0
AT1G67280,0,3,0
AT4G17510,0,2,0
AT5G19140,0,2,0
AT2G39020,0,2,0
AT4G00620,0,3,0
AT1G10310,0,2,0
AT3G12860,0,4,0
AT3G42790,0,2,0
AT2G03090,0,2,0
AT2G02470,0,2,0
AT5G16920,0,2,0
AT3G51890,0,2,0
AT1G23730,0,2,0
AT3G12170,0,2,0
AT3G04600,0,3,0
AT5G44020,0,2,0
AT1G61870,0,3,0
AT4G17890,0,3,0
AT4G30290,0,2,0
AT5G47840,0,2,0
AT1G54780,0,2,0
AT5G62500,0,2,0
AT5G43960,0,3,0
AT1G55310,0,2,0
AT5G09650,0,2,0
AT4G27560,0,3,0
AT2G37020,0,2,0
AT2G37790,0,2,0
AT4G33030,0,3,0
AT1G21600,0,2,0
AT2G37400,0,2,0
AT4G29120,0,2,0
AT1G17720,0,3,0
AT1G78680,0,2,0
AT1G20540,0,2,0
AT5G37940,0,2,0
AT5G38000,0,2,0
AT3G03460,0,2,0
AT4G02150,0,3,0
AT3G21280,0,3,0
AT1G78140,0,2,0
AT3G53140,0,2,0
AT1G54220,0,3,0
AT5G55220,0,3,0
AT2G45770,0,2,0
AT1G75330,0,2,0
AT2G38560,0,2,0
AT2G27680,0,2,0
AT5G49360,0,4,0
AT3G55010,0,2,0
AT3G20330,0,2,0
AT3G13110,0,2,0
AT5G08380,0,2,0
AT1G58080,0,2,0
AT1G09795,0,2,0
AT3G49250,0,2,0
AT4G35920,0,2,0
AT1G08980,0,2,0
AT4G32720,0,2,0
AT4G22670,0,2,0
AT2G32850,0,3,0
AT5G58090,0,2,0
AT3G10540,0,2,0
AT5G04510,0,2,0
AT5G54670,0,3,0
AT1G80460,0,2,0
AT3G43270,0,2,0
AT5G49020,0,2,0
AT1G42440,0,3,0
AT1G76140,0,3,0
AT3G03640,0,2,0
AT5G28510,0,2,0
AT3G21060,0,2,0
AT2G41500,0,2,0
AT4G32420,0,3,0
AT5G60210,0,2,0
AT2G15620,0,2,0
AT5G08560,0,2,0
AT3G58560,0,2,0
AT3G14540,0,2,0
AT1G76880,0,2,0
AT2G14170,0,2,0
AT5G63420,0,3,0
AT5G13520,0,2,0
AT3G10160,0,2,0
AT4G36390,0,2,0
AT5G24300,0,2,0
AT5G14990,0,2,0
AT5G08650,0,2,0
AT4G24690,0,2,0
AT3G53260,0,2,0
AT5G06460,0,3,0
AT1G07990,0,2,0
AT1G14040,0,2,0
AT4G07410,0,2,0
AT2G29210,0,2,0
AT1G03160,0,2,0
AT3G25840,0,2,0
AT3G19020,0,2,0
AT1G44910,0,2,0
AT3G25690,0,2,0
AT2G17510,0,2,0
AT1G20760,0,2,0
AT5G41790,0,3,0
AT4G32640,0,2,0
AT1G20920,0,2,0
AT1G01790,0,2,0
AT1G10680,0,2,0
AT1G31810,0,2,0
AT5G42390,0,2,0
AT1G24190,0,2,0
AT3G22380,0,2,0
AT4G31160,0,2,0
AT5G44800,0,2,0
AT3G11270,0,0,14
AT5G28060,0,0,4
AT2G31490,0,0,2
AT1G23290,0,0,4
AT1G70600,0,0,4
AT5G23740,0,0,4
AT1G60740,0,0,4
AT1G65970,0,0,4
ATCG00750,0,0,3
AT2G39010,0,0,6
AT5G10360,0,0,5
AT3G26450,0,0,3
AT2G02050,0,0,2
AT5G48760,0,0,4
AT1G57860,0,0,3
AT1G57660,0,0,3
AT1G09690,0,0,3
AT1G09590,0,0,3
AT2G30000,0,0,2
AT1G07170,0,0,2
AT5G13490,0,0,7
AT4G27700,0,0,4
AT1G76300,0,0,2
AT2G19760,0,0,2
AT5G01590,0,0,8
AT5G53560,0,0,2
AT2G20930,0,0,2
AT3G26740,0,0,2
AT3G05070,0,0,2
AT5G60660,0,0,4
AT3G42640,0,0,13
AT2G04520,0,0,2
AT5G35680,0,0,2
AT2G01690,0,0,10
ATCG00810,0,0,2
AT5G54190,0,0,5
AT3G48690,0,0,4
AT5G54500,0,0,3
AT4G30550,0,0,3
AT3G06110,0,0,2
AT1G01610,0,0,6
AT5G16870,0,0,2
AT1G18210,0,0,2
AT5G03420,0,0,7
AT5G65220,0,0,2
AT2G36580,0,0,6
AT1G02190,0,0,7
AT4G30620,0,0,2
AT3G63170,0,0,3
AT5G58070,0,0,2
AT4G23690,0,0,2
AT3G61200,0,0,2
AT3G21865,0,0,3
AT1G66120,0,0,6
AT3G53420,0,0,3
ATMG00510,0,0,4
AT4G14520,0,0,2
AT5G07990,0,0,5
AT1G49300,0,0,2
AT3G18820,0,0,2
AT1G79870,0,0,3
AT3G20800,0,0,3
AT3G05600,0,0,3
AT1G04750,0,0,2
AT2G33120,0,0,2
AT1G70310,0,0,3
AT2G14835,0,0,3
AT3G61070,0,0,2
AT2G24520,0,0,8
AT2G45740,0,0,2
AT1G72550,0,0,5
AT4G09670,0,0,3
AT1G51660,0,0,3
AT4G14230,0,0,4
AT1G14510,0,0,2
AT3G12120,0,0,3
AT3G55005,0,0,2
AT5G12470,0,0,3
AT3G10850,0,0,2
AT4G24220,0,0,3
AT1G26770,0,0,2
ATCG00830,0,0,2
ATCG01310,0,0,2
AT1G51500,0,0,5
AT1G12770,0,0,4
AT1G72930,0,0,2
AT1G72910,0,0,2
AT1G55860,0,0,28
AT2G27820,0,0,3
AT5G55730,0,0,3
AT5G46580,0,0,5
AT5G10730,0,0,2
AT1G59990,0,0,4
AT5G36950,0,0,4
AT4G39040,0,0,2
AT3G11170,0,0,3
AT5G64730,0,0,2
AT4G24550,0,0,3
AT1G31850,0,0,4
AT3G04830,0,0,2
AT4G21990,0,0,3
AT3G53710,0,0,3
AT2G42800,0,0,3
AT2G37760,0,0,2
AT5G56760,0,0,2
AT2G22500,0,0,2
AT2G38160,0,0,2
AT1G32760,0,0,2
AT5G04990,0,0,3
AT1G29310,0,0,3
AT2G34250,0,0,3
AT5G60160,0,0,3
AT4G33670,0,0,2
AT2G15090,0,0,3
AT3G20560,0,0,3
AT1G05010,0,0,2
AT5G27540,0,0,4
ATCG01130,0,0,11
AT1G11680,0,0,3
AT3G59380,0,0,2
AT3G06510,0,0,4
AT5G19290,0,0,2
AT5G03540,0,0,4
AT1G63160,0,0,2
AT4G00400,0,0,3
AT5G17760,0,0,3
AT5G61240,0,0,2
AT1G71860,0,0,2
AT4G35230,0,0,3
AT4G17270,0,0,2
AT3G59020,0,0,6
AT4G26070,0,0,2
AT4G33110,0,0,2
AT5G05170,0,0,6
AT3G20790,0,0,2
AT4G22285,0,0,3
AT1G58290,0,0,3
AT1G65760,0,0,2
AT1G30350,0,0,2
AT1G12430,0,0,5
AT1G72330,0,0,3
AT2G17265,0,0,2
AT5G42740,0,0,3
AT3G18850,0,0,2
AT1G33410,0,0,8
AT4G35460,0,0,2
AT2G17420,0,0,2
AT4G22930,0,0,2
AT5G17380,0,0,3
AT2G23080,0,0,2
AT5G67380,0,0,2
AT3G50000,0,0,2
AT1G07350,0,0,2
AT5G64860,0,0,3
AT4G00040,0,0,2
AT5G53120,0,0,2
AT1G22200,0,0,2
AT3G54960,0,0,3
AT4G34850,0,0,2
AT1G80360,0,0,2
AT2G46630,0,0,2
AT1G14670,0,0,3
AT5G66020,0,0,3
AT3G47700,0,0,4
AT4G36630,0,0,5
AT5G40610,0,0,2
AT4G13350,0,0,3
AT5G53540,0,0,2
AT5G35180,0,0,4
AT1G67750,0,0,2
AT4G39820,0,0,2
AT3G51670,0,0,2
AT2G26900,0,0,2
AT2G40980,0,0,3
AT1G61990,0,0,2
AT2G42710,0,0,2
AT2G24580,0,0,2
AT5G18660,0,0,2
AT3G60740,0,0,6
AT5G36160,0,0,2
AT5G50150,0,0,2
AT3G33520,0,0,2
AT4G13360,0,0,2
AT1G12050,0,0,2
AT1G40390,0,0,2
AT1G13730,0,0,2
AT2G19490,0,0,2
AT1G50430,0,0,2
AT1G49670,0,0,3
AT1G76850,0,0,5
AT5G56650,0,0,2
AT5G63860,0,0,2
AT3G56900,0,0,2
AT3G61130,0,0,3
AT1G22530,0,0,3
AT3G09300,0,0,2
AT5G53860,0,0,2
AT3G22990,0,0,2
AT5G03040,0,0,2
AT3G06410,0,0,2
AT3G27440,0,0,2
AT5G11390,0,0,3
AT2G28630,0,0,2
AT5G66640,0,0,2
AT3G26030,0,0,2
AT3G18035,0,0,2
AT4G10790,0,0,2
AT5G49570,0,0,3
AT3G24530,0,0,2
AT2G18730,0,0,2
AT1G13090,0,0,2
AT5G23580,0,0,2
AT1G74540,0,0,2
AT4G26970,0,0,4
AT3G26290,0,0,2
AT5G52320,0,0,2
AT2G47800,0,0,6
AT5G55480,0,0,3
AT4G38230,0,0,2
AT2G36910,0,0,5
AT5G20490,0,0,6
AT3G10410,0,0,2
AT1G51570,0,0,3
AT1G53440,0,0,4
AT5G42650,0,0,2
AT4G38350,0,0,5
AT1G73240,0,0,2
AT3G03560,0,0,2
AT5G24690,0,0,2
AT5G60100,0,0,2
AT1G73430,0,0,3
AT3G49600,0,0,4
AT1G02370,0,0,2
AT3G25660,0,0,2
AT2G34810,0,0,2
AT5G05200,0,0,2
AT1G30400,0,0,6
AT5G35200,0,0,2
AT5G19320,0,0,2
AT1G59540,0,0,3
AT4G35470,0,0,2
AT5G06970,0,0,4
AT4G17410,0,0,3
AT3G13390,0,0,2
AT1G14610,0,0,4
AT1G23180,0,0,3
AT1G05500,0,0,2
AT1G31870,0,0,2
AT5G03940,0,0,2
AT3G18520,0,0,2
AT1G15130,0,0,3
AT2G38020,0,0,3
AT5G10240,0,0,2
AT1G49340,0,0,7
AT1G72040,0,0,2
AT4G15110,0,0,2
AT1G74690,0,0,2
AT5G58440,0,0,2
AT2G47030,0,0,2
AT5G35170,0,0,2
AT3G17970,0,0,2
AT3G12670,0,0,2
AT1G47550,0,0,3
AT1G31800,0,0,2
AT5G11720,0,0,3
AT3G60160,0,0,5
AT4G33070,0,0,2
AT3G54860,0,0,2
AT1G01950,0,0,3
AT1G32900,0,0,2
AT5G47780,0,0,2
AT1G26850,0,0,2
AT5G58410,0,0,6
AT1G26460,0,0,2
AT2G39380,0,0,2
AT3G16810,0,0,2
AT5G57460,0,0,2
AT4G28200,0,0,2
AT5G66200,0,0,2
AT5G17410,0,0,2
AT2G25930,0,0,2
AT4G30720,0,0,2
AT2G26910,0,0,4
AT3G56990,0,0,2
AT2G41900,0,0,2
AT3G06860,0,0,2
AT4G14070,0,0,2
AT4G28080,0,0,5
AT2G47250,0,0,2
AT5G36210,0,0,2
AT1G03090,0,0,2
AT5G35840,0,0,3
AT4G18130,0,0,3
AT2G32900,0,0,2
AT3G04490,0,0,3
AT1G28350,0,0,2
AT5G06530,0,0,2
AT3G22220,0,0,2
AT1G29470,0,0,2
AT4G04340,0,0,2
AT4G22120,0,0,2
AT2G17790,0,0,2
AT3G45190,0,0,2
AT3G56640,0,0,2
AT3G51310,0,0,2
AT1G25350,0,0,2
AT2G32450,0,0,2
AT1G05150,0,0,2
AT3G58640,0,0,2
AT3G62240,0,0,2
AT2G28520,0,0,2
AT4G37270,0,0,2
AT5G12150,0,0,2
AT3G17900,0,0,2
AT2G38280,0,0,2
AT5G11490,0,0,2
AT3G04690,0,0,2
AT5G28680,0,0,2
AT4G17770,0,0,2
AT2G04660,0,0,2
AT5G16750,0,0,2
AT4G03080,0,0,2
AT3G51550,0,0,2
AT3G60860,0,0,4
AT5G08550,0,0,2
AT5G43470,0,0,2
AT5G48620,0,0,2
AT5G58140,0,0,2
AT1G67560,0,0,2
AT4G16150,0,0,2
AT4G10570,0,0,2
AT2G40930,0,0,2
AT5G22010,0,0,2
AT3G20250,0,0,2
AT1G27595,0,0,2
AT4G21700,0,0,2
AT3G57410,0,0,2
AT2G29190,0,0,2
AT3G23900,0,0,2
AT1G15940,0,0,2
AT2G27210,0,0,2
AT4G03230,0,0,2
AT3G17205,0,0,2
AT5G53890,0,0,2
AT4G01800,0,0,2
AT3G06010,0,0,2
AT5G19310,0,0,2
AT1G19220,0,0,2
AT4G34830,0,0,2
AT5G27970,0,0,3
AT1G67140,0,0,4
AT1G58602,0,0,2
AT3G04980,0,0,2
AT1G59890,0,0,2
AT3G26560,0,0,2
AT5G16280,0,0,2
AT5G39770,0,0,2
AT3G10180,0,0,2
AT3G01320,0,0,2
AT1G18270,0,0,2
AT5G15680,0,0,3
AT4G16950,0,0,2
AT1G58060,0,0,2
AT1G59870,0,0,2
AT1G04160,0,0,2
AT1G04120,0,0,2
AT1G17580,0,0,2
AT5G24350,0,0,3
AT1G50030,0,0,3
AT2G46560,0,0,3
AT4G38200,0,0,2
AT2G26890,0,0,3
AT4G35380,0,0,2
AT2G36810,0,0,2
AT1G24460,0,0,2
AT5G36870,0,0,2
AT4G36080,0,0,4
AT2G17930,0,0,4
AT3G05680,0,0,2
AT4G00450,0,0,2
AT4G17140,0,0,3
