Protein,WT,WT.1,WT.2,WT.3,WT.4,WT.5
AT1G08600,0,0,0,0,0,0
AT1G65470,0,0,0,0,0,0
AT1G66740,0,0,0,0,0,0
AT2G25170,0,0,0,0,0,0
AT3G06400,0,0,0,0,0,0
AT5G18620,0,0,0,0,0,0
AT5G38110,0,0,0,0,0,0
AT5G58230,10,11,0,0,0,0
AT5G64630,0,0,0,0,0,0
AT1G01050,0,2,2,0,0,0
AT1G01080,3,2,5,3,0,0
AT1G01090,14,13,11,9,0,0
AT1G01100,10,9,0,0,0,0
AT1G01160,2,0,0,0,0,0
AT1G01300,16,19,8,3,0,0
AT1G01320,6,7,2,0,0,0
AT1G01350,0,2,0,0,0,0
AT1G01370,0,0,0,0,0,0
AT1G01470,2,0,0,2,0,0
AT1G01510,0,0,5,6,8,0
AT1G01560,0,0,0,0,0,0
AT1G01610,0,0,8,14,0,0
AT1G01620,0,0,3,3,0,0
AT1G01710,0,3,4,0,0,0
AT1G01730,0,0,0,0,0,0
AT1G01790,0,0,0,0,0,0
AT1G01800,3,4,0,0,0,0
AT1G01940,0,3,0,0,0,0
AT1G01960,4,5,0,0,0,0
AT1G02050,6,8,2,3,0,0
AT1G02080,9,16,9,2,0,0
AT1G02090,6,6,0,0,0,0
AT1G02140,2,4,0,0,0,0
AT1G02150,2,3,7,13,10,0
AT1G02190,0,0,0,0,0,0
AT1G02205,0,0,9,7,0,0
AT1G02280,0,0,0,3,0,0
AT1G02305,4,2,0,0,0,0
AT1G02370,0,0,0,0,0,0
AT1G02500,40,47,28,28,7,10
AT1G02560,5,4,5,4,0,0
AT1G02690,6,5,2,0,0,0
AT1G02780,9,8,0,0,0,0
AT1G02813,3,3,0,0,0,0
AT1G02840,10,11,6,4,0,0
AT1G02920,0,0,0,0,0,0
AT1G02930,13,14,0,0,0,0
AT1G03030,2,2,0,0,0,0
AT1G03060,0,2,0,0,0,0
AT1G03090,2,0,0,0,0,0
AT1G03110,4,4,0,0,0,0
AT1G03130,6,9,0,0,0,0
AT1G03140,0,0,0,0,14,0
AT1G03150,2,0,0,0,0,0
AT1G03160,0,0,6,2,0,0
AT1G03230,5,6,0,0,0,0
AT1G03310,4,4,0,0,0,0
AT1G03330,4,3,0,0,0,0
AT1G03475,5,5,8,8,15,0
AT1G03600,0,0,0,0,0,0
AT1G03630,9,13,13,13,0,3
AT1G03680,5,4,0,0,0,0
AT1G03770,0,3,0,0,0,0
AT1G03860,0,0,4,4,0,0
AT1G03880,0,0,3,0,0,0
AT1G03900,3,5,0,0,0,0
AT1G04080,9,11,0,0,0,0
AT1G04110,0,0,0,0,0,0
AT1G04130,3,3,0,0,0,0
AT1G04170,11,8,5,4,0,0
AT1G04190,4,4,0,0,0,0
AT1G04210,0,2,0,0,0,0
AT1G04270,2,0,0,0,3,0
AT1G04290,0,0,0,2,0,0
AT1G04410,35,41,18,17,0,6
AT1G04430,0,0,0,2,0,0
AT1G04480,7,8,8,3,8,2
AT1G04510,8,13,4,4,0,0
AT1G04530,7,0,4,5,0,0
AT1G04580,0,0,121,126,0,0
AT1G04640,0,0,0,0,2,0
AT1G04690,16,25,6,5,45,0
AT1G04710,10,8,0,4,0,0
AT1G04750,3,2,2,0,0,0
AT1G04760,0,0,0,0,0,0
AT1G04810,29,35,12,0,0,0
AT1G04820,43,58,44,42,0,45
AT1G04850,2,4,0,0,0,0
AT1G04870,3,3,0,0,0,0
AT1G04990,3,3,0,0,0,0
AT1G05010,2,2,0,0,0,0
AT1G05150,0,0,0,0,0,0
AT1G05180,0,4,0,0,0,0
AT1G05190,2,2,0,0,7,0
AT1G05350,2,0,0,0,0,0
AT1G05460,18,15,0,0,0,0
AT1G05520,14,11,6,3,0,0
AT1G05560,0,0,0,0,0,0
AT1G05620,0,3,0,0,0,0
AT1G05680,5,5,0,0,0,0
AT1G05720,5,5,0,0,0,0
AT1G06000,17,18,2,4,0,0
AT1G06020,0,0,0,2,0,0
AT1G06030,0,0,0,2,0,0
AT1G06110,3,2,0,0,0,0
AT1G06130,7,8,0,0,0,0
AT1G06210,2,0,0,0,0,0
AT1G06220,25,23,16,10,0,0
AT1G06260,10,10,0,3,0,0
AT1G06290,27,25,25,18,0,0
AT1G06410,10,15,14,9,0,0
AT1G06430,0,0,0,7,0,0
AT1G06460,0,0,33,35,0,0
AT1G06550,4,7,0,0,0,0
AT1G06560,0,2,0,0,0,0
AT1G06570,13,7,0,0,0,0
AT1G06670,3,2,0,0,0,0
AT1G06680,11,7,2,3,0,0
AT1G06690,0,0,0,0,10,0
AT1G06700,0,0,3,4,0,0
AT1G06760,0,0,0,0,0,0
AT1G06900,2,4,0,0,0,0
AT1G06950,0,0,30,23,0,0
AT1G07070,0,0,0,0,0,0
AT1G07140,10,11,0,0,0,0
AT1G07170,2,0,0,0,0,0
AT1G07210,3,0,0,0,0,0
AT1G07250,2,0,0,0,0,0
AT1G07310,0,0,12,14,11,0
AT1G07320,6,7,0,0,4,0
AT1G07360,4,5,8,4,3,0
AT1G07370,8,0,4,3,0,0
AT1G07440,6,6,0,0,0,0
AT1G07450,0,4,0,0,0,0
AT1G07660,3,5,2,3,3,0
AT1G07670,0,0,6,3,0,0
AT1G07750,11,10,2,0,0,0
AT1G07770,3,6,6,7,0,4
AT1G07780,3,3,0,2,0,0
AT1G07790,0,2,0,0,0,0
AT1G07810,0,0,6,0,0,0
AT1G07820,3,5,2,3,3,0
AT1G07880,0,2,0,0,0,0
AT1G07890,42,37,12,16,0,3
AT1G07920,52,56,37,34,6,32
AT1G07930,52,56,37,34,6,32
AT1G07940,52,56,37,34,6,32
AT1G07960,2,4,0,0,0,0
AT1G07990,0,0,0,0,0,0
AT1G08110,4,4,2,2,0,0
AT1G08130,2,0,0,0,0,0
AT1G08190,0,0,3,0,0,0
AT1G08200,16,21,9,7,0,0
AT1G08220,0,0,2,0,0,0
AT1G08250,0,0,16,19,0,10
AT1G08360,19,18,2,0,0,0
AT1G08370,0,0,4,5,0,0
AT1G08420,7,0,0,0,0,0
AT1G08520,10,10,13,6,0,0
AT1G08580,0,0,0,0,0,0
AT1G08730,0,0,0,0,0,0
AT1G08780,0,3,0,0,0,0
AT1G08830,9,7,0,0,0,0
AT1G08880,0,0,0,0,0,0
AT1G08970,0,2,0,0,0,0
AT1G08980,6,9,0,0,0,0
AT1G09010,6,4,0,0,0,0
AT1G09020,3,4,7,8,0,0
AT1G09100,0,31,0,0,0,0
AT1G09130,4,5,8,8,14,0
AT1G09140,3,4,0,0,0,0
AT1G09180,0,2,0,0,0,0
AT1G09200,0,0,0,0,0,0
AT1G09210,9,12,5,0,0,0
AT1G09270,23,29,3,2,0,0
AT1G09300,3,2,0,0,0,0
AT1G09310,8,16,6,4,0,0
AT1G09340,15,18,15,14,8,0
AT1G09430,2,4,2,0,0,0
AT1G09490,4,4,2,0,0,0
AT1G09570,0,0,5,2,0,0
AT1G09590,5,6,5,4,3,0
AT1G09620,27,33,10,13,0,0
AT1G09630,0,0,5,4,0,0
AT1G09640,26,34,9,4,0,0
AT1G09690,5,6,5,4,3,0
AT1G09700,2,0,0,0,0,0
AT1G09730,0,0,0,0,0,0
AT1G09750,0,3,2,0,0,0
AT1G09760,0,2,0,0,0,0
AT1G09770,5,9,0,0,0,0
AT1G09780,116,114,10,8,0,0
AT1G09795,4,0,6,0,0,0
AT1G09830,5,6,0,0,0,0
AT1G10150,0,0,10,2,0,0
AT1G10170,0,0,2,0,0,0
AT1G10200,2,4,2,3,0,0
AT1G10230,2,2,0,0,0,0
AT1G10270,0,0,0,0,6,0
AT1G10290,0,0,34,31,0,0
AT1G10370,7,7,0,0,0,0
AT1G10390,3,0,0,0,0,0
AT1G10430,10,0,0,0,0,0
AT1G10500,2,0,0,0,0,0
AT1G10510,0,0,6,2,0,0
AT1G10580,3,5,2,0,0,0
AT1G10590,2,3,0,0,0,0
AT1G10630,13,10,8,11,0,5
AT1G10670,9,11,0,0,0,0
AT1G10730,0,0,3,0,0,0
AT1G10760,6,5,0,0,0,0
AT1G10840,19,24,2,0,0,0
AT1G10890,0,0,0,0,0,0
AT1G10940,0,5,0,2,0,0
AT1G10950,0,0,3,0,0,0
AT1G11360,4,4,0,0,0,0
AT1G11430,4,8,0,0,0,0
AT1G11650,17,20,10,11,4,3
AT1G11660,2,3,0,0,0,0
AT1G11680,0,0,0,0,0,0
AT1G11750,0,0,5,3,0,0
AT1G11760,2,0,0,0,0,0
AT1G11790,0,0,5,2,0,0
AT1G11840,7,10,9,6,0,0
AT1G11860,21,22,13,14,0,0
AT1G11910,17,17,2,0,0,0
AT1G11930,0,2,0,0,0,0
AT1G12000,19,20,15,10,0,0
AT1G12050,8,10,0,0,0,0
AT1G12080,5,3,0,0,0,0
AT1G12230,7,11,7,5,0,0
AT1G12240,2,5,0,0,0,0
AT1G12270,15,13,0,0,0,0
AT1G12310,10,10,7,5,0,0
AT1G12380,5,4,3,0,0,0
AT1G12410,0,2,3,4,8,0
AT1G12430,0,0,0,0,0,0
AT1G12470,2,3,3,0,0,0
AT1G12520,8,5,0,0,2,0
AT1G12570,11,12,2,0,0,0
AT1G12780,16,22,2,0,0,0
AT1G12840,13,13,5,6,0,0
AT1G12900,23,27,26,26,7,27
AT1G12910,10,17,0,0,0,0
AT1G12920,5,7,8,8,0,0
AT1G13020,6,5,0,0,0,0
AT1G13060,7,6,6,3,0,0
AT1G13190,0,3,0,0,8,0
AT1G13270,6,6,0,0,0,0
AT1G13280,12,12,3,4,0,0
AT1G13320,16,16,4,3,0,0
AT1G13370,0,0,0,0,0,0
AT1G13440,25,28,31,32,11,30
AT1G13690,4,4,0,2,0,0
AT1G13730,0,0,0,0,0,0
AT1G13790,0,2,0,0,0,0
AT1G13870,3,4,0,0,0,0
AT1G13880,14,15,0,0,0,0
AT1G13930,3,8,0,0,0,0
AT1G13980,0,3,0,0,0,0
AT1G14000,11,8,2,0,0,0
AT1G14030,0,0,4,0,0,0
AT1G14210,2,3,0,0,0,0
AT1G14320,8,12,5,4,3,0
AT1G14400,2,2,0,0,0,0
AT1G14410,5,9,4,4,0,0
AT1G14440,0,0,0,0,0,0
AT1G14610,29,26,0,0,0,0
AT1G14650,8,6,0,0,0,0
AT1G14670,0,3,0,3,0,0
AT1G14690,0,0,0,0,15,0
AT1G14710,0,0,5,0,21,3
AT1G14810,20,21,2,3,0,0
AT1G14830,0,0,30,24,0,0
AT1G14850,0,0,6,4,0,0
AT1G14980,0,0,0,0,0,0
AT1G15130,4,3,0,0,0,0
AT1G15140,0,0,6,4,0,0
AT1G15200,0,0,0,0,0,0
AT1G15230,2,0,0,0,0,0
AT1G15250,0,0,0,4,0,0
AT1G15280,0,0,0,0,5,0
AT1G15290,0,2,0,0,0,0
AT1G15340,5,4,0,0,0,0
AT1G15415,2,4,0,0,0,0
AT1G15440,0,0,0,0,0,0
AT1G15470,4,6,15,14,0,16
AT1G15480,0,0,0,0,0,0
AT1G15500,0,0,0,0,0,0
AT1G15690,0,0,6,10,0,2
AT1G15710,0,0,0,0,0,0
AT1G15730,4,7,0,0,0,0
AT1G15750,17,21,5,3,0,0
AT1G15780,0,0,2,0,0,0
AT1G15820,0,0,4,5,0,0
AT1G15870,0,0,0,0,0,0
AT1G15910,5,4,0,0,0,0
AT1G15930,8,11,4,4,0,0
AT1G15940,0,0,0,0,0,0
AT1G15950,0,0,0,0,0,0
AT1G16030,14,17,9,12,0,6
AT1G16080,4,3,0,0,0,0
AT1G16300,0,0,6,8,0,7
AT1G16340,5,4,0,0,0,0
AT1G16350,10,13,3,2,0,0
AT1G16460,4,2,5,3,0,0
AT1G16470,10,15,2,3,0,0
AT1G16520,3,2,0,0,2,0
AT1G16870,0,2,0,0,0,0
AT1G16880,0,0,2,2,0,0
AT1G16890,2,6,2,2,0,0
AT1G16920,0,0,0,0,0,0
AT1G16970,0,0,0,0,0,0
AT1G17100,10,13,5,2,0,0
AT1G17210,4,3,0,0,0,0
AT1G17220,5,7,0,0,0,0
AT1G17290,16,12,3,2,0,0
AT1G17370,5,7,9,6,6,0
AT1G17470,0,0,0,0,0,0
AT1G17580,0,0,0,5,0,0
AT1G17640,0,2,0,0,0,0
AT1G17650,4,6,0,0,0,0
AT1G17720,11,16,4,5,0,0
AT1G17745,17,12,8,10,0,3
AT1G17760,0,0,0,0,3,0
AT1G17840,0,0,2,3,0,0
AT1G17860,0,2,0,0,0,0
AT1G17880,2,0,0,0,0,0
AT1G17890,4,2,0,0,0,0
AT1G17930,0,0,0,0,9,0
AT1G18070,10,14,4,0,0,0
AT1G18080,21,22,13,11,0,0
AT1G18150,0,0,4,0,0,0
AT1G18210,9,10,5,5,0,0
AT1G18250,0,0,0,0,6,0
AT1G18270,5,6,0,0,0,0
AT1G18450,14,17,11,13,0,0
AT1G18490,4,3,0,0,0,0
AT1G18500,19,23,7,3,0,0
AT1G18540,14,17,0,0,8,0
AT1G18630,0,0,0,0,3,0
AT1G18660,0,0,2,0,0,0
AT1G18800,2,3,0,0,0,0
AT1G19480,72,82,0,0,0,0
AT1G19520,2,3,0,0,0,0
AT1G19570,43,57,5,4,0,0
AT1G19580,0,0,0,2,0,0
AT1G19730,0,2,0,0,0,0
AT1G19870,3,5,0,0,0,0
AT1G19880,0,3,0,0,0,0
AT1G19920,13,19,10,7,0,0
AT1G20010,47,62,40,44,13,32
AT1G20020,11,15,9,7,0,0
AT1G20090,0,0,0,0,0,0
AT1G20110,3,5,3,2,7,0
AT1G20130,0,0,0,0,0,0
AT1G20140,5,7,5,4,0,0
AT1G20200,32,34,13,16,0,0
AT1G20220,7,9,2,0,26,0
AT1G20225,0,4,0,0,0,0
AT1G20260,18,25,18,16,2,2
AT1G20330,0,0,7,7,0,0
AT1G20340,2,4,0,0,0,0
AT1G20370,3,2,0,0,0,0
AT1G20440,8,11,0,0,0,0
AT1G20450,6,5,0,0,0,0
AT1G20480,0,0,5,3,0,0
AT1G20510,0,0,3,0,0,0
AT1G20540,3,4,0,0,0,0
AT1G20560,2,0,6,5,0,0
AT1G20580,6,3,0,0,0,0
AT1G20620,58,63,149,145,0,12
AT1G20630,40,47,72,74,0,0
AT1G20670,2,2,0,0,0,0
AT1G20760,10,8,0,0,0,0
AT1G20816,0,0,0,2,0,0
AT1G20850,2,3,0,0,0,0
AT1G20920,3,10,0,0,0,0
AT1G20930,0,0,0,0,0,0
AT1G20950,16,24,10,10,0,0
AT1G20960,31,30,12,7,0,0
AT1G20970,0,0,0,0,0,0
AT1G21065,3,6,0,0,0,0
AT1G21350,4,5,0,0,0,0
AT1G21380,3,3,0,0,0,0
AT1G21440,7,9,2,5,0,0
AT1G21540,4,6,4,0,6,0
AT1G21600,7,6,0,0,0,0
AT1G21610,0,0,0,0,0,0
AT1G21630,16,17,0,0,0,0
AT1G21680,3,3,0,0,0,0
AT1G21690,0,0,0,0,0,0
AT1G21700,6,5,0,0,0,0
AT1G21720,7,5,0,0,0,0
AT1G21750,29,28,9,6,0,0
AT1G21780,0,0,9,7,0,0
AT1G21880,0,2,0,0,0,0
AT1G22060,0,0,0,0,0,0
AT1G22270,4,2,0,0,0,0
AT1G22300,17,18,9,6,0,0
AT1G22410,13,8,8,9,0,0
AT1G22430,8,12,0,0,0,0
AT1G22620,0,0,0,0,0,0
AT1G22730,0,0,0,0,0,0
AT1G22760,0,0,0,0,19,0
AT1G22780,5,5,5,6,5,0
AT1G22840,2,0,0,0,0,0
AT1G22910,0,0,4,0,0,0
AT1G22920,12,7,0,0,0,0
AT1G22940,4,6,2,0,0,0
AT1G23130,0,0,0,0,0,0
AT1G23180,0,0,0,0,0,0
AT1G23190,7,9,10,12,0,0
AT1G23290,8,8,6,4,3,0
AT1G23310,21,23,26,32,0,3
AT1G23410,0,0,0,0,4,0
AT1G23440,4,2,0,0,0,0
AT1G23490,13,10,8,11,0,5
AT1G23730,4,8,0,0,0,0
AT1G23740,11,12,0,0,0,0
AT1G23800,2,3,0,0,0,0
AT1G23820,12,14,3,0,0,0
AT1G23860,0,0,2,0,0,0
AT1G23870,0,0,0,0,0,0
AT1G23900,0,0,0,0,0,0
AT1G24020,9,15,15,16,0,8
AT1G24050,6,13,0,0,0,0
AT1G24100,0,0,0,0,0,0
AT1G24180,10,8,12,11,0,2
AT1G24260,0,0,2,0,0,0
AT1G24360,3,0,4,6,10,0
AT1G24450,0,0,0,0,0,0
AT1G24510,36,44,12,15,0,0
AT1G24800,3,0,0,0,0,0
AT1G24807,0,0,4,0,0,0
AT1G24881,3,0,0,0,0,0
AT1G24909,0,0,4,0,0,0
AT1G25055,3,0,0,0,0,0
AT1G25083,0,0,4,0,0,0
AT1G25150,3,0,0,0,0,0
AT1G25155,0,0,4,0,0,0
AT1G25211,3,0,0,0,0,0
AT1G25220,0,0,4,0,0,0
AT1G25260,0,0,0,0,0,0
AT1G25350,10,10,0,0,0,0
AT1G25490,12,16,8,7,0,0
AT1G26110,11,17,0,0,21,0
AT1G26160,2,0,0,0,0,0
AT1G26190,0,0,5,2,0,0
AT1G26320,5,0,0,0,0,0
AT1G26460,2,2,2,0,0,0
AT1G26470,2,0,0,0,0,0
AT1G26480,5,6,0,0,0,0
AT1G26550,3,0,0,0,0,0
AT1G26570,15,15,0,0,0,2
AT1G26630,18,24,5,5,2,4
AT1G26640,3,3,0,0,0,0
AT1G26820,2,0,0,0,0,0
AT1G26850,0,0,0,0,0,0
AT1G26880,3,4,2,0,2,0
AT1G26910,5,7,4,4,3,0
AT1G27090,21,28,0,0,38,0
AT1G27130,2,4,0,0,0,0
AT1G27150,2,0,0,0,0,0
AT1G27310,5,6,0,0,0,0
AT1G27400,11,12,4,4,8,3
AT1G27430,0,0,2,0,0,0
AT1G27450,2,6,0,0,0,0
AT1G27540,3,4,0,0,0,0
AT1G27580,0,0,0,0,0,0
AT1G27650,4,4,2,2,3,0
AT1G27970,4,7,0,0,0,0
AT1G28060,2,3,0,0,0,0
AT1G28290,2,0,0,0,0,0
AT1G28320,0,0,0,2,0,0
AT1G28440,0,0,0,0,0,0
AT1G28530,0,0,0,0,0,0
AT1G28680,0,3,0,0,0,0
AT1G29150,32,38,7,6,0,2
AT1G29220,3,0,0,0,0,0
AT1G29250,24,25,0,0,36,3
AT1G29260,6,4,0,2,0,0
AT1G29310,0,0,0,0,0,0
AT1G29320,0,0,0,0,0,0
AT1G29350,0,6,2,0,0,0
AT1G29370,8,6,2,0,0,0
AT1G29670,7,9,2,0,0,0
AT1G29880,17,21,5,5,0,0
AT1G29900,45,49,16,10,0,0
AT1G29910,0,0,9,8,2,0
AT1G29920,0,0,9,8,2,0
AT1G29930,0,0,9,8,2,0
AT1G29940,0,0,0,0,0,0
AT1G29965,12,13,4,0,0,0
AT1G29970,12,13,4,0,0,0
AT1G29990,2,7,0,0,0,0
AT1G30070,0,2,0,0,0,0
AT1G30120,4,2,3,0,0,0
AT1G30170,2,3,0,0,0,0
AT1G30230,31,36,2,2,0,0
AT1G30300,2,3,0,0,0,0
AT1G30330,0,0,0,3,0,0
AT1G30360,0,0,3,7,0,0
AT1G30380,0,0,2,2,0,0
AT1G30440,0,0,0,0,0,0
AT1G30460,0,0,0,0,5,0
AT1G30470,5,7,2,0,0,0
AT1G30480,0,0,0,0,0,0
AT1G30530,9,9,0,0,0,0
AT1G30580,16,14,6,2,0,0
AT1G30620,0,3,0,0,0,0
AT1G30630,11,14,9,14,0,2
AT1G30680,2,0,3,3,0,0
AT1G30690,2,0,0,0,0,0
AT1G30820,3,0,0,0,0,0
AT1G31070,7,9,0,0,0,0
AT1G31120,0,2,0,0,0,0
AT1G31160,7,14,0,0,0,0
AT1G31180,3,3,0,2,0,0
AT1G31220,3,0,0,0,0,0
AT1G31230,13,13,3,5,0,0
AT1G31280,0,2,0,0,0,0
AT1G31330,0,0,5,4,0,0
AT1G31340,13,13,14,0,0,0
AT1G31730,4,2,0,0,0,0
AT1G31780,2,3,0,0,0,0
AT1G31812,5,4,0,0,0,0
AT1G31860,3,4,0,0,0,0
AT1G31910,2,2,3,0,0,0
AT1G31970,0,2,0,0,0,0
AT1G32050,2,5,0,0,0,0
AT1G32060,24,26,21,22,0,0
AT1G32070,2,0,0,0,0,0
AT1G32160,0,0,0,2,0,0
AT1G32190,3,7,0,0,0,0
AT1G32200,13,10,0,0,0,0
AT1G32220,0,2,6,5,0,0
AT1G32380,0,2,5,0,0,0
AT1G32440,3,0,3,0,0,0
AT1G32470,3,3,0,0,0,0
AT1G32500,8,5,5,8,0,0
AT1G32550,0,2,0,0,0,0
AT1G32580,9,9,0,0,0,0
AT1G32790,0,0,0,2,10,0
AT1G32900,0,0,0,0,0,0
AT1G32990,6,7,2,2,0,0
AT1G33120,10,9,10,12,6,10
AT1G33140,10,9,10,12,6,10
AT1G33360,0,2,0,0,0,0
AT1G33410,0,0,5,2,0,0
AT1G33430,0,0,14,11,0,0
AT1G33470,0,0,3,0,0,0
AT1G33590,2,2,0,0,0,0
AT1G33680,9,7,2,0,0,0
AT1G33780,0,0,2,2,0,0
AT1G34030,5,5,5,6,5,0
AT1G34360,0,0,0,0,0,0
AT1G34430,5,8,14,11,0,2
AT1G34760,0,5,0,0,0,0
AT1G35160,13,20,8,6,0,0
AT1G35310,5,11,2,2,0,0
AT1G35420,2,0,0,0,0,0
AT1G35470,0,3,0,0,0,0
AT1G35580,9,16,7,2,0,0
AT1G35670,12,13,0,0,0,0
AT1G35680,6,12,0,0,0,0
AT1G35720,4,7,11,12,0,0
AT1G35780,5,3,0,0,0,0
AT1G36160,45,48,36,18,0,0
AT1G36240,0,0,0,0,0,0
AT1G36730,0,2,0,0,0,0
AT1G41830,4,5,0,0,0,0
AT1G41880,7,7,0,0,0,0
AT1G42440,0,0,0,0,0,0
AT1G42970,26,27,28,28,8,31
AT1G43170,35,37,7,9,0,0
AT1G43190,9,12,4,4,0,0
AT1G43560,2,0,0,0,0,0
AT1G43670,2,5,4,4,0,0
AT1G43690,9,13,0,0,0,0
AT1G43710,2,4,0,0,0,0
AT1G43890,0,0,4,0,0,0
AT1G43910,0,0,0,0,0,0
AT1G44170,0,0,2,0,0,0
AT1G44446,0,0,2,0,0,0
AT1G44575,0,0,0,2,0,0
AT1G44835,4,6,2,0,0,0
AT1G44900,5,2,6,3,0,0
AT1G44910,0,0,0,0,0,0
AT1G45000,25,26,9,11,2,4
AT1G45145,5,5,0,0,0,0
AT1G45150,3,3,0,0,0,0
AT1G45230,0,0,0,0,0,0
AT1G45332,3,2,0,0,0,0
AT1G47128,13,16,9,8,0,2
AT1G47200,2,2,0,0,0,0
AT1G47250,11,11,0,5,0,0
AT1G47260,0,0,5,0,0,0
AT1G47420,3,3,0,0,0,0
AT1G47490,2,5,0,0,0,0
AT1G47500,3,0,0,0,0,0
AT1G47550,0,2,0,0,0,0
AT1G47560,0,0,0,0,0,0
AT1G47710,8,5,0,0,0,0
AT1G47750,0,0,2,0,0,0
AT1G47830,0,0,2,0,0,0
AT1G47900,0,0,0,0,3,0
AT1G47980,0,0,0,0,0,0
AT1G48030,12,10,8,10,0,0
AT1G48050,2,6,0,0,0,0
AT1G48090,0,0,8,6,0,0
AT1G48120,58,57,0,0,0,0
AT1G48210,0,0,0,0,0,0
AT1G48350,0,0,3,0,0,0
AT1G48410,25,31,4,4,0,0
AT1G48420,14,11,3,4,0,0
AT1G48480,0,0,8,0,3,0
AT1G48520,4,5,0,0,0,0
AT1G48570,0,3,0,0,0,0
AT1G48600,14,12,8,6,0,0
AT1G48610,0,0,0,0,0,0
AT1G48620,0,0,0,0,0,0
AT1G48630,18,18,12,15,0,0
AT1G48830,0,0,0,0,0,0
AT1G48850,6,9,2,4,0,0
AT1G48860,8,13,7,7,0,0
AT1G48900,0,0,0,0,0,0
AT1G48920,5,10,0,0,10,0
AT1G49040,0,0,0,0,0,0
AT1G49240,29,48,34,43,8,17
AT1G49300,0,0,0,0,0,0
AT1G49430,0,0,6,9,0,0
AT1G49480,0,0,0,2,0,0
AT1G49540,3,3,0,0,0,0
AT1G49600,7,6,8,3,0,0
AT1G49660,3,0,0,0,0,0
AT1G49670,7,8,11,11,43,0
AT1G49750,0,0,0,0,0,3
AT1G49760,19,24,8,8,29,0
AT1G49970,3,3,2,4,18,0
AT1G50010,43,58,44,42,0,45
AT1G50030,0,0,0,0,0,0
AT1G50110,2,3,0,0,0,0
AT1G50140,0,0,0,0,0,0
AT1G50170,0,2,0,0,0,0
AT1G50200,20,27,6,0,0,0
AT1G50250,0,0,14,12,0,0
AT1G50300,7,9,0,0,0,0
AT1G50370,15,17,0,2,0,0
AT1G50480,12,12,7,5,0,0
AT1G50500,0,0,0,0,0,0
AT1G50510,0,0,4,5,3,0
AT1G50575,0,0,0,0,0,0
AT1G50670,6,7,2,0,0,0
AT1G50920,0,3,0,0,0,0
AT1G51060,0,0,0,0,0,0
AT1G51100,3,3,0,0,0,0
AT1G51110,0,0,0,0,0,0
AT1G51160,0,0,0,0,0,0
AT1G51380,0,2,0,0,0,0
AT1G51390,3,6,0,0,0,0
AT1G51400,0,0,0,0,0,0
AT1G51420,0,0,0,0,0,0
AT1G51500,0,0,0,0,0,0
AT1G51510,5,7,0,0,0,0
AT1G51560,3,0,0,0,0,0
AT1G51570,0,0,0,0,0,0
AT1G51580,0,0,0,0,0,0
AT1G51630,0,0,2,0,0,0
AT1G51650,0,0,0,0,0,0
AT1G51660,0,0,0,2,0,0
AT1G51680,0,2,0,0,0,0
AT1G51690,6,11,4,3,0,0
AT1G51710,11,11,6,2,0,0
AT1G51730,2,0,0,0,0,0
AT1G51980,0,0,12,6,0,2
AT1G52030,31,34,20,14,0,0
AT1G52040,15,14,13,9,0,0
AT1G52280,0,0,0,0,0,0
AT1G52300,5,6,5,4,3,0
AT1G52340,5,8,0,0,0,0
AT1G52360,22,24,26,26,0,8
AT1G52380,5,6,0,0,0,0
AT1G52400,30,34,49,49,12,8
AT1G52410,22,30,0,0,0,0
AT1G52510,0,3,4,3,0,0
AT1G52570,46,61,0,0,0,0
AT1G52600,0,0,0,0,0,0
AT1G52670,6,8,0,0,0,0
AT1G52730,12,10,6,4,0,0
AT1G52740,0,0,0,0,0,0
AT1G52760,3,3,4,2,0,0
AT1G52930,0,0,0,0,0,0
AT1G52980,0,0,0,0,0,0
AT1G53090,0,0,2,4,0,0
AT1G53140,0,0,32,29,0,0
AT1G53165,0,2,0,0,0,0
AT1G53210,0,0,3,0,0,0
AT1G53240,9,14,7,5,0,2
AT1G53280,12,9,2,2,0,0
AT1G53310,23,25,8,10,0,0
AT1G53500,12,16,22,23,58,0
AT1G53580,5,7,0,0,0,0
AT1G53645,3,4,0,0,0,0
AT1G53650,0,0,0,0,2,0
AT1G53670,0,3,0,0,0,0
AT1G53720,3,4,0,0,0,0
AT1G53750,35,35,14,18,0,2
AT1G53850,10,12,7,3,0,2
AT1G54010,0,0,0,2,0,0
AT1G54020,0,0,6,3,0,0
AT1G54080,6,8,7,6,4,3
AT1G54100,3,0,0,0,0,0
AT1G54140,0,2,0,0,0,0
AT1G54170,2,2,0,0,0,0
AT1G54220,0,6,12,12,0,5
AT1G54250,2,3,0,0,0,0
AT1G54270,22,25,32,33,8,37
AT1G54290,7,5,0,0,0,0
AT1G54340,0,0,17,16,0,0
AT1G54450,0,3,0,0,0,0
AT1G54490,2,2,0,0,0,0
AT1G54560,0,0,0,0,0,0
AT1G54570,0,0,11,4,0,0
AT1G54690,0,0,0,0,0,0
AT1G54710,0,0,6,3,0,0
AT1G54780,0,0,4,2,0,0
AT1G54790,0,0,0,0,0,0
AT1G54990,0,0,0,0,0,0
AT1G55020,2,3,0,0,0,0
AT1G55040,0,0,0,0,2,0
AT1G55060,0,0,0,0,0,0
AT1G55090,7,0,0,0,0,0
AT1G55150,5,0,0,0,0,0
AT1G55310,0,0,0,0,0,0
AT1G55320,0,0,37,30,0,0
AT1G55325,0,0,2,0,0,0
AT1G55480,5,2,0,0,0,0
AT1G55490,45,53,25,22,2,18
AT1G55500,4,4,0,0,0,0
AT1G55510,0,0,2,0,0,0
AT1G55520,0,0,0,0,0,0
AT1G55805,0,0,0,0,0,0
AT1G55810,0,0,18,18,0,0
AT1G55860,0,21,0,0,3,0
AT1G55890,0,0,0,0,0,0
AT1G55980,3,0,0,0,0,0
AT1G56000,3,0,0,0,0,0
AT1G56050,2,4,5,2,0,0
AT1G56070,92,103,35,41,0,18
AT1G56100,0,2,0,0,0,0
AT1G56110,6,8,3,4,0,0
AT1G56190,21,23,18,17,0,0
AT1G56290,0,0,0,0,9,0
AT1G56330,0,2,9,7,0,0
AT1G56340,11,9,7,5,0,0
AT1G56450,9,13,4,4,0,0
AT1G56560,0,4,0,0,0,0
AT1G56580,3,10,0,2,0,0
AT1G56700,5,8,0,0,0,0
AT1G57660,5,6,5,4,3,0
AT1G57720,37,46,11,7,0,0
AT1G57750,0,0,6,5,0,0
AT1G57860,5,6,5,4,3,0
AT1G58080,0,4,0,0,0,0
AT1G58290,0,0,0,0,0,0
AT1G58370,0,0,0,0,0,0
AT1G58380,16,17,7,6,4,0
AT1G58684,16,17,7,6,4,0
AT1G58983,16,17,7,6,4,0
AT1G59359,16,17,7,6,4,0
AT1G59610,0,0,35,37,0,0
AT1G59760,2,3,0,0,0,0
AT1G59830,0,10,7,6,0,0
AT1G59870,0,0,0,0,0,0
AT1G59900,11,11,11,8,0,3
AT1G59960,0,0,0,0,19,0
AT1G59990,0,0,0,0,0,0
AT1G60000,4,3,0,0,0,0
AT1G60070,0,2,0,0,0,0
AT1G60200,3,4,0,0,0,0
AT1G60420,14,19,0,0,0,0
AT1G60550,2,2,2,2,0,0
AT1G60620,2,0,0,0,0,0
AT1G60650,0,0,0,0,0,0
AT1G60710,20,24,6,3,0,0
AT1G60780,3,3,4,4,0,0
AT1G60810,0,6,0,4,0,0
AT1G60850,0,3,0,0,0,0
AT1G60900,15,14,0,0,0,0
AT1G60940,4,0,0,2,0,0
AT1G61010,13,14,0,0,0,0
AT1G61150,15,13,2,0,0,0
AT1G61520,0,0,8,8,0,0
AT1G61570,3,2,0,0,0,0
AT1G61580,10,0,0,0,0,0
AT1G61730,0,0,0,0,0,0
AT1G61790,0,0,0,0,0,0
AT1G61850,8,6,0,0,0,0
AT1G61870,0,0,0,0,0,0
AT1G61990,0,0,0,0,0,0
AT1G62020,27,27,56,45,0,5
AT1G62120,0,0,0,0,0,0
AT1G62380,12,13,2,2,0,0
AT1G62390,15,21,0,0,0,0
AT1G62480,8,9,0,0,0,0
AT1G62640,11,8,3,2,0,0
AT1G62740,8,7,0,0,0,0
AT1G62750,21,22,17,9,0,0
AT1G62780,0,0,0,0,0,0
AT1G62820,9,9,5,4,0,0
AT1G62870,2,2,0,0,0,0
AT1G62940,4,6,4,0,0,0
AT1G63000,6,6,7,6,19,0
AT1G63160,0,0,0,0,0,0
AT1G63180,4,7,2,0,0,0
AT1G63460,7,8,0,0,0,0
AT1G63480,0,0,0,0,0,0
AT1G63500,0,0,0,0,0,0
AT1G63640,0,0,0,0,0,0
AT1G63660,6,13,10,9,0,0
AT1G63680,18,13,4,0,0,0
AT1G63710,0,0,0,0,0,0
AT1G63770,4,9,20,12,0,0
AT1G63800,2,0,0,0,0,0
AT1G63810,0,0,0,0,0,0
AT1G63940,12,9,10,6,0,0
AT1G63970,3,4,0,0,0,0
AT1G64040,0,3,0,0,0,0
AT1G64190,5,2,8,6,0,0
AT1G64200,0,0,0,0,0,0
AT1G64230,0,4,0,0,0,0
AT1G64350,3,3,2,4,0,0
AT1G64430,0,0,4,0,0,0
AT1G64440,6,5,0,0,0,0
AT1G64510,3,3,0,2,0,0
AT1G64520,26,27,6,11,0,0
AT1G64550,2,3,6,2,0,0
AT1G64740,19,33,20,23,0,11
AT1G64750,0,0,0,0,0,0
AT1G64790,22,26,4,0,0,0
AT1G64880,18,26,0,0,0,0
AT1G64980,15,13,0,0,0,0
AT1G65010,40,46,0,0,0,0
AT1G65030,0,0,0,0,0,0
AT1G65060,0,0,0,0,0,0
AT1G65150,9,8,0,0,0,0
AT1G65220,0,0,0,0,0,0
AT1G65260,2,0,0,0,2,0
AT1G65270,0,0,4,0,0,0
AT1G65350,0,0,0,0,0,0
AT1G65440,23,22,0,0,0,0
AT1G65450,25,31,0,0,0,0
AT1G65480,7,8,0,3,0,0
AT1G65560,6,4,0,0,0,0
AT1G65650,3,3,0,0,0,0
AT1G65930,10,13,18,15,0,0
AT1G65960,19,22,6,7,0,0
AT1G65970,3,0,0,0,0,0
AT1G65980,13,16,0,0,0,0
AT1G66120,2,3,27,19,0,0
AT1G66200,2,0,9,9,0,0
AT1G66240,5,4,3,3,0,0
AT1G66260,0,0,0,0,17,0
AT1G66430,4,6,5,6,0,0
AT1G66530,3,10,5,0,0,0
AT1G66580,7,11,0,4,3,0
AT1G66670,2,2,4,0,0,0
AT1G66680,5,3,3,0,0,0
AT1G66850,3,4,0,0,0,0
AT1G67090,108,85,30,37,13,15
AT1G67120,0,0,0,0,0,0
AT1G67170,0,0,2,2,0,0
AT1G67230,8,9,3,2,0,0
AT1G67280,8,7,4,0,0,0
AT1G67325,0,3,0,0,0,0
AT1G67430,11,12,0,0,0,3
AT1G67440,0,0,5,5,0,0
AT1G67630,0,0,0,0,0,0
AT1G67660,0,0,0,0,0,0
AT1G67680,7,7,0,0,0,0
AT1G67730,0,0,5,3,0,0
AT1G67830,2,0,0,0,0,0
AT1G67930,3,0,0,0,0,0
AT1G67990,0,0,0,0,0,0
AT1G68010,10,13,19,21,0,0
AT1G68020,0,2,5,2,0,0
AT1G68060,0,2,0,0,0,0
AT1G68300,2,5,0,0,0,0
AT1G68530,0,0,8,5,0,0
AT1G68540,0,2,0,0,0,0
AT1G68560,13,14,13,13,0,3
AT1G68660,2,0,0,0,0,0
AT1G68750,0,0,79,90,0,0
AT1G68790,0,2,0,0,0,0
AT1G68830,0,0,3,0,0,0
AT1G69200,7,5,0,0,0,0
AT1G69250,3,5,0,0,0,0
AT1G69370,2,4,0,0,0,0
AT1G69410,11,14,0,0,0,0
AT1G69510,4,4,0,0,0,0
AT1G69620,3,4,2,0,2,0
AT1G69740,25,34,8,6,0,0
AT1G69830,49,48,19,23,8,0
AT1G69840,0,0,3,3,0,0
AT1G69940,7,9,0,0,0,0
AT1G69960,7,9,0,0,0,0
AT1G70060,0,0,0,0,0,0
AT1G70070,3,6,0,0,0,0
AT1G70180,0,0,0,0,17,0
AT1G70200,4,3,0,0,0,0
AT1G70290,0,0,0,0,0,0
AT1G70310,10,12,3,0,0,0
AT1G70320,30,36,4,0,3,0
AT1G70410,5,5,4,0,0,0
AT1G70490,13,10,8,11,0,5
AT1G70580,0,0,16,0,0,0
AT1G70600,8,8,6,4,3,0
AT1G70710,2,0,3,4,0,8
AT1G70730,0,0,6,10,0,0
AT1G70770,0,0,4,2,0,0
AT1G70820,0,4,0,0,0,0
AT1G70830,16,22,5,4,0,0
AT1G70850,2,2,0,0,0,0
AT1G71080,27,30,0,0,0,0
AT1G71220,49,52,17,9,0,0
AT1G71260,0,0,0,0,0,0
AT1G71310,3,3,0,0,0,0
AT1G71440,2,2,0,0,0,0
AT1G71500,0,0,8,6,0,0
AT1G71695,0,2,0,0,0,0
AT1G71730,4,4,0,0,0,0
AT1G71750,0,3,0,0,0,0
AT1G71770,0,2,2,0,16,0
AT1G71800,0,0,0,0,4,0
AT1G71810,0,0,0,0,0,0
AT1G71820,3,2,0,0,0,0
AT1G71840,11,15,0,0,0,0
AT1G71860,4,7,0,0,0,0
AT1G71950,2,0,0,0,0,0
AT1G72150,4,2,10,10,0,0
AT1G72290,5,5,0,0,0,0
AT1G72330,0,7,0,0,0,0
AT1G72340,0,0,0,0,0,0
AT1G72370,20,20,14,17,0,0
AT1G72550,14,20,5,2,0,0
AT1G72610,0,3,0,0,6,0
AT1G72730,14,15,20,0,0,17
AT1G72750,0,0,3,0,0,0
AT1G72810,0,3,3,0,0,0
AT1G72880,0,0,0,0,0,0
AT1G72910,0,0,0,0,0,0
AT1G72930,0,0,0,0,0,0
AT1G72970,3,0,8,6,0,0
AT1G73030,0,0,0,0,0,0
AT1G73060,8,8,0,0,0,0
AT1G73110,0,0,3,3,19,0
AT1G73180,6,8,0,0,0,0
AT1G73230,0,0,0,0,0,0
AT1G73250,0,2,2,0,0,0
AT1G73380,14,9,0,0,0,0
AT1G73430,3,0,0,0,0,0
AT1G73450,0,0,0,0,0,0
AT1G73460,0,0,6,6,9,0
AT1G73600,9,10,0,0,0,0
AT1G73630,4,6,0,0,0,0
AT1G73670,0,0,0,0,0,0
AT1G73720,0,2,0,0,0,0
AT1G73880,3,8,0,0,0,0
AT1G73970,0,0,3,0,0,0
AT1G73980,0,0,0,0,0,0
AT1G74030,13,16,2,0,0,0
AT1G74040,11,11,0,0,0,0
AT1G74050,19,21,2,0,6,0
AT1G74060,0,21,2,0,6,0
AT1G74090,2,0,0,0,0,0
AT1G74100,6,10,0,0,0,0
AT1G74260,19,16,0,0,0,0
AT1G74270,0,0,0,0,0,0
AT1G74470,3,3,17,14,0,0
AT1G74540,0,0,3,0,0,0
AT1G74560,2,3,0,0,0,0
AT1G74640,0,0,0,3,0,0
AT1G74670,0,0,0,0,0,0
AT1G74690,0,0,0,0,0,0
AT1G74850,3,6,0,0,0,0
AT1G74910,3,4,7,6,0,0
AT1G74920,5,11,0,0,0,0
AT1G74960,3,12,9,4,0,0
AT1G74970,6,11,0,0,0,0
AT1G75030,4,0,0,0,0,0
AT1G75210,0,0,20,13,0,0
AT1G75240,0,0,0,0,0,0
AT1G75270,14,13,0,0,0,0
AT1G75280,6,5,0,0,0,0
AT1G75330,0,0,3,0,0,0
AT1G75350,6,11,0,2,0,0
AT1G75510,7,6,0,0,0,0
AT1G75560,0,0,0,0,3,0
AT1G75660,4,8,0,0,0,0
AT1G75690,0,2,0,0,0,0
AT1G75750,0,0,0,0,6,0
AT1G75780,42,55,35,39,10,0
AT1G75840,0,0,0,0,0,0
AT1G75910,0,0,3,4,0,0
AT1G75930,0,0,5,3,0,0
AT1G75940,7,13,8,6,0,0
AT1G75950,10,13,4,2,0,0
AT1G75980,3,0,0,0,0,0
AT1G75990,22,27,12,12,0,0
AT1G76010,15,22,3,0,32,8
AT1G76030,18,25,18,16,2,2
AT1G76050,0,0,0,0,0,0
AT1G76080,5,4,0,0,0,0
AT1G76090,0,0,0,0,0,0
AT1G76140,2,0,0,0,0,0
AT1G76150,0,0,3,0,0,0
AT1G76160,3,7,0,0,0,0
AT1G76180,9,7,0,0,0,0
AT1G76300,3,3,0,0,0,0
AT1G76390,0,0,4,2,0,0
AT1G76400,0,0,2,0,0,0
AT1G76405,0,0,3,0,0,0
AT1G76540,0,0,0,0,0,0
AT1G76550,17,17,8,6,0,0
AT1G76680,5,5,0,0,0,0
AT1G76690,0,5,0,0,0,0
AT1G76810,10,12,0,0,0,0
AT1G76850,2,2,0,0,0,0
AT1G76860,2,3,0,0,0,0
AT1G77060,2,0,0,0,0,0
AT1G77122,2,2,0,0,0,0
AT1G77180,3,3,0,0,0,0
AT1G77470,0,0,0,0,0,0
AT1G77490,0,0,3,0,0,0
AT1G77510,11,11,4,0,0,0
AT1G77590,0,0,2,2,0,0
AT1G77670,0,0,0,0,0,0
AT1G77680,0,0,14,10,0,0
AT1G77940,9,7,3,0,0,0
AT1G78060,7,6,3,0,0,0
AT1G78150,5,5,0,0,0,0
AT1G78280,0,0,0,0,0,0
AT1G78300,16,18,13,4,0,3
AT1G78370,5,6,3,2,0,0
AT1G78380,10,11,4,7,0,0
AT1G78570,20,27,34,28,89,11
AT1G78580,16,13,4,0,0,0
AT1G78630,9,8,0,0,0,0
AT1G78670,4,4,0,0,0,0
AT1G78680,12,15,0,0,0,0
AT1G78820,2,0,0,0,0,0
AT1G78830,0,0,0,0,0,0
AT1G78870,0,0,0,0,0,0
AT1G78900,35,42,32,29,0,5
AT1G79010,0,0,3,0,0,0
AT1G79040,0,0,0,0,0,0
AT1G79050,0,0,0,0,0,0
AT1G79090,0,0,0,0,0,0
AT1G79200,0,0,0,0,0,0
AT1G79210,10,15,2,3,0,0
AT1G79230,10,11,3,3,0,0
AT1G79250,0,2,0,0,0,0
AT1G79280,45,45,0,0,0,0
AT1G79340,5,7,0,0,0,0
AT1G79350,0,0,0,2,0,0
AT1G79440,20,29,0,0,0,0
AT1G79470,7,7,3,0,0,0
AT1G79500,4,3,0,0,0,0
AT1G79530,9,12,8,8,0,0
AT1G79550,14,17,10,8,0,8
AT1G79560,0,0,0,2,0,0
AT1G79570,0,0,0,0,5,0
AT1G79600,0,0,0,0,0,0
AT1G79650,0,3,0,0,0,0
AT1G79690,11,13,0,0,0,0
AT1G79750,4,4,0,0,0,0
AT1G79790,0,2,0,0,0,0
AT1G79830,4,2,0,0,0,0
AT1G79850,2,2,0,0,0,0
AT1G79870,9,15,2,0,0,0
AT1G79920,40,49,19,12,0,0
AT1G79930,39,49,17,12,0,0
AT1G79940,0,0,3,2,0,0
AT1G79960,0,10,0,0,0,0
AT1G79990,12,11,23,24,0,0
AT1G80030,0,0,2,0,0,0
AT1G80070,25,34,15,11,0,0
AT1G80210,7,3,0,0,0,0
AT1G80230,0,0,0,0,0,0
AT1G80270,0,0,4,5,0,0
AT1G80360,2,0,0,0,0,0
AT1G80380,4,2,3,0,0,0
AT1G80410,15,18,8,3,0,0
AT1G80460,14,13,7,8,0,0
AT1G80480,14,15,7,3,0,3
AT1G80490,18,23,5,3,0,0
AT1G80500,3,2,0,0,0,0
AT1G80560,3,2,0,0,0,0
AT1G80600,6,6,0,0,0,0
AT1G80660,0,0,7,0,0,0
AT1G80680,0,0,3,0,0,0
AT1G80750,0,0,0,0,0,0
AT1G80930,0,0,0,0,0,0
AT1G80940,3,0,0,0,0,0
AT1G80990,0,0,0,0,0,0
AT2G01140,15,18,13,12,0,3
AT2G01250,13,22,7,4,0,0
AT2G01350,4,4,8,2,0,0
AT2G01440,0,0,0,0,0,0
AT2G01520,7,5,0,0,0,0
AT2G01690,9,13,0,0,0,0
AT2G01720,0,0,3,5,0,0
AT2G01755,0,0,0,0,0,0
AT2G01970,0,3,5,3,0,0
AT2G02090,0,0,0,0,0,0
AT2G02160,3,5,0,0,16,0
AT2G02390,0,3,0,0,0,0
AT2G02400,3,4,0,0,0,0
AT2G02470,0,0,0,0,0,0
AT2G02560,6,9,3,3,0,0
AT2G02740,2,6,7,4,0,0
AT2G02790,0,0,0,0,0,0
AT2G02850,0,4,0,0,0,0
AT2G02930,0,0,2,0,0,0
AT2G03070,0,2,3,0,0,0
AT2G03430,4,3,0,0,0,0
AT2G03440,4,4,0,0,0,0
AT2G03510,0,0,9,6,0,0
AT2G03640,2,4,0,0,0,0
AT2G03680,5,2,0,0,0,0
AT2G03750,4,0,0,0,0,0
AT2G03820,3,2,6,7,0,0
AT2G03850,0,0,0,0,0,0
AT2G03870,2,3,0,0,0,0
AT2G04030,44,48,33,26,0,5
AT2G04280,5,0,0,0,0,0
AT2G04390,4,4,0,0,3,0
AT2G04520,2,2,0,0,0,0
AT2G04530,0,0,0,0,2,0
AT2G04630,0,2,0,0,0,0
AT2G04690,9,10,0,0,0,0
AT2G04700,3,5,0,0,0,0
AT2G04740,2,0,0,0,0,0
AT2G04842,6,12,8,8,0,0
AT2G05070,0,0,7,8,2,0
AT2G05100,0,0,7,8,2,2
AT2G05120,20,18,5,0,0,0
AT2G05170,5,5,0,0,0,0
AT2G05220,4,4,0,0,3,0
AT2G05540,0,0,0,0,2,0
AT2G05710,16,18,13,13,0,0
AT2G05830,3,4,5,2,0,0
AT2G05840,10,10,5,5,0,0
AT2G05920,15,23,6,5,0,0
AT2G05990,15,21,24,24,0,7
AT2G06050,9,11,2,3,0,0
AT2G06255,0,0,3,0,0,0
AT2G06510,2,2,0,0,0,0
AT2G06850,7,10,5,3,2,0
AT2G06990,0,0,0,0,0,0
AT2G07050,0,0,0,0,0,0
AT2G07340,2,5,0,0,0,0
AT2G07360,5,9,0,0,0,0
AT2G07560,0,0,10,0,4,0
AT2G07690,0,0,2,2,0,0
AT2G07698,10,14,25,27,3,7
AT2G07707,0,0,2,0,0,0
AT2G07725,0,0,2,0,0,0
AT2G09990,6,9,0,0,5,0
AT2G10940,3,2,0,0,0,12
AT2G13360,13,20,13,12,0,0
AT2G13540,5,4,0,0,0,0
AT2G13560,12,7,4,0,0,0
AT2G14120,0,3,36,30,0,0
AT2G14170,6,7,0,0,0,0
AT2G14260,8,9,0,0,0,0
AT2G14750,6,9,0,0,0,0
AT2G14880,0,0,3,2,0,0
AT2G15400,3,3,0,0,0,0
AT2G15430,8,8,11,8,0,0
AT2G15560,0,0,9,5,0,0
AT2G15620,0,0,0,0,0,0
AT2G15690,0,0,2,2,0,0
AT2G15860,0,0,0,0,0,2
AT2G15900,0,0,0,0,0,0
AT2G16360,0,0,0,0,0,0
AT2G16365,0,0,30,34,0,0
AT2G16370,3,0,0,0,0,0
AT2G16440,0,0,3,2,0,0
AT2G16485,0,0,0,0,0,0
AT2G16505,2,3,0,0,0,0
AT2G16570,0,4,3,0,0,0
AT2G16600,13,15,7,4,0,0
AT2G16640,0,0,3,3,0,0
AT2G16780,6,8,0,0,0,0
AT2G16900,0,2,0,0,0,0
AT2G16940,11,14,0,0,0,0
AT2G16950,11,18,0,0,0,0
AT2G17130,0,0,0,0,0,0
AT2G17190,4,5,0,0,0,0
AT2G17200,2,3,0,0,0,0
AT2G17265,5,3,0,0,0,0
AT2G17280,4,8,3,2,0,0
AT2G17340,7,8,0,0,0,0
AT2G17360,30,0,16,19,0,2
AT2G17390,7,9,0,0,0,0
AT2G17410,3,0,0,0,0,0
AT2G17420,19,18,0,0,0,0
AT2G17510,0,2,0,0,0,0
AT2G17630,63,77,0,0,0,0
AT2G17700,0,2,0,0,0,0
AT2G17790,0,0,0,0,0,0
AT2G17800,0,0,0,0,0,0
AT2G17870,17,19,6,2,0,0
AT2G17930,0,0,0,0,0,0
AT2G17970,0,0,0,0,16,0
AT2G17980,0,0,2,0,0,0
AT2G18020,13,27,6,6,2,0
AT2G18040,5,5,0,0,5,0
AT2G18110,17,22,2,0,0,0
AT2G18170,5,3,0,0,0,0
AT2G18230,6,4,4,2,0,0
AT2G18330,0,0,0,0,0,0
AT2G18510,3,3,0,0,0,0
AT2G18730,0,0,0,0,0,0
AT2G18740,2,0,0,0,0,0
AT2G18770,0,0,0,0,0,0
AT2G18790,3,3,84,86,0,0
AT2G18900,0,0,0,0,0,0
AT2G18960,0,0,22,24,0,0
AT2G18990,3,0,0,0,0,0
AT2G19070,7,9,0,0,0,0
AT2G19430,0,0,0,0,0,0
AT2G19480,18,20,8,4,0,0
AT2G19490,0,0,0,0,0,0
AT2G19520,17,24,0,0,0,0
AT2G19540,4,4,0,0,0,0
AT2G19570,13,13,0,0,0,0
AT2G19670,4,5,0,0,0,0
AT2G19730,3,3,3,0,6,0
AT2G19740,2,2,0,0,0,0
AT2G19750,0,0,0,0,3,0
AT2G19760,9,8,2,0,0,0
AT2G19770,9,8,0,0,0,0
AT2G19830,4,3,0,0,0,0
AT2G19900,0,0,0,0,0,0
AT2G19940,2,2,5,2,0,0
AT2G20060,0,0,0,0,0,0
AT2G20140,0,24,7,4,0,0
AT2G20190,3,2,0,0,0,0
AT2G20270,5,5,0,0,0,0
AT2G20280,7,6,0,0,0,0
AT2G20330,2,0,0,0,0,0
AT2G20340,4,3,0,0,0,0
AT2G20360,0,0,0,0,0,0
AT2G20420,7,8,5,0,0,0
AT2G20450,5,0,2,0,0,0
AT2G20490,2,3,0,0,8,0
AT2G20530,0,0,3,2,0,0
AT2G20580,56,57,29,25,0,4
AT2G20610,9,7,0,0,0,0
AT2G20630,2,4,0,0,0,0
AT2G20760,3,6,5,3,0,0
AT2G20790,0,0,0,0,0,0
AT2G20860,0,0,0,0,0,0
AT2G20890,4,5,2,2,0,0
AT2G20900,0,0,2,0,0,0
AT2G20930,0,0,0,0,0,0
AT2G20990,0,0,2,2,0,0
AT2G21010,0,0,0,2,0,0
AT2G21060,18,22,3,3,0,0
AT2G21130,8,15,4,2,0,0
AT2G21170,11,12,8,10,0,0
AT2G21250,5,8,0,0,0,0
AT2G21270,8,6,0,0,0,0
AT2G21330,21,23,14,16,0,7
AT2G21385,0,2,0,0,0,0
AT2G21390,30,34,52,50,0,9
AT2G21410,0,0,3,0,0,0
AT2G21470,3,5,0,0,0,0
AT2G21580,0,0,0,0,4,0
AT2G21590,3,0,0,0,0,0
AT2G21660,19,21,13,15,17,6
AT2G21790,0,0,0,0,0,0
AT2G21870,0,0,0,2,0,0
AT2G21960,0,0,0,0,0,0
AT2G22100,0,0,0,0,0,0
AT2G22125,19,22,5,0,0,0
AT2G22230,4,5,4,0,0,0
AT2G22240,0,4,0,0,0,0
AT2G22250,10,9,7,8,0,3
AT2G22300,0,0,0,0,0,0
AT2G22360,0,5,0,0,0,0
AT2G22400,5,3,0,0,0,0
AT2G22420,5,6,0,0,0,0
AT2G22450,0,0,0,0,0,0
AT2G22480,5,9,3,0,0,0
AT2G22500,0,0,4,0,0,0
AT2G22780,9,9,4,2,0,0
AT2G22970,0,2,0,0,0,0
AT2G23030,0,0,0,2,0,0
AT2G23070,5,5,2,4,0,0
AT2G23080,3,0,0,0,0,0
AT2G23090,2,2,0,0,0,0
AT2G23350,23,26,11,9,47,2
AT2G23370,0,2,0,0,0,0
AT2G23390,16,19,0,0,0,0
AT2G23420,10,8,0,0,0,0
AT2G23610,0,2,0,0,0,0
AT2G23820,6,7,0,0,0,0
AT2G23930,3,3,0,0,0,0
AT2G24020,6,7,0,0,0,0
AT2G24050,5,3,0,0,0,0
AT2G24090,0,0,0,0,0,0
AT2G24200,22,21,5,7,0,0
AT2G24210,4,0,7,5,0,0
AT2G24270,22,25,12,8,0,0
AT2G24490,5,5,0,0,0,0
AT2G24580,9,9,0,0,0,0
AT2G24590,3,3,2,3,0,0
AT2G24765,0,0,3,0,0,0
AT2G24820,0,0,2,0,0,0
AT2G24940,9,11,0,0,0,0
AT2G25010,0,0,0,0,14,0
AT2G25080,13,10,3,2,0,0
AT2G25110,0,0,3,0,0,0
AT2G25210,0,0,2,0,4,0
AT2G25280,4,5,0,0,0,0
AT2G25320,0,0,0,0,0,0
AT2G25430,0,0,0,3,0,0
AT2G25450,0,2,0,0,0,0
AT2G25560,0,0,0,0,0,0
AT2G25650,0,0,0,0,0,0
AT2G25670,0,0,0,0,0,0
AT2G25760,0,0,10,6,0,0
AT2G25830,2,0,0,0,0,0
AT2G25870,2,0,0,0,0,0
AT2G25930,0,0,17,18,0,0
AT2G25950,3,6,0,0,0,0
AT2G25970,9,12,2,0,0,0
AT2G26060,7,7,0,2,0,0
AT2G26080,33,43,12,12,0,0
AT2G26140,0,0,2,2,0,0
AT2G26210,4,3,0,0,0,0
AT2G26230,3,0,3,2,0,0
AT2G26250,0,0,10,9,0,0
AT2G26400,0,2,0,0,0,0
AT2G26460,3,5,0,0,0,0
AT2G26590,6,7,0,0,0,0
AT2G26670,3,3,0,0,0,0
AT2G26740,3,2,0,0,0,0
AT2G26780,3,4,0,0,0,0
AT2G26800,0,0,2,2,2,0
AT2G26890,0,0,0,0,0,0
AT2G26910,0,0,4,3,0,0
AT2G26990,3,4,0,0,0,0
AT2G27020,9,10,6,8,0,0
AT2G27030,8,0,6,6,0,0
AT2G27040,53,67,4,3,0,0
AT2G27100,0,0,0,0,26,0
AT2G27170,7,6,0,0,0,0
AT2G27190,3,3,0,0,0,0
AT2G27210,0,5,0,0,0,0
AT2G27460,3,4,0,0,0,0
AT2G27530,16,18,0,0,0,0
AT2G27600,8,8,7,4,0,0
AT2G27680,4,6,2,0,9,0
AT2G27710,14,16,0,0,4,2
AT2G27720,8,9,0,0,0,0
AT2G27820,3,3,9,13,0,0
AT2G27840,0,0,0,0,0,0
AT2G27860,18,23,9,5,0,0
AT2G27880,20,25,0,0,0,0
AT2G27920,2,6,0,0,0,0
AT2G28000,37,41,17,19,0,3
AT2G28080,0,0,0,3,0,0
AT2G28100,0,0,9,8,0,0
AT2G28190,15,15,0,0,0,0
AT2G28290,15,18,0,0,0,0
AT2G28430,0,0,0,2,0,0
AT2G28470,12,9,2,6,0,0
AT2G28680,13,8,0,0,0,0
AT2G28720,0,2,0,0,0,0
AT2G28740,3,5,2,3,3,0
AT2G28760,0,0,0,0,0,0
AT2G28790,14,17,3,4,2,3
AT2G28900,0,0,2,0,0,0
AT2G28950,0,3,0,0,0,0
AT2G29070,0,0,0,0,0,0
AT2G29140,0,0,0,0,0,0
AT2G29190,0,0,0,0,0,0
AT2G29200,0,0,4,0,0,0
AT2G29310,0,3,0,0,0,0
AT2G29320,5,10,0,0,0,0
AT2G29360,4,5,0,0,0,0
AT2G29400,7,11,3,0,0,0
AT2G29450,9,6,0,0,0,0
AT2G29540,0,0,0,0,0,0
AT2G29550,70,84,65,65,17,47
AT2G29560,29,31,4,0,0,0
AT2G29570,7,6,4,3,0,0
AT2G29580,0,0,0,0,0,0
AT2G29630,3,2,0,2,0,0
AT2G29690,8,9,0,0,0,0
AT2G29960,3,3,0,0,0,0
AT2G30000,2,0,0,0,0,0
AT2G30050,17,22,4,5,0,0
AT2G30060,9,11,0,0,0,0
AT2G30110,21,25,8,5,0,0
AT2G30200,10,8,4,0,3,0
AT2G30410,2,4,0,0,0,0
AT2G30490,0,0,6,7,0,0
AT2G30620,0,0,0,0,0,0
AT2G30650,0,0,4,3,0,0
AT2G30860,8,7,4,6,3,0
AT2G30870,2,5,3,4,0,0
AT2G30950,0,0,13,9,0,0
AT2G30970,8,11,6,2,0,0
AT2G31060,0,2,3,0,0,0
AT2G31200,2,2,0,0,0,0
AT2G31320,0,0,0,0,0,0
AT2G31350,2,0,0,0,0,0
AT2G31370,0,2,0,0,0,0
AT2G31390,12,17,3,2,0,0
AT2G31570,5,9,4,2,0,0
AT2G31610,13,13,19,13,0,6
AT2G31660,0,2,0,0,0,0
AT2G31670,3,3,4,2,0,0
AT2G31750,4,8,0,0,0,0
AT2G31790,0,3,0,0,0,0
AT2G31810,0,3,2,4,0,0
AT2G31900,0,0,0,0,0,0
AT2G31960,0,2,0,0,0,0
AT2G32060,10,12,3,0,0,0
AT2G32080,8,11,2,0,0,0
AT2G32180,0,0,0,0,0,0
AT2G32240,23,19,0,0,0,0
AT2G32520,3,3,0,0,0,0
AT2G32650,0,0,0,0,0,0
AT2G32670,0,0,0,0,0,0
AT2G32700,5,3,0,0,0,0
AT2G32730,35,42,17,11,0,0
AT2G32800,0,3,0,0,0,0
AT2G32900,0,0,0,0,0,0
AT2G32920,7,6,0,0,0,0
AT2G32950,0,0,19,18,0,0
AT2G33040,0,0,7,7,0,0
AT2G33120,3,2,2,0,0,0
AT2G33150,21,23,17,19,0,2
AT2G33210,23,26,16,12,0,4
AT2G33340,17,21,5,10,2,0
AT2G33370,7,8,8,3,8,2
AT2G33380,0,0,2,0,0,0
AT2G33410,6,10,0,0,0,0
AT2G33430,7,9,0,0,0,0
AT2G33450,0,0,0,0,0,0
AT2G33470,0,4,0,0,0,0
AT2G33620,0,0,0,0,0,0
AT2G33740,4,5,0,0,0,0
AT2G33800,2,4,0,0,0,0
AT2G33840,0,4,0,0,0,0
AT2G33870,0,0,0,0,0,2
AT2G34040,8,11,0,0,0,0
AT2G34160,24,22,0,0,29,0
AT2G34250,0,0,0,0,0,0
AT2G34260,4,3,0,0,0,0
AT2G34420,0,0,9,8,2,0
AT2G34430,0,0,0,0,2,0
AT2G34470,8,5,8,8,0,0
AT2G34480,15,15,5,4,0,0
AT2G34560,2,0,4,4,0,0
AT2G34590,5,4,0,0,0,0
AT2G34640,4,5,6,5,0,0
AT2G34680,0,0,22,13,0,0
AT2G34730,12,12,0,0,0,0
AT2G34810,6,8,0,0,0,0
AT2G34860,0,0,0,0,0,0
AT2G34970,10,4,2,0,0,0
AT2G35010,6,6,0,0,0,0
AT2G35020,6,8,0,0,0,0
AT2G35040,2,2,0,0,121,0
AT2G35100,0,2,0,0,0,0
AT2G35110,0,0,2,2,0,0
AT2G35120,5,3,0,0,0,0
AT2G35240,5,3,0,0,0,0
AT2G35370,7,6,2,0,0,0
AT2G35390,0,2,5,5,0,0
AT2G35410,2,2,0,0,0,0
AT2G35450,6,6,0,0,0,0
AT2G35490,2,3,0,2,0,0
AT2G35530,3,0,0,0,0,0
AT2G35605,0,3,0,0,0,0
AT2G35630,0,0,0,0,0,0
AT2G35635,13,0,14,0,0,0
AT2G35690,6,5,2,0,0,0
AT2G35840,5,8,6,4,0,0
AT2G35860,3,5,0,0,0,0
AT2G35920,0,4,0,0,2,0
AT2G36060,6,10,0,2,0,0
AT2G36130,0,0,0,0,0,0
AT2G36145,0,0,2,2,0,0
AT2G36160,10,10,12,10,4,4
AT2G36170,0,0,0,0,0,0
AT2G36200,0,0,0,0,0,0
AT2G36250,7,9,13,10,0,9
AT2G36310,0,3,0,0,0,0
AT2G36390,3,6,0,0,0,0
AT2G36460,32,38,10,9,0,0
AT2G36530,40,54,11,13,0,7
AT2G36580,16,15,0,0,0,0
AT2G36620,5,4,0,3,0,0
AT2G36680,0,0,2,0,0,0
AT2G36810,0,0,23,19,0,0
AT2G36850,0,0,0,0,0,0
AT2G36870,0,2,2,0,0,0
AT2G36880,56,67,36,32,6,10
AT2G36910,0,0,0,2,0,0
AT2G37020,6,5,0,0,0,0
AT2G37040,23,24,5,6,0,0
AT2G37080,0,0,0,0,0,0
AT2G37160,0,3,0,0,0,0
AT2G37170,0,0,0,2,0,0
AT2G37190,9,8,7,5,2,4
AT2G37220,6,6,5,3,0,0
AT2G37230,0,0,0,0,0,0
AT2G37270,2,0,2,2,6,0
AT2G37340,4,7,0,0,0,0
AT2G37470,0,2,0,0,0,0
AT2G37500,3,4,0,0,0,0
AT2G37550,0,0,5,3,0,0
AT2G37600,0,0,0,0,0,0
AT2G37620,25,43,33,33,0,12
AT2G37660,12,18,2,0,0,0
AT2G37690,18,21,5,2,0,0
AT2G37760,4,3,0,0,0,0
AT2G37990,0,0,0,0,0,0
AT2G38020,2,3,2,0,0,0
AT2G38040,26,33,27,24,0,0
AT2G38110,0,0,8,9,0,0
AT2G38230,7,9,8,6,0,0
AT2G38270,10,9,7,6,0,2
AT2G38400,11,13,7,6,0,0
AT2G38540,3,2,0,0,0,0
AT2G38580,6,4,0,0,0,0
AT2G38610,0,0,2,0,0,0
AT2G38660,5,4,0,0,0,0
AT2G38670,0,0,5,3,0,0
AT2G38700,12,13,2,0,0,0
AT2G38710,0,0,0,0,0,0
AT2G38730,4,7,0,0,12,0
AT2G38740,2,0,0,0,0,0
AT2G38750,0,0,2,0,0,0
AT2G38770,0,0,10,7,0,0
AT2G38810,0,0,0,0,0,0
AT2G39010,0,0,3,3,0,0
AT2G39020,2,0,0,0,0,0
AT2G39080,13,16,0,0,4,0
AT2G39330,0,0,9,14,0,0
AT2G39390,3,4,0,0,0,0
AT2G39460,11,11,0,0,2,0
AT2G39730,37,45,37,41,9,31
AT2G39770,4,7,5,5,0,0
AT2G39780,0,2,0,0,0,0
AT2G39795,0,0,0,0,0,0
AT2G39800,30,24,40,42,0,2
AT2G39810,0,0,5,4,0,0
AT2G39840,6,6,0,0,0,0
AT2G39900,3,0,3,2,0,0
AT2G39930,3,3,0,0,0,0
AT2G39960,0,0,0,0,0,0
AT2G39990,19,29,7,3,0,0
AT2G40010,0,0,0,0,2,0
AT2G40060,3,3,0,0,0,0
AT2G40080,0,0,12,10,0,0
AT2G40090,0,0,8,3,0,0
AT2G40100,0,0,3,3,0,0
AT2G40290,10,8,2,2,0,0
AT2G40300,2,3,3,3,0,0
AT2G40360,0,0,0,0,0,0
AT2G40480,0,0,5,0,0,0
AT2G40490,12,8,11,9,0,0
AT2G40510,0,0,0,6,0,0
AT2G40590,0,0,0,6,8,0
AT2G40640,2,3,0,0,0,0
AT2G40660,32,36,8,5,0,0
AT2G40730,0,0,2,2,0,0
AT2G40840,11,7,9,7,0,0
AT2G40980,0,2,0,0,0,0
AT2G41040,0,0,5,5,0,0
AT2G41060,3,0,0,0,0,0
AT2G41110,0,0,6,6,0,0
AT2G41220,4,10,13,9,0,0
AT2G41430,3,3,0,0,0,0
AT2G41475,2,2,2,6,0,0
AT2G41500,8,5,0,0,0,0
AT2G41530,7,13,7,6,0,0
AT2G41540,0,2,0,0,0,0
AT2G41620,0,0,4,2,0,0
AT2G41680,12,11,3,3,0,0
AT2G41740,38,40,7,2,0,0
AT2G41790,9,7,2,0,0,0
AT2G41840,17,20,9,8,4,0
AT2G41900,4,0,2,0,0,0
AT2G41950,3,4,0,0,0,0
AT2G42010,0,0,4,3,0,0
AT2G42100,8,21,14,14,0,8
AT2G42130,0,2,0,0,0,0
AT2G42210,0,0,4,0,0,0
AT2G42220,0,0,3,0,0,0
AT2G42490,0,0,10,6,0,0
AT2G42500,20,24,0,0,0,0
AT2G42520,19,20,21,16,28,0
AT2G42570,0,0,0,0,0,0
AT2G42590,10,11,6,3,0,0
AT2G42600,22,27,12,9,0,0
AT2G42680,0,3,0,0,0,0
AT2G42690,0,0,0,0,0,0
AT2G42700,0,0,0,0,0,0
AT2G42740,5,7,4,4,5,2
AT2G42790,0,0,4,7,0,0
AT2G42800,0,0,0,0,0,0
AT2G42810,10,12,0,0,0,0
AT2G42910,16,19,5,2,0,0
AT2G43030,17,17,0,0,2,0
AT2G43090,10,10,6,4,0,0
AT2G43100,0,0,0,0,0,0
AT2G43110,0,0,0,0,0,0
AT2G43120,0,2,0,0,0,0
AT2G43160,2,4,0,0,0,0
AT2G43350,3,4,0,0,0,0
AT2G43360,7,4,0,0,0,0
AT2G43410,3,0,0,0,0,0
AT2G43460,2,0,0,0,0,0
AT2G43510,2,3,0,0,0,0
AT2G43520,0,0,0,0,0,0
AT2G43530,2,2,0,0,0,0
AT2G43550,5,5,0,0,0,0
AT2G43630,0,0,3,0,0,0
AT2G43680,0,0,0,0,0,0
AT2G43710,9,9,3,2,0,0
AT2G43750,20,18,2,2,0,0
AT2G43760,0,2,0,0,0,0
AT2G43770,24,21,6,6,0,0
AT2G43790,10,13,0,0,0,0
AT2G43910,5,3,0,0,10,0
AT2G43945,2,3,0,0,0,0
AT2G43950,0,0,4,2,0,0
AT2G43970,4,5,2,0,0,0
AT2G43980,4,5,0,0,0,0
AT2G44040,8,11,0,0,0,0
AT2G44050,5,4,0,0,0,0
AT2G44060,10,13,7,5,0,2
AT2G44100,2,6,3,0,0,0
AT2G44120,11,12,5,5,0,0
AT2G44160,26,27,9,8,0,0
AT2G44200,0,3,0,0,0,0
AT2G44310,2,3,0,0,0,0
AT2G44350,20,17,2,2,0,0
AT2G44490,0,0,0,0,0,0
AT2G44530,5,7,10,8,0,0
AT2G44590,0,0,5,5,0,0
AT2G44610,0,0,3,2,0,0
AT2G44620,0,3,0,0,0,0
AT2G44640,0,0,9,2,0,0
AT2G44710,2,0,0,0,3,0
AT2G44730,0,0,0,0,0,0
AT2G44920,8,5,0,0,0,0
AT2G45000,0,0,3,5,0,0
AT2G45030,3,2,0,0,0,0
AT2G45140,0,0,3,2,0,0
AT2G45240,11,11,0,0,0,0
AT2G45300,8,13,7,6,0,0
AT2G45330,0,0,0,0,2,0
AT2G45340,0,0,0,0,0,0
AT2G45440,0,2,0,0,0,0
AT2G45470,0,0,0,2,0,0
AT2G45540,5,3,4,5,0,0
AT2G45560,0,0,2,0,0,0
AT2G45600,9,10,0,0,0,0
AT2G45640,0,0,0,3,0,0
AT2G45710,2,3,3,5,0,3
AT2G45740,0,0,0,0,0,0
AT2G45770,0,0,2,0,0,6
AT2G45790,0,3,2,3,0,0
AT2G45810,8,11,8,7,0,0
AT2G45820,0,0,0,0,0,0
AT2G45960,0,0,4,5,0,0
AT2G46020,4,4,0,0,0,0
AT2G46140,3,4,0,0,0,0
AT2G46280,29,35,17,13,0,0
AT2G46290,0,7,0,0,0,0
AT2G46340,0,0,13,13,0,0
AT2G46520,4,3,2,0,0,0
AT2G46580,5,6,0,0,0,0
AT2G46610,0,0,0,0,0,0
AT2G46780,2,0,0,2,0,0
AT2G46860,2,2,0,0,0,0
AT2G47010,3,3,0,0,0,0
AT2G47110,15,15,13,17,4,0
AT2G47170,13,10,8,11,0,5
AT2G47240,0,3,12,11,0,0
AT2G47250,9,7,5,3,0,0
AT2G47390,4,5,7,4,0,0
AT2G47410,0,0,0,2,0,0
AT2G47450,6,5,2,0,0,0
AT2G47470,19,23,2,3,0,0
AT2G47510,16,21,11,10,0,0
AT2G47580,5,6,0,0,0,0
AT2G47610,30,35,4,6,0,0
AT2G47620,2,0,0,0,0,0
AT2G47640,5,5,2,2,0,0
AT2G47650,0,0,12,11,0,0
AT2G47690,0,3,0,0,0,0
AT2G47710,3,0,2,2,0,0
AT2G47730,12,23,7,4,0,0
AT2G47790,7,7,0,0,0,0
AT2G47850,3,3,0,0,0,0
AT2G47940,17,20,0,0,0,0
AT2G47960,0,3,0,0,0,0
AT2G47970,11,8,0,0,0,0
AT2G47980,3,0,0,0,0,0
AT3G01090,5,7,2,2,0,0
AT3G01120,2,0,2,0,0,0
AT3G01180,3,0,0,0,0,0
AT3G01280,0,0,7,7,0,2
AT3G01310,13,7,8,7,0,0
AT3G01340,13,19,4,0,0,2
AT3G01390,4,5,0,0,0,0
AT3G01460,0,0,0,0,0,0
AT3G01480,7,6,0,0,0,0
AT3G01500,31,31,23,22,2,3
AT3G01540,4,0,11,6,10,0
AT3G01590,2,0,0,0,0,0
AT3G01640,7,8,0,0,0,0
AT3G01670,0,0,19,15,0,0
AT3G01680,0,0,28,22,0,0
AT3G01780,11,12,2,0,0,0
AT3G01910,0,5,7,5,0,0
AT3G01980,8,8,9,8,0,0
AT3G02020,0,0,3,0,0,0
AT3G02060,0,0,2,0,0,0
AT3G02080,4,7,2,0,6,0
AT3G02090,0,0,16,9,0,2
AT3G02110,9,8,3,0,0,0
AT3G02190,0,0,0,0,0,0
AT3G02200,22,26,0,0,0,0
AT3G02230,26,32,11,7,0,0
AT3G02260,5,4,42,36,0,5
AT3G02360,5,6,13,13,0,0
AT3G02450,0,0,0,0,0,0
AT3G02520,16,17,0,8,0,0
AT3G02530,35,46,15,13,0,3
AT3G02540,2,3,0,0,0,0
AT3G02560,0,0,0,0,0,0
AT3G02570,2,2,0,0,0,0
AT3G02630,5,0,0,0,0,0
AT3G02650,6,5,0,0,0,0
AT3G02660,8,10,0,0,0,0
AT3G02720,11,8,0,0,0,0
AT3G02730,4,3,0,0,0,0
AT3G02760,13,10,0,0,0,0
AT3G02770,6,8,0,0,0,0
AT3G02780,12,14,4,0,0,0
AT3G02830,2,3,0,0,0,0
AT3G02870,2,0,0,0,0,0
AT3G02880,0,0,0,2,0,0
AT3G02890,0,0,0,0,0,0
AT3G02920,4,2,0,0,0,0
AT3G02930,12,10,0,0,0,0
AT3G03100,0,0,2,3,0,0
AT3G03110,0,0,0,0,0,0
AT3G03150,2,0,0,0,0,0
AT3G03250,23,21,9,6,0,0
AT3G03340,0,8,0,0,0,0
AT3G03380,9,6,4,3,0,0
AT3G03530,12,13,0,0,0,0
AT3G03540,28,33,0,0,0,0
AT3G03560,0,0,3,2,0,0
AT3G03570,4,2,0,0,0,0
AT3G03630,0,3,0,0,0,0
AT3G03710,10,12,0,0,0,0
AT3G03780,38,44,27,37,0,0
AT3G03920,2,5,0,0,5,0
AT3G03940,0,0,20,14,0,0
AT3G03950,4,3,2,3,0,0
AT3G03960,33,37,18,14,0,0
AT3G03990,0,0,0,0,0,0
AT3G04120,27,28,30,32,11,30
AT3G04230,5,0,0,0,0,0
AT3G04260,12,9,5,2,0,0
AT3G04290,0,0,4,3,0,0
AT3G04400,7,8,8,3,8,2
AT3G04470,3,6,0,0,0,0
AT3G04520,0,0,0,0,0,0
AT3G04550,4,4,0,0,0,0
AT3G04590,0,0,0,0,0,0
AT3G04600,9,19,8,3,0,0
AT3G04610,10,9,0,0,0,0
AT3G04740,0,0,0,0,0,0
AT3G04760,0,0,0,0,0,0
AT3G04770,0,0,0,0,0,0
AT3G04780,0,3,0,0,0,0
AT3G04790,6,11,3,3,0,0
AT3G04820,2,2,0,0,0,0
AT3G04830,0,0,0,0,0,0
AT3G04840,8,18,10,6,0,0
AT3G04870,0,0,4,0,0,0
AT3G04880,4,5,0,0,0,0
AT3G04920,7,7,0,0,0,0
AT3G04940,0,5,0,0,0,0
AT3G05000,4,2,0,0,0,0
AT3G05060,9,6,4,3,0,0
AT3G05070,0,0,2,3,0,0
AT3G05190,4,0,0,0,0,0
AT3G05350,8,8,0,0,0,0
AT3G05420,19,17,0,0,0,0
AT3G05530,34,42,20,16,0,7
AT3G05560,0,0,7,6,2,0
AT3G05580,3,0,0,0,0,0
AT3G05590,10,11,3,2,0,0
AT3G05600,3,2,2,0,0,0
AT3G05625,2,0,0,0,0,0
AT3G05675,0,0,3,0,0,0
AT3G05680,0,0,0,0,0,0
AT3G05900,8,5,0,0,0,0
AT3G05910,5,6,0,0,39,0
AT3G05970,0,0,13,8,0,0
AT3G06050,10,6,4,5,0,0
AT3G06250,0,0,0,0,0,0
AT3G06350,11,6,6,0,0,0
AT3G06480,0,3,0,0,26,0
AT3G06483,0,0,0,0,0,0
AT3G06510,0,0,0,0,0,0
AT3G06530,0,0,0,0,0,0
AT3G06580,18,18,13,7,0,0
AT3G06610,2,2,0,0,0,0
AT3G06650,27,22,13,15,0,0
AT3G06670,3,0,0,0,0,0
AT3G06720,29,38,4,2,0,0
AT3G06730,4,6,3,3,0,0
AT3G06790,2,0,0,0,0,0
AT3G06810,0,0,75,80,5,26
AT3G06820,5,6,0,0,0,0
AT3G06850,6,6,10,7,0,0
AT3G06860,10,19,21,17,0,0
AT3G06930,8,3,0,0,0,0
AT3G06980,3,4,0,0,0,0
AT3G07010,3,0,0,0,0,0
AT3G07030,3,4,0,0,40,9
AT3G07050,0,0,0,0,0,0
AT3G07100,19,17,10,9,0,0
AT3G07110,9,11,4,6,0,0
AT3G07160,0,0,3,0,0,0
AT3G07170,0,4,0,0,0,0
AT3G07220,0,0,0,0,0,0
AT3G07300,2,3,0,0,0,0
AT3G07390,3,5,0,0,0,0
AT3G07480,2,4,3,3,0,0
AT3G07590,0,0,0,0,0,0
AT3G07630,0,0,4,5,0,0
AT3G07640,3,3,0,0,0,0
AT3G07660,5,6,0,0,0,0
AT3G07720,6,11,0,0,0,0
AT3G07750,0,4,0,0,0,0
AT3G07770,23,22,17,11,0,0
AT3G07810,0,0,5,3,0,0
AT3G07830,4,4,0,0,0,0
AT3G07850,15,15,0,0,0,0
AT3G07880,7,7,0,0,0,0
AT3G08010,3,3,0,0,0,0
AT3G08030,7,10,4,2,0,0
AT3G08510,0,0,2,0,0,0
AT3G08530,17,18,60,58,3,7
AT3G08580,0,0,10,11,0,0
AT3G08590,222,237,4,9,0,0
AT3G08740,0,0,3,5,0,0
AT3G08770,2,0,0,0,0,0
AT3G08780,5,7,0,0,0,0
AT3G08850,0,0,2,0,0,0
AT3G08920,0,0,0,0,0,0
AT3G08940,0,0,2,2,0,0
AT3G08943,8,9,0,0,0,0
AT3G08947,7,10,0,0,0,0
AT3G09030,3,0,0,0,0,0
AT3G09100,3,3,2,0,0,0
AT3G09200,11,16,4,4,2,0
AT3G09210,0,0,0,0,0,0
AT3G09300,0,0,0,0,0,0
AT3G09350,0,0,8,8,0,0
AT3G09440,58,66,30,34,16,17
AT3G09480,0,0,0,0,0,0
AT3G09500,3,4,0,0,0,0
AT3G09630,25,27,10,12,5,0
AT3G09670,0,2,0,0,0,0
AT3G09680,0,0,0,0,0,0
AT3G09740,0,0,2,0,0,0
AT3G09810,6,6,0,2,0,2
AT3G09820,58,69,21,18,0,6
AT3G09840,62,73,24,21,0,3
AT3G09880,23,26,0,0,0,0
AT3G09900,0,0,0,2,0,0
AT3G09970,6,5,0,0,0,0
AT3G09980,0,3,0,0,0,0
AT3G10050,0,0,0,0,0,0
AT3G10090,4,6,0,0,4,3
AT3G10160,0,0,0,0,0,0
AT3G10220,7,8,2,0,0,0
AT3G10270,2,0,0,0,0,0
AT3G10300,0,0,0,0,0,0
AT3G10340,8,0,0,0,0,0
AT3G10350,0,0,0,0,0,3
AT3G10380,4,0,0,0,0,0
AT3G10410,4,0,3,2,0,0
AT3G10520,0,0,0,0,0,0
AT3G10540,0,0,0,0,0,0
AT3G10570,0,0,2,4,0,0
AT3G10610,4,4,0,0,3,0
AT3G10670,4,6,3,4,0,0
AT3G10690,4,4,9,4,0,0
AT3G10700,7,3,0,0,0,0
AT3G10740,10,14,0,0,0,0
AT3G10850,14,20,0,0,0,0
AT3G10920,3,4,0,7,0,0
AT3G10940,3,4,2,0,0,0
AT3G10950,2,0,3,2,0,0
AT3G11010,0,7,0,0,0,0
AT3G11130,17,18,60,62,3,7
AT3G11200,2,4,0,0,0,0
AT3G11250,12,14,0,0,2,0
AT3G11270,6,7,2,0,0,0
AT3G11400,20,16,5,0,0,0
AT3G11500,3,3,0,0,0,0
AT3G11510,10,10,0,0,4,4
AT3G11630,20,23,5,7,0,0
AT3G11710,2,5,0,0,0,0
AT3G11770,4,2,0,2,4,0
AT3G11780,2,2,0,0,0,0
AT3G11820,0,2,0,0,0,0
AT3G11830,22,30,8,10,0,0
AT3G11910,33,27,15,11,0,0
AT3G11940,2,0,2,2,6,9
AT3G11964,0,0,4,3,0,0
AT3G12050,5,0,4,5,0,0
AT3G12080,0,0,2,2,0,0
AT3G12110,25,42,37,38,0,14
AT3G12145,18,18,9,11,0,5
AT3G12170,0,0,0,0,0,0
AT3G12260,0,0,0,0,0,0
AT3G12270,3,6,0,0,0,0
AT3G12290,18,13,2,2,0,0
AT3G12340,0,0,0,0,0,0
AT3G12390,2,3,0,0,0,0
AT3G12400,0,0,4,4,0,0
AT3G12410,0,0,0,0,0,0
AT3G12460,0,0,0,0,0,0
AT3G12490,15,16,0,0,0,0
AT3G12580,38,44,27,28,0,21
AT3G12600,4,4,0,0,0,0
AT3G12670,4,5,0,0,0,0
AT3G12760,0,2,0,0,0,0
AT3G12780,26,29,19,17,0,5
AT3G12800,9,10,12,15,33,37
AT3G12860,0,4,0,0,0,0
AT3G12915,29,32,13,0,0,0
AT3G12930,3,3,0,0,0,0
AT3G13060,5,4,0,0,0,0
AT3G13110,0,2,0,0,0,0
AT3G13120,0,0,2,0,0,0
AT3G13160,4,4,0,0,0,0
AT3G13180,0,0,0,0,0,0
AT3G13200,0,0,0,0,0,0
AT3G13222,3,4,0,0,0,0
AT3G13235,6,3,0,0,0,0
AT3G13290,7,5,56,60,0,0
AT3G13300,13,14,99,90,0,9
AT3G13445,0,0,0,0,0,0
AT3G13450,0,0,2,2,0,0
AT3G13460,14,14,5,9,3,0
AT3G13470,44,50,22,21,2,16
AT3G13490,38,42,0,0,0,0
AT3G13570,5,4,0,0,0,0
AT3G13580,10,11,0,0,0,0
AT3G13670,0,0,16,14,0,0
AT3G13750,2,0,0,0,0,0
AT3G13860,21,19,2,4,0,0
AT3G13870,0,0,7,6,0,0
AT3G13920,22,26,33,34,8,40
AT3G13930,10,12,29,36,2,26
AT3G13990,4,0,0,0,0,0
AT3G14010,0,3,0,0,0,0
AT3G14040,0,15,0,0,0,0
AT3G14067,22,16,6,3,0,0
AT3G14080,4,2,0,0,0,0
AT3G14100,10,13,8,8,4,0
AT3G14120,5,4,5,2,0,0
AT3G14205,0,0,3,0,0,0
AT3G14210,6,8,10,9,0,0
AT3G14220,0,0,0,0,0,0
AT3G14240,9,9,0,0,0,0
AT3G14290,8,14,0,0,0,2
AT3G14310,5,9,5,3,0,0
AT3G14390,9,13,5,2,0,0
AT3G14415,9,7,24,28,0,4
AT3G14420,12,11,25,26,0,0
AT3G14450,0,0,0,0,3,0
AT3G14600,11,12,4,0,0,0
AT3G14750,0,0,3,3,0,0
AT3G14790,14,0,18,20,54,0
AT3G14840,0,0,2,0,0,0
AT3G14930,8,8,2,0,0,0
AT3G14940,0,17,0,0,0,0
AT3G14990,19,20,3,3,0,0
AT3G15000,7,10,4,7,7,2
AT3G15010,0,0,0,0,9,0
AT3G15020,8,12,5,3,0,0
AT3G15060,0,0,0,4,0,0
AT3G15090,4,5,0,0,0,0
AT3G15180,6,9,0,0,0,0
AT3G15190,7,8,0,0,0,0
AT3G15290,7,5,7,3,0,0
AT3G15354,0,0,2,0,0,0
AT3G15360,0,0,0,0,0,0
AT3G15460,0,0,0,0,0,0
AT3G15590,0,0,2,0,0,0
AT3G15610,14,12,0,0,0,0
AT3G15640,0,2,0,0,0,0
AT3G15660,7,7,0,0,3,0
AT3G15680,3,4,3,0,2,2
AT3G15690,0,2,0,0,0,0
AT3G15730,94,111,23,18,0,5
AT3G15790,0,3,0,0,0,0
AT3G15810,3,5,0,0,0,0
AT3G15840,2,6,0,0,0,0
AT3G15880,11,10,0,0,0,0
AT3G15970,2,0,0,0,0,0
AT3G15980,21,22,25,24,0,0
AT3G16050,5,3,0,0,0,0
AT3G16060,3,2,0,0,0,0
AT3G16080,5,6,5,4,3,0
AT3G16100,0,0,0,0,0,0
AT3G16110,2,2,0,0,0,0
AT3G16170,2,3,0,0,0,0
AT3G16370,4,3,0,0,0,0
AT3G16400,11,6,0,0,0,0
AT3G16410,0,0,0,0,0,0
AT3G16470,19,27,22,18,3,4
AT3G16480,0,0,7,5,0,2
AT3G16520,9,14,0,0,0,0
AT3G16560,0,0,7,5,0,0
AT3G16630,2,0,0,0,0,0
AT3G16640,20,16,9,7,0,0
AT3G16780,7,4,0,0,0,0
AT3G16810,0,0,0,0,0,0
AT3G16830,9,8,0,0,0,0
AT3G16910,3,3,12,8,0,0
AT3G16950,6,9,13,8,0,2
AT3G16980,5,0,0,0,0,0
AT3G17020,4,4,3,2,0,0
AT3G17170,4,0,0,0,0,0
AT3G17205,0,0,0,0,0,0
AT3G17210,0,4,0,0,0,0
AT3G17240,10,7,0,0,0,0
AT3G17365,0,0,0,0,0,0
AT3G17380,0,0,4,4,0,0
AT3G17390,49,51,35,32,12,20
AT3G17760,5,7,0,0,0,0
AT3G17810,11,9,2,3,0,0
AT3G17820,4,6,7,8,0,0
AT3G17840,0,0,6,4,0,0
AT3G17850,2,0,0,0,0,0
AT3G17880,4,4,0,0,0,0
AT3G17900,10,7,5,0,0,0
AT3G17940,14,16,0,0,0,0
AT3G17970,0,0,0,0,0,0
AT3G18000,13,14,7,6,0,0
AT3G18030,4,4,0,0,0,0
AT3G18035,5,5,0,0,3,0
AT3G18040,0,0,0,0,0,0
AT3G18060,21,19,3,3,0,0
AT3G18090,0,0,0,0,0,0
AT3G18130,17,15,12,17,0,0
AT3G18160,0,0,2,3,0,0
AT3G18165,2,3,5,0,0,0
AT3G18190,30,41,5,5,0,2
AT3G18240,3,2,0,0,0,0
AT3G18380,2,0,0,0,0,0
AT3G18390,0,0,0,0,0,0
AT3G18410,0,0,0,0,0,0
AT3G18490,6,4,3,3,0,0
AT3G18520,0,0,0,0,0,0
AT3G18524,0,0,2,0,0,0
AT3G18580,0,0,0,0,6,0
AT3G18600,0,0,0,0,0,0
AT3G18680,3,0,4,0,0,0
AT3G18740,6,7,4,3,0,0
AT3G18780,29,48,34,43,8,17
AT3G18790,0,0,0,0,0,0
AT3G18820,0,0,0,0,0,0
AT3G18860,8,4,0,0,0,0
AT3G19010,0,3,0,0,0,0
AT3G19130,5,4,6,2,0,0
AT3G19170,21,25,13,12,0,0
AT3G19240,0,0,0,0,0,0
AT3G19390,3,4,0,0,0,0
AT3G19420,0,0,0,0,0,0
AT3G19450,4,2,2,0,0,0
AT3G19740,0,0,0,0,0,0
AT3G19760,17,20,14,10,0,9
AT3G19770,3,4,0,0,0,0
AT3G19820,0,0,9,6,0,0
AT3G19900,0,2,0,0,0,0
AT3G19960,0,0,0,0,0,0
AT3G19980,17,20,4,2,0,0
AT3G19990,0,3,0,0,0,0
AT3G20000,0,0,0,0,0,0
AT3G20050,24,30,8,12,0,0
AT3G20100,0,0,0,0,0,0
AT3G20250,0,4,0,2,0,0
AT3G20290,0,0,2,0,0,0
AT3G20330,0,0,4,2,0,0
AT3G20390,5,6,4,4,0,0
AT3G20550,3,5,0,0,0,0
AT3G20630,2,4,11,13,0,0
AT3G20670,0,0,0,0,0,0
AT3G20740,3,3,0,0,0,0
AT3G20790,6,6,0,0,0,0
AT3G20800,3,0,0,0,0,0
AT3G20810,0,0,17,15,0,0
AT3G20820,9,19,12,13,0,5
AT3G20970,9,7,0,0,0,0
AT3G21055,0,2,0,0,0,0
AT3G21060,0,0,0,0,0,0
AT3G21070,0,0,22,23,0,10
AT3G21110,15,15,6,4,0,0
AT3G21140,6,6,4,2,0,0
AT3G21190,0,0,2,2,0,0
AT3G21200,5,8,3,0,0,0
AT3G21215,0,0,2,0,0,0
AT3G21220,0,0,0,2,0,0
AT3G21350,0,2,0,0,0,0
AT3G21540,0,0,0,0,0,0
AT3G21750,6,11,0,0,0,0
AT3G21865,0,0,3,0,0,0
AT3G22110,9,15,6,5,0,0
AT3G22120,0,0,0,0,0,0
AT3G22200,10,12,4,0,0,0
AT3G22220,0,0,2,0,0,0
AT3G22230,6,7,4,5,0,0
AT3G22310,0,0,5,5,0,0
AT3G22320,0,0,0,0,0,0
AT3G22330,4,4,18,15,7,0
AT3G22380,3,0,0,0,0,0
AT3G22425,0,2,0,0,0,0
AT3G22480,2,4,0,0,0,0
AT3G22520,4,3,0,0,0,0
AT3G22630,3,0,4,0,0,0
AT3G22845,0,0,2,0,0,0
AT3G22850,3,4,4,3,0,0
AT3G22890,15,17,15,12,0,0
AT3G22910,0,0,2,0,0,0
AT3G22960,18,18,12,10,0,0
AT3G22980,0,0,0,0,0,0
AT3G22990,2,0,0,0,0,0
AT3G23300,0,0,5,2,0,0
AT3G23390,0,0,0,0,0,0
AT3G23400,0,0,4,2,0,0
AT3G23450,5,3,0,0,12,0
AT3G23510,0,0,0,0,0,0
AT3G23530,0,0,0,0,0,0
AT3G23570,0,0,0,0,0,0
AT3G23590,0,0,0,2,0,0
AT3G23600,14,21,2,2,0,0
AT3G23620,0,0,0,0,0,0
AT3G23640,0,0,2,0,0,0
AT3G23660,6,6,0,0,0,0
AT3G23700,11,11,5,3,0,0
AT3G23730,0,0,0,0,0,0
AT3G23750,0,0,0,2,0,0
AT3G23780,0,0,0,0,0,0
AT3G23810,22,24,24,25,0,4
AT3G23820,0,0,0,0,0,0
AT3G23830,6,6,3,0,0,0
AT3G23840,0,2,2,2,0,0
AT3G23900,0,0,3,0,0,0
AT3G23940,4,0,0,0,0,0
AT3G23990,25,38,13,17,0,0
AT3G24080,2,3,0,0,0,0
AT3G24170,7,13,5,3,0,0
AT3G24430,10,11,6,4,0,0
AT3G24480,2,3,0,0,0,0
AT3G24503,8,6,3,0,0,0
AT3G24530,0,0,0,0,0,0
AT3G24550,0,0,2,0,0,0
AT3G24830,12,15,0,4,0,0
AT3G25050,0,0,4,2,0,0
AT3G25110,4,4,0,0,0,0
AT3G25150,4,3,0,0,12,0
AT3G25220,5,4,0,0,0,0
AT3G25230,19,22,0,0,0,0
AT3G25400,0,2,0,0,0,0
AT3G25520,7,12,8,9,3,0
AT3G25530,22,25,3,0,18,0
AT3G25580,3,0,0,0,0,0
AT3G25660,5,6,5,3,0,0
AT3G25800,18,16,3,3,0,0
AT3G25810,2,0,2,2,0,0
AT3G25860,10,14,17,15,0,2
AT3G25920,12,12,0,0,0,0
AT3G26060,12,12,0,0,0,0
AT3G26290,0,0,0,0,0,0
AT3G26340,7,3,5,0,0,0
AT3G26380,2,0,0,0,0,0
AT3G26400,3,0,0,0,0,0
AT3G26420,4,4,3,0,0,0
AT3G26450,2,5,0,0,0,0
AT3G26520,0,0,2,0,0,0
AT3G26560,2,0,0,0,0,0
AT3G26618,0,0,0,0,0,0
AT3G26650,27,30,35,31,7,41
AT3G26720,0,2,5,0,0,0
AT3G26740,0,0,0,0,0,0
AT3G27050,0,2,0,0,0,0
AT3G27060,2,4,0,0,0,0
AT3G27160,0,0,0,0,3,0
AT3G27190,0,0,24,22,0,0
AT3G27240,0,0,2,0,0,0
AT3G27300,3,2,3,3,0,0
AT3G27360,0,0,0,0,0,0
AT3G27380,5,4,0,4,0,0
AT3G27430,5,7,0,0,0,0
AT3G27440,0,0,14,14,0,0
AT3G27530,11,12,0,3,0,0
AT3G27570,0,0,0,0,0,0
AT3G27690,0,0,7,8,2,0
AT3G27740,14,15,8,6,0,0
AT3G27830,7,10,3,4,0,2
AT3G27850,7,10,3,4,0,2
AT3G27925,0,8,2,2,0,0
AT3G28030,0,2,0,0,0,0
AT3G28270,0,2,0,0,0,0
AT3G28500,20,20,0,0,2,0
AT3G28650,2,0,0,0,0,0
AT3G28700,4,4,0,0,0,0
AT3G28710,5,0,5,9,0,0
AT3G28715,5,2,5,7,0,0
AT3G28760,4,4,0,0,0,0
AT3G28780,2,0,0,0,0,0
AT3G28790,0,0,2,0,0,0
AT3G28860,0,0,7,5,0,0
AT3G28900,2,2,0,0,0,0
AT3G28980,0,0,0,0,0,2
AT3G29075,2,4,0,0,0,0
AT3G29090,0,3,0,0,0,0
AT3G29160,2,0,0,0,0,0
AT3G29185,3,2,0,0,0,0
AT3G29310,0,0,0,0,0,0
AT3G29320,4,5,13,8,0,0
AT3G29350,2,4,0,0,0,0
AT3G29360,29,38,13,12,0,2
AT3G29400,0,0,8,3,0,0
AT3G29410,8,11,0,0,0,0
AT3G42050,0,0,6,3,0,0
AT3G42170,22,18,5,5,0,0
AT3G42640,0,0,8,10,0,0
AT3G42660,0,0,0,0,0,0
AT3G42790,3,3,0,0,0,0
AT3G42850,2,0,19,10,0,0
AT3G43220,0,0,3,0,0,0
AT3G43300,25,21,0,0,0,0
AT3G43540,0,0,2,0,0,0
AT3G43810,0,10,0,0,0,0
AT3G43980,0,0,0,3,2,0
AT3G44010,0,0,0,3,2,0
AT3G44100,0,0,0,0,0,0
AT3G44110,16,19,10,5,0,2
AT3G44300,46,56,0,0,0,0
AT3G44310,421,388,12,14,0,0
AT3G44320,53,51,0,0,0,0
AT3G44330,0,0,8,6,0,0
AT3G44340,17,19,5,4,0,0
AT3G44530,0,0,0,0,0,0
AT3G44590,4,6,0,0,0,0
AT3G44600,4,0,0,0,0,0
AT3G44620,5,7,0,0,0,0
AT3G44680,0,0,0,0,0,0
AT3G44690,64,67,0,0,0,0
AT3G44720,0,0,12,11,0,0
AT3G44750,0,0,0,0,0,0
AT3G44890,0,0,0,0,0,0
AT3G45010,3,0,0,0,0,0
AT3G45030,6,8,6,6,0,0
AT3G45140,46,55,60,48,0,8
AT3G45180,0,2,0,0,0,0
AT3G45190,4,2,2,0,0,0
AT3G45310,3,3,0,0,0,0
AT3G45530,0,2,0,0,0,0
AT3G45640,0,6,0,0,0,0
AT3G45780,0,0,0,0,0,0
AT3G45830,0,0,0,0,5,0
AT3G45930,3,5,2,3,3,0
AT3G45980,0,2,0,0,0,0
AT3G46000,8,8,0,0,0,0
AT3G46010,0,3,0,0,0,0
AT3G46030,0,2,0,0,0,0
AT3G46040,0,5,5,7,0,4
AT3G46060,0,0,0,2,0,0
AT3G46320,3,5,2,3,3,0
AT3G46440,0,10,0,0,0,0
AT3G46460,3,2,2,0,0,0
AT3G46520,22,39,34,32,0,11
AT3G46630,0,0,0,0,0,0
AT3G46640,0,0,15,14,0,0
AT3G46740,0,0,18,15,0,0
AT3G46780,0,0,11,10,0,0
AT3G46820,0,0,0,0,0,0
AT3G46830,0,0,0,3,0,0
AT3G46940,7,4,0,0,0,0
AT3G46970,0,5,11,8,0,0
AT3G47000,5,5,0,0,0,0
AT3G47070,4,4,0,0,0,0
AT3G47120,0,2,0,0,0,0
AT3G47340,0,2,3,3,0,0
AT3G47370,5,7,5,5,0,0
AT3G47470,0,0,6,4,0,0
AT3G47520,18,21,8,11,0,5
AT3G47650,4,7,0,0,0,0
AT3G47810,2,5,0,0,0,0
AT3G48000,16,13,11,9,0,0
AT3G48110,5,4,0,4,0,0
AT3G48140,0,0,0,2,0,0
AT3G48170,5,2,3,2,0,0
AT3G48420,11,15,0,0,0,0
AT3G48430,0,0,0,0,0,0
AT3G48440,0,2,0,0,0,0
AT3G48500,7,8,8,6,0,0
AT3G48530,2,3,0,0,0,0
AT3G48560,24,24,10,6,0,0
AT3G48670,0,2,0,0,0,0
AT3G48680,0,0,0,2,0,0
AT3G48690,7,9,0,0,0,0
AT3G48710,0,0,0,0,0,0
AT3G48730,10,14,7,6,0,0
AT3G48750,3,3,9,3,0,0
AT3G48870,19,27,42,44,0,2
AT3G48890,3,2,0,0,0,0
AT3G48930,16,17,9,8,0,0
AT3G49010,10,12,0,0,3,0
AT3G49080,3,5,0,0,0,0
AT3G49100,0,0,0,0,0,0
AT3G49140,0,2,0,0,0,0
AT3G49240,2,0,7,2,0,0
AT3G49250,3,3,0,0,0,0
AT3G49390,0,2,0,0,5,0
AT3G49430,12,14,2,0,0,0
AT3G49470,2,0,0,0,0,0
AT3G49490,0,0,4,5,0,0
AT3G49601,0,0,0,0,0,0
AT3G49660,6,4,0,0,0,0
AT3G49680,12,13,2,0,0,0
AT3G49720,0,0,4,5,0,0
AT3G49830,0,0,0,2,0,0
AT3G49870,0,0,0,0,0,0
AT3G49910,10,10,5,9,0,0
AT3G49990,0,0,0,0,0,0
AT3G50000,3,0,2,4,0,0
AT3G50360,2,0,2,0,0,0
AT3G50370,4,4,3,0,0,0
AT3G50440,2,0,0,0,0,0
AT3G50500,3,6,2,2,0,0
AT3G50560,0,0,5,4,0,0
AT3G50590,9,7,0,0,0,0
AT3G50670,2,2,0,0,0,0
AT3G50820,12,16,0,0,0,0
AT3G51000,0,3,0,0,0,0
AT3G51130,2,0,0,0,0,0
AT3G51160,2,0,3,2,0,0
AT3G51240,16,20,0,0,0,0
AT3G51260,11,12,4,2,0,2
AT3G51300,0,0,0,0,0,0
AT3G51460,0,0,4,2,0,0
AT3G51800,13,16,3,0,0,0
AT3G51820,0,0,0,0,0,0
AT3G51840,13,16,5,5,0,0
AT3G51950,0,0,0,0,0,0
AT3G52090,2,2,0,0,0,0
AT3G52140,8,8,0,0,0,0
AT3G52150,4,4,0,0,0,0
AT3G52180,5,5,5,7,0,0
AT3G52190,0,0,0,0,0,0
AT3G52200,2,7,22,21,0,9
AT3G52250,0,0,0,0,0,0
AT3G52300,0,2,5,3,0,0
AT3G52380,2,0,0,0,0,0
AT3G52390,0,2,0,0,0,0
AT3G52500,0,0,3,0,0,0
AT3G52560,8,11,3,2,0,0
AT3G52580,8,9,10,9,4,3
AT3G52590,0,0,0,0,0,0
AT3G52610,0,2,0,0,0,0
AT3G52630,2,3,0,0,0,0
AT3G52640,3,2,0,0,0,0
AT3G52750,0,5,9,5,0,8
AT3G52880,12,15,8,8,0,0
AT3G52920,0,0,0,0,0,0
AT3G52930,55,68,23,24,0,7
AT3G52960,8,10,7,3,0,0
AT3G52990,15,10,8,4,0,0
AT3G53020,5,4,3,3,0,0
AT3G53030,10,13,0,0,0,0
AT3G53110,18,21,7,8,0,2
AT3G53120,0,0,3,4,0,0
AT3G53140,0,0,0,0,0,0
AT3G53180,10,16,3,0,0,0
AT3G53230,0,0,0,0,0,3
AT3G53260,18,17,0,0,0,0
AT3G53390,2,2,0,0,0,0
AT3G53420,0,0,4,4,0,0
AT3G53430,9,8,7,5,2,4
AT3G53460,4,3,2,0,0,0
AT3G53500,3,3,0,0,0,0
AT3G53520,0,4,2,4,0,0
AT3G53560,3,2,0,0,0,0
AT3G53580,8,9,4,4,0,0
AT3G53620,2,2,0,0,0,0
AT3G53650,0,0,0,0,0,0
AT3G53700,0,2,4,0,0,0
AT3G53710,0,0,3,3,0,0
AT3G53730,3,5,2,3,3,0
AT3G53740,6,10,0,0,0,0
AT3G53750,25,43,33,33,0,12
AT3G53870,12,14,18,14,0,6
AT3G53890,0,0,0,0,0,0
AT3G53900,10,11,3,3,0,0
AT3G53970,4,2,0,0,0,0
AT3G53990,5,8,2,0,0,0
AT3G54050,6,11,6,6,0,0
AT3G54090,5,4,6,7,0,0
AT3G54110,0,0,6,3,0,0
AT3G54170,0,0,0,0,0,0
AT3G54210,4,3,0,0,0,0
AT3G54230,2,3,0,0,0,0
AT3G54250,6,6,0,0,0,0
AT3G54360,11,6,0,0,0,0
AT3G54400,7,6,0,2,0,0
AT3G54440,4,7,0,0,0,0
AT3G54470,7,14,4,5,0,0
AT3G54540,0,0,0,0,0,0
AT3G54560,0,0,0,0,0,0
AT3G54640,0,2,0,0,0,0
AT3G54660,8,6,0,0,0,0
AT3G54670,3,7,0,0,0,0
AT3G54760,16,16,0,0,0,0
AT3G54770,0,0,0,2,0,0
AT3G54820,0,0,0,2,0,0
AT3G54860,4,2,0,0,0,0
AT3G54890,0,0,4,5,0,0
AT3G54900,2,3,0,0,0,0
AT3G54930,7,8,0,0,0,0
AT3G54960,3,3,0,0,0,0
AT3G55000,2,2,0,0,0,0
AT3G55010,2,0,2,0,0,0
AT3G55020,2,3,0,0,0,0
AT3G55040,2,2,0,0,5,0
AT3G55110,0,0,0,0,0,0
AT3G55120,9,12,4,2,0,0
AT3G55170,0,0,0,0,0,0
AT3G55200,21,23,6,2,0,0
AT3G55220,21,23,6,2,0,0
AT3G55280,11,11,0,0,2,0
AT3G55290,4,5,5,2,0,0
AT3G55310,0,0,0,0,0,0
AT3G55330,2,3,0,0,0,0
AT3G55340,0,2,0,0,0,0
AT3G55360,0,0,4,0,0,0
AT3G55400,10,7,0,0,0,0
AT3G55410,4,11,9,9,0,0
AT3G55430,0,0,0,0,3,3
AT3G55440,18,15,8,9,0,2
AT3G55460,3,0,0,2,0,0
AT3G55605,0,2,0,0,0,0
AT3G55610,16,11,25,20,0,2
AT3G55620,7,9,2,2,0,0
AT3G55700,8,6,0,0,0,0
AT3G55750,5,6,6,0,0,0
AT3G55760,15,17,3,3,15,0
AT3G55770,3,3,0,0,0,0
AT3G55800,20,21,12,9,0,0
AT3G55870,16,23,0,0,0,0
AT3G56070,2,0,3,0,0,0
AT3G56090,6,8,2,2,0,0
AT3G56130,10,13,0,0,0,0
AT3G56150,43,44,4,5,0,0
AT3G56190,8,8,0,2,0,0
AT3G56240,3,4,2,0,0,0
AT3G56340,7,9,8,6,8,0
AT3G56460,3,5,4,2,0,0
AT3G56490,11,13,4,5,0,0
AT3G56800,8,0,6,6,0,0
AT3G56860,6,7,0,0,0,0
AT3G56910,3,3,2,3,0,0
AT3G56940,0,0,4,5,0,0
AT3G56990,0,2,0,0,0,0
AT3G57050,0,2,0,2,0,0
AT3G57150,2,5,0,0,44,0
AT3G57290,30,32,2,2,0,0
AT3G57300,0,0,0,0,0,0
AT3G57410,35,40,0,0,0,0
AT3G57490,0,0,0,0,0,0
AT3G57520,9,5,10,6,0,0
AT3G57560,6,11,2,2,0,0
AT3G57610,9,8,5,5,0,0
AT3G57660,0,0,0,0,0,0
AT3G57810,2,4,4,3,0,0
AT3G57870,0,2,0,0,0,0
AT3G57890,15,13,0,0,0,0
AT3G57940,0,0,0,0,0,0
AT3G58110,9,10,0,0,0,0
AT3G58140,10,10,7,8,0,0
AT3G58500,19,26,11,9,0,0
AT3G58510,18,20,26,25,22,0
AT3G58560,3,6,0,0,0,0
AT3G58570,0,0,17,18,41,0
AT3G58610,15,21,14,14,0,0
AT3G58660,0,0,0,0,0,0
AT3G58680,4,5,0,0,0,0
AT3G58700,5,7,4,4,5,2
AT3G58730,3,0,5,2,0,0
AT3G58740,0,0,0,2,0,0
AT3G58750,0,3,10,12,0,0
AT3G59020,0,2,0,0,0,0
AT3G59040,0,0,0,0,0,0
AT3G59050,0,0,2,0,0,0
AT3G59290,0,2,0,0,0,0
AT3G59480,13,12,0,0,0,0
AT3G59510,3,0,0,0,0,0
AT3G59530,0,0,3,0,0,0
AT3G59540,2,0,0,0,0,0
AT3G59600,0,0,0,0,0,0
AT3G59630,2,0,0,0,0,0
AT3G59760,15,14,0,0,0,0
AT3G59770,35,32,14,8,0,0
AT3G59845,4,2,0,0,0,0
AT3G59890,8,5,0,0,0,0
AT3G59920,4,3,3,4,0,0
AT3G59970,38,49,13,8,0,0
AT3G59980,5,2,0,0,0,0
AT3G59990,8,7,0,0,0,0
AT3G60190,0,0,20,22,0,0
AT3G60240,19,23,4,3,0,0
AT3G60245,2,3,3,2,0,0
AT3G60300,0,3,0,0,0,0
AT3G60340,0,0,0,0,0,0
AT3G60370,3,5,0,0,0,0
AT3G60600,2,0,0,0,0,0
AT3G60750,23,33,34,26,0,0
AT3G60770,9,13,7,6,0,0
AT3G60820,11,9,8,6,0,2
AT3G60830,19,22,2,0,0,0
AT3G60860,0,0,0,0,0,0
AT3G60880,0,2,0,0,0,0
AT3G60960,0,0,9,16,0,5
AT3G60980,0,0,20,16,0,11
AT3G61050,0,0,0,0,0,0
AT3G61070,0,0,0,0,0,2
AT3G61110,2,3,3,5,0,3
AT3G61140,7,5,0,0,0,0
AT3G61160,0,2,0,0,0,0
AT3G61200,0,0,4,3,0,0
AT3G61220,7,10,0,0,0,0
AT3G61240,11,13,10,6,0,0
AT3G61430,0,0,4,6,0,0
AT3G61440,2,2,3,5,0,0
AT3G61470,0,0,0,2,0,0
AT3G61520,0,0,0,0,0,0
AT3G61540,4,2,0,0,0,0
AT3G61650,0,3,7,5,0,0
AT3G61710,0,0,0,0,0,0
AT3G61760,0,0,15,13,0,0
AT3G61820,0,2,7,7,0,0
AT3G61860,72,17,0,0,0,0
AT3G62010,0,0,3,2,0,0
AT3G62030,4,9,3,2,0,0
AT3G62110,0,2,0,0,0,0
AT3G62120,13,15,5,3,0,0
AT3G62130,5,0,0,0,0,0
AT3G62240,2,3,2,2,0,0
AT3G62250,15,15,13,17,4,0
AT3G62290,13,10,8,11,0,5
AT3G62300,2,2,0,0,0,0
AT3G62310,15,8,6,3,0,0
AT3G62330,0,0,2,3,0,0
AT3G62360,0,0,9,2,0,0
AT3G62410,0,0,0,0,0,0
AT3G62460,2,2,0,0,0,0
AT3G62530,10,12,15,8,8,4
AT3G62560,0,2,9,0,0,0
AT3G62600,2,0,3,0,0,0
AT3G62700,0,0,0,0,0,0
AT3G62790,0,3,0,0,0,0
AT3G62830,0,0,13,0,0,0
AT3G62840,5,5,2,2,0,0
AT3G62860,0,0,4,0,0,0
AT3G62870,31,36,0,5,0,0
AT3G62910,4,3,0,0,0,0
AT3G62940,4,4,0,0,0,0
AT3G63095,7,8,3,3,0,0
AT3G63130,0,3,2,2,0,0
AT3G63140,6,11,11,7,0,0
AT3G63170,2,0,2,2,0,0
AT3G63190,4,4,0,0,0,0
AT3G63250,9,7,4,3,0,0
AT3G63260,0,0,0,0,0,0
AT3G63400,0,0,0,0,0,0
AT3G63410,0,0,3,7,0,0
AT3G63460,27,34,15,14,0,4
AT3G63490,2,5,4,4,0,0
AT3G63520,0,0,0,0,0,0
AT3G63540,2,3,0,0,0,0
AT4G00040,0,0,0,0,0,0
AT4G00100,9,12,7,7,0,0
AT4G00165,2,3,0,0,0,0
AT4G00200,0,0,0,0,0,0
AT4G00270,0,0,0,0,0,0
AT4G00400,0,0,9,13,0,0
AT4G00430,0,0,5,4,0,0
AT4G00490,13,14,0,0,0,0
AT4G00560,0,0,0,0,0,0
AT4G00570,12,11,6,3,0,0
AT4G00620,6,9,2,0,17,0
AT4G00660,13,12,9,12,0,0
AT4G00810,7,7,0,0,0,0
AT4G00830,3,0,0,0,0,0
AT4G01050,0,0,4,6,0,0
AT4G01070,5,5,0,0,0,0
AT4G01100,0,0,6,2,0,0
AT4G01150,0,0,0,0,0,0
AT4G01290,10,5,0,0,0,0
AT4G01310,6,7,5,6,0,0
AT4G01370,13,13,2,0,0,0
AT4G01400,0,0,0,0,0,0
AT4G01480,0,2,2,0,0,0
AT4G01610,3,2,0,0,0,0
AT4G01690,0,0,3,4,0,0
AT4G01800,0,0,6,3,0,0
AT4G01810,3,5,0,0,0,0
AT4G01820,0,0,0,0,0,0
AT4G01850,39,47,28,30,0,11
AT4G01897,5,8,0,0,0,0
AT4G01900,2,0,0,0,0,0
AT4G02030,4,5,0,0,0,0
AT4G02060,0,0,2,0,0,0
AT4G02080,0,2,10,10,0,0
AT4G02150,11,10,2,0,0,0
AT4G02230,0,5,0,0,0,0
AT4G02290,3,0,8,8,0,4
AT4G02350,0,2,0,0,0,0
AT4G02430,0,3,0,0,0,0
AT4G02450,4,4,0,0,0,0
AT4G02480,5,5,0,0,0,0
AT4G02500,0,0,2,2,0,0
AT4G02510,0,0,5,5,0,0
AT4G02520,7,8,2,0,0,0
AT4G02570,4,8,3,0,0,0
AT4G02580,6,4,3,2,0,0
AT4G02620,2,0,3,2,0,0
AT4G02730,0,0,0,0,0,0
AT4G02770,6,9,5,7,0,0
AT4G02840,0,0,0,0,0,0
AT4G02890,0,0,0,0,0,0
AT4G02930,21,23,27,31,0,3
AT4G02990,0,0,0,0,0,0
AT4G03020,6,8,0,0,0,0
AT4G03080,3,0,0,0,0,0
AT4G03110,5,7,0,0,0,0
AT4G03120,0,3,0,0,0,0
AT4G03190,8,11,0,0,0,0
AT4G03210,3,0,0,0,0,0
AT4G03280,7,3,5,5,0,0
AT4G03430,0,0,0,0,0,0
AT4G03520,4,7,3,2,0,0
AT4G03550,0,0,0,0,0,0
AT4G04020,6,2,3,3,0,0
AT4G04040,0,0,0,5,0,0
AT4G04210,2,3,0,0,0,0
AT4G04320,2,0,0,0,0,0
AT4G04340,0,0,0,0,0,0
AT4G04460,2,0,2,2,0,0
AT4G04614,0,0,0,0,0,0
AT4G04640,0,3,20,16,0,3
AT4G04720,0,0,3,0,0,0
AT4G04770,3,3,0,2,0,0
AT4G04800,4,3,0,0,0,0
AT4G04890,0,0,0,0,0,0
AT4G04910,12,14,16,10,0,0
AT4G04920,0,0,2,0,0,0
AT4G04940,0,0,0,0,0,0
AT4G04950,17,21,0,3,0,0
AT4G05050,0,0,0,0,0,0
AT4G05090,0,4,0,0,0,0
AT4G05160,0,0,7,7,0,0
AT4G05180,7,8,0,0,0,0
AT4G05320,0,0,0,0,0,0
AT4G05390,3,0,0,0,0,0
AT4G05400,2,0,0,0,0,0
AT4G05410,4,2,0,0,0,0
AT4G05420,22,30,6,3,0,0
AT4G05530,6,4,3,4,40,0
AT4G06634,0,0,0,0,0,0
AT4G08240,0,0,0,0,0,0
AT4G08310,0,0,0,0,0,0
AT4G08350,9,8,3,2,0,0
AT4G08390,26,27,0,0,0,0
AT4G08520,2,4,3,0,0,0
AT4G08580,2,7,0,0,0,0
AT4G08870,5,6,0,0,0,0
AT4G08900,5,8,0,0,0,0
AT4G08950,2,3,0,0,0,0
AT4G09000,22,28,12,11,0,0
AT4G09010,13,18,2,0,0,0
AT4G09020,11,18,0,0,0,0
AT4G09040,5,9,0,0,0,0
AT4G09320,6,6,6,7,0,3
AT4G09510,6,5,4,2,0,0
AT4G09520,7,9,0,0,0,0
AT4G09570,10,15,0,0,0,0
AT4G09650,3,4,7,4,0,0
AT4G09670,13,10,0,0,0,0
AT4G09730,0,0,2,0,0,0
AT4G09800,5,5,5,6,5,0
AT4G09960,0,0,0,0,0,0
AT4G10040,2,0,0,0,0,0
AT4G10100,2,0,0,0,0,0
AT4G10110,0,0,0,0,0,0
AT4G10150,0,2,0,0,0,0
AT4G10260,14,10,0,0,0,0
AT4G10300,0,2,0,0,0,0
AT4G10320,53,63,5,3,0,0
AT4G10340,0,0,9,14,0,0
AT4G10450,0,0,0,0,0,0
AT4G10480,10,9,0,0,0,0
AT4G10590,0,0,0,0,0,0
AT4G10610,0,0,3,2,8,0
AT4G10710,0,3,0,0,0,0
AT4G10750,6,5,0,0,0,0
AT4G10790,0,0,0,2,0,0
AT4G10840,7,8,3,0,0,0
AT4G10920,3,0,0,0,0,0
AT4G10925,0,0,3,3,0,0
AT4G10960,0,6,0,0,0,0
AT4G11010,6,7,5,2,0,2
AT4G11060,2,0,0,0,6,0
AT4G11110,0,0,5,0,0,0
AT4G11150,11,12,4,6,0,2
AT4G11175,2,0,0,0,0,0
AT4G11240,0,0,0,0,0,0
AT4G11260,7,8,0,0,0,0
AT4G11290,4,3,0,0,0,0
AT4G11380,6,7,10,5,0,0
AT4G11420,39,50,0,0,0,0
AT4G11560,0,0,0,0,0,0
AT4G11600,3,3,0,0,0,0
AT4G11740,0,0,0,0,2,0
AT4G11820,9,9,7,3,0,0
AT4G11850,0,0,0,0,0,0
AT4G11860,3,2,0,0,0,0
AT4G11960,0,0,0,0,0,0
AT4G12130,5,3,0,0,0,0
AT4G12290,4,4,0,0,0,0
AT4G12330,0,0,0,0,0,0
AT4G12610,0,3,0,0,0,0
AT4G12650,0,0,2,3,0,0
AT4G12790,0,0,0,0,0,0
AT4G12800,0,0,0,0,0,0
AT4G12880,0,3,0,0,0,0
AT4G12890,2,0,0,0,0,0
AT4G12960,5,8,0,0,0,0
AT4G13050,2,0,0,0,0,0
AT4G13170,8,9,5,0,0,0
AT4G13200,2,2,0,0,0,0
AT4G13340,0,2,0,0,0,0
AT4G13360,4,0,0,0,0,0
AT4G13400,8,8,0,0,0,0
AT4G13430,12,14,8,6,0,0
AT4G13560,4,8,0,0,0,0
AT4G13670,0,0,12,17,0,0
AT4G13780,10,20,4,2,0,0
AT4G13850,4,6,2,0,0,0
AT4G13930,14,25,16,13,0,2
AT4G13940,30,35,28,28,0,4
AT4G14030,11,16,4,2,0,0
AT4G14040,0,0,0,0,0,0
AT4G14080,0,3,0,0,0,0
AT4G14096,2,2,0,0,0,0
AT4G14100,0,2,0,0,0,0
AT4G14110,3,6,0,0,0,0
AT4G14160,15,14,8,5,0,0
AT4G14210,0,0,0,0,0,0
AT4G14300,4,7,0,0,0,0
AT4G14360,0,0,0,2,0,0
AT4G14440,0,4,0,0,0,0
AT4G14570,11,17,0,0,0,0
AT4G14680,8,9,12,8,0,0
AT4G14710,14,12,0,0,0,0
AT4G14716,13,13,0,0,0,0
AT4G14800,6,6,4,6,0,0
AT4G14870,0,0,0,0,5,0
AT4G14880,12,13,2,8,0,0
AT4G14890,7,6,5,4,7,7
AT4G14910,0,2,0,0,0,0
AT4G14930,9,9,0,0,0,0
AT4G14960,44,60,0,41,14,0
AT4G15000,10,10,6,6,0,0
AT4G15020,0,0,0,0,0,0
AT4G15110,0,0,0,0,0,0
AT4G15160,0,0,0,0,0,0
AT4G15210,11,19,4,0,0,0
AT4G15410,0,3,0,0,0,0
AT4G15490,0,2,0,0,0,0
AT4G15530,5,2,0,0,0,0
AT4G15545,3,5,0,0,0,0
AT4G15550,2,3,0,0,0,0
AT4G15560,0,0,4,7,0,0
AT4G15770,0,0,0,0,0,0
AT4G15790,3,2,2,0,0,0
AT4G15802,3,4,0,3,0,0
AT4G15810,0,0,2,2,0,0
AT4G15840,0,0,10,5,0,0
AT4G15900,0,2,0,0,0,0
AT4G15950,0,2,0,0,0,0
AT4G16060,9,10,0,0,0,0
AT4G16130,19,19,10,9,0,0
AT4G16143,56,60,7,9,0,0
AT4G16150,0,0,0,0,0,0
AT4G16155,11,13,12,7,0,2
AT4G16210,0,0,4,3,0,0
AT4G16250,0,0,23,21,0,0
AT4G16265,0,3,0,0,0,0
AT4G16340,2,4,6,5,0,0
AT4G16360,0,0,0,0,0,0
AT4G16390,5,7,9,4,0,0
AT4G16500,2,3,0,0,0,0
AT4G16720,11,14,4,4,0,0
AT4G16760,8,13,12,16,0,0
AT4G16830,3,3,0,0,0,0
AT4G17000,0,2,0,0,0,0
AT4G17040,0,0,3,0,6,0
AT4G17090,4,4,3,2,0,0
AT4G17100,5,5,0,0,0,0
AT4G17140,0,0,4,0,0,0
AT4G17170,0,0,3,2,0,0
AT4G17190,10,10,0,0,0,0
AT4G17330,8,3,0,0,0,0
AT4G17390,11,14,4,4,0,0
AT4G17510,2,3,0,0,0,0
AT4G17520,10,9,0,0,0,0
AT4G17530,2,2,4,2,0,0
AT4G17560,2,0,0,0,0,0
AT4G17600,0,0,0,0,0,0
AT4G17770,0,0,10,9,0,0
AT4G17830,9,16,0,0,0,0
AT4G17870,6,5,0,0,0,0
AT4G17890,0,3,0,0,0,0
AT4G17950,0,0,0,0,0,0
AT4G18030,0,0,3,0,0,0
AT4G18040,18,20,0,0,0,0
AT4G18060,0,0,2,0,0,0
AT4G18100,7,7,5,4,7,0
AT4G18130,0,0,47,50,0,0
AT4G18240,2,3,0,0,0,0
AT4G18370,0,0,0,0,0,0
AT4G18465,0,0,0,0,0,0
AT4G18480,20,17,50,57,0,24
AT4G18670,0,0,2,0,0,0
AT4G18730,5,7,4,4,5,2
AT4G18800,0,0,4,0,0,0
AT4G18810,2,0,0,0,0,0
AT4G18820,0,4,0,0,0,0
AT4G18905,13,9,0,0,0,0
AT4G19006,16,18,3,3,0,0
AT4G19210,7,2,6,5,0,0
AT4G19410,0,2,0,0,0,0
AT4G19490,0,2,0,0,0,0
AT4G19640,0,0,0,2,0,0
AT4G19710,3,3,8,5,0,0
AT4G20020,2,3,3,2,0,0
AT4G20050,13,10,0,0,0,0
AT4G20130,4,4,6,6,0,0
AT4G20260,0,3,0,0,0,0
AT4G20340,0,0,0,0,0,2
AT4G20360,21,22,25,26,9,18
AT4G20400,0,3,0,0,0,0
AT4G20440,5,7,0,0,2,0
AT4G20460,0,3,0,0,0,0
AT4G20850,64,76,19,19,0,0
AT4G20890,60,70,45,55,0,36
AT4G20910,0,2,0,0,0,0
AT4G20960,6,4,0,0,0,0
AT4G20980,15,15,0,0,0,0
AT4G21100,14,18,0,0,0,0
AT4G21110,4,2,2,0,0,0
AT4G21150,0,0,13,13,0,0
AT4G21280,13,15,0,0,0,0
AT4G21460,0,0,0,0,0,0
AT4G21520,0,0,0,0,0,0
AT4G21580,7,13,0,0,0,0
AT4G21590,4,3,0,0,0,0
AT4G21650,11,11,4,3,0,0
AT4G21660,2,2,0,0,0,0
AT4G21670,2,0,0,0,11,0
AT4G21710,6,6,10,11,0,0
AT4G21750,0,0,0,0,0,0
AT4G21770,0,0,0,0,0,0
AT4G21860,12,12,3,2,0,0
AT4G22010,0,0,8,6,9,0
AT4G22140,0,6,2,0,0,0
AT4G22220,4,6,0,0,0,0
AT4G22240,11,6,2,3,0,0
AT4G22285,0,0,0,0,0,0
AT4G22300,2,4,0,0,0,0
AT4G22320,0,0,0,0,0,0
AT4G22350,0,0,0,0,0,0
AT4G22360,2,0,0,0,0,0
AT4G22380,2,2,3,3,0,0
AT4G22410,0,0,0,0,0,0
AT4G22570,0,2,0,0,0,0
AT4G22670,5,8,0,0,0,0
AT4G22690,0,0,0,0,0,0
AT4G22710,0,0,0,0,0,0
AT4G22720,2,2,0,0,0,0
AT4G22740,0,0,2,0,0,0
AT4G22745,2,0,0,0,0,0
AT4G22880,4,2,0,0,0,0
AT4G22890,0,0,5,3,0,0
AT4G22930,7,10,0,0,0,0
AT4G23040,0,0,0,0,2,0
AT4G23100,10,11,4,2,0,0
AT4G23400,0,0,2,3,0,0
AT4G23460,0,0,0,0,0,0
AT4G23500,2,0,2,0,0,0
AT4G23570,5,2,0,0,0,0
AT4G23600,13,18,0,0,0,0
AT4G23620,0,0,0,0,0,0
AT4G23650,0,0,4,0,0,0
AT4G23670,10,12,2,0,0,0
AT4G23680,8,11,4,4,0,0
AT4G23690,5,3,0,2,0,0
AT4G23820,0,2,0,0,0,0
AT4G23850,0,0,4,0,0,0
AT4G23860,3,3,0,0,0,0
AT4G23900,0,3,0,0,0,2
AT4G23920,21,25,0,0,0,0
AT4G23940,0,0,0,0,0,0
AT4G24130,12,11,4,4,0,0
AT4G24190,14,15,26,26,0,0
AT4G24220,2,0,2,0,0,0
AT4G24270,2,5,0,0,0,0
AT4G24280,41,43,19,20,2,15
AT4G24380,2,0,0,0,0,0
AT4G24490,7,5,0,0,0,0
AT4G24500,0,0,0,0,3,0
AT4G24510,20,19,10,7,0,0
AT4G24520,2,0,0,0,0,0
AT4G24550,0,2,2,3,0,0
AT4G24580,4,2,0,0,0,0
AT4G24620,6,11,3,3,0,0
AT4G24680,8,4,0,0,0,0
AT4G24750,0,0,4,6,0,0
AT4G24770,5,6,5,2,0,0
AT4G24780,3,0,0,0,0,0
AT4G24800,8,12,5,2,0,0
AT4G24820,14,21,3,2,0,0
AT4G24830,6,4,8,6,0,0
AT4G24840,0,2,0,0,0,0
AT4G25080,0,0,6,4,0,0
AT4G25100,0,0,0,0,0,0
AT4G25130,14,12,2,0,0,0
AT4G25210,0,0,0,0,0,0
AT4G25340,0,0,0,0,0,0
AT4G25500,819,685,0,4,0,0
AT4G25550,0,2,0,0,9,0
AT4G25590,3,2,0,0,0,0
AT4G25630,6,7,6,3,11,2
AT4G25730,0,0,0,0,0,0
AT4G25740,2,3,2,0,0,0
AT4G25890,3,3,0,0,0,0
AT4G25900,4,3,0,0,0,0
AT4G25960,0,0,3,3,0,0
AT4G25970,0,0,3,5,0,0
AT4G26110,22,23,4,2,0,0
AT4G26230,2,2,0,0,0,0
AT4G26270,0,0,0,4,0,0
AT4G26300,5,7,8,5,0,0
AT4G26450,0,0,0,0,7,0
AT4G26500,0,0,4,3,0,0
AT4G26510,3,2,17,19,0,0
AT4G26530,20,19,5,7,0,2
AT4G26630,4,3,0,0,0,0
AT4G26650,0,0,3,0,0,0
AT4G26720,0,0,0,0,0,0
AT4G26760,10,11,0,0,4,0
AT4G26840,2,2,0,0,0,0
AT4G26870,7,7,4,0,0,0
AT4G26900,12,16,8,6,0,0
AT4G26910,4,0,3,0,0,0
AT4G26970,3,0,0,0,0,0
AT4G27000,22,29,9,5,3,0
AT4G27060,3,0,0,0,0,0
AT4G27070,0,0,5,2,0,0
AT4G27080,0,0,0,2,0,0
AT4G27090,6,8,3,2,0,0
AT4G27130,7,5,0,0,0,0
AT4G27150,0,0,3,4,0,0
AT4G27160,0,0,3,4,0,0
AT4G27170,0,0,0,0,0,0
AT4G27230,0,0,0,0,0,0
AT4G27270,0,3,3,3,0,0
AT4G27320,3,3,2,0,0,0
AT4G27440,10,8,13,16,0,6
AT4G27500,6,2,0,0,0,0
AT4G27520,0,2,0,0,0,2
AT4G27560,5,2,3,2,0,0
AT4G27570,0,2,3,2,0,0
AT4G27585,0,0,4,2,0,0
AT4G27595,3,0,0,0,0,0
AT4G27640,2,3,0,0,0,0
AT4G27680,0,0,4,0,0,0
AT4G27690,3,4,0,0,0,0
AT4G27700,0,0,0,0,0,0
AT4G27740,0,0,0,0,0,0
AT4G27880,0,0,0,0,0,0
AT4G27960,2,5,0,0,0,0
AT4G27980,2,0,0,0,0,0
AT4G28030,2,0,0,0,0,0
AT4G28080,12,12,0,0,0,0
AT4G28250,0,0,2,0,5,0
AT4G28300,0,0,5,7,0,0
AT4G28390,0,0,0,4,0,0
AT4G28400,0,2,0,0,0,0
AT4G28450,0,0,0,0,0,0
AT4G28470,34,36,21,13,0,0
AT4G28510,0,0,4,3,0,0
AT4G28520,0,0,12,12,0,0
AT4G28530,0,2,0,0,0,0
AT4G28703,0,0,0,0,0,0
AT4G28706,0,2,0,0,0,0
AT4G28710,0,0,2,0,0,0
AT4G28730,8,5,0,0,0,0
AT4G28750,4,3,0,0,0,0
AT4G28910,2,0,0,0,0,0
AT4G28980,10,11,0,0,0,0
AT4G28990,0,0,0,0,2,0
AT4G29010,17,19,17,15,0,0
AT4G29040,21,24,7,4,0,0
AT4G29060,23,20,3,2,0,0
AT4G29120,0,2,0,0,0,0
AT4G29130,0,0,9,3,0,0
AT4G29160,0,0,0,0,0,0
AT4G29220,0,0,0,0,0,0
AT4G29250,0,0,0,2,0,0
AT4G29260,0,4,0,0,0,0
AT4G29270,19,29,4,6,0,0
AT4G29340,6,8,0,0,0,0
AT4G29350,13,15,2,0,0,0
AT4G29390,0,0,0,0,3,0
AT4G29400,0,0,0,0,0,0
AT4G29410,0,0,0,0,0,0
AT4G29510,10,11,0,0,0,0
AT4G29590,5,4,0,0,0,0
AT4G29670,3,4,0,0,0,0
AT4G29700,2,0,0,0,2,0
AT4G29720,3,4,0,0,0,0
AT4G29730,2,2,0,0,0,0
AT4G29810,0,0,0,0,0,2
AT4G29830,3,4,0,0,0,0
AT4G29840,6,7,5,5,0,0
AT4G30010,0,0,2,2,0,0
AT4G30160,6,9,0,0,0,0
AT4G30190,0,0,19,18,0,0
AT4G30200,0,0,0,0,0,0
AT4G30210,0,0,0,0,0,0
AT4G30220,2,3,0,0,0,0
AT4G30270,2,2,0,0,0,0
AT4G30310,5,2,0,0,0,0
AT4G30330,2,3,0,0,0,0
AT4G30530,6,6,2,0,0,0
AT4G30550,3,5,0,0,0,0
AT4G30610,2,2,0,0,0,0
AT4G30620,0,3,0,0,0,0
AT4G30720,0,0,0,0,0,0
AT4G30800,10,0,0,0,0,0
AT4G30840,0,0,0,0,0,0
AT4G30890,0,0,0,0,0,0
AT4G30920,13,12,4,4,0,0
AT4G30930,3,4,0,0,0,0
AT4G30950,0,0,0,0,0,0
AT4G30990,2,0,0,0,0,0
AT4G31120,7,10,4,5,0,0
AT4G31160,4,4,0,0,0,0
AT4G31180,12,13,3,0,0,0
AT4G31210,0,0,0,0,0,0
AT4G31300,7,7,3,5,0,0
AT4G31340,0,0,4,0,0,0
AT4G31360,3,6,0,0,0,0
AT4G31420,0,2,0,0,0,0
AT4G31480,21,20,61,58,0,61
AT4G31490,21,19,60,56,0,60
AT4G31580,4,5,2,3,0,0
AT4G31700,12,13,8,9,3,0
AT4G31770,3,0,0,0,0,0
AT4G31790,4,3,0,0,0,0
AT4G31810,12,11,0,0,0,0
AT4G31840,2,4,0,0,0,0
AT4G31880,0,2,0,0,0,0
AT4G31985,0,0,2,0,4,0
AT4G31990,20,29,14,9,0,0
AT4G32180,2,0,7,4,0,0
AT4G32250,0,0,2,0,0,0
AT4G32260,0,0,7,9,0,0
AT4G32285,0,0,0,3,0,0
AT4G32320,2,3,0,0,0,0
AT4G32330,2,2,0,0,0,0
AT4G32360,0,0,3,0,0,0
AT4G32410,0,0,0,3,0,0
AT4G32460,0,0,2,2,0,0
AT4G32520,7,3,3,2,0,0
AT4G32551,3,5,0,0,0,0
AT4G32590,0,0,2,0,0,0
AT4G32605,0,0,0,0,0,0
AT4G32640,7,9,0,0,0,0
AT4G32720,7,8,0,0,19,0
AT4G32760,3,5,0,0,0,0
AT4G32820,0,0,0,0,0,0
AT4G32840,0,0,4,0,0,0
AT4G32910,2,0,2,2,0,0
AT4G32915,4,5,0,0,0,0
AT4G32930,8,9,0,0,0,0
AT4G32970,0,0,0,0,0,0
AT4G33010,42,56,22,22,0,0
AT4G33080,0,2,0,0,0,0
AT4G33090,13,14,3,6,0,0
AT4G33150,4,2,0,0,0,0
AT4G33200,0,0,0,0,0,0
AT4G33250,16,18,4,0,0,0
AT4G33355,4,3,0,0,0,0
AT4G33360,0,0,0,0,0,0
AT4G33370,0,0,2,0,0,0
AT4G33400,3,3,6,5,0,0
AT4G33470,2,0,0,0,0,0
AT4G33480,0,0,0,0,0,0
AT4G33510,7,9,6,4,0,0
AT4G33520,2,3,0,0,0,0
AT4G33540,0,0,0,0,0,0
AT4G33580,5,4,0,0,0,0
AT4G33640,3,3,0,0,0,0
AT4G33650,3,0,30,22,0,0
AT4G33680,39,39,4,3,0,0
AT4G33760,2,0,2,2,0,0
AT4G33865,0,0,0,3,2,0
AT4G33950,0,0,2,2,0,0
AT4G34030,0,0,0,0,0,0
AT4G34050,9,12,5,6,0,0
AT4G34090,2,0,0,0,0,0
AT4G34110,24,22,14,10,46,0
AT4G34200,11,17,6,5,0,2
AT4G34215,10,11,0,0,0,0
AT4G34230,6,3,0,0,0,0
AT4G34240,0,0,0,0,0,0
AT4G34260,2,3,0,0,0,0
AT4G34270,2,2,0,0,0,0
AT4G34290,0,0,0,0,0,0
AT4G34350,7,11,0,0,0,0
AT4G34360,8,12,0,0,0,0
AT4G34412,0,2,0,0,0,0
AT4G34430,6,8,0,0,0,0
AT4G34450,29,33,20,15,0,4
AT4G34490,13,19,0,0,0,0
AT4G34550,0,0,3,0,0,0
AT4G34555,0,0,0,0,4,0
AT4G34620,4,4,3,3,0,0
AT4G34670,8,14,7,6,0,0
AT4G34700,0,0,0,2,0,0
AT4G34740,8,8,0,0,0,0
AT4G34830,0,0,0,0,0,0
AT4G34840,7,9,0,0,0,0
AT4G34850,0,5,0,0,0,0
AT4G34860,2,3,5,4,0,0
AT4G34870,9,9,6,4,0,0
AT4G34890,4,2,0,0,0,0
AT4G34980,6,6,8,7,0,0
AT4G35000,0,0,16,11,0,5
AT4G35020,0,0,0,0,0,0
AT4G35050,3,3,0,0,0,0
AT4G35090,43,49,91,108,2,7
AT4G35100,0,0,9,7,0,2
AT4G35230,0,0,0,0,0,0
AT4G35250,0,0,5,4,0,0
AT4G35260,4,7,9,5,0,0
AT4G35310,0,0,3,0,0,0
AT4G35420,0,0,2,6,0,0
AT4G35450,11,9,0,0,0,0
AT4G35460,10,8,0,0,0,0
AT4G35570,0,0,0,0,2,0
AT4G35630,95,126,7,2,0,0
AT4G35785,0,0,0,0,0,0
AT4G35790,0,0,2,0,0,0
AT4G35800,8,0,3,0,0,0
AT4G35830,20,16,11,7,0,0
AT4G35850,7,11,4,7,0,0
AT4G35860,0,0,0,0,0,0
AT4G35950,0,0,0,0,0,0
AT4G36020,13,12,0,0,17,0
AT4G36080,0,0,0,0,0,0
AT4G36130,12,24,5,5,2,0
AT4G36195,4,2,0,0,0,0
AT4G36250,0,0,12,9,0,0
AT4G36360,0,3,0,0,0,0
AT4G36390,2,3,0,0,0,0
AT4G36580,0,0,0,0,0,0
AT4G36630,0,0,0,0,0,0
AT4G36690,9,10,2,2,0,0
AT4G36740,7,6,0,0,0,0
AT4G36760,0,2,0,0,0,0
AT4G36800,2,0,0,0,0,0
AT4G36810,4,6,3,0,0,0
AT4G36940,9,12,0,0,0,0
AT4G36960,0,0,0,0,0,0
AT4G37000,11,14,4,0,0,0
AT4G37040,3,5,0,0,28,0
AT4G37210,10,13,0,0,0,0
AT4G37300,0,2,0,0,0,0
AT4G37510,3,10,0,0,0,0
AT4G37550,0,2,0,0,0,0
AT4G37640,0,0,2,0,0,0
AT4G37800,23,28,0,0,0,0
AT4G37870,11,14,2,0,0,0
AT4G37910,24,25,26,20,0,7
AT4G37925,0,0,0,0,0,0
AT4G37930,19,17,18,22,0,3
AT4G37980,0,4,5,4,0,0
AT4G38130,15,14,0,0,0,0
AT4G38220,2,8,5,2,0,0
AT4G38225,0,2,0,0,0,0
AT4G38230,0,0,0,0,0,0
AT4G38420,0,0,0,0,0,0
AT4G38460,2,3,0,0,0,0
AT4G38510,16,25,17,18,2,2
AT4G38600,2,0,0,0,0,0
AT4G38630,14,18,3,3,0,0
AT4G38680,51,52,2,4,0,0
AT4G38710,2,2,0,0,0,0
AT4G38740,13,18,4,2,0,0
AT4G38780,0,0,0,0,0,0
AT4G38800,0,2,0,0,0,0
AT4G38810,3,0,0,0,0,0
AT4G38890,3,3,0,0,0,0
AT4G38970,25,28,19,22,0,13
AT4G39040,0,3,0,0,0,0
AT4G39080,0,0,7,7,0,0
AT4G39090,2,4,0,0,0,0
AT4G39120,2,3,0,0,0,0
AT4G39200,0,0,0,0,4,0
AT4G39210,3,0,0,0,0,0
AT4G39230,0,2,0,0,0,0
AT4G39260,15,15,8,8,11,0
AT4G39280,3,3,0,0,0,0
AT4G39330,11,14,11,13,0,0
AT4G39480,0,0,7,3,0,0
AT4G39510,0,0,0,0,0,0
AT4G39520,0,3,6,0,0,0
AT4G39660,11,15,4,0,0,0
AT4G39680,7,4,2,0,0,0
AT4G39800,0,4,0,0,0,0
AT4G39820,0,0,0,0,0,0
AT4G39850,0,0,30,28,0,0
AT4G39860,3,5,0,0,0,0
AT4G39960,4,5,3,0,0,0
AT4G39980,9,11,10,12,0,0
AT4G39990,0,0,2,0,0,0
AT4G40030,0,0,0,0,0,0
AT4G40040,0,0,0,0,0,0
AT5G01210,2,2,0,0,0,0
AT5G01260,2,0,0,0,0,0
AT5G01400,0,0,0,0,0,0
AT5G01410,10,12,11,6,0,0
AT5G01530,0,0,4,4,0,0
AT5G01590,0,0,3,0,0,0
AT5G01600,8,5,7,4,0,0
AT5G01650,4,5,0,0,0,0
AT5G01920,0,0,0,2,0,0
AT5G01930,0,2,0,0,0,0
AT5G02050,6,8,0,0,0,0
AT5G02150,0,0,0,0,0,0
AT5G02240,17,19,0,3,0,0
AT5G02280,4,4,0,0,0,0
AT5G02490,49,56,29,29,0,18
AT5G02500,69,82,47,45,22,28
AT5G02530,4,5,0,0,39,0
AT5G02560,0,0,0,0,0,0
AT5G02570,0,2,0,0,0,0
AT5G02610,3,3,0,0,0,0
AT5G02710,3,0,0,0,0,0
AT5G02740,0,0,2,0,0,0
AT5G02790,19,22,0,0,0,0
AT5G02870,27,29,10,9,5,0
AT5G02890,0,0,0,0,0,0
AT5G02940,0,0,2,2,0,0
AT5G02960,7,9,4,4,7,0
AT5G03040,2,3,0,0,0,0
AT5G03240,0,0,0,0,0,0
AT5G03250,0,0,12,8,0,0
AT5G03290,11,10,7,3,0,2
AT5G03300,41,53,21,22,2,6
AT5G03340,51,58,0,0,0,3
AT5G03370,4,2,0,0,0,0
AT5G03420,0,0,17,19,3,17
AT5G03430,3,3,0,0,0,0
AT5G03470,6,6,0,0,0,0
AT5G03520,0,0,0,2,0,0
AT5G03610,0,2,0,0,0,0
AT5G03630,10,8,4,2,0,0
AT5G03650,8,7,0,0,0,0
AT5G03690,8,7,0,0,0,0
AT5G03740,0,0,0,0,0,0
AT5G03780,0,2,0,0,0,0
AT5G03850,4,6,0,0,4,3
AT5G03940,0,3,0,0,0,0
AT5G04130,2,0,4,0,0,0
AT5G04140,36,41,39,30,0,0
AT5G04170,0,0,3,0,0,0
AT5G04180,2,4,0,0,0,0
AT5G04230,0,0,0,0,0,0
AT5G04280,6,5,3,4,7,0
AT5G04290,0,0,3,2,2,0
AT5G04360,9,12,0,0,0,0
AT5G04420,7,7,0,0,0,0
AT5G04430,11,16,3,2,0,0
AT5G04510,0,0,0,0,0,0
AT5G04590,4,2,7,7,0,0
AT5G04600,0,0,0,0,0,0
AT5G04740,8,6,3,0,0,0
AT5G04800,4,4,0,0,3,0
AT5G04885,0,0,0,0,0,0
AT5G04910,0,2,0,0,0,0
AT5G05000,0,0,5,4,0,0
AT5G05010,13,11,24,19,0,18
AT5G05100,3,0,0,0,0,0
AT5G05170,0,4,2,0,0,0
AT5G05270,4,8,2,0,0,0
AT5G05470,0,0,0,0,0,0
AT5G05590,3,3,4,2,0,0
AT5G05610,2,0,0,0,0,0
AT5G05620,0,0,7,5,0,0
AT5G05670,0,0,0,2,0,0
AT5G05730,11,17,0,0,0,0
AT5G05780,13,13,3,6,0,0
AT5G05920,8,8,0,0,0,0
AT5G05970,3,0,0,0,0,0
AT5G05980,3,2,0,0,0,0
AT5G05990,0,0,0,0,0,0
AT5G06060,12,10,0,2,0,0
AT5G06160,5,0,0,0,0,0
AT5G06210,0,2,0,0,0,0
AT5G06290,17,16,4,5,0,0
AT5G06390,2,4,0,0,0,0
AT5G06460,7,12,0,0,0,0
AT5G06530,0,0,0,0,0,0
AT5G06600,26,23,13,0,0,0
AT5G06850,7,6,0,0,0,0
AT5G06910,0,0,0,0,0,0
AT5G06970,0,0,0,0,0,0
AT5G07030,0,0,2,3,0,0
AT5G07090,30,0,16,19,0,2
AT5G07350,20,20,6,0,0,0
AT5G07410,7,10,6,6,0,0
AT5G07420,2,0,0,0,0,0
AT5G07440,5,7,0,0,0,0
AT5G07460,3,5,0,0,0,0
AT5G07470,3,5,0,0,0,0
AT5G07530,0,0,0,0,0,3
AT5G07590,0,0,0,0,0,0
AT5G07740,0,0,0,0,0,0
AT5G07990,0,0,0,0,0,0
AT5G08060,0,0,3,0,0,0
AT5G08100,7,5,0,0,0,0
AT5G08170,5,6,0,0,0,0
AT5G08180,0,0,0,0,11,0
AT5G08260,0,3,0,0,0,0
AT5G08280,19,17,7,6,0,0
AT5G08300,3,2,0,0,0,0
AT5G08370,5,4,0,0,0,0
AT5G08380,0,0,0,0,0,0
AT5G08440,0,0,6,4,0,0
AT5G08450,15,11,0,0,0,0
AT5G08530,3,5,4,3,0,0
AT5G08540,0,0,0,0,0,0
AT5G08560,2,3,0,0,0,0
AT5G08570,5,6,6,0,0,0
AT5G08590,0,3,0,0,0,0
AT5G08610,0,0,0,2,0,0
AT5G08640,17,21,9,7,0,0
AT5G08650,0,0,0,0,0,0
AT5G08670,15,20,32,29,5,10
AT5G08680,15,20,32,29,5,10
AT5G08690,15,20,32,29,5,10
AT5G09390,3,3,0,0,0,0
AT5G09440,5,4,3,0,2,0
AT5G09500,0,2,0,0,0,2
AT5G09510,0,0,0,0,0,0
AT5G09550,2,0,0,0,0,0
AT5G09590,24,27,14,15,0,2
AT5G09620,0,2,0,0,0,0
AT5G09650,21,28,3,4,0,0
AT5G09660,9,9,7,6,0,0
AT5G09700,2,4,0,0,0,0
AT5G09730,2,5,0,0,0,0
AT5G09810,34,46,42,49,17,20
AT5G09840,0,0,43,45,0,0
AT5G09880,3,3,0,0,0,0
AT5G09890,3,0,0,0,0,0
AT5G09900,19,21,8,5,0,0
AT5G10010,0,2,0,0,0,0
AT5G10160,7,6,2,0,0,0
AT5G10170,3,0,2,2,0,0
AT5G10240,4,6,4,5,0,0
AT5G10270,2,2,0,2,0,0
AT5G10300,6,8,0,0,0,0
AT5G10350,0,0,0,0,5,0
AT5G10360,14,16,10,9,3,0
AT5G10390,0,0,0,0,0,0
AT5G10400,0,0,0,0,0,0
AT5G10450,14,17,8,8,0,2
AT5G10470,0,0,6,2,0,0
AT5G10540,3,8,0,0,0,0
AT5G10770,3,3,0,0,0,0
AT5G10840,0,0,0,0,0,0
AT5G10860,3,0,2,3,0,0
AT5G10870,4,3,0,0,0,0
AT5G10900,0,0,0,0,13,0
AT5G10920,12,16,0,0,0,0
AT5G10950,0,0,0,0,0,0
AT5G10980,0,0,0,0,0,0
AT5G11040,3,4,4,2,0,0
AT5G11060,0,0,0,0,0,0
AT5G11170,44,50,11,17,0,0
AT5G11200,0,0,0,0,0,0
AT5G11240,0,0,0,0,0,0
AT5G11330,5,5,0,0,0,0
AT5G11340,0,3,0,0,0,0
AT5G11350,0,0,0,0,6,0
AT5G11420,0,0,0,0,0,0
AT5G11490,5,2,3,4,0,0
AT5G11520,26,31,13,9,0,0
AT5G11560,0,0,5,4,0,0
AT5G11580,8,4,0,0,0,0
AT5G11670,14,11,3,5,0,0
AT5G11680,2,3,0,0,0,0
AT5G11710,30,32,0,0,0,0
AT5G11720,5,5,7,5,0,0
AT5G11770,0,0,3,2,0,0
AT5G11810,6,5,0,0,0,0
AT5G11880,10,14,6,0,0,0
AT5G11900,8,4,0,0,0,0
AT5G11980,3,0,0,0,0,0
AT5G12040,4,7,0,0,0,0
AT5G12080,0,0,0,0,0,0
AT5G12110,8,13,0,0,0,0
AT5G12140,4,3,0,0,0,0
AT5G12150,0,0,0,0,0,0
AT5G12190,2,3,0,0,0,0
AT5G12210,0,3,0,0,0,0
AT5G12240,0,0,0,0,0,0
AT5G12250,53,67,40,46,13,34
AT5G12370,2,2,2,0,0,0
AT5G12410,3,7,0,0,0,0
AT5G12470,0,0,0,3,0,0
AT5G12950,0,4,0,0,0,0
AT5G12960,0,0,0,0,0,0
AT5G13000,0,0,0,0,0,0
AT5G13010,0,0,0,0,0,0
AT5G13020,0,3,0,0,0,0
AT5G13030,13,7,2,2,0,0
AT5G13050,3,3,0,0,0,0
AT5G13110,0,0,5,6,0,0
AT5G13120,2,3,0,0,0,0
AT5G13280,3,0,5,2,0,0
AT5G13300,0,0,6,2,0,0
AT5G13340,0,0,0,0,0,0
AT5G13380,0,0,2,3,0,0
AT5G13420,6,6,0,0,0,0
AT5G13430,0,0,2,2,0,0
AT5G13440,0,0,2,2,0,0
AT5G13450,0,0,4,5,0,0
AT5G13480,2,4,0,0,0,0
AT5G13490,0,0,0,4,0,0
AT5G13510,8,6,5,0,0,0
AT5G13520,15,11,3,3,0,0
AT5G13530,2,2,0,0,0,0
AT5G13570,0,0,10,6,0,0
AT5G13590,0,0,0,0,14,0
AT5G13630,2,3,8,8,0,0
AT5G13650,17,16,6,7,0,0
AT5G13680,0,0,4,2,0,0
AT5G13780,0,0,2,2,0,0
AT5G13850,2,0,0,0,0,0
AT5G13930,6,8,4,4,0,0
AT5G13970,0,0,0,0,0,0
AT5G13980,6,12,3,4,0,0
AT5G13990,0,0,17,8,0,0
AT5G14030,0,0,0,0,0,0
AT5G14040,0,0,11,8,0,0
AT5G14060,2,0,3,0,0,0
AT5G14170,6,11,0,0,0,0
AT5G14200,3,0,0,0,0,0
AT5G14240,21,28,0,0,0,0
AT5G14250,10,14,0,0,0,0
AT5G14260,3,0,0,0,0,0
AT5G14320,4,6,0,0,0,0
AT5G14430,0,0,0,0,0,0
AT5G14530,0,3,0,0,0,0
AT5G14540,0,2,0,0,0,0
AT5G14590,0,0,0,0,0,0
AT5G14600,2,0,0,0,0,0
AT5G14610,4,4,6,5,5,0
AT5G14640,0,0,0,0,0,0
AT5G14670,13,10,8,11,0,5
AT5G14720,3,0,0,0,0,0
AT5G14740,23,24,12,13,2,0
AT5G14780,3,4,0,3,0,0
AT5G14910,4,2,0,0,0,0
AT5G14920,0,0,0,0,5,0
AT5G15020,5,5,0,0,0,0
AT5G15070,0,3,0,0,0,0
AT5G15090,0,0,11,11,0,3
AT5G15200,14,21,7,5,8,0
AT5G15270,0,0,0,0,0,0
AT5G15400,0,2,0,0,0,0
AT5G15450,4,4,7,5,0,0
AT5G15490,27,30,13,11,0,2
AT5G15520,3,3,2,0,3,0
AT5G15530,3,3,0,0,0,0
AT5G15550,0,0,0,2,0,0
AT5G15610,11,15,0,0,0,0
AT5G15650,26,29,7,4,0,0
AT5G15770,2,0,0,0,0,0
AT5G15800,0,0,0,0,0,0
AT5G15810,3,0,2,0,0,0
AT5G15870,3,2,0,0,0,0
AT5G15910,0,0,2,0,0,0
AT5G15970,0,2,0,0,0,0
AT5G16050,18,19,12,8,0,0
AT5G16070,31,41,15,12,0,3
AT5G16130,4,5,4,3,5,0
AT5G16240,5,4,0,0,0,0
AT5G16260,0,2,0,0,0,0
AT5G16270,4,2,0,0,0,0
AT5G16280,0,0,0,2,0,0
AT5G16290,6,9,3,4,0,0
AT5G16300,2,0,0,0,0,0
AT5G16310,4,3,0,0,0,0
AT5G16370,0,0,6,5,0,0
AT5G16390,2,4,0,0,0,0
AT5G16400,3,0,0,0,0,0
AT5G16440,13,17,4,5,0,0
AT5G16450,6,7,0,0,0,0
AT5G16510,9,9,0,0,0,0
AT5G16570,0,5,0,0,0,0
AT5G16590,0,0,0,0,0,0
AT5G16710,10,11,0,0,0,0
AT5G16715,6,4,3,0,0,0
AT5G16730,12,15,0,0,0,0
AT5G16750,0,0,0,0,0,0
AT5G16760,4,3,0,0,0,0
AT5G16780,3,0,0,0,0,0
AT5G16880,4,3,0,0,0,0
AT5G16930,0,0,0,0,0,0
AT5G16960,5,4,8,5,0,0
AT5G16970,0,0,4,0,0,0
AT5G16990,5,4,4,0,0,0
AT5G17000,0,0,4,0,0,0
AT5G17020,0,5,0,0,0,0
AT5G17050,0,4,0,0,0,0
AT5G17070,2,3,0,0,0,0
AT5G17170,0,0,2,2,0,0
AT5G17310,16,15,6,4,0,0
AT5G17380,8,13,0,0,0,0
AT5G17440,3,4,0,0,0,0
AT5G17510,3,3,0,0,0,0
AT5G17530,3,0,0,0,0,0
AT5G17560,4,7,0,0,0,0
AT5G17710,0,0,0,0,0,0
AT5G17770,0,0,8,5,0,0
AT5G17900,2,7,0,0,0,0
AT5G17920,50,60,36,50,0,10
AT5G17990,5,3,3,3,0,0
AT5G18100,5,5,0,0,0,0
AT5G18110,5,2,2,0,0,0
AT5G18170,5,3,0,0,0,0
AT5G18190,0,0,20,14,0,0
AT5G18380,7,10,7,6,5,0
AT5G18400,0,2,0,0,16,0
AT5G18410,3,0,3,0,0,0
AT5G18420,4,7,0,0,0,0
AT5G18550,5,2,2,0,7,0
AT5G18570,0,0,0,0,0,0
AT5G18580,0,0,0,0,0,0
AT5G18660,0,0,3,0,0,0
AT5G18960,0,0,0,0,0,0
AT5G18980,0,2,0,0,0,0
AT5G19010,0,0,0,0,0,0
AT5G19050,3,3,0,0,0,0
AT5G19140,5,9,0,0,0,0
AT5G19150,8,6,0,0,0,0
AT5G19180,4,4,0,0,0,0
AT5G19220,4,5,3,2,0,0
AT5G19290,0,0,3,0,0,0
AT5G19330,0,0,10,5,0,0
AT5G19350,5,3,0,0,0,0
AT5G19370,8,7,6,7,0,0
AT5G19390,0,0,0,0,0,0
AT5G19440,11,11,2,0,14,0
AT5G19485,2,0,0,0,0,0
AT5G19510,22,21,5,5,0,0
AT5G19550,30,31,6,7,0,0
AT5G19620,0,0,0,0,0,0
AT5G19680,2,0,0,0,0,0
AT5G19690,0,0,0,0,0,0
AT5G19760,0,0,7,8,0,0
AT5G19770,38,54,38,39,11,29
AT5G19780,38,54,38,39,11,29
AT5G19820,10,8,0,0,0,0
AT5G19860,2,0,0,0,0,0
AT5G19880,8,7,0,0,0,0
AT5G19960,0,2,0,0,0,0
AT5G19990,30,38,15,14,0,4
AT5G20000,28,0,0,0,0,4
AT5G20010,15,19,9,6,5,3
AT5G20020,0,0,0,6,5,3
AT5G20060,3,0,0,0,0,0
AT5G20070,4,8,0,0,0,0
AT5G20080,7,6,0,0,15,0
AT5G20160,2,2,3,3,0,0
AT5G20170,0,0,0,0,0,0
AT5G20230,0,2,0,0,0,0
AT5G20240,0,0,0,0,0,0
AT5G20250,3,2,2,0,0,0
AT5G20280,12,12,8,10,0,0
AT5G20290,23,24,9,10,2,2
AT5G20490,0,0,6,5,0,0
AT5G20500,8,6,0,0,0,0
AT5G20520,0,0,0,0,0,0
AT5G20620,0,0,0,0,0,0
AT5G20630,12,18,0,3,0,12
AT5G20720,10,9,0,0,0,0
AT5G20830,24,27,17,13,0,0
AT5G20840,0,0,3,0,0,0
AT5G20890,47,41,12,14,0,3
AT5G20920,6,8,4,4,0,0
AT5G20950,0,0,3,0,0,4
AT5G20980,0,0,0,0,0,0
AT5G20990,5,0,0,0,0,0
AT5G21060,4,6,0,0,0,0
AT5G21150,12,13,0,0,0,0
AT5G21160,0,0,0,0,0,0
AT5G21274,0,10,0,0,0,0
AT5G21326,2,0,0,0,0,0
AT5G21950,0,0,0,0,0,0
AT5G22020,0,0,3,0,0,0
AT5G22040,0,0,4,6,0,0
AT5G22060,9,12,9,5,0,0
AT5G22300,3,3,0,0,0,0
AT5G22320,0,0,0,0,3,0
AT5G22330,17,16,5,4,0,0
AT5G22440,16,14,2,0,0,0
AT5G22480,4,4,0,0,0,0
AT5G22510,7,7,10,17,0,0
AT5G22580,7,15,5,0,0,0
AT5G22620,4,2,0,0,0,0
AT5G22630,0,3,9,0,0,0
AT5G22640,0,0,3,3,0,0
AT5G22650,3,8,4,2,0,0
AT5G22740,0,0,2,0,0,0
AT5G22770,0,0,8,3,0,0
AT5G22780,7,4,8,3,0,0
AT5G22800,4,3,2,0,0,0
AT5G22880,0,2,0,0,0,0
AT5G22950,0,0,0,0,0,0
AT5G23050,0,0,7,5,0,0
AT5G23060,0,0,7,5,0,0
AT5G23110,0,0,11,5,0,0
AT5G23120,2,0,9,10,0,0
AT5G23140,6,5,2,0,0,0
AT5G23210,0,2,6,3,0,0
AT5G23290,6,5,0,0,0,0
AT5G23300,0,0,0,0,0,0
AT5G23310,0,2,0,0,0,0
AT5G23420,2,0,0,0,0,0
AT5G23540,16,18,8,8,0,0
AT5G23570,2,0,0,0,0,0
AT5G23580,0,0,0,0,0,0
AT5G23740,9,7,5,5,0,0
AT5G23860,71,84,58,64,16,48
AT5G23880,6,7,0,0,0,0
AT5G23900,6,7,0,0,0,0
AT5G23940,7,8,6,6,0,0
AT5G24020,4,2,3,3,0,2
AT5G24260,4,4,0,0,0,0
AT5G24300,6,11,0,2,0,0
AT5G24314,0,0,0,0,0,0
AT5G24350,2,3,0,0,0,0
AT5G24400,5,11,3,2,0,0
AT5G24420,17,27,0,2,0,0
AT5G24520,9,9,6,3,0,0
AT5G24650,0,0,0,0,0,0
AT5G24690,0,0,0,0,0,0
AT5G24710,17,18,0,0,0,0
AT5G24740,0,0,6,4,0,0
AT5G24760,2,0,0,0,0,0
AT5G24770,30,35,5,4,5,6
AT5G24780,46,42,9,8,8,13
AT5G24810,0,0,0,0,0,0
AT5G24840,2,4,0,0,0,0
AT5G25070,0,3,0,0,0,0
AT5G25100,0,0,0,0,0,0
AT5G25230,0,0,0,0,0,0
AT5G25265,0,0,0,0,0,0
AT5G25460,0,0,0,0,0,0
AT5G25754,23,23,6,3,0,0
AT5G25757,23,23,6,3,0,0
AT5G25780,37,41,0,0,0,0
AT5G25980,71,89,18,18,111,4
AT5G26000,53,69,9,4,34,0
AT5G26210,0,4,0,0,0,0
AT5G26280,0,0,0,0,0,0
AT5G26360,42,40,9,5,0,0
AT5G26570,14,10,2,0,0,0
AT5G26600,2,0,0,0,0,0
AT5G26667,7,11,0,0,0,0
AT5G26670,0,0,0,0,13,0
AT5G26710,25,32,7,9,0,0
AT5G26730,0,0,0,0,0,0
AT5G26742,34,39,17,11,17,0
AT5G26780,0,0,0,0,0,0
AT5G26830,21,26,9,4,0,0
AT5G26860,6,5,0,0,0,0
AT5G26940,0,0,0,0,0,0
AT5G27030,0,0,0,0,0,0
AT5G27120,3,4,0,0,0,0
AT5G27380,4,4,3,2,0,0
AT5G27410,7,8,0,0,0,0
AT5G27450,6,9,0,0,0,0
AT5G27470,12,9,0,0,0,0
AT5G27540,0,0,2,0,0,0
AT5G27560,0,0,0,0,0,0
AT5G27600,0,0,2,0,0,0
AT5G27640,35,43,14,12,0,0
AT5G27670,0,0,0,0,0,0
AT5G27700,0,0,0,0,0,0
AT5G27740,0,0,0,0,0,0
AT5G27770,0,0,7,6,0,0
AT5G27840,0,0,0,0,0,0
AT5G27850,16,15,3,2,0,0
AT5G27970,0,0,0,0,0,0
AT5G28050,13,17,0,0,0,0
AT5G28060,9,6,0,2,0,0
AT5G28370,0,0,0,0,0,0
AT5G28460,0,0,0,0,0,0
AT5G28500,7,7,2,0,0,0
AT5G28510,0,3,0,0,0,0
AT5G28540,49,51,33,27,4,14
AT5G28740,0,0,4,0,0,0
AT5G28840,8,11,7,12,0,0
AT5G28850,9,7,3,0,0,0
AT5G28900,9,7,3,0,0,0
AT5G30510,15,16,12,15,0,0
AT5G32470,0,3,0,0,0,0
AT5G33370,0,0,2,5,0,0
AT5G34850,7,13,0,0,0,0
AT5G35180,0,0,2,0,0,0
AT5G35200,29,28,0,0,0,0
AT5G35360,35,43,23,18,0,0
AT5G35430,6,2,3,3,0,0
AT5G35530,10,11,14,0,0,6
AT5G35590,14,14,8,8,0,0
AT5G35620,0,3,0,0,0,0
AT5G35630,42,43,32,31,0,2
AT5G35680,2,2,0,0,0,0
AT5G35790,7,5,17,21,9,0
AT5G35840,0,0,42,41,0,0
AT5G35980,5,2,0,0,0,0
AT5G36160,14,15,0,0,0,0
AT5G36170,4,2,0,0,0,0
AT5G36210,9,9,0,0,0,0
AT5G36230,3,3,9,6,0,0
AT5G36700,7,8,10,4,0,0
AT5G36790,7,8,10,4,0,0
AT5G36880,14,13,3,4,0,0
AT5G37020,3,4,0,3,0,0
AT5G37300,0,0,2,0,0,0
AT5G37510,7,5,12,12,0,0
AT5G37600,4,5,7,7,0,0
AT5G37640,0,0,0,0,0,0
AT5G37670,0,0,7,4,0,0
AT5G37720,6,5,0,0,21,0
AT5G37830,0,3,3,0,0,0
AT5G37850,5,5,0,0,0,0
AT5G38120,0,0,5,4,0,0
AT5G38420,103,89,35,31,13,14
AT5G38430,95,74,25,23,0,0
AT5G38470,2,6,0,0,0,0
AT5G38480,17,19,10,9,0,3
AT5G38520,0,0,2,0,0,0
AT5G38600,5,3,0,0,0,0
AT5G38640,2,0,0,0,0,0
AT5G38660,0,0,0,0,0,0
AT5G38830,3,0,0,0,0,0
AT5G38890,3,0,0,0,0,0
AT5G39210,0,3,0,0,0,0
AT5G39280,2,0,0,0,0,0
AT5G39300,2,0,0,0,0,0
AT5G39310,5,4,0,0,0,0
AT5G39320,23,27,11,7,0,2
AT5G39410,0,0,0,0,0,0
AT5G39493,3,3,0,0,0,0
AT5G39500,7,10,0,0,0,0
AT5G39510,0,3,0,0,0,0
AT5G39570,12,16,5,6,0,0
AT5G39680,0,3,0,0,0,0
AT5G39740,9,11,0,0,3,0
AT5G39850,0,0,0,0,0,0
AT5G40040,4,5,0,0,0,0
AT5G40200,0,0,0,0,0,0
AT5G40270,14,13,0,0,0,0
AT5G40340,0,0,0,0,0,0
AT5G40370,9,12,0,0,0,0
AT5G40390,2,0,0,0,0,0
AT5G40440,0,0,0,0,0,0
AT5G40450,10,14,0,0,0,0
AT5G40480,0,0,4,7,0,0
AT5G40490,3,3,0,0,11,0
AT5G40580,5,0,0,0,0,0
AT5G40610,3,4,0,0,0,0
AT5G40760,6,5,2,4,0,0
AT5G40770,0,0,7,7,0,0
AT5G40810,0,0,0,0,0,0
AT5G40870,0,0,25,29,0,0
AT5G40950,0,0,0,0,2,0
AT5G41130,0,0,0,0,0,0
AT5G41210,4,3,4,4,0,0
AT5G41330,2,0,2,0,0,0
AT5G41340,2,0,0,0,0,0
AT5G41520,2,2,0,0,0,0
AT5G41670,3,0,9,5,0,0
AT5G41700,2,5,0,0,0,0
AT5G41770,0,0,2,2,0,0
AT5G41790,0,3,0,0,0,0
AT5G41880,0,0,0,0,0,0
AT5G41950,7,7,0,0,0,2
AT5G41970,0,0,0,2,0,0
AT5G42020,45,49,36,27,4,15
AT5G42080,0,0,44,36,0,2
AT5G42100,6,5,0,0,0,0
AT5G42150,0,0,2,0,0,0
AT5G42190,10,15,2,0,0,0
AT5G42220,9,6,2,2,0,0
AT5G42270,0,0,18,13,0,0
AT5G42300,0,2,0,0,0,0
AT5G42390,6,9,10,10,0,0
AT5G42470,6,9,0,0,0,0
AT5G42480,0,0,0,2,0,0
AT5G42540,0,0,0,0,0,0
AT5G42740,8,9,0,0,0,0
AT5G42790,15,12,7,0,0,0
AT5G42820,6,5,2,2,3,0
AT5G42850,0,2,0,0,0,0
AT5G42890,0,0,0,2,0,0
AT5G42950,6,11,0,0,0,0
AT5G42960,0,0,3,4,0,0
AT5G42970,12,10,7,2,0,0
AT5G42980,9,14,4,2,0,0
AT5G43010,0,0,0,11,2,4
AT5G43060,10,13,2,2,0,0
AT5G43070,0,0,0,0,0,0
AT5G43280,0,0,2,0,0,0
AT5G43330,20,23,0,0,0,0
AT5G43470,0,0,0,0,0,0
AT5G43500,0,0,2,3,0,0
AT5G43630,0,0,17,14,0,0
AT5G43745,0,0,0,0,0,0
AT5G43780,0,6,12,9,0,0
AT5G43810,0,5,0,0,0,0
AT5G43830,16,21,3,4,0,0
AT5G43900,0,0,2,0,0,0
AT5G43940,82,94,10,6,0,2
AT5G43960,16,13,0,0,0,0
AT5G43990,7,12,0,0,0,0
AT5G44020,2,0,0,0,0,0
AT5G44070,7,5,0,0,0,0
AT5G44090,0,2,0,0,0,0
AT5G44120,0,0,10,9,0,0
AT5G44200,0,0,0,0,0,0
AT5G44320,10,12,0,0,0,0
AT5G44340,62,75,47,58,13,35
AT5G44500,5,7,0,0,2,0
AT5G44620,0,0,3,3,0,0
AT5G44635,2,0,7,3,0,0
AT5G44710,0,0,0,0,0,0
AT5G44720,3,4,0,0,0,0
AT5G44780,0,0,16,9,0,0
AT5G44800,0,0,0,0,0,0
AT5G45010,2,3,0,0,0,0
AT5G45130,0,0,0,2,0,0
AT5G45140,0,0,0,0,0,0
AT5G45170,0,0,0,0,0,0
AT5G45280,0,2,0,0,0,0
AT5G45390,4,4,8,8,0,0
AT5G45550,0,2,0,0,0,0
AT5G45620,15,17,4,5,0,0
AT5G45750,0,0,6,5,0,0
AT5G45775,5,7,4,4,5,2
AT5G45890,7,4,0,0,0,0
AT5G45920,5,4,0,0,0,0
AT5G45930,11,11,22,22,0,0
AT5G45950,3,6,3,2,0,0
AT5G46070,13,11,2,0,0,0
AT5G46110,0,0,0,2,0,0
AT5G46180,0,3,0,0,0,0
AT5G46280,0,0,11,8,0,0
AT5G46290,8,15,9,11,0,9
AT5G46420,8,4,0,0,0,0
AT5G46430,8,8,4,3,5,2
AT5G46580,0,3,0,0,0,0
AT5G46630,0,2,2,0,0,0
AT5G46790,0,3,2,3,0,0
AT5G46800,0,0,3,5,0,0
AT5G46810,5,2,0,0,0,0
AT5G47010,7,9,14,12,0,0
AT5G47040,0,0,18,15,0,0
AT5G47190,2,0,2,0,0,0
AT5G47200,2,2,0,2,0,3
AT5G47210,10,8,0,0,2,0
AT5G47350,0,3,0,0,0,0
AT5G47500,0,0,2,3,0,0
AT5G47590,0,0,0,0,0,0
AT5G47690,4,10,0,0,0,0
AT5G47700,7,8,0,0,0,0
AT5G47770,8,12,0,0,0,0
AT5G47840,0,2,0,0,0,0
AT5G47870,6,5,9,4,0,0
AT5G47880,4,0,3,3,0,0
AT5G47890,0,2,2,0,0,0
AT5G47910,0,0,0,0,0,0
AT5G47930,2,0,0,0,2,2
AT5G48020,4,6,0,0,0,0
AT5G48030,0,0,0,0,0,0
AT5G48180,12,12,3,0,7,0
AT5G48220,5,8,0,0,0,0
AT5G48230,17,21,10,5,0,0
AT5G48300,19,25,9,10,0,0
AT5G48370,3,2,0,0,0,0
AT5G48375,7,0,0,0,0,0
AT5G48440,3,0,2,0,0,0
AT5G48480,8,5,0,0,4,0
AT5G48580,4,4,0,0,0,0
AT5G48600,0,2,0,0,0,0
AT5G48620,0,0,0,0,0,0
AT5G48650,5,5,0,0,22,0
AT5G48760,8,10,0,0,0,0
AT5G48810,2,2,0,0,0,0
AT5G48880,21,20,17,10,0,3
AT5G48900,3,3,2,0,0,0
AT5G48930,5,5,0,0,0,0
AT5G48960,7,7,0,0,0,0
AT5G49020,7,2,0,2,0,0
AT5G49030,0,0,2,0,0,0
AT5G49360,0,2,0,0,0,0
AT5G49460,24,26,11,12,0,0
AT5G49555,0,2,0,0,0,0
AT5G49650,19,17,0,0,0,0
AT5G49810,0,0,0,0,0,0
AT5G49830,0,0,0,0,0,0
AT5G49910,33,39,21,16,2,14
AT5G49930,0,0,0,0,0,0
AT5G49950,0,0,4,8,0,0
AT5G49980,4,0,0,0,0,0
AT5G50210,0,0,0,0,0,0
AT5G50230,0,3,0,0,0,0
AT5G50250,0,4,0,0,0,0
AT5G50310,2,4,0,0,0,0
AT5G50320,0,0,2,2,0,0
AT5G50370,0,2,0,0,0,0
AT5G50420,0,0,2,0,0,0
AT5G50580,2,6,0,0,0,0
AT5G50680,2,6,0,0,0,0
AT5G50810,2,3,0,0,0,0
AT5G50850,12,11,11,9,0,6
AT5G50870,4,4,0,0,0,0
AT5G50920,24,38,47,46,0,2
AT5G50950,11,12,0,0,8,0
AT5G50960,2,4,0,0,0,0
AT5G51070,0,2,3,3,0,0
AT5G51100,3,3,3,2,0,0
AT5G51110,5,7,5,0,0,3
AT5G51120,0,3,0,0,16,0
AT5G51150,0,0,4,4,0,0
AT5G51200,0,0,3,0,0,0
AT5G51280,0,0,2,2,0,0
AT5G51300,3,2,0,0,0,0
AT5G51430,4,4,0,0,0,0
AT5G51550,0,2,3,2,0,0
AT5G51590,0,0,0,0,0,0
AT5G51660,3,3,0,0,0,0
AT5G51700,5,5,0,0,0,0
AT5G51720,3,4,0,0,0,0
AT5G51750,11,15,4,2,0,0
AT5G51820,0,0,7,4,0,0
AT5G51830,0,3,0,0,0,0
AT5G51840,0,0,0,0,6,0
AT5G51940,0,0,0,0,0,0
AT5G51950,8,5,0,0,0,0
AT5G51970,7,5,3,0,0,0
AT5G51980,4,6,0,0,7,0
AT5G52040,995,841,7,4,2,0
AT5G52200,4,2,0,0,0,0
AT5G52240,4,5,0,0,0,0
AT5G52320,0,0,2,0,0,0
AT5G52360,2,0,0,0,0,0
AT5G52470,6,7,6,3,13,2
AT5G52520,0,0,9,10,0,0
AT5G52530,0,0,0,0,27,0
AT5G52560,0,5,0,0,0,0
AT5G52640,0,0,0,0,0,5
AT5G52650,2,3,2,0,0,0
AT5G52810,4,4,0,0,0,0
AT5G52820,5,10,0,0,0,0
AT5G52840,6,6,8,7,0,0
AT5G52920,20,17,12,12,0,0
AT5G52960,2,3,0,0,0,0
AT5G53000,5,3,0,0,0,0
AT5G53060,0,2,0,0,14,0
AT5G53120,11,11,0,0,0,0
AT5G53140,0,0,2,0,0,0
AT5G53170,0,0,9,4,0,0
AT5G53300,2,5,0,0,0,0
AT5G53330,0,0,6,4,0,0
AT5G53350,0,2,0,0,0,0
AT5G53400,2,4,0,0,0,0
AT5G53440,3,3,0,0,0,0
AT5G53460,6,13,5,0,0,0
AT5G53480,16,17,0,0,0,0
AT5G53530,0,2,0,0,0,0
AT5G53540,0,0,4,3,0,0
AT5G53560,2,2,2,4,0,0
AT5G53620,9,6,10,6,0,0
AT5G53850,15,13,0,0,0,0
AT5G53860,0,0,0,0,0,0
AT5G54080,0,0,7,2,0,0
AT5G54160,14,18,7,10,0,0
AT5G54180,0,0,0,0,0,0
AT5G54190,0,5,6,7,0,0
AT5G54270,0,0,0,0,0,0
AT5G54430,7,9,0,2,0,0
AT5G54440,7,6,5,6,0,0
AT5G54500,2,3,0,0,0,0
AT5G54580,0,0,0,0,4,0
AT5G54600,4,4,0,0,0,0
AT5G54640,0,0,0,0,0,0
AT5G54750,7,6,2,3,0,0
AT5G54760,7,5,0,0,0,0
AT5G54770,7,9,6,8,0,3
AT5G54810,2,3,5,2,0,0
AT5G54900,8,20,6,3,0,0
AT5G54960,8,9,0,0,0,0
AT5G55000,2,0,0,0,0,0
AT5G55070,4,5,4,4,0,0
AT5G55130,0,2,2,0,0,0
AT5G55160,2,2,0,0,0,0
AT5G55190,0,0,0,6,5,3
AT5G55210,2,0,0,0,0,0
AT5G55220,17,18,4,2,0,0
AT5G55230,20,22,0,2,25,0
AT5G55280,5,5,7,6,0,0
AT5G55300,0,0,0,0,0,0
AT5G55530,2,2,4,3,0,0
AT5G55660,0,3,0,0,0,0
AT5G55670,5,5,0,0,16,0
AT5G55700,0,0,0,0,0,0
AT5G55730,2,5,0,0,0,0
AT5G55920,0,0,0,0,0,0
AT5G55940,0,0,3,0,0,0
AT5G56010,54,55,38,41,0,13
AT5G56030,54,54,37,40,0,0
AT5G56260,4,0,0,0,0,0
AT5G56280,6,4,0,0,0,0
AT5G56290,15,15,2,3,0,0
AT5G56350,11,8,2,5,0,0
AT5G56360,12,10,0,0,0,0
AT5G56420,0,0,4,0,0,0
AT5G56500,27,31,13,13,0,0
AT5G56600,2,3,0,0,0,0
AT5G56630,4,0,6,4,0,0
AT5G56670,0,0,0,0,3,0
AT5G56680,3,0,2,3,0,0
AT5G56710,2,2,0,0,0,0
AT5G56740,8,10,0,0,0,0
AT5G56900,0,4,0,0,0,0
AT5G56950,8,12,0,0,0,0
AT5G57040,0,0,0,0,0,0
AT5G57110,0,0,8,3,0,0
AT5G57120,0,0,0,0,0,0
AT5G57280,0,0,0,0,0,0
AT5G57290,5,7,0,0,0,0
AT5G57330,8,8,2,0,0,0
AT5G57350,0,0,9,0,0,0
AT5G57410,3,5,0,0,0,0
AT5G57460,4,4,0,0,0,0
AT5G57610,0,0,6,3,0,0
AT5G57655,20,26,4,4,0,0
AT5G57800,0,0,5,2,0,0
AT5G57850,10,10,0,0,0,0
AT5G57860,2,3,0,0,0,0
AT5G57870,16,21,0,0,0,0
AT5G57890,0,0,4,0,0,0
AT5G57950,4,2,0,0,0,0
AT5G58030,2,3,13,12,0,0
AT5G58040,2,0,0,0,7,0
AT5G58070,0,0,5,0,0,0
AT5G58240,3,2,0,0,0,0
AT5G58290,32,29,19,16,0,6
AT5G58330,10,9,10,3,0,0
AT5G58410,0,3,0,0,0,0
AT5G58420,30,35,16,19,0,2
AT5G58450,4,2,0,0,0,0
AT5G58470,12,10,0,2,0,0
AT5G58490,12,8,3,3,0,0
AT5G58590,10,9,0,0,0,0
AT5G58710,0,5,0,0,0,0
AT5G59120,2,3,0,0,0,0
AT5G59150,0,0,0,0,0,0
AT5G59160,9,11,0,0,0,0
AT5G59180,0,0,0,0,0,0
AT5G59290,11,12,6,5,0,0
AT5G59300,0,0,2,0,0,0
AT5G59310,6,6,0,0,0,0
AT5G59320,5,7,0,0,0,0
AT5G59370,22,39,0,32,0,11
AT5G59420,4,6,0,0,0,0
AT5G59570,0,0,10,7,0,0
AT5G59690,3,5,2,3,3,0
AT5G59810,16,8,0,0,0,0
AT5G59840,0,0,4,2,0,0
AT5G59850,3,6,6,7,0,4
AT5G59870,0,0,0,0,0,0
AT5G59880,3,3,3,0,0,2
AT5G59890,6,4,0,0,0,0
AT5G59910,0,2,0,0,0,0
AT5G59950,5,6,0,0,6,0
AT5G59970,3,5,2,3,3,0
AT5G60040,0,0,0,0,0,0
AT5G60100,16,18,0,0,0,0
AT5G60160,6,6,0,0,0,0
AT5G60210,7,8,0,0,0,0
AT5G60360,4,4,0,0,0,0
AT5G60390,52,56,37,34,6,32
AT5G60540,2,5,0,0,0,0
AT5G60600,4,6,3,0,0,0
AT5G60640,12,9,6,4,0,0
AT5G60660,0,0,3,2,0,0
AT5G60670,8,0,0,0,2,0
AT5G60730,0,0,0,0,0,2
AT5G60790,15,21,14,9,0,3
AT5G60860,0,0,4,4,0,0
AT5G60940,0,0,0,0,3,0
AT5G60960,0,0,0,0,0,0
AT5G60980,7,8,3,0,8,0
AT5G60990,0,0,0,0,0,0
AT5G61020,5,7,4,4,16,0
AT5G61060,6,5,0,0,0,0
AT5G61140,0,0,0,0,0,0
AT5G61170,3,3,0,0,5,0
AT5G61410,6,6,2,4,0,0
AT5G61510,0,0,0,0,15,0
AT5G61640,0,2,0,0,0,0
AT5G61720,4,8,0,0,0,0
AT5G61760,2,3,0,0,0,0
AT5G61780,32,36,8,11,0,0
AT5G61790,9,6,13,10,0,0
AT5G61820,10,8,0,0,0,0
AT5G61970,8,9,0,0,0,0
AT5G62190,0,0,5,0,0,0
AT5G62200,0,0,0,2,0,0
AT5G62270,2,2,0,0,0,0
AT5G62290,0,2,0,0,0,0
AT5G62300,6,8,6,6,0,0
AT5G62390,0,0,11,6,0,2
AT5G62440,0,0,0,0,3,0
AT5G62530,9,6,44,50,0,0
AT5G62600,0,0,0,0,0,0
AT5G62670,0,0,13,14,0,0
AT5G62690,79,94,67,74,18,55
AT5G62700,79,94,67,74,18,55
AT5G62740,0,0,0,2,0,0
AT5G62790,21,22,4,4,0,0
AT5G62810,0,0,3,0,0,0
AT5G62930,5,5,0,0,0,0
AT5G63110,16,20,0,0,0,0
AT5G63120,0,0,2,2,3,0
AT5G63190,2,2,0,0,0,0
AT5G63220,2,0,0,0,0,0
AT5G63260,3,2,0,0,0,0
AT5G63310,2,4,2,0,0,0
AT5G63380,0,0,2,0,0,0
AT5G63400,4,6,0,0,0,0
AT5G63420,23,21,0,0,0,0
AT5G63510,0,0,3,2,0,0
AT5G63550,0,0,0,0,0,0
AT5G63570,6,9,5,4,0,0
AT5G63620,6,5,0,0,0,0
AT5G63640,3,0,0,0,0,0
AT5G63650,0,3,0,0,0,0
AT5G63670,0,3,0,0,0,0
AT5G63680,6,8,4,2,0,0
AT5G63840,13,14,0,0,0,0
AT5G63860,16,15,2,4,0,0
AT5G63890,10,10,0,0,0,0
AT5G63980,9,14,0,0,0,0
AT5G64040,4,3,3,3,0,0
AT5G64050,10,6,0,0,0,0
AT5G64130,3,3,0,0,0,0
AT5G64140,0,3,0,0,0,0
AT5G64200,0,3,0,0,0,0
AT5G64250,4,5,0,0,0,0
AT5G64260,3,0,0,0,2,0
AT5G64270,4,3,0,0,0,0
AT5G64290,0,0,3,0,0,0
AT5G64300,2,0,0,0,0,0
AT5G64330,0,0,5,3,0,0
AT5G64350,11,10,0,0,0,0
AT5G64370,16,18,2,4,0,0
AT5G64460,3,4,0,0,0,0
AT5G64570,15,12,4,5,0,0
AT5G64580,0,0,2,0,0,0
AT5G64710,0,0,6,6,0,0
AT5G64730,0,0,8,5,0,0
AT5G64760,13,14,7,0,0,0
AT5G64960,2,2,0,2,0,0
AT5G65010,3,3,9,5,0,0
AT5G65020,0,0,11,5,0,0
AT5G65110,0,0,5,3,0,0
AT5G65220,3,0,0,0,2,0
AT5G65260,3,0,0,0,11,0
AT5G65350,0,0,0,0,0,0
AT5G65360,0,0,0,0,0,0
AT5G65430,13,11,6,5,0,2
AT5G65620,5,8,9,7,0,0
AT5G65690,2,0,0,0,0,0
AT5G65720,6,11,14,8,0,3
AT5G65730,13,14,0,0,0,0
AT5G65750,5,7,7,5,0,0
AT5G65760,2,0,0,0,0,0
AT5G65770,26,31,5,0,0,0
AT5G65780,26,31,5,0,0,0
AT5G65840,0,0,3,2,0,0
AT5G65900,0,2,0,0,0,0
AT5G65910,6,5,0,0,0,0
AT5G65940,3,4,4,4,0,0
AT5G65950,0,0,3,2,0,0
AT5G65960,0,2,0,0,0,0
AT5G66020,0,0,3,0,0,0
AT5G66030,0,0,0,0,0,0
AT5G66040,6,6,0,0,0,0
AT5G66090,0,0,0,0,0,0
AT5G66120,0,0,0,0,0,0
AT5G66140,10,10,0,2,0,2
AT5G66190,17,17,9,7,0,0
AT5G66420,23,30,23,19,0,2
AT5G66470,2,3,7,5,0,0
AT5G66510,0,0,6,3,0,0
AT5G66530,7,3,2,0,0,0
AT5G66570,16,17,5,6,5,0
AT5G66680,0,0,6,7,0,0
AT5G66760,8,14,14,11,0,0
AT5G66880,2,4,2,2,0,0
AT5G67030,0,0,9,4,0,0
AT5G67100,0,0,0,0,0,0
AT5G67320,17,18,0,0,0,0
AT5G67360,13,17,3,4,0,0
AT5G67380,3,5,2,4,0,0
AT5G67490,5,4,0,0,0,0
AT5G67500,0,0,7,5,0,4
AT5G67510,0,0,0,0,0,0
AT5G67560,0,0,3,0,0,0
AT5G67630,12,14,5,6,0,0
ATCG00020,0,0,9,10,0,0
ATCG00065,0,0,2,0,0,0
ATCG00120,15,15,33,36,10,21
ATCG00130,0,0,5,6,0,0
ATCG00160,7,5,4,6,0,0
ATCG00170,6,4,9,4,0,0
ATCG00180,10,7,5,5,0,0
ATCG00190,5,4,5,2,0,0
ATCG00270,0,0,6,6,0,0
ATCG00280,0,0,10,9,0,0
ATCG00330,3,3,2,0,0,0
ATCG00340,0,0,8,6,0,0
ATCG00350,0,0,9,10,0,0
ATCG00380,11,10,6,9,2,0
ATCG00470,3,4,6,5,3,0
ATCG00480,21,26,46,53,11,15
ATCG00490,200,206,114,117,24,45
ATCG00500,17,15,18,24,0,0
ATCG00540,0,0,11,11,0,0
ATCG00640,2,0,0,0,0,0
ATCG00650,0,0,0,0,0,0
ATCG00660,4,9,0,0,0,0
ATCG00670,0,2,5,0,4,0
ATCG00680,0,0,12,9,0,0
ATCG00740,3,4,4,3,0,0
ATCG00750,5,5,3,4,0,0
ATCG00770,4,3,4,3,0,0
ATCG00780,3,6,0,3,0,2
ATCG00790,7,6,6,5,2,0
ATCG00800,4,6,10,11,0,0
ATCG00810,5,6,2,0,0,0
ATCG00820,2,0,0,0,0,0
ATCG00830,11,8,8,6,0,0
ATCG00840,0,0,0,0,0,0
ATCG00860,0,0,0,0,0,0
ATCG00900,9,10,0,0,0,0
ATCG00905,0,0,2,0,0,0
ATCG01020,0,0,0,0,0,0
ATCG01060,6,7,7,8,0,0
ATCG01090,0,0,0,2,0,0
ATCG01110,0,0,4,0,0,0
ATCG01120,2,0,0,0,0,0
ATCG01130,0,0,4,2,0,0
ATCG01230,0,0,2,0,0,0
ATCG01240,9,10,0,0,0,0
ATCG01280,0,0,0,0,0,0
ATCG01300,0,0,0,0,0,0
ATCG01310,11,8,8,6,0,0
ATMG00070,0,0,8,7,0,0
ATMG00090,0,0,0,0,0,0
ATMG00210,0,0,2,0,0,0
ATMG00480,0,0,2,0,0,0
ATMG00510,0,0,5,4,0,0
ATMG00640,0,0,3,2,0,0
