Protein,AT3G33520,AT3G33520,AT1G18800,AT1G18800,WT,WT,WT,WT
AT3G12810,175,208,0,0,0,0,0,0
AT1G36160,181,189,300,285,257,301,245,264
AT5G22330,176,189,0,0,3,4,0,0
AT3G57660,174,164,153,169,123,139,195,214
AT3G57150,139,159,177,239,125,130,162,213
AT5G52470,114,138,139,162,92,115,139,135
AT5G67630,115,136,0,0,3,2,2,0
AT3G33520,123,119,0,0,0,0,0,0
AT1G56110,108,118,125,152,112,131,123,128
AT3G05060,87,111,118,152,89,98,95,109
AT1G29940,108,101,105,112,97,82,125,125
AT2G17930,84,94,0,0,0,0,0,0
AT4G25630,73,92,96,110,78,98,88,88
AT3G13470,61,79,11,8,20,15,5,5
AT4G36080,72,78,0,0,0,0,0,0
AT3G10380,74,77,33,36,11,12,50,60
AT1G55490,60,77,13,9,20,15,5,5
AT1G18450,75,76,0,0,8,3,5,2
AT2G28000,67,72,8,10,15,15,2,2
AT3G01460,67,71,0,0,0,0,0,0
AT1G63810,62,69,86,92,69,60,97,97
AT2G40360,64,68,70,85,74,69,68,81
AT3G12860,49,66,60,89,49,68,58,72
AT5G25980,57,66,46,48,36,36,66,48
AT1G76850,60,64,20,19,5,10,60,67
AT1G76810,54,59,43,47,49,42,69,69
AT5G02500,60,58,62,63,45,50,54,50
AT5G40340,52,56,80,64,72,74,69,70
AT1G36180,50,54,99,83,71,85,68,72
AT5G35360,44,54,78,75,77,92,60,63
AT2G19520,61,54,73,83,38,49,70,84
AT3G11964,60,53,77,72,60,65,77,73
AT5G27120,56,52,76,87,46,55,64,58
AT5G56500,44,52,7,6,11,8,3,5
AT1G29320,45,48,54,62,50,54,63,64
AT2G47210,45,46,0,0,0,0,0,0
AT5G14520,41,45,40,41,39,39,51,50
AT4G26630,50,43,107,104,113,148,72,81
AT1G60850,51,43,49,48,51,51,48,50
AT5G44340,39,43,14,13,14,10,18,20
AT5G26360,36,42,3,6,5,7,0,0
AT1G03090,39,41,54,59,56,59,50,53
AT5G40200,45,40,58,39,54,54,55,52
AT1G72440,37,39,35,35,26,24,34,33
AT4G16630,37,38,33,31,37,38,40,40
AT4G20890,38,38,14,16,15,10,19,20
AT1G24510,33,38,4,4,5,3,2,0
AT3G09440,39,37,41,42,31,31,32,35
AT4G04940,38,37,40,50,42,45,51,55
AT5G62690,45,37,17,17,11,10,26,23
AT5G62700,45,37,17,17,11,10,26,23
AT5G15550,32,36,49,50,30,27,50,49
AT2G39730,27,36,13,14,14,19,17,19
AT3G18190,30,36,3,2,5,0,0,0
AT1G50920,45,35,50,51,43,46,41,36
AT4G01560,27,35,39,36,48,54,41,47
AT1G71820,35,35,24,24,12,12,37,34
AT5G09810,32,35,13,10,18,19,13,12
AT5G57120,18,34,61,58,30,34,66,37
AT1G43170,32,34,42,37,48,37,43,42
AT2G05920,33,34,38,40,23,19,45,43
AT5G55660,28,33,68,66,72,96,50,48
AT3G56130,34,33,56,75,34,47,36,33
ATCG00480,30,33,35,35,36,37,42,39
AT5G64420,29,33,29,30,23,17,24,25
AT1G21170,44,33,17,15,4,10,42,43
AT1G04820,27,33,12,13,14,10,10,18
AT1G50010,27,33,12,0,14,10,10,18
AT4G14960,26,33,12,14,14,10,10,18
AT3G23620,29,32,32,34,34,35,33,37
ATCG00490,35,32,27,33,24,32,27,34
AT5G28540,26,32,27,22,36,32,37,36
AT1G56070,33,32,23,28,31,32,24,21
AT4G26190,25,32,20,17,23,32,28,32
AT5G23860,39,32,15,15,11,9,18,18
AT2G29550,44,32,14,15,13,8,17,17
AT5G20890,35,32,6,0,10,6,0,0
AT2G36740,37,32,0,0,0,0,0,0
AT3G58660,32,31,41,37,31,41,43,45
AT3G13940,26,31,39,45,27,36,31,38
AT5G08670,30,31,35,33,37,39,44,36
AT5G08680,30,31,35,33,37,39,44,36
AT5G08690,30,31,35,33,37,39,44,36
AT5G42020,24,31,31,23,37,33,33,35
AT1G52030,22,31,15,17,13,10,30,34
AT3G03960,30,31,4,5,4,6,0,2
AT5G16070,37,31,2,3,8,7,0,0
AT3G21540,40,29,42,37,42,37,56,51
AT3G03920,30,29,31,33,21,36,30,33
AT3G07050,32,28,39,40,52,49,34,39
AT3G09630,27,28,37,37,41,41,30,48
AT5G55920,24,28,28,23,28,27,30,34
AT3G06400,32,28,18,20,26,23,21,21
AT3G14210,28,28,17,14,10,11,34,35
AT3G62870,27,27,35,29,37,44,34,36
AT4G05410,25,27,30,32,34,39,30,35
AT4G20360,24,27,30,48,42,134,20,50
AT1G02870,23,27,30,24,33,29,26,21
AT1G15440,21,27,26,26,22,21,24,31
AT4G02930,17,27,24,46,40,129,19,50
AT4G25340,24,27,21,25,25,24,28,30
AT3G55620,14,27,20,28,25,26,32,29
AT1G47550,27,27,15,13,4,4,22,22
AT3G02530,38,27,2,4,9,7,0,0
AT3G20050,23,27,0,0,4,2,0,0
AT5G20600,21,26,39,35,32,31,43,41
AT5G18620,37,26,18,16,26,21,19,19
ATCG00120,23,26,16,17,20,21,28,23
AT2G47610,25,25,36,29,36,44,30,32
AT5G02490,27,25,31,35,23,24,28,22
AT3G12580,30,25,30,34,27,24,29,26
AT3G52500,18,25,30,23,21,21,27,22
AT1G62390,26,25,29,25,34,33,31,31
AT2G47110,24,25,27,28,20,24,24,32
AT3G62250,24,25,27,28,20,24,24,32
AT1G31340,24,25,26,28,20,0,24,32
AT2G35635,24,25,26,28,20,0,24,32
AT1G23410,24,25,25,28,20,22,24,32
AT1G08360,22,25,25,27,31,28,25,27
AT1G65350,25,25,0,28,21,0,24,32
AT1G55060,24,25,0,28,20,0,24,32
AT2G36170,24,25,0,28,20,0,24,32
AT3G52590,24,25,0,28,20,0,24,32
AT4G02890,24,25,0,28,20,0,24,32
AT4G05050,24,25,0,28,20,0,24,32
AT4G05320,24,25,0,28,20,0,24,32
AT5G03240,24,25,0,28,20,0,24,32
AT5G20620,24,25,0,28,20,0,24,32
AT5G37640,24,25,0,28,20,0,24,32
AT1G75940,30,24,38,42,33,23,45,41
AT2G01250,24,24,28,23,32,26,22,23
AT1G52400,25,24,26,31,15,19,34,43
AT3G20820,21,24,26,27,24,23,25,32
AT4G15770,28,24,21,15,18,14,22,24
AT5G12250,32,24,12,8,5,0,15,12
AT1G20010,29,24,10,11,7,9,15,17
AT5G02870,28,23,32,33,35,35,28,47
AT5G64680,21,23,21,23,16,13,19,23
AT5G26742,18,23,17,23,26,19,29,24
AT3G12110,17,23,11,9,12,18,9,7
AT3G23990,21,23,10,11,18,16,11,12
AT3G11830,26,23,0,0,0,3,0,0
AT3G18600,25,22,32,34,33,26,34,34
AT4G31880,20,22,30,28,42,37,22,24
AT5G52820,24,22,26,28,17,15,27,30
AT3G25520,23,22,24,31,29,39,28,28
AT1G07920,21,22,22,20,24,26,20,20
AT1G07930,21,22,22,20,24,26,20,20
AT1G07940,21,22,22,20,24,26,20,20
AT5G60390,21,22,22,20,24,26,20,20
AT5G19770,20,22,6,5,12,7,6,8
AT3G09980,17,22,3,0,0,0,28,21
AT5G19780,20,22,0,0,12,0,6,8
AT4G16143,23,21,26,30,28,29,33,35
AT5G39740,22,21,25,29,27,36,25,28
AT1G52980,29,21,21,18,16,27,23,24
AT2G36340,15,21,21,21,21,21,27,25
AT2G27530,21,21,20,24,22,24,22,22
AT3G26650,16,21,12,18,23,18,12,11
AT1G49240,17,21,6,5,12,15,9,8
AT3G18780,17,21,6,5,12,15,9,8
AT1G68560,31,20,38,39,35,27,42,45
AT3G57940,24,20,38,27,39,36,26,34
AT4G25730,17,20,22,25,23,31,21,23
AT1G67090,22,20,18,17,12,13,17,14
AT5G38420,22,20,14,19,15,12,19,14
AT2G37990,20,19,22,24,22,22,20,23
AT4G16720,18,19,17,17,24,28,21,24
AT4G17390,18,19,17,17,24,28,21,24
AT3G46520,15,19,11,8,13,17,0,6
AT5G59370,15,19,11,0,13,17,0,0
AT1G13440,25,19,9,11,14,14,16,9
AT3G04120,25,19,9,10,15,14,16,9
AT1G75780,25,19,7,7,3,5,14,12
AT5G45600,25,19,0,0,0,0,0,0
AT5G16750,14,18,29,28,21,25,28,29
AT1G23280,17,18,24,25,25,31,19,18
AT1G52670,21,18,21,26,33,37,24,17
AT1G33120,16,18,19,21,28,26,16,20
AT1G33140,16,18,19,21,28,26,16,20
AT3G09790,15,18,19,22,8,11,18,25
AT5G22440,13,18,19,21,24,20,19,18
AT2G34260,21,18,18,14,7,11,24,26
AT4G34910,14,18,18,18,21,21,23,26
AT2G18220,15,18,16,19,17,15,17,19
AT1G20970,15,18,15,15,17,13,17,13
AT5G38410,18,18,13,15,14,12,15,12
AT5G49910,16,18,12,8,14,19,14,13
AT1G74050,11,17,29,27,36,28,17,23
AT1G74060,11,17,29,26,36,28,17,23
AT4G27500,11,17,28,22,41,33,21,28
AT3G06720,13,17,25,31,20,28,27,27
AT3G11510,16,17,23,23,20,20,14,16
AT3G22320,20,17,22,17,23,28,20,26
AT5G20160,20,17,22,30,25,27,24,21
AT4G22380,18,17,22,29,25,27,24,21
AT2G07698,21,17,21,18,16,21,26,20
ATMG01190,21,17,21,18,16,21,26,20
AT1G80750,15,17,20,21,20,33,20,18
AT5G08180,15,17,18,23,16,21,18,13
AT5G24780,15,17,16,22,26,30,13,16
AT2G20490,23,17,15,15,21,25,14,17
AT1G65030,15,17,12,12,16,12,13,18
AT2G37620,14,17,10,9,14,18,10,6
AT3G53750,14,17,10,9,14,18,10,6
AT5G55300,16,16,50,52,33,34,26,30
AT1G09270,16,16,30,21,17,14,30,31
AT4G28200,18,16,25,23,27,36,22,22
AT2G36160,15,16,23,21,21,20,13,15
AT1G12900,14,16,6,12,17,17,9,7
AT1G52040,10,16,6,7,6,4,18,22
AT5G20510,12,16,0,0,0,0,0,0
AT2G39850,17,15,21,18,15,13,25,15
AT3G52580,15,15,20,18,20,19,12,14
AT1G48920,13,15,15,17,20,18,18,15
AT2G47990,14,15,13,19,20,19,15,18
AT4G24280,14,15,13,8,17,23,13,14
AT2G34810,17,15,10,10,17,14,22,20
AT2G33210,15,15,9,9,16,11,7,10
AT1G42970,12,15,7,10,13,12,10,7
AT1G10490,16,14,30,25,41,23,25,24
AT1G04480,18,14,22,13,17,16,26,23
AT2G33370,18,14,22,13,17,16,26,23
AT3G04400,18,14,22,13,17,16,26,23
AT2G25650,18,14,20,22,16,15,18,23
AT2G04280,16,14,18,17,14,15,24,21
AT4G28450,16,14,18,15,17,17,23,23
AT2G27710,14,14,14,12,11,14,10,13
AT1G06720,9,14,13,15,21,24,11,12
AT3G13920,15,14,8,7,16,5,8,8
AT1G54270,15,14,7,7,13,6,9,8
AT1G18540,11,13,25,20,21,21,13,19
AT4G29730,12,13,18,14,8,11,19,15
AT2G44120,11,13,17,17,18,18,16,19
AT1G77030,17,13,15,17,18,21,21,20
AT5G62190,8,13,15,20,13,15,12,13
AT2G18900,13,13,14,23,25,20,24,23
AT5G06360,8,13,14,15,15,12,10,11
AT2G40430,14,13,13,10,14,16,12,11
AT2G34480,8,13,9,10,10,13,8,11
AT1G64740,12,13,2,2,8,3,2,6
AT5G65900,9,12,25,26,10,11,20,19
AT1G59610,12,12,17,23,32,40,29,22
AT1G04170,10,12,12,10,13,15,14,10
AT3G53430,12,12,11,10,13,16,13,14
AT5G38430,15,12,10,11,11,9,14,10
AT2G37190,10,12,10,9,13,15,12,14
AT1G15420,14,12,8,7,12,14,10,13
AT2G42740,14,12,7,9,9,9,15,20
AT3G58700,14,12,7,9,9,9,15,20
AT4G18730,14,12,7,9,9,9,15,20
AT5G45775,14,12,7,9,9,9,15,20
AT2G28790,9,12,7,9,10,7,13,13
AT5G64030,14,12,0,0,0,0,0,0
AT5G16130,11,11,24,27,24,19,19,15
AT1G25260,10,11,22,16,16,21,11,16
AT3G48710,6,11,21,20,21,21,12,15
AT4G18100,10,11,19,21,16,11,16,17
AT1G09340,8,11,17,15,15,18,16,15
AT1G10290,10,11,16,15,24,27,18,22
AT3G13580,10,11,16,16,18,20,14,17
AT4G00270,13,11,15,15,12,12,21,19
AT5G56010,12,11,15,19,23,17,9,5
AT3G09200,14,11,14,14,15,14,14,18
AT2G31410,9,11,14,15,17,28,18,15
AT3G61820,12,11,12,14,7,8,9,12
AT4G34030,7,11,12,16,10,13,17,12
AT1G78900,15,11,9,9,18,16,20,18
AT3G18740,10,11,9,9,9,10,13,13
AT3G28220,11,11,8,6,6,7,20,19
AT1G77940,8,11,8,9,11,9,11,13
AT3G11130,9,11,3,3,10,6,15,6
AT3G12145,10,10,17,16,11,7,11,17
AT1G52930,9,10,17,19,17,20,16,16
AT2G18020,7,10,14,9,14,11,7,11
AT5G56030,11,10,13,18,21,17,8,5
AT3G10530,9,10,12,13,19,6,16,16
AT5G11240,9,10,11,10,11,8,12,10
AT1G52740,10,10,8,15,9,7,9,11
AT2G38810,10,10,8,15,8,7,9,11
AT3G54560,10,10,8,15,0,7,9,11
AT4G13570,10,10,8,14,6,6,9,11
AT3G44110,15,10,7,9,7,9,12,7
AT1G71695,12,10,6,6,9,9,16,13
AT1G49750,9,10,5,6,8,8,20,25
AT2G25170,7,10,5,0,9,8,7,9
AT3G17390,10,10,4,0,3,4,5,0
AT3G08530,8,10,3,3,10,5,14,6
AT5G03660,11,10,0,0,0,0,17,16
AT2G41500,5,10,0,0,6,7,16,13
AT5G55310,10,9,31,35,25,27,18,17
AT1G27400,7,9,20,17,11,17,13,10
AT5G20290,7,9,18,23,24,25,14,11
AT5G60030,7,9,17,17,16,11,10,8
AT4G07410,14,9,16,18,20,16,22,18
AT1G14830,10,9,16,17,21,19,14,10
AT1G01100,8,9,16,13,7,8,12,9
AT3G27830,7,9,16,9,10,18,6,7
AT3G27850,7,9,16,9,10,18,6,7
AT5G20280,12,9,15,10,9,11,10,11
AT1G69070,7,9,15,23,25,33,15,17
AT5G27850,11,9,14,16,13,16,17,20
AT3G09840,4,9,13,14,20,14,4,6
AT1G28290,13,9,12,9,11,12,18,16
AT5G24770,10,9,11,13,13,19,6,7
AT3G25940,8,9,10,10,14,10,9,10
AT3G28500,8,9,10,10,9,12,9,9
AT2G27720,11,9,8,8,9,8,8,10
AT1G79530,12,9,5,6,5,6,7,5
AT1G16300,10,9,5,6,6,6,7,5
AT1G72730,10,9,5,6,13,5,4,6
AT5G37055,11,9,0,0,0,0,0,0
AT2G04030,8,9,0,0,0,2,2,0
AT5G38720,4,8,26,22,16,19,13,13
AT1G67430,6,8,20,16,10,16,12,9
AT5G04600,8,8,17,20,14,18,14,15
AT4G12600,8,8,14,16,12,12,12,8
AT3G59970,7,8,13,16,8,7,13,9
AT5G03340,4,8,11,10,14,11,4,5
AT1G01300,7,8,10,11,9,9,13,12
AT1G12310,9,8,9,9,11,10,11,9
AT1G20260,10,8,8,4,8,11,18,16
AT1G76030,10,8,8,0,8,11,18,16
AT3G01500,7,8,8,8,11,6,10,10
AT5G60670,7,8,8,8,13,14,12,9
AT2G43030,3,8,7,8,7,6,8,9
AT2G04630,5,8,6,6,8,7,3,8
AT2G26310,5,8,5,2,0,4,5,0
AT2G41840,5,8,4,6,6,7,5,2
AT2G44860,5,8,4,7,8,10,7,11
AT5G37190,5,8,4,3,3,2,5,5
AT3G52920,9,8,2,3,0,0,14,16
AT4G19400,8,8,0,0,0,0,0,0
AT1G67680,11,7,16,22,36,27,14,18
AT4G13940,8,7,16,23,19,21,9,9
AT4G26870,7,7,14,9,11,11,8,10
AT4G27090,8,7,13,14,17,12,10,12
AT5G22100,6,7,13,10,9,9,10,11
AT3G05590,8,7,12,14,9,9,12,14
AT5G54910,8,7,12,12,11,15,9,14
AT5G45650,6,7,12,14,9,10,7,6
AT2G27030,7,7,11,9,12,18,12,12
AT2G41110,7,7,11,9,10,16,12,12
AT3G56800,7,7,11,9,0,0,12,12
AT2G33800,6,7,11,15,17,11,9,6
AT5G13510,5,7,11,11,14,12,7,13
AT5G15530,5,7,11,11,13,11,4,11
AT1G61580,9,7,9,8,6,6,9,12
AT5G51750,6,7,9,10,9,8,17,15
AT4G15000,5,7,9,9,9,8,8,9
AT5G09590,5,7,9,13,6,7,5,8
AT5G14740,5,7,9,8,11,8,10,10
AT1G47128,4,7,9,6,4,7,3,5
AT3G27180,4,7,9,11,5,3,2,5
AT5G10770,8,7,8,12,2,3,7,12
AT3G12340,5,7,8,10,10,10,9,8
AT1G54250,11,7,7,6,4,6,10,5
AT2G29540,8,7,7,8,6,13,5,5
AT3G44890,4,7,7,9,17,16,8,7
AT5G66190,11,7,6,5,9,10,10,12
AT1G20620,8,7,6,7,20,17,11,14
AT1G62820,7,7,6,7,11,10,8,8
AT4G23800,5,7,6,7,4,3,12,9
AT3G24830,4,7,6,3,7,6,7,6
AT5G44800,4,7,6,11,8,8,5,8
AT3G16810,11,7,5,8,9,11,7,10
AT4G38510,8,7,5,5,9,11,15,15
AT3G12780,6,7,5,6,15,11,7,6
AT2G21660,8,7,4,4,3,6,5,4
AT4G38970,4,7,4,10,12,8,4,0
AT3G53740,3,7,4,5,14,7,6,4
AT4G10340,8,7,2,5,6,9,5,3
AT3G13860,2,7,2,0,0,2,2,0
AT1G76820,7,7,0,4,4,6,5,7
AT1G63780,3,6,16,13,17,13,14,15
AT2G43110,3,6,15,16,7,7,11,12
AT1G69200,6,6,14,17,12,15,4,10
AT1G05190,8,6,13,11,16,10,6,6
AT3G12800,9,6,12,8,6,9,15,12
AT3G53870,8,6,12,6,9,10,3,3
AT5G67240,6,6,12,7,14,11,5,6
AT2G39460,7,6,10,14,10,12,9,7
AT3G55280,7,6,10,14,10,12,9,7
AT1G31970,5,6,10,5,6,6,10,10
AT5G58130,3,6,10,10,3,5,5,6
AT4G21520,10,6,9,8,3,3,6,9
AT2G21440,5,6,9,9,16,11,11,8
AT3G10610,3,6,9,9,10,12,4,3
AT4G37910,7,6,8,8,6,9,7,6
AT3G23810,6,6,8,10,11,11,8,8
AT2G19740,5,6,8,3,3,0,4,4
AT4G26230,5,6,8,3,3,0,4,4
AT5G56710,5,6,8,3,3,0,4,4
AT2G04390,3,6,8,9,11,13,4,3
AT2G20450,3,6,8,9,10,10,10,10
AT1G20020,9,6,7,6,3,7,9,7
AT2G38040,6,6,7,6,11,10,3,2
AT4G39960,6,6,7,7,6,12,10,11
AT1G64880,5,6,7,6,8,5,7,11
AT4G09730,4,6,7,10,9,12,4,3
AT5G17920,8,6,6,6,16,9,7,7
AT1G72610,7,6,6,6,13,16,8,9
AT2G28600,7,6,6,5,4,5,5,3
AT3G11250,7,6,6,9,13,8,8,5
AT1G22780,6,6,6,8,9,9,4,5
AT1G34030,6,6,6,8,9,9,4,5
AT4G09800,6,6,6,8,9,9,4,5
AT1G35160,3,6,6,8,8,9,6,6
AT1G08600,8,6,5,5,20,8,10,9
AT1G07770,7,6,5,8,8,9,10,8
AT3G46040,7,6,5,7,9,8,9,7
AT5G59850,7,6,5,8,8,9,10,8
AT4G00810,5,6,5,7,7,10,7,10
AT5G16050,5,6,5,9,8,11,5,8
AT2G46280,3,6,5,4,6,6,4,5
AT4G27740,3,6,5,9,7,6,6,9
AT1G26880,7,6,4,5,3,3,0,8
AT5G22650,7,6,4,3,5,4,7,5
AT1G69620,6,6,4,4,6,3,6,8
AT5G10450,3,6,4,7,9,14,4,6
AT3G56990,2,6,4,4,10,13,10,9
AT5G22060,8,6,3,4,5,6,4,0
AT3G14600,6,6,3,5,5,6,0,5
AT5G27640,4,6,3,4,3,7,5,6
AT2G37600,3,6,3,4,12,7,5,4
AT2G36880,4,6,2,2,5,3,3,0
AT2G42100,5,6,0,4,5,10,3,2
AT2G02470,5,6,0,0,0,0,0,0
AT2G05220,3,6,0,9,11,13,4,3
AT4G27440,3,6,0,0,2,2,2,4
AT5G04800,3,6,0,9,11,13,4,3
AT2G21330,2,6,0,6,9,6,0,0
AT5G27770,7,5,18,16,14,11,6,6
AT3G05560,6,5,18,15,12,9,5,6
AT5G46430,6,5,14,12,11,6,13,11
AT5G61970,9,5,12,18,18,15,13,11
AT5G25460,5,5,12,10,12,10,11,12
AT3G52930,7,5,11,10,12,11,6,6
AT2G31610,6,5,11,5,11,11,2,4
AT5G65220,10,5,10,14,14,13,7,6
AT5G15200,9,5,10,9,9,10,7,8
AT1G75910,6,5,10,6,6,8,6,6
AT5G63550,4,5,10,11,16,16,10,10
AT2G19730,6,5,9,10,13,11,4,11
AT5G51940,6,5,9,6,10,8,8,8
AT3G15460,5,5,9,11,8,10,9,11
AT3G60750,6,5,8,9,9,7,4,4
AT4G31700,6,5,8,8,11,13,5,4
AT5G10360,6,5,8,6,7,10,5,2
AT1G79850,5,5,8,6,10,8,4,6
AT4G09000,5,5,8,11,11,13,6,6
AT3G07110,3,5,8,4,7,3,4,4
AT1G78300,0,5,8,9,7,12,5,8
AT3G07320,11,5,7,8,3,5,10,11
AT3G04840,8,5,7,10,8,11,7,7
AT3G46780,7,5,7,4,11,13,4,11
AT4G04640,7,5,7,4,5,11,7,7
AT4G34670,7,5,7,8,6,11,6,7
AT2G29630,6,5,7,6,12,8,8,6
AT4G00100,6,5,7,8,13,10,5,5
AT5G61770,6,5,7,8,9,10,7,7
AT2G43650,4,5,7,2,17,13,8,10
AT3G53230,4,5,7,5,10,9,0,3
AT3G22230,3,5,7,9,10,11,7,6
AT5G47690,3,5,7,7,12,11,5,4
AT3G59600,7,5,6,7,4,2,4,5
AT3G02520,4,5,6,10,12,15,4,9
AT1G20130,5,5,5,6,2,4,9,7
AT4G02400,2,5,5,7,9,17,10,7
AT5G05010,5,5,4,3,4,4,3,6
AT5G38480,5,5,4,8,11,11,4,8
AT3G49010,4,5,4,4,6,6,4,6
AT1G58380,2,5,4,4,8,8,3,2
AT1G29910,3,5,3,3,2,4,2,6
AT2G05070,3,5,3,2,2,3,2,5
AT2G05100,3,5,3,0,2,3,2,0
AT3G27690,3,5,3,0,2,3,2,0
AT1G02500,5,5,2,3,0,2,2,0
AT5G25780,3,5,2,4,2,6,4,5
AT3G62310,2,5,2,2,3,5,2,0
AT2G36410,6,5,0,0,0,0,8,11
AT3G49830,5,5,0,0,0,0,0,0
ATCG00800,5,5,0,0,2,0,0,0
AT1G30630,4,5,0,0,6,4,9,5
ATCG00190,2,5,0,0,2,0,2,2
AT1G74560,4,4,157,212,0,0,0,0
AT3G22660,7,4,21,10,17,9,9,16
AT1G75670,7,4,13,14,9,13,10,10
AT5G42080,5,4,12,10,22,25,13,14
AT4G37090,3,4,10,8,12,13,6,8
AT4G10450,2,4,10,7,10,8,4,3
AT1G04270,7,4,9,9,3,3,6,4
AT1G13030,5,4,9,9,10,3,7,8
AT5G42060,5,4,9,8,11,9,9,8
AT5G03740,4,4,9,8,7,7,5,6
AT2G24440,3,4,9,5,5,8,3,4
AT3G60360,2,4,9,7,10,10,6,8
AT3G16470,8,4,8,10,8,7,15,14
AT3G07010,7,4,8,8,7,6,7,5
AT5G20630,6,4,8,7,8,7,9,12
AT3G06530,7,4,7,7,13,11,3,5
AT1G07660,6,4,7,4,7,6,9,7
AT1G07820,6,4,7,4,7,6,9,7
AT2G28740,6,4,7,4,7,6,9,7
AT3G45930,6,4,7,4,7,6,9,7
AT3G46320,6,4,7,4,7,6,9,7
AT3G53730,6,4,7,4,7,6,9,7
AT5G59690,6,4,7,4,7,6,9,7
AT5G59970,6,4,7,4,7,6,9,7
AT5G20920,5,4,7,8,6,9,6,7
AT1G80410,4,4,7,9,4,4,6,4
AT3G60770,4,4,7,8,14,11,5,7
AT3G09820,0,4,7,4,9,8,2,2
AT1G14380,2,4,6,5,8,14,4,6
AT3G02080,6,4,5,8,7,5,7,3
AT5G61170,5,4,5,7,7,6,5,4
ATCG00780,4,4,5,2,6,4,4,4
AT3G55750,0,4,5,5,8,10,4,4
AT1G18850,9,4,4,5,16,10,7,5
AT5G63140,7,4,4,2,0,0,9,5
AT2G36460,6,4,4,5,6,4,4,4
AT1G29250,4,4,4,6,6,5,3,4
AT2G26080,4,4,4,4,0,4,6,4
AT4G33010,4,4,4,4,0,4,6,4
AT3G56340,3,4,4,10,0,6,0,0
AT5G47700,3,4,4,4,5,5,4,6
AT1G15940,2,4,4,9,11,13,9,6
AT5G22880,2,4,4,4,4,6,4,5
AT5G63420,2,4,4,7,6,18,7,9
AT2G40510,0,4,4,7,3,3,0,0
AT2G40590,0,4,4,0,3,0,0,0
AT1G72370,6,4,3,6,9,7,2,3
AT5G57290,4,4,3,4,3,3,4,2
AT2G34160,3,4,3,5,6,4,3,3
AT2G45710,2,4,3,3,3,4,2,2
AT3G61110,2,4,3,3,3,4,2,2
AT5G47930,0,4,3,3,3,4,2,0
AT5G60790,8,4,2,3,3,3,2,2
AT1G10630,7,4,2,7,2,3,9,6
AT1G23490,7,4,2,7,2,3,9,6
AT1G70490,7,4,2,7,2,3,9,6
AT2G47170,7,4,2,7,2,3,9,6
AT3G62290,7,4,2,7,2,3,9,6
AT5G14670,7,4,2,7,2,3,9,6
AT1G74970,4,4,2,2,3,4,3,3
AT3G18080,4,4,2,4,2,0,5,5
AT1G52360,5,4,0,0,0,0,0,0
AT3G15980,5,4,0,0,0,0,0,0
AT4G01850,4,4,0,3,0,3,2,0
AT1G10840,3,4,0,4,6,2,3,3
AT1G58270,3,4,0,0,0,0,5,5
AT5G02880,3,4,0,4,0,0,0,0
AT5G22770,2,4,0,0,5,6,2,0
AT5G22780,2,4,0,0,5,6,0,0
AT3G42790,2,4,0,0,0,0,0,0
AT1G78570,0,4,0,0,0,0,0,0
AT3G62530,0,4,0,0,3,2,2,0
AT1G18800,8,3,271,270,0,0,0,0
AT3G45140,5,3,13,8,16,16,3,2
AT3G02110,11,3,12,8,7,3,18,11
AT3G02560,2,3,12,21,14,17,12,4
AT1G48830,4,3,11,21,17,19,4,7
AT1G79150,4,3,11,17,16,11,7,8
AT4G21650,3,3,10,9,6,7,0,0
AT5G41010,9,3,9,8,0,7,4,7
AT5G48240,5,3,9,7,9,6,5,5
AT2G17360,8,3,8,10,8,10,7,10
AT5G07090,8,3,8,10,8,10,7,10
AT5G58420,8,3,8,10,8,10,7,10
AT5G09500,6,3,8,7,3,0,5,4
AT5G14050,4,3,8,14,19,19,15,17
ATCG00740,5,3,7,5,8,6,9,8
AT2G36530,3,3,7,6,6,0,3,3
AT5G05210,2,3,7,11,12,9,3,0
AT4G09650,5,3,6,7,10,12,8,6
AT3G11630,3,3,6,7,11,9,2,3
AT2G40290,0,3,6,4,7,10,4,7
AT5G03300,0,3,6,3,8,7,2,2
AT5G15520,6,3,5,7,7,6,6,4
AT1G68720,4,3,5,5,13,13,8,10
AT5G48900,4,3,5,7,4,4,5,4
AT4G24780,0,3,5,4,0,2,3,0
AT1G22950,6,3,4,5,3,0,0,4
AT3G49910,6,3,4,4,5,9,4,5
AT1G64040,4,3,4,5,7,8,10,5
AT1G69010,4,3,4,3,4,4,3,6
AT1G59760,3,3,4,3,12,13,8,7
AT4G01310,3,3,4,4,2,3,0,5
AT4G35100,3,3,4,2,0,3,2,2
AT2G44160,2,3,4,7,6,5,2,5
AT5G19510,2,3,4,3,3,5,0,0
AT1G07790,0,3,4,3,4,5,4,4
AT1G78830,0,3,4,3,11,4,0,0
AT5G65930,0,3,4,2,3,3,0,3
ATCG00160,6,3,3,6,6,3,5,0
AT5G62390,5,3,3,4,5,3,9,6
AT4G34980,2,3,3,0,3,4,3,7
AT5G14280,2,3,3,5,3,5,4,5
ATCG00470,2,3,3,0,2,3,3,4
AT2G36190,0,3,3,6,0,0,8,7
AT3G19760,0,3,3,0,4,2,2,0
AT1G22300,3,3,2,3,6,6,3,5
AT1G51060,3,3,2,3,0,2,2,3
AT3G08580,3,3,2,2,5,4,0,2
AT4G27230,3,3,2,3,0,2,2,3
AT5G54640,3,3,2,3,0,2,2,3
AT3G13300,2,3,2,4,7,4,0,3
AT3G29360,2,3,2,0,0,2,0,0
AT3G44590,0,3,2,0,6,4,0,2
AT4G20440,0,3,2,0,4,3,2,2
AT5G15490,0,3,2,0,0,2,0,0
AT5G44500,0,3,2,0,4,3,2,2
AT4G34450,7,3,0,4,5,3,8,4
AT1G14510,6,3,0,0,0,0,0,0
AT4G39260,5,3,0,0,2,3,0,2
AT1G31330,4,3,0,0,3,0,3,0
AT2G33150,4,3,0,0,0,2,2,0
AT5G07410,4,3,0,0,0,0,0,0
AT4G38630,4,3,0,0,2,3,2,0
AT3G05530,3,3,0,0,2,0,0,0
AT1G69940,3,3,0,0,0,0,0,0
AT2G39990,3,3,0,2,0,0,0,0
AT5G19370,3,3,0,0,0,0,0,0
AT5G39320,3,3,0,0,0,2,0,0
AT1G01730,2,3,0,0,2,2,3,0
AT1G26570,2,3,0,0,0,2,0,0
AT2G32060,2,3,0,2,3,3,0,0
AT3G04920,2,3,0,3,2,2,2,2
AT4G35090,2,3,0,0,5,4,5,7
AT3G14100,2,3,0,0,0,0,0,0
AT5G26210,2,3,0,0,0,0,0,0
AT1G07890,0,3,0,3,3,5,0,0
AT1G09100,0,3,0,0,2,0,0,0
AT1G22410,0,3,0,0,0,0,0,0
AT1G28060,0,3,0,0,0,3,3,2
AT1G53750,0,3,0,0,0,0,0,0
AT1G79550,0,3,0,2,4,2,0,0
AT2G25670,0,3,0,4,5,4,0,0
AT2G40660,0,3,0,0,0,3,0,0
AT3G01340,0,3,0,3,0,2,7,5
AT3G54090,0,3,0,0,0,4,0,0
AT4G03280,0,3,0,2,4,5,4,3
AT4G11380,0,3,0,0,0,0,2,3
AT4G19190,0,3,0,0,0,0,0,0
AT5G46680,0,3,0,2,0,2,0,2
AT5G65430,0,3,0,4,5,9,3,5
AT5G08430,0,3,0,0,0,0,0,0
AT5G46840,3,2,12,14,10,9,7,6
AT1G48620,3,2,11,12,10,7,9,10
AT2G31800,2,2,11,9,10,5,6,5
AT5G41020,2,2,10,5,0,4,3,5
AT2G19385,0,2,10,10,11,7,5,6
AT3G15690,5,2,9,4,10,8,10,7
AT3G63130,0,2,9,8,6,4,4,3
AT5G44180,4,2,8,6,17,23,24,22
AT5G30495,5,2,7,9,14,13,7,6
AT5G61330,3,2,7,3,14,11,11,9
AT5G66540,3,2,7,10,21,18,10,7
AT2G39140,0,2,7,6,5,2,0,4
AT4G36130,0,2,7,5,9,6,4,6
AT3G16840,3,2,6,9,12,7,6,4
AT1G06760,0,2,6,3,2,2,0,2
AT1G41880,0,2,6,4,8,10,0,4
AT1G54770,5,2,5,6,6,5,6,4
AT4G00990,4,2,5,7,6,0,0,3
AT1G23290,2,2,5,4,5,6,2,2
AT1G70600,2,2,5,4,5,6,2,2
AT3G09500,2,2,5,4,4,4,4,3
AT3G12360,0,2,5,2,2,2,0,4
AT4G39200,0,2,5,5,6,5,2,2
AT1G24020,4,2,4,2,7,7,5,4
AT2G44060,4,2,4,3,3,2,4,3
AT1G27470,3,2,4,5,9,9,7,6
AT5G11420,3,2,4,5,5,5,3,4
AT1G10590,2,2,4,2,5,3,4,3
AT4G02770,2,2,4,2,6,3,0,3
AT4G34110,2,2,4,0,3,4,0,2
AT3G02230,0,2,4,3,8,9,0,0
AT4G02150,0,2,4,2,6,6,5,4
AT4G09320,0,2,4,3,4,9,0,0
AT3G23900,5,2,3,3,3,3,2,2
AT3G48870,5,2,3,4,5,7,2,5
AT5G50920,5,2,3,5,7,9,2,5
AT1G05910,3,2,3,0,0,2,2,0
AT3G10950,3,2,3,2,2,0,3,0
AT1G03130,2,2,3,2,6,3,0,3
AT5G13300,2,2,3,2,5,0,0,5
AT1G04410,0,2,3,2,8,5,2,2
AT1G04510,0,2,3,2,7,5,0,2
AT1G30230,0,2,3,0,0,0,2,0
AT1G36280,0,2,3,2,2,0,0,2
AT1G41830,0,2,3,2,0,4,0,0
AT2G09990,0,2,3,2,2,3,0,0
AT3G06730,0,2,3,2,7,4,0,0
AT3G52140,0,2,3,3,0,5,0,2
AT5G43330,0,2,3,2,3,3,2,2
AT1G29900,4,2,2,2,3,2,2,0
AT2G16430,4,2,2,4,0,0,11,6
AT3G63460,4,2,2,2,3,4,2,2
AT3G44750,3,2,2,3,6,0,3,0
AT3G60245,3,2,2,2,2,2,3,0
AT5G51550,3,2,2,3,3,3,4,4
AT1G03230,0,2,2,3,2,2,4,2
AT1G47250,0,2,2,2,0,0,0,0
AT2G02790,0,2,2,5,4,3,0,0
AT2G04160,0,2,2,0,0,0,0,4
AT2G22360,0,2,2,2,0,2,0,3
AT2G30050,0,2,2,5,3,4,5,2
AT2G43460,0,2,2,0,2,0,0,0
AT3G59540,0,2,2,0,2,0,0,0
AT4G18905,0,2,2,5,3,2,0,3
AT5G06290,0,2,2,3,6,8,0,0
AT5G15650,0,2,2,2,6,7,0,0
AT5G42790,0,2,2,2,0,0,2,0
ATCG00830,0,2,2,3,2,0,0,0
ATCG01310,0,2,2,3,2,0,0,0
AT1G23310,3,2,0,0,0,0,0,0
AT4G37930,3,2,0,3,6,6,0,0
AT1G70580,3,2,0,0,0,0,0,0
AT1G12430,2,2,0,0,0,0,0,2
AT2G10940,2,2,0,0,4,0,3,4
AT2G27740,2,2,0,0,0,0,2,5
AT2G45810,2,2,0,0,2,4,0,0
AT3G01280,2,2,0,0,0,0,4,3
AT3G15190,2,2,0,0,2,3,2,2
AT4G01800,2,2,0,0,0,6,0,0
AT4G37920,2,2,0,0,0,6,0,2
AT4G00660,2,2,0,0,0,0,0,0
AT5G52840,2,2,0,0,2,0,0,3
ATCG00750,2,2,0,0,0,0,0,0
AT1G03630,0,2,0,0,0,0,0,0
AT1G20220,0,2,0,2,0,2,0,0
AT1G26230,0,2,0,0,0,0,0,0
AT1G54000,0,2,0,0,0,0,4,2
AT1G54010,0,2,0,0,0,0,3,0
AT1G70700,0,2,0,0,0,0,0,0
AT1G74690,0,2,0,0,5,3,0,0
AT2G20580,0,2,0,0,0,0,0,0
AT2G22660,0,2,0,0,0,0,0,0
AT2G32730,0,2,0,0,3,0,0,0
AT2G37270,0,2,0,0,2,0,0,0
AT2G39800,0,2,0,3,3,4,0,0
AT2G46290,0,2,0,0,0,2,0,0
AT2G47710,0,2,0,0,0,0,0,0
AT3G11940,0,2,0,0,2,0,0,0
AT3G25860,0,2,0,0,0,3,0,0
AT3G42170,0,2,0,0,4,4,0,0
AT3G56150,0,2,0,0,0,0,0,0
AT3G56940,0,2,0,0,2,0,0,0
AT3G57290,0,2,0,0,3,0,0,0
AT4G29670,0,2,0,0,0,0,0,0
AT4G31480,0,2,0,0,0,2,0,0
AT4G31490,0,2,0,0,0,2,0,0
AT5G01530,0,2,0,0,0,2,0,0
AT5G25150,0,2,0,0,0,0,0,0
AT5G35180,0,2,0,0,0,0,2,2
AT5G39600,0,2,0,0,6,5,4,0
AT5G51110,0,2,0,0,0,0,0,0
AT5G58680,0,2,0,0,0,0,0,0
AT1G76780,0,2,0,0,0,0,0,0
AT4G13130,3,2,0,3,0,0,2,3
AT4G20160,0,2,0,0,0,2,0,0
ATMG00080,0,2,0,0,0,0,2,0
AT5G11050,0,2,0,0,0,0,0,0
AT5G61930,3,2,0,0,0,3,0,0
AT4G31520,2,2,0,0,0,0,0,0
AT1G20960,3,0,12,10,16,14,4,7
AT5G02820,0,0,12,14,13,14,3,2
AT2G34750,5,0,10,14,12,13,11,9
AT1G28420,0,0,10,15,27,21,12,10
AT1G79280,0,0,10,11,8,11,4,0
AT2G33340,0,0,10,9,8,11,4,2
AT2G38430,0,0,10,8,0,0,0,0
AT5G35530,0,0,9,5,9,9,3,0
AT5G09510,6,0,8,8,0,0,5,4
AT3G18035,0,0,8,10,10,12,7,3
AT4G21710,0,0,8,7,3,0,5,4
AT5G07030,0,0,8,8,2,7,6,5
AT5G39570,0,0,8,8,8,14,3,4
AT5G47190,7,0,7,4,8,5,0,0
AT3G09680,5,0,7,5,3,3,3,4
AT5G02960,5,0,7,5,3,3,3,4
AT5G43640,3,0,7,5,2,0,4,4
AT3G27860,2,0,7,4,3,0,3,5
AT3G45030,2,0,7,4,7,4,0,2
AT5G62300,2,0,7,4,7,4,0,2
AT1G67230,0,0,7,7,8,9,4,2
AT2G46230,0,0,7,7,5,6,5,6
AT3G08970,0,0,7,6,0,3,4,2
AT3G15730,0,0,7,5,7,5,2,0
AT3G55340,0,0,7,4,5,7,0,4
AT5G20720,0,0,7,5,5,5,0,0
AT4G02510,5,0,6,3,15,14,13,9
AT5G52640,3,0,6,6,5,5,3,0
AT1G61730,0,0,6,8,6,7,4,7
AT1G75930,0,0,6,5,7,9,7,8
AT3G10690,0,0,6,5,6,9,7,3
AT3G20780,0,0,6,3,8,10,0,0
AT3G50820,0,0,6,3,5,3,0,0
AT4G02730,0,0,6,5,2,3,3,2
AT4G31620,0,0,6,6,0,0,0,0
AT4G39680,0,0,6,5,7,10,0,0
AT5G66570,0,0,6,4,5,3,0,0
AT1G11475,4,0,5,5,3,3,5,4
AT1G79920,4,0,5,5,8,8,2,0
AT1G79930,4,0,5,5,8,7,2,0
AT5G18180,4,0,5,4,3,0,3,4
AT1G48380,3,0,5,5,4,2,0,2
AT1G30240,2,0,5,3,9,8,4,6
AT3G47370,2,0,5,4,7,4,0,2
AT4G24190,2,0,5,9,10,11,0,0
AT4G29410,2,0,5,4,10,5,2,0
AT5G24630,2,0,5,7,8,7,5,2
AT1G48610,0,0,5,6,7,7,0,3
AT1G74270,0,0,5,5,8,10,4,3
AT2G17250,0,0,5,4,5,7,4,2
AT2G30620,0,0,5,3,2,2,0,3
AT5G07530,0,0,5,3,3,4,2,2
AT5G10010,0,0,5,3,5,6,2,0
AT5G19300,0,0,5,6,3,3,7,8
AT5G19580,0,0,5,4,3,2,0,3
AT2G33040,4,0,4,3,0,2,4,0
AT1G32060,2,0,4,3,7,5,0,0
AT3G14310,2,0,4,2,2,3,2,2
AT4G32460,2,0,4,8,3,6,6,3
AT5G10910,2,0,4,10,6,8,0,2
AT1G09640,0,0,4,2,4,3,0,0
AT1G53310,0,0,4,0,0,2,0,0
AT1G58684,0,0,4,4,8,8,0,2
AT1G58983,0,0,4,4,8,8,0,2
AT1G59359,0,0,4,4,8,8,0,2
AT2G01710,0,0,4,0,0,0,0,0
AT2G23070,0,0,4,4,3,4,2,2
AT2G28720,0,0,4,0,4,0,4,0
AT2G32920,0,0,4,3,3,0,3,4
AT3G09210,0,0,4,4,0,2,0,0
AT3G16830,0,0,4,4,5,2,0,2
AT3G45980,0,0,4,0,4,0,4,0
AT3G46030,0,0,4,0,4,0,4,0
AT3G50000,0,0,4,0,0,3,2,2
AT3G57000,0,0,4,4,8,7,4,4
AT4G00230,0,0,4,3,0,0,0,4
AT4G00238,0,0,4,6,5,4,2,2
AT4G35800,0,0,4,4,2,2,6,5
AT5G08380,0,0,4,0,5,5,0,0
AT5G40950,0,0,4,3,6,6,0,3
AT5G47030,0,0,4,3,6,7,3,2
AT5G59910,0,0,4,0,4,0,4,0
AT5G67380,0,0,4,0,0,4,0,0
AT5G67580,0,0,4,3,6,3,0,0
ATCG00790,0,0,4,5,6,5,0,2
AT5G38980,6,0,3,0,0,3,9,8
AT1G11910,5,0,3,4,0,3,5,4
AT1G53240,4,0,3,6,4,11,2,0
AT3G15020,4,0,3,6,3,7,2,0
AT3G25920,4,0,3,2,4,2,3,0
AT4G39330,4,0,3,5,4,5,0,3
AT5G15750,3,0,3,2,3,3,2,2
AT5G20980,3,0,3,0,4,3,4,2
AT5G30510,3,0,3,3,3,9,0,0
ATCG01120,3,0,3,3,4,4,0,0
AT1G13930,2,0,3,5,4,2,2,3
AT1G49760,2,0,3,5,8,7,0,0
AT1G73960,2,0,3,6,4,6,2,0
AT4G11240,2,0,3,6,6,3,4,2
AT4G17560,2,0,3,4,4,5,0,0
AT5G11010,2,0,3,3,3,3,3,3
AT1G02690,0,0,3,2,6,7,5,5
AT1G02780,0,0,3,3,3,4,0,0
AT1G09760,0,0,3,2,9,4,0,0
AT1G13160,0,0,3,0,4,0,0,0
AT1G19990,0,0,3,3,3,0,0,0
AT1G24360,0,0,3,0,2,4,2,0
AT1G29920,0,0,3,3,2,4,2,6
AT1G29930,0,0,3,3,2,4,2,6
AT1G30880,0,0,3,2,3,3,0,0
AT1G48420,0,0,3,0,3,3,2,0
AT1G49480,0,0,3,3,3,0,0,4
AT1G57720,0,0,3,0,3,2,0,0
AT1G60620,0,0,3,3,0,3,0,0
AT1G70070,0,0,3,0,7,9,12,5
AT2G16360,0,0,3,3,4,2,2,0
AT2G21580,0,0,3,5,7,4,2,0
AT2G34420,0,0,3,3,2,4,2,6
AT2G37220,0,0,3,4,3,5,0,0
AT2G39390,0,0,3,2,2,3,0,0
AT2G40700,0,0,3,2,0,0,0,0
AT3G04930,0,0,3,4,2,2,0,2
AT3G07850,0,0,3,2,10,8,0,0
AT3G09720,0,0,3,4,4,5,0,4
AT3G10270,0,0,3,0,0,4,0,0
AT3G14040,0,0,3,2,10,8,0,0
AT3G23890,0,0,3,0,5,6,7,3
AT3G28770,0,0,3,7,10,15,3,6
AT3G47800,0,0,3,2,0,0,0,4
AT3G52600,0,0,3,4,0,0,3,3
AT3G53650,0,0,3,2,3,3,2,0
AT3G54350,0,0,3,0,0,0,0,0
AT3G55510,0,0,3,0,0,0,0,0
AT3G56510,0,0,3,5,0,0,0,0
AT3G60190,0,0,3,4,4,5,2,4
AT3G60820,0,0,3,0,2,3,0,0
AT4G08950,0,0,3,2,2,0,2,0
AT4G09150,0,0,3,2,0,0,0,0
AT4G18440,0,0,3,2,0,0,0,0
AT4G25210,0,0,3,6,7,3,3,2
AT4G26110,0,0,3,4,3,4,0,0
AT4G29060,0,0,3,5,6,7,0,0
AT4G36890,0,0,3,0,3,0,0,2
AT5G05450,0,0,3,2,5,4,3,2
AT5G12940,0,0,3,0,0,2,0,2
AT5G14320,0,0,3,0,3,5,0,0
AT5G23210,0,0,3,2,2,3,6,3
AT5G28040,0,0,3,3,2,2,0,2
AT5G28060,0,0,3,3,0,3,0,2
AT5G37720,0,0,3,0,3,5,0,0
AT5G51280,0,0,3,0,0,2,0,0
AT5G54600,0,0,3,4,5,6,0,0
AT5G63400,0,0,3,5,4,5,0,0
AT5G65720,0,0,3,0,0,0,0,0
AT3G03380,0,0,3,0,0,0,0,0
AT3G55200,6,0,2,0,4,7,8,7
AT3G55220,6,0,2,0,4,7,8,7
AT2G19480,4,0,2,0,6,9,3,2
AT2G32080,4,0,2,3,0,7,3,3
AT2G47250,3,0,2,2,2,3,2,0
AT2G39590,2,0,2,5,4,3,3,3
AT5G42100,2,0,2,3,4,5,3,4
AT5G52560,2,0,2,3,3,2,4,4
AT1G01090,0,0,2,3,7,5,0,0
AT1G02080,0,0,2,0,3,0,0,0
AT1G05260,0,0,2,6,0,4,6,5
AT1G06260,0,0,2,3,0,0,0,0
AT1G06400,0,0,2,0,0,0,0,0
AT1G07320,0,0,2,0,4,2,0,0
AT1G07840,0,0,2,3,4,8,2,0
AT1G10580,0,0,2,0,0,2,0,2
AT1G12650,0,0,2,2,3,3,0,0
AT1G35680,0,0,2,2,0,2,0,0
AT1G52410,0,0,2,0,4,0,0,0
AT1G56340,0,0,2,0,3,2,0,0
AT1G70710,0,0,2,0,0,0,0,0
AT1G75350,0,0,2,0,2,2,0,0
AT1G77180,0,0,2,0,6,6,0,0
AT1G80930,0,0,2,0,0,0,0,0
AT2G13360,0,0,2,0,0,0,0,0
AT2G19540,0,0,2,0,0,0,3,0
AT2G22100,0,0,2,4,0,3,3,0
AT2G23350,0,0,2,2,4,4,0,0
AT2G24200,0,0,2,3,3,7,0,0
AT2G24270,0,0,2,2,0,3,0,0
AT2G25970,0,0,2,4,2,0,0,0
AT2G27040,0,0,2,0,0,0,0,0
AT2G34430,0,0,2,0,0,2,2,5
AT2G36620,0,0,2,4,2,2,0,0
AT2G36870,0,0,2,3,3,0,2,2
AT2G43850,0,0,2,2,0,2,0,0
AT2G47680,0,0,2,0,0,0,2,0
AT3G07220,0,0,2,3,5,2,3,0
AT3G12390,0,0,2,0,0,0,0,0
AT3G13290,0,0,2,0,2,0,0,0
AT3G18790,0,0,2,0,4,2,0,0
AT3G43240,0,0,2,7,11,13,16,12
AT3G53020,0,0,2,4,2,2,0,0
AT3G55170,0,0,2,0,0,3,0,0
AT3G55410,0,0,2,0,3,6,0,0
AT3G61760,0,0,2,3,5,7,0,0
AT4G11260,0,0,2,0,0,0,0,0
AT4G14880,0,0,2,0,6,5,0,2
AT4G15802,0,0,2,0,2,0,0,0
AT4G15900,0,0,2,0,2,5,0,0
AT4G31360,0,0,2,3,0,4,0,0
AT4G32820,0,0,2,0,0,0,0,0
AT4G34620,0,0,2,0,2,0,0,0
AT5G03690,0,0,2,0,0,0,0,0
AT5G06110,0,0,2,5,0,4,0,0
AT5G08420,0,0,2,4,7,8,5,0
AT5G08620,0,0,2,0,4,0,0,0
AT5G09440,0,0,2,2,0,2,0,0
AT5G13490,0,0,2,2,3,0,0,2
AT5G14920,0,0,2,3,2,0,0,0
AT5G16390,0,0,2,0,2,2,0,0
AT5G24280,0,0,2,3,3,5,4,0
AT5G25754,0,0,2,0,4,6,2,0
AT5G25757,0,0,2,0,4,6,2,0
AT5G27330,0,0,2,0,0,0,0,0
AT5G36880,0,0,2,0,0,0,0,0
AT5G38690,0,0,2,3,2,0,2,0
AT5G41540,0,0,2,0,0,0,0,0
AT5G42980,0,0,2,0,3,0,0,0
AT5G43870,0,0,2,4,5,2,0,0
AT5G49880,0,0,2,2,0,0,0,0
AT5G50850,0,0,2,0,2,3,0,0
AT5G53800,0,0,2,2,4,2,0,0
AT5G57655,0,0,2,0,2,3,0,0
AT5G57740,0,0,2,2,0,0,0,0
AT5G59870,0,0,2,2,3,0,0,2
AT5G64260,0,0,2,2,4,6,3,3
AT5G64740,0,0,2,0,0,0,0,0
AT5G65750,0,0,2,0,0,4,0,0
AT5G65770,0,0,2,0,0,0,0,0
AT5G65780,0,0,2,0,0,0,0,0
AT5G67360,0,0,2,0,2,3,0,0
AT1G43650,0,0,2,0,0,0,0,0
AT5G45520,0,0,2,0,0,0,0,0
AT5G48880,6,0,0,0,0,0,0,0
AT1G20200,4,0,0,0,0,0,0,0
AT5G20010,4,0,0,0,3,0,2,0
AT5G20020,4,0,0,0,0,0,2,0
AT5G22800,4,0,0,0,0,0,4,0
AT5G55190,4,0,0,0,0,0,2,0
AT1G62750,3,0,0,0,4,0,4,4
AT3G09670,3,0,0,0,0,0,0,0
AT4G22010,3,0,0,5,2,5,5,3
AT5G23060,3,0,0,2,3,3,0,3
AT1G01900,2,0,0,0,0,0,8,2
AT1G02150,2,0,0,0,0,0,0,0
AT1G04680,2,0,0,5,3,2,5,9
AT1G18080,2,0,0,0,3,0,2,0
AT1G61520,2,0,0,0,0,0,0,0
AT1G64200,2,0,0,0,3,2,2,0
AT2G17510,2,0,0,0,2,2,3,2
AT2G34640,2,0,0,3,8,8,4,0
AT2G38730,2,0,0,0,3,0,2,0
AT2G39330,2,0,0,0,2,0,4,4
AT3G02200,2,0,0,0,0,0,0,0
AT3G06650,2,0,0,0,4,7,0,0
AT3G11200,2,0,0,0,0,0,0,0
AT3G15000,2,0,0,0,0,0,0,2
AT3G22960,2,0,0,0,0,0,0,0
AT3G28900,2,0,0,0,2,2,0,0
AT3G47520,2,0,0,2,7,2,0,2
AT3G61650,2,0,0,0,0,0,0,0
AT4G11150,2,0,0,2,6,7,4,4
AT5G04430,2,0,0,0,3,0,2,0
AT5G05470,2,0,0,2,3,2,2,2
AT5G05620,2,0,0,0,0,0,0,0
AT5G14040,2,0,0,0,0,0,0,0
AT5G19990,2,0,0,0,2,0,0,2
AT5G20000,2,0,0,0,2,0,0,2
AT5G20830,2,0,0,0,0,0,0,0
AT5G26000,2,0,0,3,0,3,0,2
AT5G46290,2,0,0,0,2,0,0,0
AT5G49460,2,0,0,0,4,5,0,0
AT5G52910,2,0,0,2,3,4,0,0
AT5G54260,2,0,0,0,0,0,0,0
AT5G58290,2,0,0,0,0,0,0,0
AT1G01320,0,0,0,0,2,3,0,2
AT1G01510,0,0,0,0,2,2,4,5
AT1G01620,0,0,0,0,0,0,2,0
AT1G01790,0,0,0,0,0,2,0,0
AT1G03750,0,0,0,0,2,0,0,0
AT1G04690,0,0,0,0,3,0,0,0
AT1G04950,0,0,0,0,2,4,0,0
AT1G06220,0,0,0,0,2,2,0,0
AT1G06230,0,0,0,0,2,2,0,0
AT1G06670,0,0,0,2,2,3,2,0
AT1G06680,0,0,0,0,0,2,0,0
AT1G06950,0,0,0,0,2,0,0,0
AT1G07360,0,0,0,0,2,0,0,0
AT1G08520,0,0,0,0,5,0,0,0
AT1G09200,0,0,0,0,4,0,0,0
AT1G09310,0,0,0,0,0,0,2,0
AT1G09590,0,0,0,2,3,2,2,2
AT1G09690,0,0,0,2,3,2,2,2
AT1G09770,0,0,0,0,11,13,0,0
AT1G10350,0,0,0,0,0,2,0,0
AT1G10390,0,0,0,0,2,0,0,0
AT1G12000,0,0,0,0,4,4,0,0
AT1G12270,0,0,0,0,0,2,0,0
AT1G12570,0,0,0,0,2,2,0,0
AT1G12840,0,0,0,0,4,4,0,2
AT1G13370,0,0,0,0,4,0,0,0
AT1G13730,0,0,0,0,3,0,0,0
AT1G14320,0,0,0,0,3,0,0,0
AT1G14650,0,0,0,0,3,4,0,0
AT1G15340,0,0,0,0,3,0,0,0
AT1G15690,0,0,0,0,0,0,0,2
AT1G15750,0,0,0,3,6,4,0,2
AT1G15820,0,0,0,0,2,0,0,0
AT1G15930,0,0,0,0,2,0,0,0
AT1G16280,0,0,0,0,4,0,0,0
AT1G16470,0,0,0,0,2,0,0,0
AT1G17070,0,0,0,0,2,0,0,0
AT1G17220,0,0,0,3,4,4,0,0
AT1G19550,0,0,0,0,2,4,2,0
AT1G19570,0,0,0,0,2,5,2,0
AT1G19870,0,0,0,0,0,2,0,0
AT1G20580,0,0,0,0,2,0,0,0
AT1G20630,0,0,0,0,4,8,3,2
AT1G20760,0,0,0,0,3,0,0,0
AT1G21630,0,0,0,0,2,0,0,2
AT1G21750,0,0,0,3,7,5,0,2
AT1G23750,0,0,0,0,3,2,0,0
AT1G24050,0,0,0,0,0,3,0,0
AT1G26470,0,0,0,0,2,2,0,0
AT1G27090,0,0,0,0,3,4,0,0
AT1G27440,0,0,0,0,0,0,2,3
AT1G28240,0,0,0,0,0,0,3,4
AT1G29140,0,0,0,0,2,0,0,0
AT1G29350,0,0,0,0,3,2,0,0
AT1G29370,0,0,0,0,4,2,0,0
AT1G31660,0,0,0,0,8,11,0,0
AT1G31850,0,0,0,0,0,0,2,0
AT1G33980,0,0,0,0,0,2,0,0
AT1G33990,0,0,0,0,4,6,3,3
AT1G34430,0,0,0,0,0,3,0,0
AT1G42440,0,0,0,0,4,5,0,0
AT1G45000,0,0,0,0,2,2,0,0
AT1G48160,0,0,0,0,4,2,0,0
AT1G48350,0,0,0,0,2,2,0,0
AT1G49950,0,0,0,0,0,2,0,0
AT1G50480,0,0,0,0,3,0,0,0
AT1G51540,0,0,0,0,0,0,2,0
AT1G52000,0,0,0,0,0,0,7,6
AT1G52150,0,0,0,0,0,0,0,2
AT1G52420,0,0,0,0,2,0,0,2
AT1G52570,0,0,0,0,2,5,0,0
AT1G53850,0,0,0,0,0,3,0,0
AT1G57660,0,0,0,2,3,2,2,2
AT1G57860,0,0,0,2,3,2,2,2
AT1G60080,0,0,0,0,2,3,0,0
AT1G62020,0,0,0,0,2,3,0,2
AT1G63160,0,0,0,2,3,4,0,0
AT1G63680,0,0,0,0,3,3,0,0
AT1G63770,0,0,0,0,0,2,0,0
AT1G64520,0,0,0,0,2,5,2,0
AT1G64550,0,0,0,0,0,0,0,3
AT1G65710,0,0,0,0,0,0,2,0
AT1G65980,0,0,0,0,0,2,0,0
AT1G68010,0,0,0,0,2,0,0,0
AT1G68790,0,0,0,0,3,0,0,0
AT1G69250,0,0,0,0,0,5,0,0
AT1G70770,0,0,0,0,2,2,0,0
AT1G72340,0,0,0,0,3,5,0,0
AT1G72970,0,0,0,0,2,0,2,0
AT1G75600,0,0,0,0,4,0,0,0
AT1G75950,0,0,0,0,4,4,0,0
AT1G76010,0,0,0,3,0,0,5,0
AT1G76180,0,0,0,0,2,0,0,0
AT1G76300,0,0,0,0,2,0,0,0
AT1G77270,0,0,0,0,0,2,0,0
AT1G78380,0,0,0,0,0,2,0,0
AT1G78820,0,0,0,2,6,3,0,0
AT1G79120,0,0,0,3,0,0,0,0
AT1G79210,0,0,0,0,2,0,0,0
AT1G80070,0,0,0,5,6,5,0,3
AT1G80490,0,0,0,3,6,4,0,2
AT1G80670,0,0,0,0,0,2,0,0
AT2G01140,0,0,0,0,3,2,0,0
AT2G03440,0,0,0,0,3,4,2,0
AT2G04520,0,0,0,0,0,2,0,0
AT2G04540,0,0,0,0,2,0,0,0
AT2G05840,0,0,0,0,2,0,0,0
AT2G05990,0,0,0,0,2,0,0,0
AT2G06850,0,0,0,0,0,0,2,0
AT2G08986,0,0,0,2,0,0,0,0
AT2G13370,0,0,0,0,0,0,0,2
AT2G15430,0,0,0,2,0,0,3,0
AT2G16930,0,0,0,0,2,0,0,0
AT2G17200,0,0,0,0,2,0,0,0
AT2G17230,0,0,0,0,0,0,0,2
AT2G17410,0,0,0,0,0,2,0,0
AT2G18510,0,0,0,0,2,0,0,0
AT2G18740,0,0,0,2,0,2,0,0
AT2G18960,0,0,0,4,9,8,2,2
AT2G19710,0,0,0,0,0,2,0,0
AT2G20260,0,0,0,0,3,0,0,0
AT2G21390,0,0,0,0,0,3,2,3
AT2G21870,0,0,0,2,5,7,0,0
AT2G22230,0,0,0,0,0,0,3,0
AT2G22540,0,0,0,3,3,5,0,2
AT2G23930,0,0,0,2,0,0,2,0
AT2G25355,0,0,0,0,0,2,2,0
AT2G25560,0,0,0,0,3,0,2,3
AT2G26550,0,0,0,3,0,0,0,0
AT2G27650,0,0,0,0,0,3,0,0
AT2G28950,0,0,0,0,4,3,0,4
AT2G29580,0,0,0,0,2,0,0,0
AT2G30800,0,0,0,0,0,0,0,2
AT2G32910,0,0,0,2,6,5,0,0
AT2G34970,0,0,0,2,4,4,2,2
AT2G37080,0,0,0,0,2,2,0,0
AT2G38580,0,0,0,0,2,0,0,0
AT2G40030,0,0,0,0,3,0,0,0
AT2G41100,0,0,0,3,0,0,0,0
AT2G42590,0,0,0,0,4,3,0,0
AT2G44680,0,0,0,0,0,2,0,0
AT2G45820,0,0,0,0,2,3,0,0
AT2G46860,0,0,0,0,0,2,0,0
AT2G47470,0,0,0,0,0,2,0,0
AT2G47580,0,0,0,0,2,0,0,0
AT2G47640,0,0,0,0,2,0,0,0
AT2G47730,0,0,0,0,3,6,0,0
AT2G47940,0,0,0,0,2,0,0,0
AT3G01390,0,0,0,0,0,4,3,6
AT3G03250,0,0,0,0,4,0,0,0
AT3G04290,0,0,0,0,2,0,0,2
AT3G04590,0,0,0,0,0,0,2,3
AT3G04790,0,0,0,0,0,2,0,0
AT3G05070,0,0,0,0,6,5,0,0
AT3G06610,0,0,0,0,2,0,0,0
AT3G06810,0,0,0,0,2,0,0,0
AT3G06980,0,0,0,0,0,0,2,0
AT3G07300,0,0,0,0,0,0,0,2
AT3G07750,0,0,0,0,5,4,2,4
AT3G07770,0,0,0,0,0,2,0,0
AT3G11400,0,0,0,0,5,5,2,3
AT3G11450,0,0,0,0,0,4,0,0
AT3G11500,0,0,0,2,0,0,2,0
AT3G12080,0,0,0,0,2,2,0,0
AT3G13200,0,0,0,0,2,2,0,0
AT3G14067,0,0,0,0,2,0,0,0
AT3G14220,0,0,0,0,0,0,3,3
AT3G14420,0,0,0,0,4,4,0,0
AT3G15080,0,0,0,0,4,3,0,0
AT3G15880,0,0,0,3,5,0,0,0
AT3G16420,0,0,0,0,0,0,2,0
AT3G16640,0,0,0,0,3,0,2,0
AT3G16980,0,0,0,0,2,3,0,0
AT3G17880,0,0,0,0,0,2,0,0
AT3G18165,0,0,0,0,0,4,0,0
AT3G18480,0,0,0,0,0,2,0,0
AT3G18990,0,0,0,3,2,0,0,0
AT3G19180,0,0,0,0,0,0,0,2
AT3G19670,0,0,0,0,0,3,0,0
AT3G19960,0,0,0,0,3,3,0,0
AT3G22110,0,0,0,0,2,0,0,0
AT3G22520,0,0,0,2,5,3,0,0
AT3G24080,0,0,0,3,2,3,0,0
AT3G24230,0,0,0,0,0,0,2,0
AT3G24480,0,0,0,0,0,0,3,2
AT3G25150,0,0,0,0,0,2,0,0
AT3G25510,0,0,0,3,0,0,0,0
AT3G25800,0,0,0,0,0,2,0,0
AT3G26740,0,0,0,0,0,2,0,0
AT3G27360,0,0,0,0,4,0,0,0
AT3G27440,0,0,0,0,2,0,0,0
AT3G27925,0,0,0,0,2,0,0,0
AT3G28790,0,0,0,0,0,2,0,0
AT3G28830,0,0,0,0,0,0,0,2
AT3G29310,0,0,0,0,0,2,2,0
AT3G43300,0,0,0,0,3,0,0,0
AT3G43810,0,0,0,0,12,18,0,0
AT3G44310,0,0,0,0,0,3,0,0
AT3G45190,0,0,0,0,0,2,0,0
AT3G46210,0,0,0,0,0,2,0,0
AT3G49160,0,0,0,4,2,5,0,0
AT3G49180,0,0,0,0,4,2,3,0
AT3G49470,0,0,0,0,0,2,0,0
AT3G49720,0,0,0,0,0,0,3,2
AT3G50670,0,0,0,0,0,0,0,3
AT3G51260,0,0,0,0,3,0,0,0
AT3G52300,0,0,0,0,2,3,0,0
AT3G52880,0,0,0,0,0,2,0,0
AT3G52900,0,0,0,0,0,0,5,3
AT3G52990,0,0,0,0,0,2,0,0
AT3G53460,0,0,0,0,0,2,0,0
AT3G54760,0,0,0,0,2,0,0,0
AT3G55005,0,0,0,0,0,0,2,0
AT3G55350,0,0,0,2,0,0,6,0
AT3G55440,0,0,0,0,0,2,0,2
AT3G55610,0,0,0,2,3,2,0,0
AT3G56430,0,0,0,0,2,0,0,0
AT3G56490,0,0,0,0,0,2,0,0
AT3G56910,0,0,0,5,2,2,0,0
AT3G58610,0,0,0,0,2,0,0,0
AT3G58730,0,0,0,0,2,3,2,3
AT3G58910,0,0,0,0,0,0,3,0
AT3G60240,0,0,0,0,5,4,0,0
AT3G60250,0,0,0,0,0,2,0,0
AT3G60500,0,0,0,0,0,3,2,3
AT3G61130,0,0,0,0,0,0,3,0
AT3G61240,0,0,0,0,2,2,0,0
AT3G61310,0,0,0,0,0,2,0,0
AT3G61620,0,0,0,0,0,2,0,0
AT3G62120,0,0,0,0,3,2,0,0
AT3G62600,0,0,0,0,0,2,0,0
AT3G62840,0,0,0,0,2,0,0,0
AT3G63140,0,0,0,0,2,2,0,0
AT3G63490,0,0,0,0,2,2,0,0
AT4G00165,0,0,0,0,0,2,2,0
AT4G00930,0,0,0,3,2,0,0,2
AT4G02450,0,0,0,0,2,3,0,0
AT4G02520,0,0,0,0,4,4,0,0
AT4G02620,0,0,0,0,0,3,0,0
AT4G03430,0,0,0,0,3,0,0,0
AT4G10480,0,0,0,0,4,4,0,0
AT4G10750,0,0,0,3,0,0,0,0
AT4G10840,0,0,0,0,4,2,0,0
AT4G11010,0,0,0,2,0,0,0,0
AT4G11420,0,0,0,0,0,2,0,0
AT4G12770,0,0,0,2,0,0,0,0
AT4G12780,0,0,0,2,0,0,0,0
AT4G13340,0,0,0,0,0,0,3,0
AT4G13710,0,0,0,0,2,0,0,0
AT4G13750,0,0,0,0,2,2,2,0
AT4G13930,0,0,0,4,2,2,0,0
AT4G14200,0,0,0,0,0,2,0,0
AT4G15790,0,0,0,0,0,2,0,0
AT4G16155,0,0,0,0,0,3,0,0
AT4G16265,0,0,0,0,2,2,0,0
AT4G17330,0,0,0,0,3,6,0,0
AT4G19610,0,0,0,0,0,3,0,0
AT4G21150,0,0,0,0,2,2,0,0
AT4G22670,0,0,0,0,4,0,0,0
AT4G23460,0,0,0,0,2,2,0,0
AT4G23600,0,0,0,0,2,2,0,0
AT4G24800,0,0,0,0,2,0,0,0
AT4G25320,0,0,0,0,0,0,2,2
AT4G25890,0,0,0,3,2,0,0,0
AT4G26530,0,0,0,2,0,2,0,0
AT4G26840,0,0,0,0,3,3,0,0
AT4G27180,0,0,0,0,0,2,0,0
AT4G27490,0,0,0,0,2,0,3,0
AT4G27870,0,0,0,0,2,0,0,0
AT4G28750,0,0,0,0,3,0,0,0
AT4G29360,0,0,0,0,0,0,3,0
AT4G30190,0,0,0,2,6,5,2,3
AT4G30330,0,0,0,0,0,2,0,0
AT4G31430,0,0,0,0,2,3,0,0
AT4G32070,0,0,0,0,0,0,0,3
AT4G32260,0,0,0,0,3,3,0,0
AT4G32410,0,0,0,0,3,2,0,0
AT4G32610,0,0,0,4,3,3,4,4
AT4G33250,0,0,0,0,4,3,0,0
AT4G33370,0,0,0,0,0,2,0,0
AT4G34260,0,0,0,0,0,2,0,0
AT4G34555,0,0,0,6,8,4,2,0
AT4G35050,0,0,0,0,0,0,2,0
AT4G35450,0,0,0,0,3,3,0,0
AT4G35470,0,0,0,0,0,0,2,0
AT4G36520,0,0,0,0,0,0,2,0
AT4G37280,0,0,0,0,2,0,0,0
AT4G38040,0,0,0,0,0,0,0,2
AT4G38220,0,0,0,0,0,2,0,0
AT4G38780,0,0,0,2,3,4,0,3
AT4G39690,0,0,0,0,0,2,0,0
AT4G40020,0,0,0,0,0,2,0,0
AT4G40030,0,0,0,0,4,0,0,0
AT4G40040,0,0,0,0,4,0,0,0
AT5G02240,0,0,0,0,0,3,0,0
AT5G02560,0,0,0,0,2,0,0,0
AT5G02610,0,0,0,0,2,3,0,0
AT5G03720,0,0,0,0,0,0,0,2
AT5G04130,0,0,0,0,0,4,0,0
AT5G04380,0,0,0,0,0,2,0,0
AT5G04940,0,0,0,0,3,0,0,2
AT5G05170,0,0,0,0,2,2,3,0
AT5G06870,0,0,0,0,2,0,0,0
AT5G10390,0,0,0,0,4,0,0,0
AT5G10400,0,0,0,0,4,0,0,0
AT5G10540,0,0,0,0,2,0,0,0
AT5G10980,0,0,0,0,4,0,0,0
AT5G11260,0,0,0,0,0,3,0,0
AT5G11600,0,0,0,0,2,2,0,0
AT5G12140,0,0,0,0,3,0,0,0
AT5G12220,0,0,0,0,0,3,0,0
AT5G12410,0,0,0,0,2,0,0,0
AT5G13450,0,0,0,0,5,3,0,0
AT5G13980,0,0,0,0,2,0,0,2
AT5G14430,0,0,0,2,5,8,3,2
AT5G14910,0,0,0,0,3,0,0,0
AT5G15140,0,0,0,0,0,0,0,2
AT5G15220,0,0,0,0,2,0,0,0
AT5G15470,0,0,0,0,2,0,0,0
AT5G16510,0,0,0,0,2,0,0,0
AT5G17170,0,0,0,2,2,2,0,0
AT5G18420,0,0,0,0,0,3,0,0
AT5G19320,0,0,0,0,0,2,0,0
AT5G19485,0,0,0,2,5,4,0,0
AT5G20200,0,0,0,0,0,2,0,0
AT5G20950,0,0,0,0,0,0,11,11
AT5G21274,0,0,0,0,12,18,0,0
AT5G22010,0,0,0,0,0,4,0,0
AT5G22320,0,0,0,2,4,3,0,0
AT5G22580,0,0,0,0,2,2,0,0
AT5G23540,0,0,0,0,0,3,0,0
AT5G23750,0,0,0,0,0,0,0,2
AT5G23900,0,0,0,2,4,0,0,0
AT5G25070,0,0,0,3,0,0,0,0
AT5G25230,0,0,0,0,2,0,0,0
AT5G27650,0,0,0,0,3,2,0,0
AT5G27840,0,0,0,0,4,0,0,0
AT5G28740,0,0,0,0,4,0,0,0
AT5G28920,0,0,0,0,2,0,0,0
AT5G35590,0,0,0,0,2,2,0,0
AT5G35630,0,0,0,4,4,4,0,0
AT5G35680,0,0,0,0,0,2,0,0
AT5G35910,0,0,0,0,0,3,0,0
AT5G37510,0,0,0,0,4,0,0,2
AT5G38470,0,0,0,0,2,0,0,0
AT5G38640,0,0,0,0,0,2,0,0
AT5G38860,0,0,0,0,2,3,0,0
AT5G38890,0,0,0,0,5,2,2,2
AT5G40040,0,0,0,2,0,0,2,0
AT5G41770,0,0,0,0,2,2,0,0
AT5G41950,0,0,0,0,0,4,0,0
AT5G42220,0,0,0,0,0,2,4,2
AT5G42540,0,0,0,0,3,0,0,0
AT5G43010,0,0,0,0,2,2,0,2
AT5G44870,0,0,0,0,0,0,0,2
AT5G45390,0,0,0,0,0,2,0,0
AT5G47210,0,0,0,0,0,2,0,0
AT5G48540,0,0,0,0,2,0,0,0
AT5G48650,0,0,0,0,2,2,0,0
AT5G48760,0,0,0,0,6,4,6,0
AT5G49180,0,0,0,2,0,0,0,0
AT5G49830,0,0,0,0,0,0,0,3
AT5G49930,0,0,0,4,7,8,0,2
AT5G50840,0,0,0,0,3,2,0,0
AT5G51070,0,0,0,0,2,0,0,0
AT5G51590,0,0,0,2,0,0,2,2
AT5G53930,0,0,0,0,2,0,0,0
AT5G54110,0,0,0,2,0,0,0,0
AT5G54190,0,0,0,0,0,2,0,0
AT5G55230,0,0,0,0,2,2,0,0
AT5G56950,0,0,0,0,0,2,0,0
AT5G57990,0,0,0,0,0,4,0,0
AT5G58040,0,0,0,2,0,0,0,0
AT5G58350,0,0,0,0,3,0,0,0
AT5G59160,0,0,0,2,0,0,0,0
AT5G59810,0,0,0,0,0,0,0,2
AT5G60980,0,0,0,0,2,2,0,0
AT5G61020,0,0,0,0,2,0,0,0
AT5G61790,0,0,0,0,2,3,0,0
AT5G61840,0,0,0,0,2,0,4,3
AT5G63110,0,0,0,0,0,0,2,0
AT5G64040,0,0,0,2,3,3,3,0
AT5G64840,0,0,0,0,3,8,0,0
AT5G65350,0,0,0,0,4,0,0,0
AT5G65360,0,0,0,0,4,0,0,0
AT5G65620,0,0,0,0,2,0,0,0
AT5G66310,0,0,0,0,2,0,0,0
AT5G67590,0,0,0,0,0,2,0,0
ATCG00280,0,0,0,0,3,2,3,2
ATCG00770,0,0,0,0,2,2,0,0
ATCG01060,0,0,0,0,3,2,0,0
AT1G03080,0,0,0,0,0,2,0,0
AT1G06770,0,0,0,0,2,0,0,0
AT1G16860,0,0,0,2,0,0,0,0
AT1G27360,2,0,0,0,0,0,0,0
AT1G54560,0,0,0,2,0,0,0,0
AT1G55880,0,0,0,0,0,2,0,0
AT1G65920,0,0,0,0,0,0,0,2
AT1G67230,0,0,0,2,0,0,0,0
AT1G75850,0,0,0,0,2,0,0,0
AT1G77260,0,0,0,0,0,2,0,0
AT2G04038,3,0,0,0,0,0,0,0
AT2G25730,0,0,0,3,0,0,0,0
AT2G40130,2,0,0,0,0,0,0,0
AT3G08020,0,0,0,2,0,2,0,0
AT3G08530,0,0,0,0,2,0,0,0
AT3G11130,0,0,0,0,2,0,0,0
AT3G11450,0,0,0,0,0,0,0,2
AT3G14930,0,0,0,0,0,0,0,2
AT3G16600,0,0,0,0,2,0,0,0
AT3G18110,3,0,0,0,0,0,0,0
AT3G19050,0,0,0,0,0,3,0,0
AT3G42880,0,0,0,0,0,0,2,0
AT3G54670,0,0,0,0,0,2,0,0
AT4G03000,0,0,0,0,0,2,0,0
AT4G08310,0,0,0,2,0,0,0,0
AT4G10870,0,0,0,0,0,0,0,2
AT4G15180,0,0,0,0,0,2,0,0
AT4G24610,0,0,0,0,0,0,2,0
AT4G26640,0,0,0,2,0,0,0,0
AT4G32970,0,0,0,0,0,0,2,0
AT4G34430,2,0,0,0,0,0,0,0
AT4G36390,0,0,0,0,0,0,2,0
AT4G37440,0,0,0,2,0,0,0,0
AT5G03110,0,0,0,0,0,2,0,0
AT5G10510,2,0,0,0,0,3,0,0
AT5G10550,2,0,0,0,0,0,0,0
AT5G10800,0,0,0,0,0,0,0,2
AT5G16170,0,0,0,3,0,0,0,0
AT5G17270,0,0,0,0,3,0,0,0
AT5G23405,0,0,0,0,0,2,0,0
AT5G42140,0,0,0,0,0,0,2,0
AT5G47480,0,0,0,2,0,0,0,0
AT5G49680,0,0,0,0,0,0,2,3
AT5G66850,0,0,0,0,0,0,2,0
