Protein,AT1G08600,WT
AT1G08600,225,0
AT2G25560,37,0
AT2G22360,2,0
AT1G74250,5,0
AT3G12010,6,0
AT1G13370,5,0
AT5G10980,5,0
AT4G40030,5,0
AT4G40040,5,0
AT3G06400,3,0
AT5G18620,3,0
AT2G25170,111,2
AT5G03740,3,0
AT1G01730,15,0
AT3G12280,2,0
AT2G15400,2,0
AT3G20740,2,0
AT1G17790,2,0
AT3G10270,3,0
AT5G63550,3,0
AT1G01350,2,0
AT5G06420,2,0
AT2G07690,2,0
AT1G48920,19,5
AT3G28730,8,2
AT5G58230,13,16
AT1G08060,0,2
AT5G44800,0,2
AT1G13440,24,0
AT1G70490,9,0
AT1G23490,9,0
AT2G03750,9,0
AT5G23900,8,0
AT5G60670,7,0
AT3G61860,7,0
AT3G11250,7,0
AT4G14040,7,0
AT3G57660,7,0
AT5G41700,6,0
AT3G24830,6,0
AT4G39680,6,0
AT3G53700,6,0
AT2G37340,5,0
AT4G35460,5,0
AT4G34860,5,0
AT5G13110,5,0
AT1G24280,5,0
AT3G01540,5,0
AT5G18570,5,0
AT5G46580,5,0
AT1G49630,5,0
AT1G15250,4,0
AT1G36240,4,0
ATCG01120,4,0
AT4G34555,4,0
AT2G21580,4,0
ATCG00810,4,0
AT1G77440,4,0
AT1G35720,4,0
AT3G09810,4,0
AT3G50000,4,0
AT3G14390,4,0
AT4G26270,4,0
AT3G18490,4,0
AT3G10050,4,0
AT2G28390,4,0
AT5G13380,4,0
AT3G06980,4,0
AT3G20630,4,0
AT3G48110,4,0
AT3G06480,4,0
AT1G73460,4,0
AT1G73450,4,0
AT2G38770,4,0
AT5G63650,3,0
AT2G18740,3,0
AT4G30330,3,0
AT3G09500,3,0
AT5G55210,3,0
AT1G31140,3,0
AT5G46790,3,0
AT2G28950,3,0
AT1G09140,3,0
AT5G16390,3,0
AT1G52340,3,0
AT5G44720,3,0
AT5G19440,3,0
AT1G15470,3,0
AT1G15710,3,0
AT4G36810,3,0
AT2G46070,3,0
AT2G33190,3,0
AT1G09210,3,0
AT5G22630,3,0
AT1G80380,3,0
AT4G18950,3,0
AT3G52500,3,0
AT3G30841,3,0
AT5G04420,3,0
AT5G64300,3,0
AT3G02020,3,0
AT4G21660,3,0
AT3G22330,3,0
AT3G11710,3,0
AT1G05640,3,0
AT4G33760,3,0
AT5G13560,3,0
AT5G49530,3,0
AT5G14610,3,0
AT5G25070,3,0
AT5G65620,3,0
AT5G10540,3,0
AT1G28350,3,0
AT3G45190,3,0
AT1G07990,3,0
AT4G17770,3,0
AT5G60410,3,0
AT3G29320,3,0
AT4G16250,3,0
AT5G45510,3,0
AT1G72910,2,0
AT5G53530,2,0
AT5G07870,2,0
AT3G05580,2,0
AT2G43530,2,0
AT1G61570,2,0
AT1G77710,2,0
AT3G14080,2,0
AT1G29990,2,0
AT2G32650,2,0
AT2G32180,2,0
AT5G59880,2,0
AT2G33450,2,0
AT5G20160,2,0
AT4G22380,2,0
AT1G15370,2,0
AT1G63460,2,0
AT5G52960,2,0
AT1G48350,2,0
AT1G03680,2,0
AT2G25060,2,0
AT4G12600,2,0
AT3G27160,2,0
ATCG00670,2,0
AT3G22320,2,0
AT4G03120,2,0
AT3G10405,2,0
AT2G40380,2,0
AT1G06060,2,0
AT5G07460,2,0
AT5G52240,2,0
AT5G42765,2,0
AT2G03430,2,0
AT3G44750,2,0
AT2G43910,2,0
AT4G27490,2,0
AT2G40060,2,0
AT3G15690,2,0
AT4G12790,2,0
AT1G51390,2,0
AT2G14750,2,0
AT4G02430,2,0
AT1G15140,2,0
AT2G26590,2,0
AT1G50575,2,0
AT1G66670,2,0
AT3G12070,2,0
AT2G02400,2,0
AT1G68540,2,0
AT2G33040,2,0
AT3G61080,2,0
AT1G04190,2,0
AT3G27060,2,0
AT1G30870,2,0
AT5G04170,2,0
AT1G22800,2,0
AT4G10750,2,0
AT5G17510,2,0
AT2G17265,2,0
AT4G29810,2,0
AT1G60850,2,0
AT5G64830,2,0
AT3G07630,2,0
AT4G00040,2,0
AT3G55010,2,0
AT5G25610,2,0
AT2G47790,2,0
ATMG00510,2,0
AT3G56940,2,0
AT3G24800,2,0
AT3G59510,2,0
AT3G23840,2,0
AT1G13180,2,0
AT2G19490,2,0
AT4G32330,2,0
AT3G54320,2,0
AT1G36730,2,0
AT2G35860,2,0
AT1G03980,2,0
AT5G36170,2,0
AT2G31790,2,0
AT5G41330,2,0
AT2G32740,2,0
AT2G22450,2,0
AT1G43710,2,0
AT1G64190,2,0
AT5G23580,2,0
AT5G19220,2,0
AT3G44850,2,0
AT5G49555,2,0
AT1G65060,2,0
AT3G54660,2,0
AT3G57150,2,0
AT2G24210,2,0
AT3G58560,2,0
AT3G10160,2,0
AT1G26460,2,0
AT3G13060,2,0
AT1G45180,2,0
AT4G23300,2,0
AT1G67680,2,0
AT3G09100,2,0
AT3G54350,2,0
AT3G52200,2,0
AT1G19430,2,0
AT2G37230,2,0
AT1G74580,2,0
AT4G31230,2,0
AT2G34300,2,0
AT4G14200,2,0
AT1G19485,2,0
AT4G24270,2,0
AT2G34730,2,0
AT2G31320,2,0
AT4G19490,2,0
AT5G41540,2,0
AT5G11110,2,0
AT3G49600,2,0
AT5G16300,2,0
AT5G06460,2,0
AT4G09150,2,0
AT1G10450,2,0
AT2G27900,2,0
AT1G59890,2,0
AT1G70070,2,0
AT5G53440,2,0
AT5G36740,2,0
AT5G36670,2,0
AT2G19390,2,0
AT3G60740,2,0
AT3G14172,2,0
AT2G30800,2,0
AT4G16920,2,0
AT1G58050,2,0
AT2G20190,2,0
AT1G71010,2,0
AT3G05680,2,0
AT3G49430,17,2
AT4G10710,13,3
AT2G45640,7,2
AT1G02150,7,2
AT1G01320,13,4
AT4G10840,6,2
AT5G37510,6,2
AT2G18790,6,2
AT1G15290,6,2
AT3G11130,6,2
AT3G08530,6,2
AT1G02840,8,3
AT4G39660,8,3
AT1G02140,10,4
AT1G79850,5,2
AT2G33800,5,2
AT1G05010,5,2
AT1G74100,5,2
AT3G53460,5,2
AT5G21326,5,2
AT1G69200,5,2
AT5G46420,5,2
AT2G17930,5,2
AT3G53730,12,5
AT2G28740,12,5
AT5G59970,12,5
AT1G07820,12,5
AT5G59690,12,5
AT1G07660,12,5
AT3G46320,12,5
AT3G45930,12,5
AT5G02960,7,3
AT1G01050,7,3
AT5G61020,7,3
ATCG00800,9,4
AT1G56110,9,4
AT4G31160,11,5
AT3G29410,15,7
AT3G52150,10,5
AT2G46520,10,5
AT2G07360,10,5
AT3G10610,8,4
AT2G05220,8,4
AT5G04800,8,4
AT2G04390,8,4
AT5G63420,8,4
AT1G68590,6,3
AT4G29590,6,3
AT1G79340,6,3
AT3G56860,6,3
AT1G77550,6,3
AT3G11500,4,2
AT2G23930,4,2
ATCG00820,4,2
AT5G57290,4,2
AT3G23830,4,2
AT1G34030,4,2
AT1G22780,4,2
AT4G09800,4,2
AT3G15680,4,2
AT3G54900,4,2
AT3G50210,4,2
AT4G38225,4,2
AT3G54360,4,2
AT5G18660,4,2
AT3G02570,4,2
AT5G28500,4,2
AT1G32500,4,2
AT2G36250,4,2
AT1G07360,4,2
AT5G60210,4,2
AT4G36690,4,2
AT3G04470,4,2
AT5G38640,4,2
AT1G73430,4,2
AT5G44635,4,2
ATCG00170,4,2
AT1G21700,13,7
AT5G23740,11,6
AT1G52040,9,5
AT5G47010,9,5
AT4G29270,60,34
AT5G14320,14,8
AT2G47250,14,8
AT5G22650,7,4
AT5G14250,7,4
AT5G67630,7,4
AT4G16390,7,4
AT5G13510,12,7
AT1G22920,12,7
AT5G22780,12,7
AT5G22770,12,7
AT5G15200,17,10
AT4G23600,20,12
AT3G14420,10,6
AT2G14880,5,3
AT1G23860,5,3
AT5G01600,5,3
AT2G20890,5,3
AT3G53560,5,3
AT5G16510,5,3
AT5G58470,5,3
AT4G37870,5,3
AT4G02060,5,3
AT3G50670,18,11
AT5G47690,18,11
AT3G19980,16,10
AT1G05720,8,5
AT5G63570,8,5
AT5G07350,19,12
ATCG00160,11,7
AT4G31700,11,7
AT4G01310,11,7
AT1G06220,26,17
AT1G05460,21,14
AT2G37690,15,10
AT5G67320,12,8
AT2G46020,12,8
AT4G09010,9,6
AT1G11910,9,6
AT5G35790,9,6
AT1G66530,9,6
AT3G57520,9,6
ATCG00660,6,4
AT5G61170,6,4
AT4G27960,6,4
AT5G53300,6,4
AT2G44050,6,4
AT3G56090,6,4
AT5G18400,6,4
AT1G75280,6,4
AT3G51000,6,4
AT4G35420,6,4
AT5G43060,6,4
AT1G74920,6,4
AT4G37510,6,4
AT1G29370,6,4
AT1G29350,6,4
AT3G54670,6,4
AT3G60245,3,2
AT3G10950,3,2
AT3G47070,3,2
AT4G27745,3,2
AT3G06610,3,2
AT1G69620,3,2
ATCG00905,3,2
ATCG00065,3,2
ATCG01230,3,2
ATCG00470,3,2
AT4G32915,3,2
AT4G22220,3,2
AT1G20340,3,2
AT5G14910,3,2
AT3G06730,3,2
AT1G31160,3,2
AT3G13120,3,2
AT4G17560,3,2
AT1G59700,3,2
AT4G18040,3,2
AT1G14820,3,2
AT1G47420,3,2
AT1G07780,3,2
AT5G05590,3,2
AT5G45390,3,2
AT1G16340,3,2
AT4G39040,3,2
AT1G63000,3,2
AT1G13870,3,2
AT1G04530,3,2
AT3G20800,3,2
AT5G12210,3,2
AT1G79500,3,2
AT1G49650,3,2
AT5G12410,3,2
AT1G52510,3,2
AT3G60300,3,2
AT4G24220,3,2
AT4G31810,3,2
AT1G27540,3,2
AT3G49250,3,2
AT1G60780,3,2
AT3G54090,3,2
AT3G06850,3,2
AT5G61790,3,2
AT5G44090,3,2
AT5G11980,3,2
AT1G79750,3,2
AT1G11070,3,2
AT5G46210,3,2
AT2G22400,3,2
AT1G47550,3,2
AT5G16270,3,2
AT1G13980,3,2
AT4G02510,3,2
AT5G58410,3,2
AT4G38600,3,2
AT4G30990,3,2
AT3G15730,86,58
AT1G02080,25,17
AT2G02560,19,13
AT3G57560,13,9
AT5G64350,10,7
AT5G47770,10,7
AT4G31480,34,24
AT2G43770,21,15
AT4G23100,14,10
AT2G40590,7,5
AT2G40510,7,5
AT4G09320,7,5
AT1G52670,7,5
AT3G12800,7,5
AT4G08870,7,5
AT5G16240,7,5
AT1G80360,7,5
AT1G17370,7,5
AT4G34350,7,5
AT3G01090,7,5
AT1G61010,7,5
AT5G12370,7,5
AT1G44900,7,5
AT4G21710,7,5
AT4G31490,33,24
AT4G38970,22,16
AT5G63980,11,8
AT5G23940,11,8
AT5G10240,11,8
AT2G43030,15,11
AT2G21330,15,11
AT1G62940,19,14
AT3G52140,19,14
AT5G26742,27,20
AT3G48870,39,29
AT4G23920,36,27
ATCG00120,20,15
AT1G50370,16,12
AT3G27850,12,9
AT3G27830,12,9
AT4G39980,12,9
AT1G74960,12,9
AT3G60240,12,9
AT4G34870,8,6
AT3G58700,8,6
AT2G42740,8,6
AT4G18730,8,6
AT5G45775,8,6
AT3G61220,8,6
AT1G07750,8,6
AT5G03290,8,6
AT1G60810,8,6
AT5G18420,8,6
AT1G18070,8,6
AT4G30920,8,6
ATCG00330,4,3
AT3G23390,4,3
AT4G27130,4,3
AT1G54290,4,3
AT5G54760,4,3
AT3G07590,4,3
AT4G27090,4,3
ATCG00790,4,3
AT5G59910,4,3
AT2G28720,4,3
AT3G45980,4,3
AT1G07790,4,3
AT3G46030,4,3
AT5G22880,4,3
AT1G23130,4,3
AT5G48480,4,3
AT2G46580,4,3
AT5G63310,4,3
AT2G37220,4,3
AT4G09040,4,3
AT3G17170,4,3
AT2G29400,4,3
AT4G29830,4,3
AT1G11840,4,3
AT5G38470,4,3
AT1G03475,4,3
AT5G63620,4,3
AT5G47880,4,3
AT4G24830,4,3
AT3G12860,4,3
AT3G04610,4,3
AT1G70290,4,3
AT1G12430,4,3
AT1G17220,4,3
AT5G10470,4,3
AT1G78570,37,28
AT3G11830,29,22
AT5G50920,42,32
AT4G31180,21,16
AT3G42170,21,16
AT4G20980,17,13
AT1G55490,47,36
AT5G58420,26,20
AT3G56340,13,10
AT3G56130,13,10
AT2G44060,13,10
AT3G20790,13,10
AT4G38630,13,10
AT5G45620,13,10
AT3G58570,13,10
AT1G30470,13,10
AT5G19820,13,10
AT2G40660,22,17
AT1G09270,22,17
AT2G17360,27,21
AT5G07090,27,21
AT1G65440,27,21
AT1G20950,18,14
AT2G24940,9,7
AT2G42590,9,7
AT3G02630,9,7
AT1G03630,9,7
AT3G04600,9,7
AT3G49680,9,7
AT3G13460,9,7
AT3G08947,9,7
AT5G42390,9,7
AT3G45140,77,60
AT2G28000,46,36
AT1G63660,23,18
AT2G16600,14,11
AT4G14960,52,41
AT5G43010,29,23
AT3G13470,44,35
AT1G50010,55,44
AT1G04820,55,44
AT5G02790,20,16
AT3G53870,15,12
AT2G41530,15,12
AT5G04430,15,12
AT4G19006,15,12
AT1G22410,15,12
AT2G27020,10,8
AT4G27560,10,8
AT3G08943,10,8
AT3G47650,5,4
AT5G64130,5,4
AT2G36620,5,4
AT2G35370,5,4
AT5G64040,5,4
AT4G31580,5,4
AT5G50870,5,4
AT1G35680,5,4
AT4G30530,5,4
AT3G53500,5,4
AT3G08780,5,4
AT1G06260,5,4
AT1G67280,5,4
AT3G17820,5,4
AT3G20820,5,4
AT5G08530,5,4
AT3G25660,5,4
AT5G60640,5,4
AT4G36390,5,4
AT4G02350,5,4
AT1G15130,5,4
AT2G38020,5,4
AT5G52040,428,346
AT3G13490,47,38
AT1G65960,21,17
AT4G21100,16,13
AT1G65980,11,9
AT3G60820,11,9
AT2G43710,11,9
AT3G01780,11,9
AT1G45000,28,23
AT3G13860,17,14
AT5G20290,23,19
AT3G20050,23,19
AT1G52570,35,29
AT1G62020,47,39
AT1G07940,48,40
AT1G07930,48,40
AT1G07920,48,40
AT5G60390,48,40
AT5G19770,42,35
AT5G19780,42,35
AT3G48930,18,15
AT3G55440,12,10
AT5G27450,12,10
AT1G80480,12,10
AT3G53260,12,10
ATCG00780,6,5
AT2G09990,6,5
AT5G18380,6,5
AT3G53020,6,5
AT4G02520,6,5
AT3G26420,6,5
AT2G47580,6,5
AT5G20060,6,5
AT3G21200,6,5
ATCG00740,6,5
AT4G08900,6,5
AT3G14210,6,5
AT2G24580,6,5
AT4G38220,6,5
AT1G12920,6,5
AT2G32920,6,5
AT5G60160,6,5
AT4G14080,6,5
AT1G72810,6,5
AT3G05060,6,5
AT4G17090,6,5
AT1G59760,6,5
AT3G10380,6,5
AT5G56500,31,26
AT4G25500,276,232
AT1G68010,19,16
AT3G53110,19,16
AT4G28470,32,27
AT1G64740,26,22
AT5G49910,26,22
AT2G39460,13,11
AT3G55280,13,11
AT2G05840,13,11
AT1G20020,13,11
AT4G34850,13,11
AT5G36160,13,11
AT4G14030,13,11
AT1G35580,20,17
AT1G36160,84,72
AT3G13920,49,42
AT3G02110,28,24
AT3G58500,21,18
AT1G22300,14,12
AT5G09650,14,12
AT1G73380,14,12
AT1G10670,14,12
AT2G47940,14,12
AT3G62310,14,12
AT4G09020,14,12
AT2G16950,14,12
AT2G19760,7,6
AT4G15000,7,6
AT3G56490,7,6
AT3G15190,7,6
AT1G74970,7,6
AT1G56700,7,6
AT5G58590,7,6
AT5G51110,7,6
AT4G10260,7,6
AT5G54770,7,6
AT5G47210,7,6
AT2G21385,7,6
AT2G17420,7,6
AT2G27680,7,6
AT1G09430,7,6
AT3G48730,7,6
AT5G40760,7,6
AT5G28900,7,6
AT5G28850,7,6
AT1G62750,7,6
AT3G03380,7,6
AT5G14740,22,19
AT2G20580,45,39
AT4G27440,15,13
AT1G32200,15,13
AT5G09900,15,13
AT5G05010,15,13
AT4G31120,15,13
AT1G04410,38,33
AT1G20620,38,33
AT1G78300,23,20
AT1G64790,31,27
AT2G21390,56,49
AT3G19760,24,21
AT2G31610,16,14
AT5G66190,16,14
AT1G13320,16,14
ATCG01060,8,7
AT2G32060,8,7
AT4G30800,8,7
AT1G13280,8,7
AT5G59160,8,7
AT3G53580,8,7
AT5G57850,8,7
AT2G40490,8,7
AT3G15000,8,7
AT5G36230,8,7
AT1G19920,8,7
AT1G01300,8,7
AT4G37210,8,7
AT1G17720,8,7
AT3G12270,8,7
AT4G26300,8,7
AT5G17020,8,7
AT3G02530,33,29
AT1G52360,25,22
AT3G62870,17,15
AT3G27740,17,15
AT2G04842,17,15
AT4G31990,26,23
AT1G71080,18,16
AT1G02050,18,16
AT3G47370,9,8
AT4G29350,9,8
AT3G52560,9,8
AT1G10630,9,8
AT2G47170,9,8
AT2G18230,9,8
AT2G33430,9,8
AT1G32990,9,8
AT2G17280,9,8
AT2G38270,9,8
AT3G11270,9,8
AT1G53240,9,8
AT4G37980,9,8
AT3G63140,9,8
AT2G31750,9,8
AT1G74030,9,8
AT5G13280,9,8
AT3G03960,37,33
AT1G64880,28,25
AT4G11420,47,42
AT1G18080,19,17
AT2G36580,19,17
AT1G52030,29,26
AT5G09810,39,35
AT4G16143,40,36
AT5G55220,20,18
AT5G62300,10,9
AT3G45030,10,9
AT5G65730,10,9
AT1G20220,10,9
AT4G08390,10,9
AT3G52180,10,9
AT5G64370,10,9
AT1G43190,10,9
AT5G64760,10,9
AT5G63890,10,9
AT1G02690,10,9
AT4G09510,10,9
AT1G51690,10,9
ATMG01190,10,9
AT2G07698,10,9
AT5G13650,10,9
AT2G40840,10,9
AT5G20280,10,9
AT1G35160,21,19
AT3G25800,21,19
AT3G05530,32,29
AT3G01500,22,20
AT1G53500,22,20
AT1G08830,11,10
AT2G21060,11,10
AT2G30860,11,10
AT5G19510,11,10
AT3G14290,11,10
AT1G53850,11,10
AT1G23820,11,10
AT4G00660,11,10
AT5G41950,11,10
AT4G28080,11,10
AT1G55860,34,31
AT1G11860,23,21
AT1G09640,23,21
AT1G09100,23,21
AT2G22125,23,21
AT2G30110,24,22
AT2G35635,12,11
AT1G31340,12,11
AT1G07140,12,11
AT3G61240,12,11
AT5G56290,12,11
AT3G02230,25,23
AT3G51240,25,23
AT3G08590,165,152
AT2G36880,52,48
AT2G17630,52,48
AT1G08200,26,24
AT3G11400,13,12
AT5G48180,13,12
AT2G19070,13,12
AT5G63110,13,12
AT4G20050,13,12
AT2G41220,13,12
AT5G16070,27,25
AT4G24280,27,25
AT4G29060,27,25
AT5G11170,41,38
AT4G20360,28,26
AT1G80070,28,26
AT3G23600,14,13
AT1G79870,14,13
AT5G42970,14,13
AT3G16470,14,13
AT3G62250,15,14
AT2G47110,15,14
AT2G30050,15,14
AT5G23540,15,14
AT3G44340,15,14
AT4G10320,46,43
AT1G57720,31,29
AT1G56070,80,75
AT1G24510,32,30
AT3G01340,16,15
AT3G23990,34,32
AT2G47610,17,16
AT5G16050,17,16
AT3G53900,17,16
AT5G05780,17,16
AT2G33150,17,16
AT1G69830,53,50
AT1G09780,71,67
AT3G44690,36,34
AT5G38480,18,17
AT5G46290,18,17
AT3G55610,18,17
AT5G25780,37,35
AT4G01850,40,38
AT1G04690,20,19
AT5G11710,43,41
AT5G02870,22,21
AT5G48300,22,21
AT3G48560,22,21
AT3G60750,22,21
AT5G26360,45,43
AT1G54270,46,44
AT1G30580,23,22
AT3G06720,23,22
AT3G06650,23,22
AT2G38040,23,22
AT5G61780,23,22
AT5G66420,24,23
AT3G57290,25,24
AT2G39800,25,24
AT3G03780,26,25
AT1G52400,27,26
AT5G06600,28,27
AT3G11910,29,28
AT3G26650,31,30
AT5G26000,31,30
AT2G32730,35,34
AT5G42020,37,36
AT5G28540,37,36
AT5G27640,37,36
AT2G27040,38,37
AT1G70320,44,43
AT1G02500,45,44
AT4G35630,83,82
AT5G38420,79,79
AT5G38430,71,71
AT3G09840,66,66
AT4G20850,48,48
AT3G17390,45,45
AT3G52930,41,41
AT5G20890,38,38
AT3G56150,38,38
AT3G18190,37,37
AT1G29900,36,36
AT4G34450,35,35
AT3G18780,34,34
AT1G49240,34,34
AT1G09620,34,34
AT3G12110,30,30
AT5G19990,30,30
AT1G29880,30,30
AT2G36460,28,28
AT5G06290,27,27
AT1G42970,27,27
AT3G09630,26,26
AT2G33210,26,26
AT1G04810,25,25
AT3G58510,24,24
AT2G27860,23,23
AT5G25754,23,23
AT5G25757,23,23
AT1G12900,22,22
AT2G47730,21,21
AT1G26630,20,20
AT3G22960,19,19
AT5G13520,19,19
AT1G64520,18,18
AT5G43330,18,18
AT3G57610,18,18
AT1G06410,18,18
AT1G18540,17,17
AT2G05990,17,17
AT3G03250,17,17
AT1G79990,17,17
AT3G12490,16,16
AT3G22110,16,16
AT5G10450,16,16
AT5G42790,16,16
AT5G28840,16,16
AT2G01140,16,16
AT3G52990,16,16
AT5G60790,16,16
AT1G58684,15,15
AT1G58380,15,15
AT1G58983,15,15
AT1G59359,15,15
AT2G39990,15,15
AT4G27000,15,15
ATCG00480,15,15
AT2G18020,14,14
AT5G24400,14,14
AT1G12230,14,14
AT5G10920,14,14
ATCG00380,13,13
AT2G42910,13,13
AT4G39330,13,13
AT2G42100,13,13
AT1G79230,13,13
AT4G24820,13,13
AT5G15610,13,13
AT5G17310,13,13
AT1G25490,13,13
AT3G16830,13,13
AT4G38740,12,12
AT3G62530,12,12
AT4G11150,12,12
AT5G65430,12,12
AT5G16440,12,12
AT1G12050,12,12
AT3G22890,12,12
AT1G49760,12,12
AT3G27530,12,12
AT5G08450,12,12
AT3G16640,11,11
AT5G42190,11,11
AT2G21660,11,11
AT3G49010,11,11
AT4G14800,11,11
AT2G27530,11,11
AT3G25920,11,11
AT3G02780,11,11
AT1G30630,11,11
AT1G09490,11,11
AT3G63490,11,11
AT4G35450,11,11
AT1G48860,11,11
AT1G76810,11,11
AT2G27710,10,10
AT2G34480,10,10
AT5G27850,10,10
AT4G14710,10,10
AT5G20630,10,10
AT2G39770,10,10
AT1G14810,10,10
AT2G43360,10,10
AT1G65930,10,10
AT3G03950,10,10
AT3G54470,10,10
AT4G02150,10,10
AT2G25970,10,10
AT1G27310,9,9
AT1G15930,9,9
ATCG00830,9,9
ATCG01310,9,9
AT1G01090,9,9
AT3G51840,9,9
AT5G42980,8,8
AT2G36160,8,8
AT3G52580,8,8
AT1G75950,8,8
AT3G53430,8,8
AT2G37190,8,8
AT5G28050,8,8
AT5G19370,8,8
AT4G25630,8,8
AT5G52470,8,8
AT5G58490,8,8
AT4G00620,8,8
AT3G14100,8,8
AT1G74470,8,8
AT3G25860,8,8
AT1G60420,8,8
AT2G13560,8,8
AT5G03650,8,8
AT3G54440,8,8
AT4G16340,8,8
AT2G18040,7,7
AT4G39260,7,7
AT2G03440,7,7
AT4G20440,7,7
AT5G44500,7,7
AT4G17190,7,7
AT5G09660,7,7
AT2G17130,7,7
AT3G02720,7,7
AT4G27570,7,7
AT2G22250,7,7
AT5G14170,7,7
AT4G30310,7,7
AT4G03190,7,7
AT5G53620,7,7
AT1G31730,7,7
AT4G32640,7,7
AT1G20580,6,6
AT5G28060,6,6
AT2G33370,6,6
AT1G04480,6,6
AT3G04400,6,6
AT3G15660,6,6
AT5G07470,6,6
AT5G54430,6,6
AT2G24490,6,6
AT3G63170,6,6
AT1G31860,6,6
AT5G64460,6,6
AT1G35780,6,6
AT4G16060,6,6
AT5G66530,6,6
AT4G37000,6,6
AT4G21580,6,6
AT1G52730,6,6
AT2G30200,6,6
AT2G43790,6,6
AT1G13880,6,6
AT5G16290,6,6
AT5G14060,6,6
AT5G61060,6,6
AT3G23660,6,6
AT3G53180,6,6
AT2G42270,6,6
AT5G56710,5,5
AT5G46430,5,5
AT1G62820,5,5
AT1G04270,5,5
AT1G32470,5,5
AT1G24050,5,5
AT3G47810,5,5
AT3G07110,5,5
AT3G54210,5,5
AT4G03280,5,5
AT1G11430,5,5
AT4G11010,5,5
AT3G63095,5,5
AT5G20720,5,5
AT3G27430,5,5
AT5G40580,5,5
AT4G31790,5,5
AT1G07320,5,5
AT1G02560,5,5
AT4G26720,5,5
AT2G37020,5,5
AT4G22240,5,5
AT5G04280,5,5
AT3G19130,5,5
AT1G04710,5,5
AT5G17990,5,5
AT1G34430,5,5
AT1G51710,5,5
AT3G02660,5,5
AT3G49240,5,5
AT1G31780,5,5
AT5G49830,5,5
AT2G05170,5,5
AT4G27640,5,5
AT2G45710,4,4
AT3G61110,4,4
AT3G16080,4,4
AT1G52300,4,4
AT5G12140,4,4
AT3G18740,4,4
AT4G34620,4,4
AT5G55160,4,4
AT4G02840,4,4
ATCG00750,4,4
AT2G19730,4,4
AT3G02080,4,4
AT5G09510,4,4
AT2G46140,4,4
AT5G56260,4,4
AT3G02730,4,4
AT2G24590,4,4
AT5G54600,4,4
AT2G33470,4,4
AT1G51510,4,4
AT2G37270,4,4
AT3G11940,4,4
AT1G78370,4,4
AT5G51700,4,4
AT4G29670,4,4
AT3G55620,4,4
AT1G21350,4,4
AT2G40300,4,4
AT1G14410,4,4
AT5G02530,4,4
AT4G39860,4,4
AT1G44835,4,4
AT3G16050,4,4
AT3G06820,4,4
AT5G67380,4,4
AT2G35840,4,4
AT2G27600,4,4
AT4G03110,4,4
AT5G58330,4,4
AT1G35470,4,4
AT3G15180,4,4
AT5G11580,4,4
AT2G16940,4,4
AT1G01510,4,4
AT1G63680,4,4
AT3G02930,4,4
AT3G46970,4,4
AT2G13540,4,4
ATCG00190,4,4
AT3G13330,4,4
AT4G15802,3,3
AT4G33640,3,3
AT4G30220,3,3
ATCG00650,3,3
AT3G62840,3,3
AT2G47640,3,3
AT1G77940,3,3
AT5G01650,3,3
AT2G39390,3,3
AT5G02280,3,3
AT2G44310,3,3
AT1G75350,3,3
AT1G13930,3,3
AT5G17560,3,3
AT1G71730,3,3
AT5G35620,3,3
AT3G06050,3,3
AT1G50670,3,3
AT4G22140,3,3
AT3G11200,3,3
AT3G18165,3,3
AT1G34760,3,3
AT1G06680,3,3
AT5G61410,3,3
AT2G01490,3,3
AT3G48750,3,3
AT4G33580,3,3
AT4G04020,3,3
AT1G65560,3,3
AT3G28715,3,3
AT3G28710,3,3
AT4G17520,3,3
AT5G19050,3,3
AT1G06550,3,3
AT1G80210,3,3
AT1G09795,3,3
AT5G63870,3,3
AT2G27820,3,3
AT5G42100,3,3
AT5G20070,3,3
AT2G26990,3,3
AT5G27470,3,3
AT5G48650,3,3
AT5G55130,3,3
AT3G61650,3,3
AT5G05620,3,3
AT5G27120,3,3
AT1G30820,3,3
AT3G11980,3,3
AT5G49980,3,3
AT2G29630,3,3
AT5G65690,3,3
AT2G27460,3,3
AT5G46280,3,3
AT1G04080,3,3
AT5G62600,3,3
AT1G08420,3,3
AT4G08350,3,3
AT4G35800,3,3
AT5G50810,2,2
AT1G66240,2,2
AT5G51720,2,2
AT3G01390,2,2
AT4G16500,2,2
AT1G45145,2,2
AT3G28900,2,2
AT1G22270,2,2
AT1G80500,2,2
AT2G19790,2,2
AT5G67510,2,2
AT4G14890,2,2
AT5G39340,2,2
AT1G68660,2,2
AT3G46940,2,2
AT1G51160,2,2
AT4G25740,2,2
AT5G52650,2,2
AT4G08520,2,2
AT5G16400,2,2
AT4G03520,2,2
AT3G62560,2,2
AT4G02080,2,2
AT1G56330,2,2
AT2G39900,2,2
AT2G20270,2,2
AT1G64510,2,2
AT2G22230,2,2
AT2G33120,2,2
AT1G04750,2,2
AT1G63970,2,2
AT3G55770,2,2
AT5G19140,2,2
AT1G75030,2,2
AT4G30550,2,2
AT3G13570,2,2
AT3G44620,2,2
AT2G41950,2,2
AT5G26730,2,2
AT2G32600,2,2
AT3G20970,2,2
AT1G53580,2,2
AT5G23680,2,2
AT1G32220,2,2
AT2G06850,2,2
AT1G28120,2,2
AT4G14910,2,2
AT3G09970,2,2
AT3G57810,2,2
AT2G15430,2,2
AT1G64040,2,2
AT1G17890,2,2
AT3G09150,2,2
AT1G77060,2,2
AT5G24520,2,2
AT5G51830,2,2
AT5G45950,2,2
AT1G17650,2,2
AT3G43540,2,2
AT4G04640,2,2
AT2G38560,2,2
AT1G04870,2,2
AT1G51560,2,2
AT3G07300,2,2
AT5G07440,2,2
AT3G13235,2,2
AT4G20020,2,2
AT5G62270,2,2
AT3G52340,2,2
AT3G48530,2,2
AT5G66470,2,2
AT5G10010,2,2
AT4G39960,2,2
AT1G01140,2,2
AT3G62130,2,2
AT5G55070,2,2
AT4G26510,2,2
AT3G21820,2,2
AT3G24170,2,2
AT1G71440,2,2
AT2G04740,2,2
AT2G37080,2,2
AT2G25870,2,2
AT5G08560,2,2
AT1G60900,2,2
AT1G20110,2,2
AT3G48670,2,2
AT1G71820,2,2
AT3G07060,2,2
AT2G17410,2,2
AT1G67930,2,2
AT1G68560,2,2
AT1G12470,2,2
AT5G18410,2,2
AT1G24190,2,2
AT3G33530,2,2
AT2G29550,61,62
AT5G03340,50,51
AT2G04030,48,49
AT5G04140,44,45
AT4G33680,43,44
AT1G53310,43,44
AT1G67090,81,83
AT5G17920,40,41
AT1G20960,37,38
ATCG00490,175,180
AT1G07890,34,35
AT5G44340,56,58
AT5G19550,28,29
AT3G59970,28,29
AT3G11630,27,28
AT3G04120,25,26
AT2G39730,24,25
AT4G09000,23,24
AT1G53750,23,24
AT3G23810,22,23
AT5G55230,22,23
AT5G54160,21,22
AT1G72730,21,22
AT4G05420,21,22
AT1G27090,20,21
AT1G69740,20,21
AT1G80410,20,21
AT1G60710,19,20
AT3G14790,19,20
AT3G19170,19,20
AT3G43300,36,38
AT4G02930,18,19
AT3G06580,18,19
AT2G42520,18,19
AT3G09880,17,18
AT2G05710,17,18
AT5G24770,16,17
AT3G48420,16,17
AT5G48880,16,17
AT5G36880,16,17
AT1G29250,15,16
AT3G53750,29,31
AT2G37620,29,31
AT5G10360,14,15
AT4G36020,14,15
AT3G18130,14,15
AT3G55800,14,15
AT1G18450,14,15
AT5G09590,14,15
AT3G07100,14,15
AT5G56030,54,58
AT4G20890,53,57
AT5G58290,26,28
AT4G23670,13,14
AT1G47250,13,14
AT4G01370,13,14
AT5G30510,13,14
AT1G47128,13,14
AT3G21750,13,14
AT3G58610,13,14
AT4G34200,13,14
AT2G41790,13,14
AT1G01960,13,14
AT2G28190,12,13
AT4G34490,12,13
AT4G26760,12,13
AT3G15880,12,13
AT3G03540,35,38
AT1G20010,46,50
AT1G15750,23,25
AT5G56010,55,60
AT5G12250,44,48
AT4G24190,22,24
AT1G16470,11,12
AT3G51260,11,12
AT4G36130,11,12
AT3G25520,11,12
AT5G01410,11,12
AT3G12145,11,12
AT1G66200,11,12
AT1G59900,11,12
AT3G16400,11,12
AT1G31070,11,12
AT3G54760,11,12
AT5G16715,11,12
AT1G19480,64,70
AT3G15980,21,23
AT3G09820,52,57
AT4G13940,31,34
AT4G33250,10,11
AT5G39740,10,11
AT3G09200,10,11
AT1G12780,10,11
AT5G39570,10,11
AT4G29510,10,11
AT3G17810,10,11
AT5G22330,10,11
AT5G63680,10,11
AT4G37930,10,11
AT5G03940,10,11
AT1G12000,10,11
AT2G34970,10,11
AT5G23860,58,64
AT5G20010,19,21
AT3G02520,19,21
AT2G41840,19,21
AT3G12780,19,21
AT4G34110,19,21
AT3G55200,19,21
AT3G55220,19,21
AT3G02200,18,20
AT3G49910,9,10
AT2G25080,9,10
AT4G34360,9,10
AT5G66140,9,10
AT2G17340,9,10
AT2G16780,9,10
AT1G54080,9,10
AT3G59990,9,10
AT5G65720,9,10
AT2G35020,9,10
AT5G35430,9,10
AT5G62700,60,67
AT5G62690,60,67
AT1G19570,17,19
AT3G51800,17,19
AT5G15650,25,28
AT3G44310,157,176
AT1G72370,16,18
AT4G26530,16,18
AT4G24510,16,18
AT2G33340,16,18
AT4G16130,16,18
AT3G05590,8,9
AT4G21860,8,9
AT3G22630,8,9
AT5G06060,8,9
AT3G04790,8,9
AT2G32080,8,9
AT1G59830,8,9
AT4G14880,8,9
AT2G17390,8,9
AT4G35260,8,9
AT1G13270,8,9
AT3G61140,8,9
AT4G00570,8,9
AT1G08520,8,9
AT2G26780,8,9
AT5G02500,55,62
AT3G63460,31,35
AT4G33010,46,52
AT5G59370,23,26
AT3G46520,23,26
AT5G03300,38,43
AT1G75780,38,43
AT5G35630,45,51
AT5G56000,45,51
AT2G34160,15,17
AT1G48630,15,17
AT4G11820,15,17
AT4G28980,15,17
AT5G08670,15,17
AT5G08680,15,17
AT5G08690,15,17
AT5G11670,15,17
AT5G44320,15,17
AT5G53480,15,17
AT3G59770,15,17
AT5G11520,22,25
AT1G29150,21,24
AT2G20140,21,24
AT1G80490,21,24
AT1G10840,14,16
AT1G48410,14,16
AT3G53740,7,8
AT4G01897,7,8
AT4G18100,7,8
AT1G27970,7,8
AT1G24020,7,8
AT1G69410,7,8
AT1G27400,7,8
AT2G30060,7,8
AT2G43090,7,8
AT1G07440,7,8
AT2G31390,7,8
AT1G21440,7,8
AT1G70310,7,8
AT5G37600,7,8
AT2G47450,7,8
AT5G08280,7,8
AT2G45240,7,8
AT3G14930,7,8
AT3G59760,7,8
AT4G17830,7,8
AT4G13430,7,8
AT5G14260,7,8
AT4G29840,7,8
AT4G34740,7,8
AT5G26570,7,8
AT1G32060,27,31
AT1G71220,47,54
AT1G23310,20,23
AT2G46280,26,30
AT2G01250,13,15
AT5G02240,13,15
AT5G25980,50,58
AT1G79930,36,42
AT5G35360,24,28
AT3G44300,18,21
AT1G80460,18,21
AT3G26060,12,14
AT5G35590,12,14
AT5G14240,12,14
AT3G04840,12,14
AT4G18480,12,14
AT2G24200,12,14
AT1G76550,12,14
AT1G31230,12,14
AT5G46070,12,14
AT3G04920,6,7
AT3G22230,6,7
AT1G12310,6,7
AT3G43810,6,7
AT5G21274,6,7
AT4G28730,6,7
AT1G21720,6,7
AT5G48760,6,7
AT1G61150,6,7
AT5G08100,6,7
AT3G48690,6,7
AT3G15610,6,7
AT2G39080,6,7
AT3G06930,6,7
AT3G48000,6,7
AT1G25350,6,7
AT5G64270,6,7
AT5G08640,17,20
AT5G56740,17,20
AT5G26710,17,20
AT1G43170,22,26
AT3G60770,11,13
AT4G00100,11,13
AT1G70830,11,13
AT2G45810,11,13
AT4G14160,11,13
AT5G27030,11,13
AT3G14990,16,19
AT3G47520,16,19
AT3G18060,16,19
AT5G49460,21,25
AT4G37910,21,25
AT5G24780,25,30
AT5G40270,15,18
AT1G78380,10,12
AT3G55120,10,12
AT5G43830,10,12
AT5G04740,10,12
AT2G37660,10,12
AT5G54900,10,12
AT1G04170,10,12
AT1G21540,10,12
AT5G57870,10,12
AT1G01100,5,6
AT3G53990,5,6
AT1G16890,5,6
AT5G18100,5,6
AT3G02770,5,6
AT5G16450,5,6
AT1G33140,5,6
AT1G33120,5,6
AT5G18110,5,6
AT2G23820,5,6
AT1G07370,5,6
AT2G29570,5,6
AT5G02050,5,6
AT5G20920,5,6
AT5G16960,5,6
AT3G59890,5,6
AT1G30120,5,6
AT4G13360,5,6
AT1G79530,5,6
AT1G30530,5,6
AT5G19485,5,6
AT2G37500,5,6
AT1G32440,5,6
AT1G12570,5,6
AT4G19210,5,6
AT5G54960,5,6
AT1G26110,5,6
AT3G55020,5,6
AT2G42600,38,46
AT5G43960,14,17
AT1G50480,14,17
AT1G14610,14,17
AT1G75990,18,22
AT2G44120,9,11
AT4G34670,9,11
AT1G62380,9,11
AT1G73060,9,11
AT5G50850,9,11
AT1G11650,9,11
AT1G71840,9,11
AT3G09440,49,60
AT5G02490,31,38
AT1G78900,22,27
AT1G08360,13,16
AT3G60830,13,16
AT5G48230,13,16
AT1G70580,13,16
AT2G24270,13,16
AT1G72550,13,16
AT5G24710,13,16
AT5G52920,21,26
AT4G35090,25,31
AT1G79920,36,45
AT3G44320,20,25
AT1G65450,16,20
AT2G37040,16,20
AT2G38230,12,15
ATCG00500,12,15
AT4G38130,12,15
AT1G75940,12,15
AT1G75270,8,10
AT3G59480,8,10
AT2G44040,8,10
AT2G05830,8,10
AT2G13360,8,10
AT3G58140,8,10
AT4G13930,8,10
AT4G39280,8,10
AT5G60100,8,10
AT1G74040,8,10
AT4G24800,8,10
AT5G11490,8,10
AT4G26840,4,5
AT5G47700,4,5
AT4G11600,4,5
AT2G34470,4,5
AT5G13050,4,5
AT1G03030,4,5
AT4G38460,4,5
AT1G16460,4,5
AT2G01350,4,5
AT2G38660,4,5
AT4G22930,4,5
AT1G79550,4,5
AT2G44100,4,5
AT5G52820,4,5
AT1G31910,4,5
AT3G27300,4,5
AT5G05980,4,5
AT3G48500,4,5
AT5G23880,4,5
AT2G01690,4,5
AT5G51430,4,5
AT1G68020,4,5
AT3G59020,4,5
AT5G13530,4,5
AT2G35630,4,5
AT1G74060,19,24
AT1G74050,19,24
AT3G10850,19,24
AT2G36530,45,57
AT1G56190,15,19
AT1G18500,11,14
AT2G26080,29,37
AT2G29560,18,23
AT2G19520,18,23
AT3G57410,21,27
AT2G44160,14,18
AT2G23350,14,18
AT3G28500,7,9
AT4G23680,7,9
AT2G01520,7,9
ATCG01240,7,9
ATCG00900,7,9
AT2G31570,7,9
AT1G17100,7,9
AT4G34050,7,9
AT4G14930,7,9
AT2G21170,7,9
AT1G12840,7,9
AT5G26830,7,9
AT2G05920,7,9
AT5G15490,24,31
AT4G25130,10,13
AT2G47470,10,13
AT3G44110,10,13
AT5G63860,10,13
AT1G16350,10,13
AT5G08570,10,13
AT3G57890,10,13
AT1G06000,13,17
AT1G53280,13,17
AT1G74260,13,17
AT3G29360,29,38
AT5G24420,16,21
AT1G20200,25,33
AT1G50200,24,32
AT5G39320,21,28
AT1G30230,15,20
AT5G62790,15,20
AT1G14000,12,16
AT1G21750,12,16
AT1G66580,9,12
AT2G28790,9,12
AT1G13060,9,12
AT2G19570,9,12
AT2G38700,9,12
AT1G23290,6,8
AT1G70600,6,8
AT5G52840,6,8
AT3G63250,6,8
AT1G62640,6,8
AT3G21110,6,8
AT1G24100,6,8
AT1G09020,6,8
AT2G23420,6,8
AT5G64050,6,8
AT1G62390,6,8
AT1G33680,6,8
AT1G21630,6,8
AT3G50590,6,8
AT1G31812,3,4
AT5G23290,3,4
AT3G07480,3,4
AT1G20140,3,4
AT1G71310,3,4
AT2G24020,3,4
AT5G13780,3,4
AT5G62440,3,4
AT2G30870,3,4
AT4G05180,3,4
AT2G35240,3,4
AT5G23140,3,4
AT1G70410,3,4
AT3G01980,3,4
AT2G21250,3,4
AT3G04880,3,4
AT4G11260,3,4
AT2G18510,3,4
AT5G56950,3,4
AT2G35490,3,4
AT5G13930,3,4
AT3G02360,3,4
AT3G13930,3,4
AT2G34040,3,4
AT4G35310,3,4
AT5G56680,3,4
AT3G12670,3,4
AT5G57460,3,4
AT2G02160,3,4
AT2G31060,3,4
AT5G08650,3,4
AT5G55670,3,4
AT5G04130,3,4
AT5G49190,3,4
AT5G37190,3,4
AT1G23900,3,4
AT1G20760,3,4
AT5G03470,11,15
AT5G13030,11,15
AT5G10300,8,11
AT2G19480,8,11
AT1G48420,8,11
AT5G54440,8,11
AT1G76010,13,18
AT3G18000,13,18
AT4G17390,10,14
AT4G16720,10,14
AT3G46440,10,14
AT3G16520,10,14
AT4G00490,10,14
AT5G40370,5,7
AT4G24130,5,7
AT1G57860,5,7
AT1G57660,5,7
AT1G09690,5,7
AT1G09590,5,7
AT5G11900,5,7
AT1G10370,5,7
AT4G02580,5,7
AT2G29320,5,7
AT3G56190,5,7
AT3G23700,5,7
AT3G52880,5,7
AT3G58110,5,7
AT4G20400,5,7
AT5G53460,5,7
AT1G20630,17,24
AT2G44350,12,17
AT3G25530,14,20
AT1G09310,7,10
AT1G56450,7,10
AT1G65650,7,10
AT5G50950,7,10
AT5G49020,7,10
AT4G29010,7,10
AT2G28290,7,10
AT5G63840,16,23
AT2G14260,9,13
AT1G35670,9,13
AT1G43690,9,13
AT4G13780,9,13
AT2G47510,11,16
AT1G20260,13,19
AT1G76030,13,19
AT4G38680,17,25
AT5G43940,25,37
AT3G12580,20,30
AT2G23390,14,21
AT1G26570,12,18
AT5G65780,12,18
AT5G65770,12,18
AT3G12290,10,15
AT2G17870,10,15
AT1G08980,8,12
AT2G45300,8,12
AT5G66760,8,12
AT4G19710,8,12
AT4G11380,8,12
AT1G65150,6,9
AT5G37850,6,9
AT4G26110,6,9
AT4G17100,6,9
AT4G33510,6,9
AT4G26900,6,9
AT1G17745,6,9
AT5G36210,6,9
AT5G22580,4,6
AT2G33740,4,6
AT4G21280,4,6
AT5G57330,4,6
AT1G12910,4,6
AT2G28680,4,6
AT4G34230,4,6
AT5G42470,4,6
AT5G54190,4,6
AT2G34590,4,6
AT2G47970,4,6
AT2G20610,4,6
AT4G01070,4,6
AT5G03430,4,6
AT5G65010,4,6
AT2G14170,4,6
AT4G16155,4,6
AT1G06290,4,6
AT2G24050,4,6
AT2G31660,4,6
AT2G43550,2,3
AT2G38540,2,3
AT1G76300,2,3
ATCG00770,2,3
AT1G01470,2,3
AT3G26450,2,3
AT2G41430,2,3
AT3G46460,2,3
AT4G32930,2,3
AT5G58240,2,3
AT5G38890,2,3
AT3G11770,2,3
AT2G25950,2,3
AT5G39510,2,3
AT1G30070,2,3
AT1G14510,2,3
AT1G02880,2,3
AT2G02740,2,3
AT3G42960,2,3
AT2G10940,2,3
AT2G42130,2,3
AT5G50680,2,3
AT5G50580,2,3
AT5G24020,2,3
AT3G17940,2,3
AT5G05470,2,3
AT2G35450,2,3
AT1G64440,2,3
AT5G02890,2,3
AT1G66680,2,3
AT3G61440,2,3
AT4G39520,2,3
AT1G50300,2,3
AT2G34560,2,3
AT2G20420,2,3
AT1G47490,2,3
AT5G13420,2,3
AT3G27925,2,3
AT5G64910,2,3
AT1G73180,2,3
AT1G48520,2,3
AT2G17200,2,3
AT4G04770,2,3
AT3G25150,2,3
AT3G14310,2,3
AT5G17530,2,3
AT4G24840,2,3
AT5G42220,2,3
AT4G01810,2,3
AT3G04260,2,3
AT5G35980,2,3
AT5G58450,2,3
AT4G18130,2,3
AT3G13300,2,3
AT5G42950,2,3
AT3G07770,13,20
AT3G02760,13,20
AT1G09340,11,17
AT5G26667,9,14
AT1G02930,9,14
AT1G23740,9,14
AT1G05520,9,14
AT5G20830,21,33
AT5G58030,7,11
AT2G18110,7,11
AT4G04950,12,19
AT3G62120,12,19
AT5G57655,10,16
AT1G18210,5,8
AT4G31300,5,8
AT3G10220,5,8
AT1G76080,5,8
AT5G66570,5,8
AT1G17290,5,8
AT3G10340,5,8
AT4G04910,5,8
AT2G41740,18,29
AT4G24620,13,21
AT1G64980,8,13
AT3G07720,8,13
AT2G45600,8,13
AT1G24180,8,13
AT4G26870,8,13
AT5G24300,8,13
AT4G14570,8,13
AT5G04360,8,13
AT5G59290,11,18
AT4G35830,17,28
AT5G35200,18,30
AT1G48600,12,20
AT3G05420,9,15
AT1G26910,6,10
AT2G40290,6,10
AT2G43750,6,10
AT5G22060,6,10
AT5G26860,6,10
AT1G56580,3,5
AT3G05000,3,5
AT1G02090,3,5
AT3G62030,3,5
AT2G23370,3,5
AT5G08590,3,5
AT5G66880,3,5
AT1G10940,3,5
AT5G45170,3,5
AT1G48850,3,5
AT3G50270,3,5
AT5G19180,3,5
AT1G48030,3,5
AT5G49650,3,5
AT3G54860,3,5
AT3G55400,3,5
AT5G20990,3,5
AT5G67360,3,5
AT1G12380,3,5
AT4G02030,3,5
AT1G50500,3,5
AT4G27060,3,5
AT5G11040,3,5
AT4G34890,3,5
AT5G39500,3,5
AT5G05730,7,12
AT3G14067,7,12
AT2G05120,7,12
AT2G14120,12,21
AT1G14320,8,14
AT3G25230,8,14
AT5G54750,4,7
AT2G04690,4,7
AT1G02780,4,7
AT1G78630,4,7
AT5G62930,4,7
AT1G01080,4,7
AT1G71860,4,7
AT4G21470,4,7
AT1G56050,4,7
AT1G73600,4,7
AT1G75660,4,7
AT3G14120,4,7
AT5G51660,4,7
AT3G60860,4,7
AT5G17380,13,23
AT4G33090,9,16
AT1G78580,9,16
AT1G65010,14,25
AT3G26340,5,9
AT4G09670,5,9
AT5G65910,5,9
AT5G44070,5,9
AT5G53850,5,9
AT5G56350,6,11
AT3G24430,6,11
AT4G33650,6,11
AT3G55760,7,13
AT1G48120,27,53
AT3G55870,7,14
AT2G47330,7,14
AT5G64570,6,12
AT2G27170,6,12
AT2G22780,5,10
AT2G42810,5,10
AT2G06990,5,10
AT5G16710,4,8
AT4G32720,4,8
AT1G04510,4,8
AT1G09830,4,8
AT5G50210,4,8
AT3G17900,4,8
AT2G05380,3,6
AT3G57870,3,6
AT5G61760,3,6
AT5G60360,3,6
AT3G50500,3,6
AT3G19990,3,6
AT1G25055,3,6
AT1G24800,3,6
AT1G24881,3,6
AT1G25211,3,6
AT1G25150,3,6
AT3G59920,3,6
AT2G28080,3,6
AT2G43980,3,6
AT1G22940,3,6
AT3G53030,3,6
AT2G22480,3,6
AT4G33400,3,6
AT4G02570,3,6
AT5G43990,3,6
AT1G79690,3,6
AT1G60070,3,6
AT4G00810,2,4
AT4G29340,2,4
AT5G20500,2,4
AT2G04520,2,4
AT5G35680,2,4
AT5G11340,2,4
AT3G04780,2,4
AT3G12600,2,4
AT2G38730,2,4
AT1G72610,2,4
AT5G52200,2,4
AT5G47190,2,4
AT1G72930,2,4
AT3G25545,2,4
AT2G29360,2,4
AT5G42820,2,4
AT4G34270,2,4
AT4G04210,2,4
AT5G51100,2,4
AT5G11810,2,4
AT1G06130,2,4
AT1G26640,2,4
AT3G12050,2,4
AT1G60940,2,4
AT5G05920,2,4
AT2G20280,2,4
AT3G08010,2,4
AT5G53120,2,4
AT4G31770,2,4
AT5G48370,2,4
AT5G07860,2,4
AT4G15020,2,4
AT1G76850,2,4
AT4G37800,6,13
AT4G30160,6,13
AT4G22670,5,11
AT4G36940,5,11
AT1G12270,5,11
AT5G56360,5,11
AT1G18270,5,11
AT1G35310,4,9
AT5G51970,4,9
AT5G51750,4,9
AT3G08030,3,7
AT5G11330,3,7
AT1G49600,3,7
AT4G29720,3,7
AT3G01310,3,7
AT4G09570,7,17
AT1G78680,4,10
AT2G27720,2,5
AT3G46000,2,5
AT4G22300,2,5
AT4G27690,2,5
AT1G50110,2,5
AT3G01640,2,5
AT4G26500,2,5
AT1G47710,2,5
AT4G24550,2,5
AT3G56120,2,5
AT2G31810,2,5
AT5G22510,2,5
AT5G63190,2,5
AT4G32180,2,5
AT3G55410,2,5
AT1G61850,2,5
AT2G45540,2,5
AT3G52960,3,8
AT1G22430,3,8
AT1G76680,3,8
AT3G07030,3,8
AT4G24490,3,8
AT2G21470,3,8
AT3G42850,3,8
AT3G05900,3,9
AT4G13560,2,6
AT5G48020,2,6
AT1G05350,2,6
AT2G23070,2,6
AT5G51980,2,6
AT3G06670,2,6
AT1G65480,3,10
AT2G41680,3,10
AT5G27410,3,10
AT5G52560,3,10
AT3G17020,2,7
AT1G11360,2,7
AT4G34215,2,7
AT1G03110,2,7
AT5G38830,2,7
AT5G56900,2,7
AT1G06900,2,7
AT5G16730,3,11
AT1G23730,2,8
AT5G07410,2,8
AT1G69940,2,8
AT1G79440,2,8
AT4G02480,2,8
AT3G52750,0,2
AT1G47560,0,2
AT2G25210,0,2
AT4G31985,0,2
AT3G44785,0,2
AT1G03330,0,2
AT5G09830,0,2
AT2G03870,0,2
AT4G18590,0,2
AT3G17210,0,2
AT3G16980,0,2
AT5G40040,0,2
AT3G56240,0,2
AT3G62410,0,2
AT1G69510,0,2
AT3G26740,0,2
AT4G29410,0,2
AT3G52090,0,2
AT5G56150,0,2
AT1G10590,0,2
AT5G58740,0,2
AT5G03905,0,2
AT1G73630,0,2
AT4G01150,0,2
AT2G36130,0,2
AT1G79260,0,2
AT5G56600,0,2
AT5G03370,0,2
AT5G02710,0,2
AT1G10230,0,2
AT5G41340,0,2
AT2G26210,0,2
AT4G17870,0,2
AT3G15360,0,2
AT1G32550,0,2
AT4G01900,0,2
AT1G71750,0,2
AT1G44790,0,2
AT4G25550,0,2
AT4G14520,0,2
AT5G11680,0,2
AT5G45550,0,2
AT4G19045,0,2
AT4G37925,0,2
AT4G36230,0,2
AT2G29450,0,2
AT1G27130,0,2
AT4G09650,0,2
AT1G08110,0,2
AT4G10150,0,2
AT5G45920,0,2
AT4G19150,0,2
AT1G25083,0,2
AT1G24807,0,2
AT1G25220,0,2
AT5G57890,0,2
AT1G24909,0,2
AT1G25155,0,2
AT3G22850,0,2
AT3G12130,0,2
AT5G13180,0,2
AT4G34840,0,2
AT5G44730,0,2
AT1G32070,0,2
AT4G16360,0,2
AT4G32960,0,2
AT1G20440,0,2
AT1G07080,0,2
AT4G28030,0,2
AT3G17365,0,2
AT3G55290,0,2
AT1G18490,0,2
AT3G07750,0,2
AT3G50440,0,2
AT3G15260,0,2
AT3G15290,0,2
AT5G17080,0,2
AT5G10460,0,2
AT3G01590,0,2
AT3G18420,0,2
AT4G26430,0,2
AT3G49660,0,2
AT5G61620,0,2
AT3G47560,0,2
AT2G33600,0,2
AT1G73250,0,2
AT5G27840,0,2
AT3G04940,0,2
AT5G20080,0,2
AT1G52760,0,2
AT5G64250,0,2
AT3G05100,0,2
AT2G21150,0,2
AT4G06599,0,2
AT1G43670,0,2
AT5G16990,0,2
AT1G15950,0,2
AT1G74090,0,2
AT5G09390,0,2
AT1G20540,0,2
AT3G19000,0,2
AT2G26060,0,2
AT4G13400,0,2
AT2G15790,0,2
AT3G09350,0,2
AT3G19450,0,2
AT2G19670,0,2
AT2G19430,0,2
AT1G02170,0,2
AT3G51160,0,2
AT5G19460,0,2
AT3G17880,0,2
AT1G48040,0,2
AT5G48990,0,2
AT5G48980,0,2
AT1G50570,0,2
AT4G12130,0,2
AT1G20910,0,2
AT5G55530,0,2
AT5G67290,0,2
AT5G51140,0,2
AT1G58080,0,2
AT3G54050,0,2
AT1G32190,0,2
AT5G19350,0,2
AT1G55980,0,2
AT1G56000,0,2
AT3G60510,0,2
AT1G01710,0,2
AT5G17900,0,2
AT4G08580,0,2
AT3G28810,0,2
AT3G28820,0,2
AT3G28980,0,2
AT2G47210,0,2
AT3G28760,0,2
AT2G17840,0,2
AT1G76990,0,2
AT5G62030,0,2
AT2G03640,0,2
AT1G78820,0,2
AT3G53520,0,2
AT5G60980,0,2
AT1G03350,0,2
AT4G28540,0,2
AT1G07250,0,2
AT5G40870,0,2
AT3G27190,0,2
AT1G18660,0,2
AT2G46620,0,2
AT3G59630,0,2
AT1G63940,0,2
AT2G44200,0,2
AT4G15210,0,2
AT3G48170,0,2
AT4G18905,0,2
AT5G06160,0,2
AT2G12190,0,2
AT1G67110,0,2
AT2G16370,0,2
AT5G16260,0,2
AT2G34640,0,2
AT5G09620,0,2
AT1G05180,0,2
AT3G16170,0,2
AT1G20510,0,2
AT5G56850,0,2
AT1G62740,0,2
AT1G15280,0,2
AT3G25810,0,2
AT5G54510,0,2
AT4G27260,0,2
AT4G27500,0,2
AT1G67630,0,2
AT3G22420,0,2
AT5G02340,0,2
AT5G48960,0,2
AT4G18570,0,2
AT1G45150,0,2
AT3G12080,0,2
AT1G48970,0,2
AT4G32760,0,2
AT1G79640,0,2
AT4G26700,0,2
AT5G15810,0,2
AT1G33050,0,2
AT3G14890,0,2
AT5G45210,0,2
AT1G64550,0,2
AT5G54260,0,2
AT3G06860,0,2
AT4G32350,0,2
AT4G27180,0,2
AT1G52410,0,2
AT2G31740,0,2
AT3G22220,0,2
AT1G11660,0,2
AT3G14240,0,2
AT5G60450,0,2
AT2G32700,0,2
AT5G10500,0,2
AT5G67470,0,2
AT1G61310,0,2
AT2G29890,0,2
AT1G54490,0,2
AT1G17210,0,2
AT1G44910,0,2
AT3G19740,0,2
AT1G50140,0,2
AT4G03430,0,2
AT1G04920,0,2
AT2G47980,0,2
AT4G24860,0,2
AT5G19420,0,2
AT2G39260,0,2
AT5G65950,0,2
AT5G04240,0,2
AT3G01320,0,2
AT1G10760,0,2
AT4G24680,0,2
AT2G34680,0,2
AT1G67120,0,2
AT3G09680,0,3
AT4G34290,0,3
AT2G20450,0,3
AT4G01480,0,3
AT2G27210,0,3
AT1G15415,0,3
AT1G41880,0,3
AT3G55750,0,3
AT2G30410,0,3
AT3G51030,0,3
AT3G02180,0,3
AT5G15520,0,3
AT2G36060,0,3
AT3G46010,0,3
AT4G13850,0,3
AT5G37770,0,3
AT2G01755,0,3
AT3G51880,0,3
AT4G23690,0,3
AT5G54660,0,3
AT2G35010,0,3
AT4G14110,0,3
AT5G47870,0,3
AT5G47200,0,3
AT4G17530,0,3
AT1G07700,0,3
AT1G32580,0,3
AT4G14440,0,3
AT4G12960,0,3
AT5G54500,0,3
AT1G79790,0,3
AT5G24840,0,3
AT5G26210,0,3
AT4G27320,0,3
AT3G58730,0,3
AT2G23600,0,3
AT3G03990,0,3
AT1G26480,0,3
AT1G03900,0,3
AT3G07390,0,3
AT3G18940,0,3
AT1G27450,0,3
AT2G39840,0,3
AT5G63220,0,3
AT4G00560,0,3
AT3G55140,0,3
AT2G25910,0,3
AT1G26320,0,3
AT3G03080,0,3
AT4G18060,0,3
AT2G25450,0,3
AT4G01610,0,3
AT2G45770,0,3
AT5G21060,0,3
AT5G08170,0,3
AT2G33410,0,3
AT5G16880,0,3
AT3G10700,0,3
AT5G48930,0,3
AT1G47500,0,3
AT1G05680,0,3
AT5G17050,0,3
AT3G16390,0,3
AT5G46180,0,3
AT2G16890,0,3
AT5G41670,0,3
AT4G09520,0,3
AT4G03020,0,3
AT1G21380,0,3
AT2G17190,0,3
AT2G17700,0,3
AT3G48860,0,3
AT1G23190,0,3
AT5G35170,0,3
AT3G15410,0,3
AT3G22520,0,3
AT3G48090,0,3
AT1G15910,0,3
AT2G20330,0,3
AT1G20670,0,3
AT4G15560,0,3
AT1G03090,0,3
AT4G21650,0,3
AT5G59810,0,3
AT5G40390,0,3
AT5G46910,0,3
AT2G17790,0,3
AT5G06850,0,3
AT5G37020,0,3
AT1G74850,0,3
AT4G34430,0,3
AT2G27880,0,3
AT4G01800,0,3
AT1G76820,0,3
AT5G16280,0,3
AT5G15020,0,3
AT4G14342,0,4
AT2G19770,0,4
AT5G59890,0,4
AT2G20930,0,4
AT1G10200,0,4
AT3G07880,0,4
AT3G07640,0,4
AT5G10870,0,4
AT2G20630,0,4
AT4G25840,0,4
AT1G78150,0,4
AT5G50960,0,4
AT3G45640,0,4
AT1G72340,0,4
AT5G08370,0,4
AT5G53000,0,4
AT1G69250,0,4
AT3G05190,0,4
AT2G31170,0,4
AT5G53350,0,4
AT3G06350,0,4
AT1G55090,0,4
AT2G28470,0,4
AT5G57320,0,4
AT4G27595,0,4
AT2G32240,0,4
AT1G26880,0,5
AT1G76180,0,5
AT1G23440,0,5
AT3G15840,0,5
AT2G33840,0,5
AT3G14040,0,5
AT3G07850,0,5
AT2G27190,0,5
AT2G38400,0,5
AT1G79470,0,5
AT2G16570,0,5
AT2G46370,0,5
AT3G16950,0,5
AT1G14650,0,5
AT4G17330,0,5
AT1G79280,0,5
AT3G14600,0,6
AT2G46610,0,6
AT3G15450,0,6
AT1G15340,0,6
AT2G18450,0,6
AT2G36390,0,6
AT5G21150,0,6
AT4G18240,0,6
AT5G11880,0,7
AT2G29690,0,7
AT5G20250,0,7
AT1G67230,0,8
AT3G13580,0,9
AT4G10960,0,9
AT4G14716,0,10
AT5G22440,0,10
AT3G54930,0,10
AT5G20980,0,10
AT5G52640,0,11
AT5G35530,0,12
AT2G42500,0,17
AT4G29040,0,23
